{"timestamp":"2026-04-15T09:12:00.282537Z","level":"info","event":"DAG bundles loaded: dags-folder","logger":"airflow.dag_processing.bundles.manager.DagBundlesManager","filename":"manager.py","lineno":179}
{"timestamp":"2026-04-15T09:12:00.283256Z","level":"info","event":"Filling up the DagBag from /opt/airflow/dags/2_refresh_traffic_speed.py","logger":"airflow.models.dagbag.BundleDagBag","filename":"dagbag.py","lineno":593}
{"timestamp":"2026-04-15T09:12:00.499810Z","level":"info","event":"STEP 1: start refresh_traffic_speed","logger":"unusual_prefix_faea391ec71b1d4b4651510353e4a48d62001c31_2_refresh_traffic_speed","filename":"2_refresh_traffic_speed.py","lineno":29}
{"timestamp":"2026-04-15T09:12:01.706423Z","level":"info","event":"STEP 2: connected to Supabase","logger":"unusual_prefix_faea391ec71b1d4b4651510353e4a48d62001c31_2_refresh_traffic_speed","filename":"2_refresh_traffic_speed.py","lineno":31}
{"timestamp":"2026-04-15T09:12:01.707015Z","level":"info","event":"STEP 3: snapshot timestamp = 2026-04-15 09:12:01.706516+00:00","logger":"unusual_prefix_faea391ec71b1d4b4651510353e4a48d62001c31_2_refresh_traffic_speed","filename":"2_refresh_traffic_speed.py","lineno":34}
{"timestamp":"2026-04-15T09:12:01.707071Z","level":"info","event":"========== PAGE START ==========","logger":"lta_common","filename":"lta_common.py","lineno":52}
{"timestamp":"2026-04-15T09:12:01.707113Z","level":"info","event":"[FETCH] requesting rows 0–499","logger":"lta_common","filename":"lta_common.py","lineno":53}
{"timestamp":"2026-04-15T09:12:01.707302Z","level":"info","event":"Fetching page from LTA: skip=0","logger":"lta_common","filename":"lta_common.py","lineno":35}
{"timestamp":"2026-04-15T09:12:02.134919Z","level":"info","event":"Retrieved 500 rows from LTA at skip=0","logger":"lta_common","filename":"lta_common.py","lineno":43}
{"timestamp":"2026-04-15T09:12:02.138856Z","level":"info","event":"[FETCH DONE] retrieved=500 rows at skip=0","logger":"lta_common","filename":"lta_common.py","lineno":58}
{"timestamp":"2026-04-15T09:12:02.138985Z","level":"info","event":"STEP 4: processing page skip=0 rows=500","logger":"unusual_prefix_faea391ec71b1d4b4651510353e4a48d62001c31_2_refresh_traffic_speed","filename":"2_refresh_traffic_speed.py","lineno":41}
{"timestamp":"2026-04-15T09:12:02.146707Z","level":"info","event":"[CLEAN DONE] rows=500 | null_speed_band=0 | null_minimum_speed=0 | null_maximum_speed=0","logger":"lta_common","filename":"lta_common.py","lineno":193}
{"timestamp":"2026-04-15T09:12:02.146830Z","level":"info","event":"STEP 5: built cleaned snapshot dataframe rows=500","logger":"unusual_prefix_faea391ec71b1d4b4651510353e4a48d62001c31_2_refresh_traffic_speed","filename":"2_refresh_traffic_speed.py","lineno":44}
{"timestamp":"2026-04-15T09:12:02.147615Z","level":"info","event":"[LATEST PREP] rows=500 | missing_measurement_rows=0","logger":"lta_common","filename":"lta_common.py","lineno":224}
{"timestamp":"2026-04-15T09:12:02.148411Z","level":"info","event":"[UPSERT START] upserting 500 rows into traffic_speed_latest","logger":"lta_common","filename":"lta_common.py","lineno":301}
{"timestamp":"2026-04-15T09:12:02.148795Z","level":"info","event":"[UPSERT DEBUG] max_link_id=719 | min_link_id=2 | max_speed_band=7.0 | min_speed_band=1.0 | max_minimum_speed=60 | min_minimum_speed=0 | max_maximum_speed=69 | min_maximum_speed=9","logger":"lta_common","filename":"lta_common.py","lineno":303}
{"timestamp":"2026-04-15T09:12:02.758052Z","level":"info","event":"[UPSERT DONE] upserted=500 rows into traffic_speed_latest","logger":"lta_common","filename":"lta_common.py","lineno":342}
{"timestamp":"2026-04-15T09:12:02.761187Z","level":"info","event":"[SAVE START] inserting 500 rows into traffic_speed_recent","logger":"lta_common","filename":"lta_common.py","lineno":272}
{"timestamp":"2026-04-15T09:12:03.234522Z","level":"info","event":"[SAVE DONE] inserted=500 rows into traffic_speed_recent","logger":"lta_common","filename":"lta_common.py","lineno":290}
{"timestamp":"2026-04-15T09:12:03.235252Z","level":"info","event":"STEP 6: page saved skip=0 | pages=1 | latest_rows=500 | recent_rows=500","logger":"unusual_prefix_faea391ec71b1d4b4651510353e4a48d62001c31_2_refresh_traffic_speed","filename":"2_refresh_traffic_speed.py","lineno":56}
{"timestamp":"2026-04-15T09:12:03.235561Z","level":"info","event":"========== PAGE START ==========","logger":"lta_common","filename":"lta_common.py","lineno":52}
{"timestamp":"2026-04-15T09:12:03.235759Z","level":"info","event":"[FETCH] requesting rows 500–999","logger":"lta_common","filename":"lta_common.py","lineno":53}
{"timestamp":"2026-04-15T09:12:03.235960Z","level":"info","event":"Fetching page from LTA: skip=500","logger":"lta_common","filename":"lta_common.py","lineno":35}
{"timestamp":"2026-04-15T09:12:03.628452Z","level":"info","event":"Retrieved 500 rows from LTA at skip=500","logger":"lta_common","filename":"lta_common.py","lineno":43}
{"timestamp":"2026-04-15T09:12:03.632545Z","level":"info","event":"[FETCH DONE] retrieved=500 rows at skip=500","logger":"lta_common","filename":"lta_common.py","lineno":58}
{"timestamp":"2026-04-15T09:12:03.633172Z","level":"info","event":"STEP 4: processing page skip=500 rows=500","logger":"unusual_prefix_faea391ec71b1d4b4651510353e4a48d62001c31_2_refresh_traffic_speed","filename":"2_refresh_traffic_speed.py","lineno":41}
{"timestamp":"2026-04-15T09:12:03.639973Z","level":"info","event":"[CLEAN DONE] rows=500 | null_speed_band=0 | null_minimum_speed=0 | null_maximum_speed=0","logger":"lta_common","filename":"lta_common.py","lineno":193}
{"timestamp":"2026-04-15T09:12:03.640198Z","level":"info","event":"STEP 5: built cleaned snapshot dataframe rows=500","logger":"unusual_prefix_faea391ec71b1d4b4651510353e4a48d62001c31_2_refresh_traffic_speed","filename":"2_refresh_traffic_speed.py","lineno":44}
{"timestamp":"2026-04-15T09:12:03.641293Z","level":"info","event":"[LATEST PREP] rows=500 | missing_measurement_rows=0","logger":"lta_common","filename":"lta_common.py","lineno":224}
{"timestamp":"2026-04-15T09:12:03.642213Z","level":"info","event":"[UPSERT START] upserting 500 rows into traffic_speed_latest","logger":"lta_common","filename":"lta_common.py","lineno":301}
{"timestamp":"2026-04-15T09:12:03.644546Z","level":"info","event":"[UPSERT DEBUG] max_link_id=1488 | min_link_id=720 | max_speed_band=6.0 | min_speed_band=1.0 | max_minimum_speed=50 | min_minimum_speed=0 | max_maximum_speed=59 | min_maximum_speed=9","logger":"lta_common","filename":"lta_common.py","lineno":303}
{"timestamp":"2026-04-15T09:12:04.045549Z","level":"info","event":"[UPSERT DONE] upserted=500 rows into traffic_speed_latest","logger":"lta_common","filename":"lta_common.py","lineno":342}
{"timestamp":"2026-04-15T09:12:04.048227Z","level":"info","event":"[SAVE START] inserting 500 rows into traffic_speed_recent","logger":"lta_common","filename":"lta_common.py","lineno":272}
{"timestamp":"2026-04-15T09:12:04.466943Z","level":"info","event":"[SAVE DONE] inserted=500 rows into traffic_speed_recent","logger":"lta_common","filename":"lta_common.py","lineno":290}
{"timestamp":"2026-04-15T09:12:04.467221Z","level":"info","event":"STEP 6: page saved skip=500 | pages=2 | latest_rows=1000 | recent_rows=1000","logger":"unusual_prefix_faea391ec71b1d4b4651510353e4a48d62001c31_2_refresh_traffic_speed","filename":"2_refresh_traffic_speed.py","lineno":56}
{"timestamp":"2026-04-15T09:12:04.467302Z","level":"info","event":"========== PAGE START ==========","logger":"lta_common","filename":"lta_common.py","lineno":52}
{"timestamp":"2026-04-15T09:12:04.467354Z","level":"info","event":"[FETCH] requesting rows 1000–1499","logger":"lta_common","filename":"lta_common.py","lineno":53}
{"timestamp":"2026-04-15T09:12:04.467437Z","level":"info","event":"Fetching page from LTA: skip=1000","logger":"lta_common","filename":"lta_common.py","lineno":35}
{"timestamp":"2026-04-15T09:12:04.881728Z","level":"info","event":"Retrieved 500 rows from LTA at skip=1000","logger":"lta_common","filename":"lta_common.py","lineno":43}
{"timestamp":"2026-04-15T09:12:04.882785Z","level":"info","event":"[FETCH DONE] retrieved=500 rows at skip=1000","logger":"lta_common","filename":"lta_common.py","lineno":58}
{"timestamp":"2026-04-15T09:12:04.882982Z","level":"info","event":"STEP 4: processing page skip=1000 rows=500","logger":"unusual_prefix_faea391ec71b1d4b4651510353e4a48d62001c31_2_refresh_traffic_speed","filename":"2_refresh_traffic_speed.py","lineno":41}
{"timestamp":"2026-04-15T09:12:04.885306Z","level":"info","event":"[CLEAN DONE] rows=500 | null_speed_band=0 | null_minimum_speed=0 | null_maximum_speed=0","logger":"lta_common","filename":"lta_common.py","lineno":193}
{"timestamp":"2026-04-15T09:12:04.885364Z","level":"info","event":"STEP 5: built cleaned snapshot dataframe rows=500","logger":"unusual_prefix_faea391ec71b1d4b4651510353e4a48d62001c31_2_refresh_traffic_speed","filename":"2_refresh_traffic_speed.py","lineno":44}
{"timestamp":"2026-04-15T09:12:04.885710Z","level":"info","event":"[LATEST PREP] rows=500 | missing_measurement_rows=0","logger":"lta_common","filename":"lta_common.py","lineno":224}
{"timestamp":"2026-04-15T09:12:04.886107Z","level":"info","event":"[UPSERT START] upserting 500 rows into traffic_speed_latest","logger":"lta_common","filename":"lta_common.py","lineno":301}
{"timestamp":"2026-04-15T09:12:04.886265Z","level":"info","event":"[UPSERT DEBUG] max_link_id=2215 | min_link_id=1492 | max_speed_band=7.0 | min_speed_band=1.0 | max_minimum_speed=60 | min_minimum_speed=0 | max_maximum_speed=69 | min_maximum_speed=9","logger":"lta_common","filename":"lta_common.py","lineno":303}
{"timestamp":"2026-04-15T09:12:05.354102Z","level":"info","event":"[UPSERT DONE] upserted=500 rows into traffic_speed_latest","logger":"lta_common","filename":"lta_common.py","lineno":342}
{"timestamp":"2026-04-15T09:12:05.354764Z","level":"info","event":"[SAVE START] inserting 500 rows into traffic_speed_recent","logger":"lta_common","filename":"lta_common.py","lineno":272}
{"timestamp":"2026-04-15T09:12:05.753660Z","level":"info","event":"[SAVE DONE] inserted=500 rows into traffic_speed_recent","logger":"lta_common","filename":"lta_common.py","lineno":290}
{"timestamp":"2026-04-15T09:12:05.753767Z","level":"info","event":"STEP 6: page saved skip=1000 | pages=3 | latest_rows=1500 | recent_rows=1500","logger":"unusual_prefix_faea391ec71b1d4b4651510353e4a48d62001c31_2_refresh_traffic_speed","filename":"2_refresh_traffic_speed.py","lineno":56}
{"timestamp":"2026-04-15T09:12:05.753795Z","level":"info","event":"========== PAGE START ==========","logger":"lta_common","filename":"lta_common.py","lineno":52}
{"timestamp":"2026-04-15T09:12:05.753817Z","level":"info","event":"[FETCH] requesting rows 1500–1999","logger":"lta_common","filename":"lta_common.py","lineno":53}
{"timestamp":"2026-04-15T09:12:05.753846Z","level":"info","event":"Fetching page from LTA: skip=1500","logger":"lta_common","filename":"lta_common.py","lineno":35}
{"timestamp":"2026-04-15T09:12:06.078918Z","level":"info","event":"Retrieved 500 rows from LTA at skip=1500","logger":"lta_common","filename":"lta_common.py","lineno":43}
{"timestamp":"2026-04-15T09:12:06.080203Z","level":"info","event":"[FETCH DONE] retrieved=500 rows at skip=1500","logger":"lta_common","filename":"lta_common.py","lineno":58}
{"timestamp":"2026-04-15T09:12:06.080318Z","level":"info","event":"STEP 4: processing page skip=1500 rows=500","logger":"unusual_prefix_faea391ec71b1d4b4651510353e4a48d62001c31_2_refresh_traffic_speed","filename":"2_refresh_traffic_speed.py","lineno":41}
{"timestamp":"2026-04-15T09:12:06.082604Z","level":"info","event":"[CLEAN DONE] rows=500 | null_speed_band=0 | null_minimum_speed=0 | null_maximum_speed=0","logger":"lta_common","filename":"lta_common.py","lineno":193}
{"timestamp":"2026-04-15T09:12:06.082677Z","level":"info","event":"STEP 5: built cleaned snapshot dataframe rows=500","logger":"unusual_prefix_faea391ec71b1d4b4651510353e4a48d62001c31_2_refresh_traffic_speed","filename":"2_refresh_traffic_speed.py","lineno":44}
{"timestamp":"2026-04-15T09:12:06.083023Z","level":"info","event":"[LATEST PREP] rows=500 | missing_measurement_rows=0","logger":"lta_common","filename":"lta_common.py","lineno":224}
{"timestamp":"2026-04-15T09:12:06.083416Z","level":"info","event":"[UPSERT START] upserting 500 rows into traffic_speed_latest","logger":"lta_common","filename":"lta_common.py","lineno":301}
{"timestamp":"2026-04-15T09:12:06.083565Z","level":"info","event":"[UPSERT DEBUG] max_link_id=3055 | min_link_id=2216 | max_speed_band=6.0 | min_speed_band=1.0 | max_minimum_speed=50 | min_minimum_speed=0 | max_maximum_speed=59 | min_maximum_speed=9","logger":"lta_common","filename":"lta_common.py","lineno":303}
{"timestamp":"2026-04-15T09:12:06.522845Z","level":"info","event":"[UPSERT DONE] upserted=500 rows into traffic_speed_latest","logger":"lta_common","filename":"lta_common.py","lineno":342}
{"timestamp":"2026-04-15T09:12:06.523470Z","level":"info","event":"[SAVE START] inserting 500 rows into traffic_speed_recent","logger":"lta_common","filename":"lta_common.py","lineno":272}
{"timestamp":"2026-04-15T09:12:06.921319Z","level":"info","event":"[SAVE DONE] inserted=500 rows into traffic_speed_recent","logger":"lta_common","filename":"lta_common.py","lineno":290}
{"timestamp":"2026-04-15T09:12:06.921447Z","level":"info","event":"STEP 6: page saved skip=1500 | pages=4 | latest_rows=2000 | recent_rows=2000","logger":"unusual_prefix_faea391ec71b1d4b4651510353e4a48d62001c31_2_refresh_traffic_speed","filename":"2_refresh_traffic_speed.py","lineno":56}
{"timestamp":"2026-04-15T09:12:06.921482Z","level":"info","event":"========== PAGE START ==========","logger":"lta_common","filename":"lta_common.py","lineno":52}
{"timestamp":"2026-04-15T09:12:06.921505Z","level":"info","event":"[FETCH] requesting rows 2000–2499","logger":"lta_common","filename":"lta_common.py","lineno":53}
{"timestamp":"2026-04-15T09:12:06.921543Z","level":"info","event":"Fetching page from LTA: skip=2000","logger":"lta_common","filename":"lta_common.py","lineno":35}
{"timestamp":"2026-04-15T09:12:07.303051Z","level":"info","event":"Retrieved 500 rows from LTA at skip=2000","logger":"lta_common","filename":"lta_common.py","lineno":43}
{"timestamp":"2026-04-15T09:12:07.304479Z","level":"info","event":"[FETCH DONE] retrieved=500 rows at skip=2000","logger":"lta_common","filename":"lta_common.py","lineno":58}
{"timestamp":"2026-04-15T09:12:07.304705Z","level":"info","event":"STEP 4: processing page skip=2000 rows=500","logger":"unusual_prefix_faea391ec71b1d4b4651510353e4a48d62001c31_2_refresh_traffic_speed","filename":"2_refresh_traffic_speed.py","lineno":41}
{"timestamp":"2026-04-15T09:12:07.307257Z","level":"info","event":"[CLEAN DONE] rows=500 | null_speed_band=0 | null_minimum_speed=0 | null_maximum_speed=0","logger":"lta_common","filename":"lta_common.py","lineno":193}
{"timestamp":"2026-04-15T09:12:07.307313Z","level":"info","event":"STEP 5: built cleaned snapshot dataframe rows=500","logger":"unusual_prefix_faea391ec71b1d4b4651510353e4a48d62001c31_2_refresh_traffic_speed","filename":"2_refresh_traffic_speed.py","lineno":44}
{"timestamp":"2026-04-15T09:12:07.307667Z","level":"info","event":"[LATEST PREP] rows=500 | missing_measurement_rows=0","logger":"lta_common","filename":"lta_common.py","lineno":224}
{"timestamp":"2026-04-15T09:12:07.308105Z","level":"info","event":"[UPSERT START] upserting 500 rows into traffic_speed_latest","logger":"lta_common","filename":"lta_common.py","lineno":301}
{"timestamp":"2026-04-15T09:12:07.308291Z","level":"info","event":"[UPSERT DEBUG] max_link_id=4015 | min_link_id=3059 | max_speed_band=7.0 | min_speed_band=1.0 | max_minimum_speed=60 | min_minimum_speed=0 | max_maximum_speed=69 | min_maximum_speed=9","logger":"lta_common","filename":"lta_common.py","lineno":303}
{"timestamp":"2026-04-15T09:12:07.802596Z","level":"info","event":"[UPSERT DONE] upserted=500 rows into traffic_speed_latest","logger":"lta_common","filename":"lta_common.py","lineno":342}
{"timestamp":"2026-04-15T09:12:07.803256Z","level":"info","event":"[SAVE START] inserting 500 rows into traffic_speed_recent","logger":"lta_common","filename":"lta_common.py","lineno":272}
{"timestamp":"2026-04-15T09:12:08.573951Z","level":"info","event":"[SAVE DONE] inserted=500 rows into traffic_speed_recent","logger":"lta_common","filename":"lta_common.py","lineno":290}
{"timestamp":"2026-04-15T09:12:08.574651Z","level":"info","event":"STEP 6: page saved skip=2000 | pages=5 | latest_rows=2500 | recent_rows=2500","logger":"unusual_prefix_faea391ec71b1d4b4651510353e4a48d62001c31_2_refresh_traffic_speed","filename":"2_refresh_traffic_speed.py","lineno":56}
{"timestamp":"2026-04-15T09:12:08.574864Z","level":"info","event":"========== PAGE START ==========","logger":"lta_common","filename":"lta_common.py","lineno":52}
{"timestamp":"2026-04-15T09:12:08.575073Z","level":"info","event":"[FETCH] requesting rows 2500–2999","logger":"lta_common","filename":"lta_common.py","lineno":53}
{"timestamp":"2026-04-15T09:12:08.575336Z","level":"info","event":"Fetching page from LTA: skip=2500","logger":"lta_common","filename":"lta_common.py","lineno":35}
{"timestamp":"2026-04-15T09:12:09.058118Z","level":"info","event":"Retrieved 500 rows from LTA at skip=2500","logger":"lta_common","filename":"lta_common.py","lineno":43}
{"timestamp":"2026-04-15T09:12:09.063233Z","level":"info","event":"[FETCH DONE] retrieved=500 rows at skip=2500","logger":"lta_common","filename":"lta_common.py","lineno":58}
{"timestamp":"2026-04-15T09:12:09.064128Z","level":"info","event":"STEP 4: processing page skip=2500 rows=500","logger":"unusual_prefix_faea391ec71b1d4b4651510353e4a48d62001c31_2_refresh_traffic_speed","filename":"2_refresh_traffic_speed.py","lineno":41}
{"timestamp":"2026-04-15T09:12:09.072690Z","level":"info","event":"[CLEAN DONE] rows=500 | null_speed_band=0 | null_minimum_speed=0 | null_maximum_speed=0","logger":"lta_common","filename":"lta_common.py","lineno":193}
{"timestamp":"2026-04-15T09:12:09.073000Z","level":"info","event":"STEP 5: built cleaned snapshot dataframe rows=500","logger":"unusual_prefix_faea391ec71b1d4b4651510353e4a48d62001c31_2_refresh_traffic_speed","filename":"2_refresh_traffic_speed.py","lineno":44}
{"timestamp":"2026-04-15T09:12:09.074169Z","level":"info","event":"[LATEST PREP] rows=500 | missing_measurement_rows=0","logger":"lta_common","filename":"lta_common.py","lineno":224}
{"timestamp":"2026-04-15T09:12:09.075168Z","level":"info","event":"[UPSERT START] upserting 500 rows into traffic_speed_latest","logger":"lta_common","filename":"lta_common.py","lineno":301}
{"timestamp":"2026-04-15T09:12:09.075546Z","level":"info","event":"[UPSERT DEBUG] max_link_id=5041 | min_link_id=4016 | max_speed_band=8.0 | min_speed_band=1.0 | max_minimum_speed=70 | min_minimum_speed=0 | max_maximum_speed=999 | min_maximum_speed=9","logger":"lta_common","filename":"lta_common.py","lineno":303}
{"timestamp":"2026-04-15T09:12:09.533654Z","level":"info","event":"[UPSERT DONE] upserted=500 rows into traffic_speed_latest","logger":"lta_common","filename":"lta_common.py","lineno":342}
{"timestamp":"2026-04-15T09:12:09.534393Z","level":"info","event":"[SAVE START] inserting 500 rows into traffic_speed_recent","logger":"lta_common","filename":"lta_common.py","lineno":272}
{"timestamp":"2026-04-15T09:12:10.023396Z","level":"info","event":"[SAVE DONE] inserted=500 rows into traffic_speed_recent","logger":"lta_common","filename":"lta_common.py","lineno":290}
{"timestamp":"2026-04-15T09:12:10.023978Z","level":"info","event":"STEP 6: page saved skip=2500 | pages=6 | latest_rows=3000 | recent_rows=3000","logger":"unusual_prefix_faea391ec71b1d4b4651510353e4a48d62001c31_2_refresh_traffic_speed","filename":"2_refresh_traffic_speed.py","lineno":56}
{"timestamp":"2026-04-15T09:12:10.024179Z","level":"info","event":"========== PAGE START ==========","logger":"lta_common","filename":"lta_common.py","lineno":52}
{"timestamp":"2026-04-15T09:12:10.024269Z","level":"info","event":"[FETCH] requesting rows 3000–3499","logger":"lta_common","filename":"lta_common.py","lineno":53}
{"timestamp":"2026-04-15T09:12:10.024357Z","level":"info","event":"Fetching page from LTA: skip=3000","logger":"lta_common","filename":"lta_common.py","lineno":35}
{"timestamp":"2026-04-15T09:12:10.413007Z","level":"info","event":"Retrieved 500 rows from LTA at skip=3000","logger":"lta_common","filename":"lta_common.py","lineno":43}
{"timestamp":"2026-04-15T09:12:10.418810Z","level":"info","event":"[FETCH DONE] retrieved=500 rows at skip=3000","logger":"lta_common","filename":"lta_common.py","lineno":58}
{"timestamp":"2026-04-15T09:12:10.419369Z","level":"info","event":"STEP 4: processing page skip=3000 rows=500","logger":"unusual_prefix_faea391ec71b1d4b4651510353e4a48d62001c31_2_refresh_traffic_speed","filename":"2_refresh_traffic_speed.py","lineno":41}
{"timestamp":"2026-04-15T09:12:10.431133Z","level":"info","event":"[CLEAN DONE] rows=500 | null_speed_band=0 | null_minimum_speed=0 | null_maximum_speed=0","logger":"lta_common","filename":"lta_common.py","lineno":193}
{"timestamp":"2026-04-15T09:12:10.431363Z","level":"info","event":"STEP 5: built cleaned snapshot dataframe rows=500","logger":"unusual_prefix_faea391ec71b1d4b4651510353e4a48d62001c31_2_refresh_traffic_speed","filename":"2_refresh_traffic_speed.py","lineno":44}
{"timestamp":"2026-04-15T09:12:10.432423Z","level":"info","event":"[LATEST PREP] rows=500 | missing_measurement_rows=0","logger":"lta_common","filename":"lta_common.py","lineno":224}
{"timestamp":"2026-04-15T09:12:10.433394Z","level":"info","event":"[UPSERT START] upserting 500 rows into traffic_speed_latest","logger":"lta_common","filename":"lta_common.py","lineno":301}
{"timestamp":"2026-04-15T09:12:10.433729Z","level":"info","event":"[UPSERT DEBUG] max_link_id=5569 | min_link_id=5042 | max_speed_band=8.0 | min_speed_band=1.0 | max_minimum_speed=70 | min_minimum_speed=0 | max_maximum_speed=999 | min_maximum_speed=9","logger":"lta_common","filename":"lta_common.py","lineno":303}
{"timestamp":"2026-04-15T09:12:10.874714Z","level":"info","event":"[UPSERT DONE] upserted=500 rows into traffic_speed_latest","logger":"lta_common","filename":"lta_common.py","lineno":342}
{"timestamp":"2026-04-15T09:12:10.875846Z","level":"info","event":"[SAVE START] inserting 500 rows into traffic_speed_recent","logger":"lta_common","filename":"lta_common.py","lineno":272}
{"timestamp":"2026-04-15T09:12:11.344946Z","level":"info","event":"[SAVE DONE] inserted=500 rows into traffic_speed_recent","logger":"lta_common","filename":"lta_common.py","lineno":290}
{"timestamp":"2026-04-15T09:12:11.345078Z","level":"info","event":"STEP 6: page saved skip=3000 | pages=7 | latest_rows=3500 | recent_rows=3500","logger":"unusual_prefix_faea391ec71b1d4b4651510353e4a48d62001c31_2_refresh_traffic_speed","filename":"2_refresh_traffic_speed.py","lineno":56}
{"timestamp":"2026-04-15T09:12:11.345145Z","level":"info","event":"========== PAGE START ==========","logger":"lta_common","filename":"lta_common.py","lineno":52}
{"timestamp":"2026-04-15T09:12:11.345191Z","level":"info","event":"[FETCH] requesting rows 3500–3999","logger":"lta_common","filename":"lta_common.py","lineno":53}
{"timestamp":"2026-04-15T09:12:11.345240Z","level":"info","event":"Fetching page from LTA: skip=3500","logger":"lta_common","filename":"lta_common.py","lineno":35}
{"timestamp":"2026-04-15T09:12:11.727904Z","level":"info","event":"Retrieved 500 rows from LTA at skip=3500","logger":"lta_common","filename":"lta_common.py","lineno":43}
{"timestamp":"2026-04-15T09:12:11.729232Z","level":"info","event":"[FETCH DONE] retrieved=500 rows at skip=3500","logger":"lta_common","filename":"lta_common.py","lineno":58}
{"timestamp":"2026-04-15T09:12:11.729445Z","level":"info","event":"STEP 4: processing page skip=3500 rows=500","logger":"unusual_prefix_faea391ec71b1d4b4651510353e4a48d62001c31_2_refresh_traffic_speed","filename":"2_refresh_traffic_speed.py","lineno":41}
{"timestamp":"2026-04-15T09:12:11.732301Z","level":"info","event":"[CLEAN DONE] rows=500 | null_speed_band=0 | null_minimum_speed=0 | null_maximum_speed=0","logger":"lta_common","filename":"lta_common.py","lineno":193}
{"timestamp":"2026-04-15T09:12:11.732377Z","level":"info","event":"STEP 5: built cleaned snapshot dataframe rows=500","logger":"unusual_prefix_faea391ec71b1d4b4651510353e4a48d62001c31_2_refresh_traffic_speed","filename":"2_refresh_traffic_speed.py","lineno":44}
{"timestamp":"2026-04-15T09:12:11.732722Z","level":"info","event":"[LATEST PREP] rows=500 | missing_measurement_rows=0","logger":"lta_common","filename":"lta_common.py","lineno":224}
{"timestamp":"2026-04-15T09:12:11.733156Z","level":"info","event":"[UPSERT START] upserting 500 rows into traffic_speed_latest","logger":"lta_common","filename":"lta_common.py","lineno":301}
{"timestamp":"2026-04-15T09:12:11.733300Z","level":"info","event":"[UPSERT DEBUG] max_link_id=6101 | min_link_id=5570 | max_speed_band=8.0 | min_speed_band=1.0 | max_minimum_speed=70 | min_minimum_speed=0 | max_maximum_speed=999 | min_maximum_speed=9","logger":"lta_common","filename":"lta_common.py","lineno":303}
{"timestamp":"2026-04-15T09:12:12.196653Z","level":"info","event":"[UPSERT DONE] upserted=500 rows into traffic_speed_latest","logger":"lta_common","filename":"lta_common.py","lineno":342}
{"timestamp":"2026-04-15T09:12:12.197468Z","level":"info","event":"[SAVE START] inserting 500 rows into traffic_speed_recent","logger":"lta_common","filename":"lta_common.py","lineno":272}
{"timestamp":"2026-04-15T09:12:12.605173Z","level":"info","event":"[SAVE DONE] inserted=500 rows into traffic_speed_recent","logger":"lta_common","filename":"lta_common.py","lineno":290}
{"timestamp":"2026-04-15T09:12:12.605337Z","level":"info","event":"STEP 6: page saved skip=3500 | pages=8 | latest_rows=4000 | recent_rows=4000","logger":"unusual_prefix_faea391ec71b1d4b4651510353e4a48d62001c31_2_refresh_traffic_speed","filename":"2_refresh_traffic_speed.py","lineno":56}
{"timestamp":"2026-04-15T09:12:12.605370Z","level":"info","event":"========== PAGE START ==========","logger":"lta_common","filename":"lta_common.py","lineno":52}
{"timestamp":"2026-04-15T09:12:12.605391Z","level":"info","event":"[FETCH] requesting rows 4000–4499","logger":"lta_common","filename":"lta_common.py","lineno":53}
{"timestamp":"2026-04-15T09:12:12.605421Z","level":"info","event":"Fetching page from LTA: skip=4000","logger":"lta_common","filename":"lta_common.py","lineno":35}
{"timestamp":"2026-04-15T09:12:12.991528Z","level":"info","event":"Retrieved 500 rows from LTA at skip=4000","logger":"lta_common","filename":"lta_common.py","lineno":43}
{"timestamp":"2026-04-15T09:12:12.996745Z","level":"info","event":"[FETCH DONE] retrieved=500 rows at skip=4000","logger":"lta_common","filename":"lta_common.py","lineno":58}
{"timestamp":"2026-04-15T09:12:13.000100Z","level":"info","event":"STEP 4: processing page skip=4000 rows=500","logger":"unusual_prefix_faea391ec71b1d4b4651510353e4a48d62001c31_2_refresh_traffic_speed","filename":"2_refresh_traffic_speed.py","lineno":41}
{"timestamp":"2026-04-15T09:12:13.008862Z","level":"info","event":"[CLEAN DONE] rows=500 | null_speed_band=0 | null_minimum_speed=0 | null_maximum_speed=0","logger":"lta_common","filename":"lta_common.py","lineno":193}
{"timestamp":"2026-04-15T09:12:13.009097Z","level":"info","event":"STEP 5: built cleaned snapshot dataframe rows=500","logger":"unusual_prefix_faea391ec71b1d4b4651510353e4a48d62001c31_2_refresh_traffic_speed","filename":"2_refresh_traffic_speed.py","lineno":44}
{"timestamp":"2026-04-15T09:12:13.010163Z","level":"info","event":"[LATEST PREP] rows=500 | missing_measurement_rows=0","logger":"lta_common","filename":"lta_common.py","lineno":224}
{"timestamp":"2026-04-15T09:12:13.011127Z","level":"info","event":"[UPSERT START] upserting 500 rows into traffic_speed_latest","logger":"lta_common","filename":"lta_common.py","lineno":301}
{"timestamp":"2026-04-15T09:12:13.011488Z","level":"info","event":"[UPSERT DEBUG] max_link_id=6694 | min_link_id=6102 | max_speed_band=8.0 | min_speed_band=1.0 | max_minimum_speed=70 | min_minimum_speed=0 | max_maximum_speed=999 | min_maximum_speed=9","logger":"lta_common","filename":"lta_common.py","lineno":303}
{"timestamp":"2026-04-15T09:12:13.538569Z","level":"info","event":"[UPSERT DONE] upserted=500 rows into traffic_speed_latest","logger":"lta_common","filename":"lta_common.py","lineno":342}
{"timestamp":"2026-04-15T09:12:13.541567Z","level":"info","event":"[SAVE START] inserting 500 rows into traffic_speed_recent","logger":"lta_common","filename":"lta_common.py","lineno":272}
{"timestamp":"2026-04-15T09:12:14.103684Z","level":"info","event":"[SAVE DONE] inserted=500 rows into traffic_speed_recent","logger":"lta_common","filename":"lta_common.py","lineno":290}
{"timestamp":"2026-04-15T09:12:14.104175Z","level":"info","event":"STEP 6: page saved skip=4000 | pages=9 | latest_rows=4500 | recent_rows=4500","logger":"unusual_prefix_faea391ec71b1d4b4651510353e4a48d62001c31_2_refresh_traffic_speed","filename":"2_refresh_traffic_speed.py","lineno":56}
{"timestamp":"2026-04-15T09:12:14.104308Z","level":"info","event":"========== PAGE START ==========","logger":"lta_common","filename":"lta_common.py","lineno":52}
{"timestamp":"2026-04-15T09:12:14.104397Z","level":"info","event":"[FETCH] requesting rows 4500–4999","logger":"lta_common","filename":"lta_common.py","lineno":53}
{"timestamp":"2026-04-15T09:12:14.104564Z","level":"info","event":"Fetching page from LTA: skip=4500","logger":"lta_common","filename":"lta_common.py","lineno":35}
{"timestamp":"2026-04-15T09:12:14.486556Z","level":"info","event":"Retrieved 500 rows from LTA at skip=4500","logger":"lta_common","filename":"lta_common.py","lineno":43}
{"timestamp":"2026-04-15T09:12:14.489000Z","level":"info","event":"[FETCH DONE] retrieved=500 rows at skip=4500","logger":"lta_common","filename":"lta_common.py","lineno":58}
{"timestamp":"2026-04-15T09:12:14.489504Z","level":"info","event":"STEP 4: processing page skip=4500 rows=500","logger":"unusual_prefix_faea391ec71b1d4b4651510353e4a48d62001c31_2_refresh_traffic_speed","filename":"2_refresh_traffic_speed.py","lineno":41}
{"timestamp":"2026-04-15T09:12:14.493909Z","level":"info","event":"[CLEAN DONE] rows=500 | null_speed_band=0 | null_minimum_speed=0 | null_maximum_speed=0","logger":"lta_common","filename":"lta_common.py","lineno":193}
{"timestamp":"2026-04-15T09:12:14.494272Z","level":"info","event":"STEP 5: built cleaned snapshot dataframe rows=500","logger":"unusual_prefix_faea391ec71b1d4b4651510353e4a48d62001c31_2_refresh_traffic_speed","filename":"2_refresh_traffic_speed.py","lineno":44}
{"timestamp":"2026-04-15T09:12:14.495109Z","level":"info","event":"[LATEST PREP] rows=500 | missing_measurement_rows=0","logger":"lta_common","filename":"lta_common.py","lineno":224}
{"timestamp":"2026-04-15T09:12:14.496611Z","level":"info","event":"[UPSERT START] upserting 500 rows into traffic_speed_latest","logger":"lta_common","filename":"lta_common.py","lineno":301}
{"timestamp":"2026-04-15T09:12:14.497521Z","level":"info","event":"[UPSERT DEBUG] max_link_id=7256 | min_link_id=6695 | max_speed_band=7.0 | min_speed_band=1.0 | max_minimum_speed=60 | min_minimum_speed=0 | max_maximum_speed=69 | min_maximum_speed=9","logger":"lta_common","filename":"lta_common.py","lineno":303}
{"timestamp":"2026-04-15T09:12:14.915512Z","level":"info","event":"[UPSERT DONE] upserted=500 rows into traffic_speed_latest","logger":"lta_common","filename":"lta_common.py","lineno":342}
{"timestamp":"2026-04-15T09:12:14.918683Z","level":"info","event":"[SAVE START] inserting 500 rows into traffic_speed_recent","logger":"lta_common","filename":"lta_common.py","lineno":272}
{"timestamp":"2026-04-15T09:12:15.368720Z","level":"info","event":"[SAVE DONE] inserted=500 rows into traffic_speed_recent","logger":"lta_common","filename":"lta_common.py","lineno":290}
{"timestamp":"2026-04-15T09:12:15.369545Z","level":"info","event":"STEP 6: page saved skip=4500 | pages=10 | latest_rows=5000 | recent_rows=5000","logger":"unusual_prefix_faea391ec71b1d4b4651510353e4a48d62001c31_2_refresh_traffic_speed","filename":"2_refresh_traffic_speed.py","lineno":56}
{"timestamp":"2026-04-15T09:12:15.369759Z","level":"info","event":"========== PAGE START ==========","logger":"lta_common","filename":"lta_common.py","lineno":52}
{"timestamp":"2026-04-15T09:12:15.369906Z","level":"info","event":"[FETCH] requesting rows 5000–5499","logger":"lta_common","filename":"lta_common.py","lineno":53}
{"timestamp":"2026-04-15T09:12:15.370133Z","level":"info","event":"Fetching page from LTA: skip=5000","logger":"lta_common","filename":"lta_common.py","lineno":35}
{"timestamp":"2026-04-15T09:12:15.751944Z","level":"info","event":"Retrieved 500 rows from LTA at skip=5000","logger":"lta_common","filename":"lta_common.py","lineno":43}
{"timestamp":"2026-04-15T09:12:15.753319Z","level":"info","event":"[FETCH DONE] retrieved=500 rows at skip=5000","logger":"lta_common","filename":"lta_common.py","lineno":58}
{"timestamp":"2026-04-15T09:12:15.753519Z","level":"info","event":"STEP 4: processing page skip=5000 rows=500","logger":"unusual_prefix_faea391ec71b1d4b4651510353e4a48d62001c31_2_refresh_traffic_speed","filename":"2_refresh_traffic_speed.py","lineno":41}
{"timestamp":"2026-04-15T09:12:15.756187Z","level":"info","event":"[CLEAN DONE] rows=500 | null_speed_band=0 | null_minimum_speed=0 | null_maximum_speed=0","logger":"lta_common","filename":"lta_common.py","lineno":193}
{"timestamp":"2026-04-15T09:12:15.756264Z","level":"info","event":"STEP 5: built cleaned snapshot dataframe rows=500","logger":"unusual_prefix_faea391ec71b1d4b4651510353e4a48d62001c31_2_refresh_traffic_speed","filename":"2_refresh_traffic_speed.py","lineno":44}
{"timestamp":"2026-04-15T09:12:15.756682Z","level":"info","event":"[LATEST PREP] rows=500 | missing_measurement_rows=0","logger":"lta_common","filename":"lta_common.py","lineno":224}
{"timestamp":"2026-04-15T09:12:15.757139Z","level":"info","event":"[UPSERT START] upserting 500 rows into traffic_speed_latest","logger":"lta_common","filename":"lta_common.py","lineno":301}
{"timestamp":"2026-04-15T09:12:15.757312Z","level":"info","event":"[UPSERT DEBUG] max_link_id=8130 | min_link_id=7257 | max_speed_band=7.0 | min_speed_band=1.0 | max_minimum_speed=60 | min_minimum_speed=0 | max_maximum_speed=69 | min_maximum_speed=9","logger":"lta_common","filename":"lta_common.py","lineno":303}
{"timestamp":"2026-04-15T09:12:16.261627Z","level":"info","event":"[UPSERT DONE] upserted=500 rows into traffic_speed_latest","logger":"lta_common","filename":"lta_common.py","lineno":342}
{"timestamp":"2026-04-15T09:12:16.263154Z","level":"info","event":"[SAVE START] inserting 500 rows into traffic_speed_recent","logger":"lta_common","filename":"lta_common.py","lineno":272}
{"timestamp":"2026-04-15T09:12:16.686013Z","level":"info","event":"[SAVE DONE] inserted=500 rows into traffic_speed_recent","logger":"lta_common","filename":"lta_common.py","lineno":290}
{"timestamp":"2026-04-15T09:12:16.686140Z","level":"info","event":"STEP 6: page saved skip=5000 | pages=11 | latest_rows=5500 | recent_rows=5500","logger":"unusual_prefix_faea391ec71b1d4b4651510353e4a48d62001c31_2_refresh_traffic_speed","filename":"2_refresh_traffic_speed.py","lineno":56}
{"timestamp":"2026-04-15T09:12:16.686172Z","level":"info","event":"========== PAGE START ==========","logger":"lta_common","filename":"lta_common.py","lineno":52}
{"timestamp":"2026-04-15T09:12:16.686204Z","level":"info","event":"[FETCH] requesting rows 5500–5999","logger":"lta_common","filename":"lta_common.py","lineno":53}
{"timestamp":"2026-04-15T09:12:16.686244Z","level":"info","event":"Fetching page from LTA: skip=5500","logger":"lta_common","filename":"lta_common.py","lineno":35}
{"timestamp":"2026-04-15T09:12:17.076493Z","level":"info","event":"Retrieved 500 rows from LTA at skip=5500","logger":"lta_common","filename":"lta_common.py","lineno":43}
{"timestamp":"2026-04-15T09:12:17.078191Z","level":"info","event":"[FETCH DONE] retrieved=500 rows at skip=5500","logger":"lta_common","filename":"lta_common.py","lineno":58}
{"timestamp":"2026-04-15T09:12:17.078521Z","level":"info","event":"STEP 4: processing page skip=5500 rows=500","logger":"unusual_prefix_faea391ec71b1d4b4651510353e4a48d62001c31_2_refresh_traffic_speed","filename":"2_refresh_traffic_speed.py","lineno":41}
{"timestamp":"2026-04-15T09:12:17.082038Z","level":"info","event":"[CLEAN DONE] rows=500 | null_speed_band=0 | null_minimum_speed=0 | null_maximum_speed=0","logger":"lta_common","filename":"lta_common.py","lineno":193}
{"timestamp":"2026-04-15T09:12:17.082130Z","level":"info","event":"STEP 5: built cleaned snapshot dataframe rows=500","logger":"unusual_prefix_faea391ec71b1d4b4651510353e4a48d62001c31_2_refresh_traffic_speed","filename":"2_refresh_traffic_speed.py","lineno":44}
{"timestamp":"2026-04-15T09:12:17.082648Z","level":"info","event":"[LATEST PREP] rows=500 | missing_measurement_rows=0","logger":"lta_common","filename":"lta_common.py","lineno":224}
{"timestamp":"2026-04-15T09:12:17.083176Z","level":"info","event":"[UPSERT START] upserting 500 rows into traffic_speed_latest","logger":"lta_common","filename":"lta_common.py","lineno":301}
{"timestamp":"2026-04-15T09:12:17.083364Z","level":"info","event":"[UPSERT DEBUG] max_link_id=8918 | min_link_id=8131 | max_speed_band=8.0 | min_speed_band=1.0 | max_minimum_speed=70 | min_minimum_speed=0 | max_maximum_speed=999 | min_maximum_speed=9","logger":"lta_common","filename":"lta_common.py","lineno":303}
{"timestamp":"2026-04-15T09:12:17.583934Z","level":"info","event":"[UPSERT DONE] upserted=500 rows into traffic_speed_latest","logger":"lta_common","filename":"lta_common.py","lineno":342}
{"timestamp":"2026-04-15T09:12:17.585358Z","level":"info","event":"[SAVE START] inserting 500 rows into traffic_speed_recent","logger":"lta_common","filename":"lta_common.py","lineno":272}
{"timestamp":"2026-04-15T09:12:18.140165Z","level":"info","event":"[SAVE DONE] inserted=500 rows into traffic_speed_recent","logger":"lta_common","filename":"lta_common.py","lineno":290}
{"timestamp":"2026-04-15T09:12:18.140803Z","level":"info","event":"STEP 6: page saved skip=5500 | pages=12 | latest_rows=6000 | recent_rows=6000","logger":"unusual_prefix_faea391ec71b1d4b4651510353e4a48d62001c31_2_refresh_traffic_speed","filename":"2_refresh_traffic_speed.py","lineno":56}
{"timestamp":"2026-04-15T09:12:18.140979Z","level":"info","event":"========== PAGE START ==========","logger":"lta_common","filename":"lta_common.py","lineno":52}
{"timestamp":"2026-04-15T09:12:18.141212Z","level":"info","event":"[FETCH] requesting rows 6000–6499","logger":"lta_common","filename":"lta_common.py","lineno":53}
{"timestamp":"2026-04-15T09:12:18.141384Z","level":"info","event":"Fetching page from LTA: skip=6000","logger":"lta_common","filename":"lta_common.py","lineno":35}
{"timestamp":"2026-04-15T09:12:18.545371Z","level":"info","event":"Retrieved 500 rows from LTA at skip=6000","logger":"lta_common","filename":"lta_common.py","lineno":43}
{"timestamp":"2026-04-15T09:12:18.546624Z","level":"info","event":"[FETCH DONE] retrieved=500 rows at skip=6000","logger":"lta_common","filename":"lta_common.py","lineno":58}
{"timestamp":"2026-04-15T09:12:18.546730Z","level":"info","event":"STEP 4: processing page skip=6000 rows=500","logger":"unusual_prefix_faea391ec71b1d4b4651510353e4a48d62001c31_2_refresh_traffic_speed","filename":"2_refresh_traffic_speed.py","lineno":41}
{"timestamp":"2026-04-15T09:12:18.548997Z","level":"info","event":"[CLEAN DONE] rows=500 | null_speed_band=0 | null_minimum_speed=0 | null_maximum_speed=0","logger":"lta_common","filename":"lta_common.py","lineno":193}
{"timestamp":"2026-04-15T09:12:18.549081Z","level":"info","event":"STEP 5: built cleaned snapshot dataframe rows=500","logger":"unusual_prefix_faea391ec71b1d4b4651510353e4a48d62001c31_2_refresh_traffic_speed","filename":"2_refresh_traffic_speed.py","lineno":44}
{"timestamp":"2026-04-15T09:12:18.549453Z","level":"info","event":"[LATEST PREP] rows=500 | missing_measurement_rows=0","logger":"lta_common","filename":"lta_common.py","lineno":224}
{"timestamp":"2026-04-15T09:12:18.549828Z","level":"info","event":"[UPSERT START] upserting 500 rows into traffic_speed_latest","logger":"lta_common","filename":"lta_common.py","lineno":301}
{"timestamp":"2026-04-15T09:12:18.549966Z","level":"info","event":"[UPSERT DEBUG] max_link_id=9667 | min_link_id=8919 | max_speed_band=8.0 | min_speed_band=1.0 | max_minimum_speed=70 | min_minimum_speed=0 | max_maximum_speed=999 | min_maximum_speed=9","logger":"lta_common","filename":"lta_common.py","lineno":303}
{"timestamp":"2026-04-15T09:12:19.039449Z","level":"info","event":"[UPSERT DONE] upserted=500 rows into traffic_speed_latest","logger":"lta_common","filename":"lta_common.py","lineno":342}
{"timestamp":"2026-04-15T09:12:19.040029Z","level":"info","event":"[SAVE START] inserting 500 rows into traffic_speed_recent","logger":"lta_common","filename":"lta_common.py","lineno":272}
{"timestamp":"2026-04-15T09:12:19.682539Z","level":"info","event":"[SAVE DONE] inserted=500 rows into traffic_speed_recent","logger":"lta_common","filename":"lta_common.py","lineno":290}
{"timestamp":"2026-04-15T09:12:19.682717Z","level":"info","event":"STEP 6: page saved skip=6000 | pages=13 | latest_rows=6500 | recent_rows=6500","logger":"unusual_prefix_faea391ec71b1d4b4651510353e4a48d62001c31_2_refresh_traffic_speed","filename":"2_refresh_traffic_speed.py","lineno":56}
{"timestamp":"2026-04-15T09:12:19.682770Z","level":"info","event":"========== PAGE START ==========","logger":"lta_common","filename":"lta_common.py","lineno":52}
{"timestamp":"2026-04-15T09:12:19.682803Z","level":"info","event":"[FETCH] requesting rows 6500–6999","logger":"lta_common","filename":"lta_common.py","lineno":53}
{"timestamp":"2026-04-15T09:12:19.682848Z","level":"info","event":"Fetching page from LTA: skip=6500","logger":"lta_common","filename":"lta_common.py","lineno":35}
{"timestamp":"2026-04-15T09:12:20.013080Z","level":"info","event":"Retrieved 500 rows from LTA at skip=6500","logger":"lta_common","filename":"lta_common.py","lineno":43}
{"timestamp":"2026-04-15T09:12:20.014813Z","level":"info","event":"[FETCH DONE] retrieved=500 rows at skip=6500","logger":"lta_common","filename":"lta_common.py","lineno":58}
{"timestamp":"2026-04-15T09:12:20.015170Z","level":"info","event":"STEP 4: processing page skip=6500 rows=500","logger":"unusual_prefix_faea391ec71b1d4b4651510353e4a48d62001c31_2_refresh_traffic_speed","filename":"2_refresh_traffic_speed.py","lineno":41}
{"timestamp":"2026-04-15T09:12:20.018575Z","level":"info","event":"[CLEAN DONE] rows=500 | null_speed_band=0 | null_minimum_speed=0 | null_maximum_speed=0","logger":"lta_common","filename":"lta_common.py","lineno":193}
{"timestamp":"2026-04-15T09:12:20.018653Z","level":"info","event":"STEP 5: built cleaned snapshot dataframe rows=500","logger":"unusual_prefix_faea391ec71b1d4b4651510353e4a48d62001c31_2_refresh_traffic_speed","filename":"2_refresh_traffic_speed.py","lineno":44}
{"timestamp":"2026-04-15T09:12:20.019134Z","level":"info","event":"[LATEST PREP] rows=500 | missing_measurement_rows=0","logger":"lta_common","filename":"lta_common.py","lineno":224}
{"timestamp":"2026-04-15T09:12:20.019687Z","level":"info","event":"[UPSERT START] upserting 500 rows into traffic_speed_latest","logger":"lta_common","filename":"lta_common.py","lineno":301}
{"timestamp":"2026-04-15T09:12:20.019879Z","level":"info","event":"[UPSERT DEBUG] max_link_id=10530 | min_link_id=9669 | max_speed_band=8.0 | min_speed_band=1.0 | max_minimum_speed=70 | min_minimum_speed=0 | max_maximum_speed=999 | min_maximum_speed=9","logger":"lta_common","filename":"lta_common.py","lineno":303}
{"timestamp":"2026-04-15T09:12:20.461367Z","level":"info","event":"[UPSERT DONE] upserted=500 rows into traffic_speed_latest","logger":"lta_common","filename":"lta_common.py","lineno":342}
{"timestamp":"2026-04-15T09:12:20.461981Z","level":"info","event":"[SAVE START] inserting 500 rows into traffic_speed_recent","logger":"lta_common","filename":"lta_common.py","lineno":272}
{"timestamp":"2026-04-15T09:12:20.952836Z","level":"info","event":"[SAVE DONE] inserted=500 rows into traffic_speed_recent","logger":"lta_common","filename":"lta_common.py","lineno":290}
{"timestamp":"2026-04-15T09:12:20.952955Z","level":"info","event":"STEP 6: page saved skip=6500 | pages=14 | latest_rows=7000 | recent_rows=7000","logger":"unusual_prefix_faea391ec71b1d4b4651510353e4a48d62001c31_2_refresh_traffic_speed","filename":"2_refresh_traffic_speed.py","lineno":56}
{"timestamp":"2026-04-15T09:12:20.952988Z","level":"info","event":"========== PAGE START ==========","logger":"lta_common","filename":"lta_common.py","lineno":52}
{"timestamp":"2026-04-15T09:12:20.953017Z","level":"info","event":"[FETCH] requesting rows 7000–7499","logger":"lta_common","filename":"lta_common.py","lineno":53}
{"timestamp":"2026-04-15T09:12:20.953056Z","level":"info","event":"Fetching page from LTA: skip=7000","logger":"lta_common","filename":"lta_common.py","lineno":35}
{"timestamp":"2026-04-15T09:12:21.291820Z","level":"info","event":"Retrieved 500 rows from LTA at skip=7000","logger":"lta_common","filename":"lta_common.py","lineno":43}
{"timestamp":"2026-04-15T09:12:21.293069Z","level":"info","event":"[FETCH DONE] retrieved=500 rows at skip=7000","logger":"lta_common","filename":"lta_common.py","lineno":58}
{"timestamp":"2026-04-15T09:12:21.293305Z","level":"info","event":"STEP 4: processing page skip=7000 rows=500","logger":"unusual_prefix_faea391ec71b1d4b4651510353e4a48d62001c31_2_refresh_traffic_speed","filename":"2_refresh_traffic_speed.py","lineno":41}
{"timestamp":"2026-04-15T09:12:21.295634Z","level":"info","event":"[CLEAN DONE] rows=500 | null_speed_band=0 | null_minimum_speed=0 | null_maximum_speed=0","logger":"lta_common","filename":"lta_common.py","lineno":193}
{"timestamp":"2026-04-15T09:12:21.295693Z","level":"info","event":"STEP 5: built cleaned snapshot dataframe rows=500","logger":"unusual_prefix_faea391ec71b1d4b4651510353e4a48d62001c31_2_refresh_traffic_speed","filename":"2_refresh_traffic_speed.py","lineno":44}
{"timestamp":"2026-04-15T09:12:21.296060Z","level":"info","event":"[LATEST PREP] rows=500 | missing_measurement_rows=0","logger":"lta_common","filename":"lta_common.py","lineno":224}
{"timestamp":"2026-04-15T09:12:21.296447Z","level":"info","event":"[UPSERT START] upserting 500 rows into traffic_speed_latest","logger":"lta_common","filename":"lta_common.py","lineno":301}
{"timestamp":"2026-04-15T09:12:21.296592Z","level":"info","event":"[UPSERT DEBUG] max_link_id=11391 | min_link_id=10531 | max_speed_band=8.0 | min_speed_band=1.0 | max_minimum_speed=70 | min_minimum_speed=0 | max_maximum_speed=999 | min_maximum_speed=9","logger":"lta_common","filename":"lta_common.py","lineno":303}
{"timestamp":"2026-04-15T09:12:21.761827Z","level":"info","event":"[UPSERT DONE] upserted=500 rows into traffic_speed_latest","logger":"lta_common","filename":"lta_common.py","lineno":342}
{"timestamp":"2026-04-15T09:12:21.765316Z","level":"info","event":"[SAVE START] inserting 500 rows into traffic_speed_recent","logger":"lta_common","filename":"lta_common.py","lineno":272}
{"timestamp":"2026-04-15T09:12:22.312755Z","level":"info","event":"[SAVE DONE] inserted=500 rows into traffic_speed_recent","logger":"lta_common","filename":"lta_common.py","lineno":290}
{"timestamp":"2026-04-15T09:12:22.313573Z","level":"info","event":"STEP 6: page saved skip=7000 | pages=15 | latest_rows=7500 | recent_rows=7500","logger":"unusual_prefix_faea391ec71b1d4b4651510353e4a48d62001c31_2_refresh_traffic_speed","filename":"2_refresh_traffic_speed.py","lineno":56}
{"timestamp":"2026-04-15T09:12:22.313993Z","level":"info","event":"========== PAGE START ==========","logger":"lta_common","filename":"lta_common.py","lineno":52}
{"timestamp":"2026-04-15T09:12:22.314354Z","level":"info","event":"[FETCH] requesting rows 7500–7999","logger":"lta_common","filename":"lta_common.py","lineno":53}
{"timestamp":"2026-04-15T09:12:22.314506Z","level":"info","event":"Fetching page from LTA: skip=7500","logger":"lta_common","filename":"lta_common.py","lineno":35}
{"timestamp":"2026-04-15T09:12:22.703961Z","level":"info","event":"Retrieved 500 rows from LTA at skip=7500","logger":"lta_common","filename":"lta_common.py","lineno":43}
{"timestamp":"2026-04-15T09:12:22.707116Z","level":"info","event":"[FETCH DONE] retrieved=500 rows at skip=7500","logger":"lta_common","filename":"lta_common.py","lineno":58}
{"timestamp":"2026-04-15T09:12:22.707789Z","level":"info","event":"STEP 4: processing page skip=7500 rows=500","logger":"unusual_prefix_faea391ec71b1d4b4651510353e4a48d62001c31_2_refresh_traffic_speed","filename":"2_refresh_traffic_speed.py","lineno":41}
{"timestamp":"2026-04-15T09:12:22.713129Z","level":"info","event":"[CLEAN DONE] rows=500 | null_speed_band=0 | null_minimum_speed=0 | null_maximum_speed=0","logger":"lta_common","filename":"lta_common.py","lineno":193}
{"timestamp":"2026-04-15T09:12:22.713371Z","level":"info","event":"STEP 5: built cleaned snapshot dataframe rows=500","logger":"unusual_prefix_faea391ec71b1d4b4651510353e4a48d62001c31_2_refresh_traffic_speed","filename":"2_refresh_traffic_speed.py","lineno":44}
{"timestamp":"2026-04-15T09:12:22.714548Z","level":"info","event":"[LATEST PREP] rows=500 | missing_measurement_rows=0","logger":"lta_common","filename":"lta_common.py","lineno":224}
{"timestamp":"2026-04-15T09:12:22.715304Z","level":"info","event":"[UPSERT START] upserting 500 rows into traffic_speed_latest","logger":"lta_common","filename":"lta_common.py","lineno":301}
{"timestamp":"2026-04-15T09:12:22.715564Z","level":"info","event":"[UPSERT DEBUG] max_link_id=12191 | min_link_id=11394 | max_speed_band=8.0 | min_speed_band=1.0 | max_minimum_speed=70 | min_minimum_speed=0 | max_maximum_speed=999 | min_maximum_speed=9","logger":"lta_common","filename":"lta_common.py","lineno":303}
{"timestamp":"2026-04-15T09:12:23.276334Z","level":"info","event":"[UPSERT DONE] upserted=500 rows into traffic_speed_latest","logger":"lta_common","filename":"lta_common.py","lineno":342}
{"timestamp":"2026-04-15T09:12:23.280256Z","level":"info","event":"[SAVE START] inserting 500 rows into traffic_speed_recent","logger":"lta_common","filename":"lta_common.py","lineno":272}
{"timestamp":"2026-04-15T09:12:23.843393Z","level":"info","event":"[SAVE DONE] inserted=500 rows into traffic_speed_recent","logger":"lta_common","filename":"lta_common.py","lineno":290}
{"timestamp":"2026-04-15T09:12:23.843677Z","level":"info","event":"STEP 6: page saved skip=7500 | pages=16 | latest_rows=8000 | recent_rows=8000","logger":"unusual_prefix_faea391ec71b1d4b4651510353e4a48d62001c31_2_refresh_traffic_speed","filename":"2_refresh_traffic_speed.py","lineno":56}
{"timestamp":"2026-04-15T09:12:23.843724Z","level":"info","event":"========== PAGE START ==========","logger":"lta_common","filename":"lta_common.py","lineno":52}
{"timestamp":"2026-04-15T09:12:23.843752Z","level":"info","event":"[FETCH] requesting rows 8000–8499","logger":"lta_common","filename":"lta_common.py","lineno":53}
{"timestamp":"2026-04-15T09:12:23.843788Z","level":"info","event":"Fetching page from LTA: skip=8000","logger":"lta_common","filename":"lta_common.py","lineno":35}
{"timestamp":"2026-04-15T09:12:24.214450Z","level":"info","event":"Retrieved 500 rows from LTA at skip=8000","logger":"lta_common","filename":"lta_common.py","lineno":43}
{"timestamp":"2026-04-15T09:12:24.215896Z","level":"info","event":"[FETCH DONE] retrieved=500 rows at skip=8000","logger":"lta_common","filename":"lta_common.py","lineno":58}
{"timestamp":"2026-04-15T09:12:24.216020Z","level":"info","event":"STEP 4: processing page skip=8000 rows=500","logger":"unusual_prefix_faea391ec71b1d4b4651510353e4a48d62001c31_2_refresh_traffic_speed","filename":"2_refresh_traffic_speed.py","lineno":41}
{"timestamp":"2026-04-15T09:12:24.218539Z","level":"info","event":"[CLEAN DONE] rows=500 | null_speed_band=0 | null_minimum_speed=0 | null_maximum_speed=0","logger":"lta_common","filename":"lta_common.py","lineno":193}
{"timestamp":"2026-04-15T09:12:24.218611Z","level":"info","event":"STEP 5: built cleaned snapshot dataframe rows=500","logger":"unusual_prefix_faea391ec71b1d4b4651510353e4a48d62001c31_2_refresh_traffic_speed","filename":"2_refresh_traffic_speed.py","lineno":44}
{"timestamp":"2026-04-15T09:12:24.218994Z","level":"info","event":"[LATEST PREP] rows=500 | missing_measurement_rows=0","logger":"lta_common","filename":"lta_common.py","lineno":224}
{"timestamp":"2026-04-15T09:12:24.219419Z","level":"info","event":"[UPSERT START] upserting 500 rows into traffic_speed_latest","logger":"lta_common","filename":"lta_common.py","lineno":301}
{"timestamp":"2026-04-15T09:12:24.219576Z","level":"info","event":"[UPSERT DEBUG] max_link_id=12845 | min_link_id=12192 | max_speed_band=7.0 | min_speed_band=1.0 | max_minimum_speed=60 | min_minimum_speed=0 | max_maximum_speed=69 | min_maximum_speed=9","logger":"lta_common","filename":"lta_common.py","lineno":303}
{"timestamp":"2026-04-15T09:12:24.701677Z","level":"info","event":"[UPSERT DONE] upserted=500 rows into traffic_speed_latest","logger":"lta_common","filename":"lta_common.py","lineno":342}
{"timestamp":"2026-04-15T09:12:24.702268Z","level":"info","event":"[SAVE START] inserting 500 rows into traffic_speed_recent","logger":"lta_common","filename":"lta_common.py","lineno":272}
{"timestamp":"2026-04-15T09:12:25.583129Z","level":"info","event":"[SAVE DONE] inserted=500 rows into traffic_speed_recent","logger":"lta_common","filename":"lta_common.py","lineno":290}
{"timestamp":"2026-04-15T09:12:25.583271Z","level":"info","event":"STEP 6: page saved skip=8000 | pages=17 | latest_rows=8500 | recent_rows=8500","logger":"unusual_prefix_faea391ec71b1d4b4651510353e4a48d62001c31_2_refresh_traffic_speed","filename":"2_refresh_traffic_speed.py","lineno":56}
{"timestamp":"2026-04-15T09:12:25.583307Z","level":"info","event":"========== PAGE START ==========","logger":"lta_common","filename":"lta_common.py","lineno":52}
{"timestamp":"2026-04-15T09:12:25.583333Z","level":"info","event":"[FETCH] requesting rows 8500–8999","logger":"lta_common","filename":"lta_common.py","lineno":53}
{"timestamp":"2026-04-15T09:12:25.583373Z","level":"info","event":"Fetching page from LTA: skip=8500","logger":"lta_common","filename":"lta_common.py","lineno":35}
{"timestamp":"2026-04-15T09:12:25.971638Z","level":"info","event":"Retrieved 500 rows from LTA at skip=8500","logger":"lta_common","filename":"lta_common.py","lineno":43}
{"timestamp":"2026-04-15T09:12:25.973054Z","level":"info","event":"[FETCH DONE] retrieved=500 rows at skip=8500","logger":"lta_common","filename":"lta_common.py","lineno":58}
{"timestamp":"2026-04-15T09:12:25.973313Z","level":"info","event":"STEP 4: processing page skip=8500 rows=500","logger":"unusual_prefix_faea391ec71b1d4b4651510353e4a48d62001c31_2_refresh_traffic_speed","filename":"2_refresh_traffic_speed.py","lineno":41}
{"timestamp":"2026-04-15T09:12:25.976880Z","level":"info","event":"[CLEAN DONE] rows=500 | null_speed_band=0 | null_minimum_speed=0 | null_maximum_speed=0","logger":"lta_common","filename":"lta_common.py","lineno":193}
{"timestamp":"2026-04-15T09:12:25.976961Z","level":"info","event":"STEP 5: built cleaned snapshot dataframe rows=500","logger":"unusual_prefix_faea391ec71b1d4b4651510353e4a48d62001c31_2_refresh_traffic_speed","filename":"2_refresh_traffic_speed.py","lineno":44}
{"timestamp":"2026-04-15T09:12:25.977418Z","level":"info","event":"[LATEST PREP] rows=500 | missing_measurement_rows=0","logger":"lta_common","filename":"lta_common.py","lineno":224}
{"timestamp":"2026-04-15T09:12:25.977817Z","level":"info","event":"[UPSERT START] upserting 500 rows into traffic_speed_latest","logger":"lta_common","filename":"lta_common.py","lineno":301}
{"timestamp":"2026-04-15T09:12:25.977977Z","level":"info","event":"[UPSERT DEBUG] max_link_id=13560 | min_link_id=12846 | max_speed_band=7.0 | min_speed_band=1.0 | max_minimum_speed=60 | min_minimum_speed=0 | max_maximum_speed=69 | min_maximum_speed=9","logger":"lta_common","filename":"lta_common.py","lineno":303}
{"timestamp":"2026-04-15T09:12:26.646765Z","level":"info","event":"[UPSERT DONE] upserted=500 rows into traffic_speed_latest","logger":"lta_common","filename":"lta_common.py","lineno":342}
{"timestamp":"2026-04-15T09:12:26.647511Z","level":"info","event":"[SAVE START] inserting 500 rows into traffic_speed_recent","logger":"lta_common","filename":"lta_common.py","lineno":272}
{"timestamp":"2026-04-15T09:12:27.201318Z","level":"info","event":"[SAVE DONE] inserted=500 rows into traffic_speed_recent","logger":"lta_common","filename":"lta_common.py","lineno":290}
{"timestamp":"2026-04-15T09:12:27.202298Z","level":"info","event":"STEP 6: page saved skip=8500 | pages=18 | latest_rows=9000 | recent_rows=9000","logger":"unusual_prefix_faea391ec71b1d4b4651510353e4a48d62001c31_2_refresh_traffic_speed","filename":"2_refresh_traffic_speed.py","lineno":56}
{"timestamp":"2026-04-15T09:12:27.202522Z","level":"info","event":"========== PAGE START ==========","logger":"lta_common","filename":"lta_common.py","lineno":52}
{"timestamp":"2026-04-15T09:12:27.203136Z","level":"info","event":"[FETCH] requesting rows 9000–9499","logger":"lta_common","filename":"lta_common.py","lineno":53}
{"timestamp":"2026-04-15T09:12:27.203508Z","level":"info","event":"Fetching page from LTA: skip=9000","logger":"lta_common","filename":"lta_common.py","lineno":35}
{"timestamp":"2026-04-15T09:12:27.761618Z","level":"info","event":"Retrieved 500 rows from LTA at skip=9000","logger":"lta_common","filename":"lta_common.py","lineno":43}
{"timestamp":"2026-04-15T09:12:27.765918Z","level":"info","event":"[FETCH DONE] retrieved=500 rows at skip=9000","logger":"lta_common","filename":"lta_common.py","lineno":58}
{"timestamp":"2026-04-15T09:12:27.766801Z","level":"info","event":"STEP 4: processing page skip=9000 rows=500","logger":"unusual_prefix_faea391ec71b1d4b4651510353e4a48d62001c31_2_refresh_traffic_speed","filename":"2_refresh_traffic_speed.py","lineno":41}
{"timestamp":"2026-04-15T09:12:27.775209Z","level":"info","event":"[CLEAN DONE] rows=500 | null_speed_band=0 | null_minimum_speed=0 | null_maximum_speed=0","logger":"lta_common","filename":"lta_common.py","lineno":193}
{"timestamp":"2026-04-15T09:12:27.775531Z","level":"info","event":"STEP 5: built cleaned snapshot dataframe rows=500","logger":"unusual_prefix_faea391ec71b1d4b4651510353e4a48d62001c31_2_refresh_traffic_speed","filename":"2_refresh_traffic_speed.py","lineno":44}
{"timestamp":"2026-04-15T09:12:27.776941Z","level":"info","event":"[LATEST PREP] rows=500 | missing_measurement_rows=0","logger":"lta_common","filename":"lta_common.py","lineno":224}
{"timestamp":"2026-04-15T09:12:27.777938Z","level":"info","event":"[UPSERT START] upserting 500 rows into traffic_speed_latest","logger":"lta_common","filename":"lta_common.py","lineno":301}
{"timestamp":"2026-04-15T09:12:27.778419Z","level":"info","event":"[UPSERT DEBUG] max_link_id=14274 | min_link_id=13561 | max_speed_band=7.0 | min_speed_band=1.0 | max_minimum_speed=60 | min_minimum_speed=0 | max_maximum_speed=69 | min_maximum_speed=9","logger":"lta_common","filename":"lta_common.py","lineno":303}
{"timestamp":"2026-04-15T09:12:28.416370Z","level":"info","event":"[UPSERT DONE] upserted=500 rows into traffic_speed_latest","logger":"lta_common","filename":"lta_common.py","lineno":342}
{"timestamp":"2026-04-15T09:12:28.418933Z","level":"info","event":"[SAVE START] inserting 500 rows into traffic_speed_recent","logger":"lta_common","filename":"lta_common.py","lineno":272}
{"timestamp":"2026-04-15T09:12:29.134213Z","level":"info","event":"[SAVE DONE] inserted=500 rows into traffic_speed_recent","logger":"lta_common","filename":"lta_common.py","lineno":290}
{"timestamp":"2026-04-15T09:12:29.134896Z","level":"info","event":"STEP 6: page saved skip=9000 | pages=19 | latest_rows=9500 | recent_rows=9500","logger":"unusual_prefix_faea391ec71b1d4b4651510353e4a48d62001c31_2_refresh_traffic_speed","filename":"2_refresh_traffic_speed.py","lineno":56}
{"timestamp":"2026-04-15T09:12:29.135195Z","level":"info","event":"========== PAGE START ==========","logger":"lta_common","filename":"lta_common.py","lineno":52}
{"timestamp":"2026-04-15T09:12:29.135376Z","level":"info","event":"[FETCH] requesting rows 9500–9999","logger":"lta_common","filename":"lta_common.py","lineno":53}
{"timestamp":"2026-04-15T09:12:29.135553Z","level":"info","event":"Fetching page from LTA: skip=9500","logger":"lta_common","filename":"lta_common.py","lineno":35}
{"timestamp":"2026-04-15T09:12:29.607233Z","level":"info","event":"Retrieved 500 rows from LTA at skip=9500","logger":"lta_common","filename":"lta_common.py","lineno":43}
{"timestamp":"2026-04-15T09:12:29.608261Z","level":"info","event":"[FETCH DONE] retrieved=500 rows at skip=9500","logger":"lta_common","filename":"lta_common.py","lineno":58}
{"timestamp":"2026-04-15T09:12:29.608475Z","level":"info","event":"STEP 4: processing page skip=9500 rows=500","logger":"unusual_prefix_faea391ec71b1d4b4651510353e4a48d62001c31_2_refresh_traffic_speed","filename":"2_refresh_traffic_speed.py","lineno":41}
{"timestamp":"2026-04-15T09:12:29.610737Z","level":"info","event":"[CLEAN DONE] rows=500 | null_speed_band=0 | null_minimum_speed=0 | null_maximum_speed=0","logger":"lta_common","filename":"lta_common.py","lineno":193}
{"timestamp":"2026-04-15T09:12:29.610790Z","level":"info","event":"STEP 5: built cleaned snapshot dataframe rows=500","logger":"unusual_prefix_faea391ec71b1d4b4651510353e4a48d62001c31_2_refresh_traffic_speed","filename":"2_refresh_traffic_speed.py","lineno":44}
{"timestamp":"2026-04-15T09:12:29.611150Z","level":"info","event":"[LATEST PREP] rows=500 | missing_measurement_rows=0","logger":"lta_common","filename":"lta_common.py","lineno":224}
{"timestamp":"2026-04-15T09:12:29.611543Z","level":"info","event":"[UPSERT START] upserting 500 rows into traffic_speed_latest","logger":"lta_common","filename":"lta_common.py","lineno":301}
{"timestamp":"2026-04-15T09:12:29.611679Z","level":"info","event":"[UPSERT DEBUG] max_link_id=14956 | min_link_id=14275 | max_speed_band=7.0 | min_speed_band=1.0 | max_minimum_speed=60 | min_minimum_speed=0 | max_maximum_speed=69 | min_maximum_speed=9","logger":"lta_common","filename":"lta_common.py","lineno":303}
{"timestamp":"2026-04-15T09:12:30.315389Z","level":"info","event":"[UPSERT DONE] upserted=500 rows into traffic_speed_latest","logger":"lta_common","filename":"lta_common.py","lineno":342}
{"timestamp":"2026-04-15T09:12:30.316044Z","level":"info","event":"[SAVE START] inserting 500 rows into traffic_speed_recent","logger":"lta_common","filename":"lta_common.py","lineno":272}
{"timestamp":"2026-04-15T09:12:30.956550Z","level":"info","event":"[SAVE DONE] inserted=500 rows into traffic_speed_recent","logger":"lta_common","filename":"lta_common.py","lineno":290}
{"timestamp":"2026-04-15T09:12:30.957283Z","level":"info","event":"STEP 6: page saved skip=9500 | pages=20 | latest_rows=10000 | recent_rows=10000","logger":"unusual_prefix_faea391ec71b1d4b4651510353e4a48d62001c31_2_refresh_traffic_speed","filename":"2_refresh_traffic_speed.py","lineno":56}
{"timestamp":"2026-04-15T09:12:30.957492Z","level":"info","event":"========== PAGE START ==========","logger":"lta_common","filename":"lta_common.py","lineno":52}
{"timestamp":"2026-04-15T09:12:30.957635Z","level":"info","event":"[FETCH] requesting rows 10000–10499","logger":"lta_common","filename":"lta_common.py","lineno":53}
{"timestamp":"2026-04-15T09:12:30.957800Z","level":"info","event":"Fetching page from LTA: skip=10000","logger":"lta_common","filename":"lta_common.py","lineno":35}
{"timestamp":"2026-04-15T09:12:31.345863Z","level":"info","event":"Retrieved 500 rows from LTA at skip=10000","logger":"lta_common","filename":"lta_common.py","lineno":43}
{"timestamp":"2026-04-15T09:12:31.351159Z","level":"info","event":"[FETCH DONE] retrieved=500 rows at skip=10000","logger":"lta_common","filename":"lta_common.py","lineno":58}
{"timestamp":"2026-04-15T09:12:31.352142Z","level":"info","event":"STEP 4: processing page skip=10000 rows=500","logger":"unusual_prefix_faea391ec71b1d4b4651510353e4a48d62001c31_2_refresh_traffic_speed","filename":"2_refresh_traffic_speed.py","lineno":41}
{"timestamp":"2026-04-15T09:12:31.359578Z","level":"info","event":"[CLEAN DONE] rows=500 | null_speed_band=0 | null_minimum_speed=0 | null_maximum_speed=0","logger":"lta_common","filename":"lta_common.py","lineno":193}
{"timestamp":"2026-04-15T09:12:31.359845Z","level":"info","event":"STEP 5: built cleaned snapshot dataframe rows=500","logger":"unusual_prefix_faea391ec71b1d4b4651510353e4a48d62001c31_2_refresh_traffic_speed","filename":"2_refresh_traffic_speed.py","lineno":44}
{"timestamp":"2026-04-15T09:12:31.361255Z","level":"info","event":"[LATEST PREP] rows=500 | missing_measurement_rows=0","logger":"lta_common","filename":"lta_common.py","lineno":224}
{"timestamp":"2026-04-15T09:12:31.362351Z","level":"info","event":"[UPSERT START] upserting 500 rows into traffic_speed_latest","logger":"lta_common","filename":"lta_common.py","lineno":301}
{"timestamp":"2026-04-15T09:12:31.362765Z","level":"info","event":"[UPSERT DEBUG] max_link_id=15673 | min_link_id=14959 | max_speed_band=6.0 | min_speed_band=1.0 | max_minimum_speed=50 | min_minimum_speed=0 | max_maximum_speed=59 | min_maximum_speed=9","logger":"lta_common","filename":"lta_common.py","lineno":303}
{"timestamp":"2026-04-15T09:12:32.114816Z","level":"info","event":"[UPSERT DONE] upserted=500 rows into traffic_speed_latest","logger":"lta_common","filename":"lta_common.py","lineno":342}
{"timestamp":"2026-04-15T09:12:32.115438Z","level":"info","event":"[SAVE START] inserting 500 rows into traffic_speed_recent","logger":"lta_common","filename":"lta_common.py","lineno":272}
{"timestamp":"2026-04-15T09:12:32.728186Z","level":"info","event":"[SAVE DONE] inserted=500 rows into traffic_speed_recent","logger":"lta_common","filename":"lta_common.py","lineno":290}
{"timestamp":"2026-04-15T09:12:32.728490Z","level":"info","event":"STEP 6: page saved skip=10000 | pages=21 | latest_rows=10500 | recent_rows=10500","logger":"unusual_prefix_faea391ec71b1d4b4651510353e4a48d62001c31_2_refresh_traffic_speed","filename":"2_refresh_traffic_speed.py","lineno":56}
{"timestamp":"2026-04-15T09:12:32.728652Z","level":"info","event":"========== PAGE START ==========","logger":"lta_common","filename":"lta_common.py","lineno":52}
{"timestamp":"2026-04-15T09:12:32.728698Z","level":"info","event":"[FETCH] requesting rows 10500–10999","logger":"lta_common","filename":"lta_common.py","lineno":53}
{"timestamp":"2026-04-15T09:12:32.728740Z","level":"info","event":"Fetching page from LTA: skip=10500","logger":"lta_common","filename":"lta_common.py","lineno":35}
{"timestamp":"2026-04-15T09:12:33.073689Z","level":"info","event":"Retrieved 500 rows from LTA at skip=10500","logger":"lta_common","filename":"lta_common.py","lineno":43}
{"timestamp":"2026-04-15T09:12:33.081276Z","level":"info","event":"[FETCH DONE] retrieved=500 rows at skip=10500","logger":"lta_common","filename":"lta_common.py","lineno":58}
{"timestamp":"2026-04-15T09:12:33.081597Z","level":"info","event":"STEP 4: processing page skip=10500 rows=500","logger":"unusual_prefix_faea391ec71b1d4b4651510353e4a48d62001c31_2_refresh_traffic_speed","filename":"2_refresh_traffic_speed.py","lineno":41}
{"timestamp":"2026-04-15T09:12:33.084865Z","level":"info","event":"[CLEAN DONE] rows=500 | null_speed_band=0 | null_minimum_speed=0 | null_maximum_speed=0","logger":"lta_common","filename":"lta_common.py","lineno":193}
{"timestamp":"2026-04-15T09:12:33.084963Z","level":"info","event":"STEP 5: built cleaned snapshot dataframe rows=500","logger":"unusual_prefix_faea391ec71b1d4b4651510353e4a48d62001c31_2_refresh_traffic_speed","filename":"2_refresh_traffic_speed.py","lineno":44}
{"timestamp":"2026-04-15T09:12:33.085396Z","level":"info","event":"[LATEST PREP] rows=500 | missing_measurement_rows=0","logger":"lta_common","filename":"lta_common.py","lineno":224}
{"timestamp":"2026-04-15T09:12:33.085805Z","level":"info","event":"[UPSERT START] upserting 500 rows into traffic_speed_latest","logger":"lta_common","filename":"lta_common.py","lineno":301}
{"timestamp":"2026-04-15T09:12:33.085958Z","level":"info","event":"[UPSERT DEBUG] max_link_id=16309 | min_link_id=15675 | max_speed_band=7.0 | min_speed_band=1.0 | max_minimum_speed=60 | min_minimum_speed=0 | max_maximum_speed=69 | min_maximum_speed=9","logger":"lta_common","filename":"lta_common.py","lineno":303}
{"timestamp":"2026-04-15T09:12:33.675181Z","level":"info","event":"[UPSERT DONE] upserted=500 rows into traffic_speed_latest","logger":"lta_common","filename":"lta_common.py","lineno":342}
{"timestamp":"2026-04-15T09:12:33.675895Z","level":"info","event":"[SAVE START] inserting 500 rows into traffic_speed_recent","logger":"lta_common","filename":"lta_common.py","lineno":272}
{"timestamp":"2026-04-15T09:12:34.126646Z","level":"info","event":"[SAVE DONE] inserted=500 rows into traffic_speed_recent","logger":"lta_common","filename":"lta_common.py","lineno":290}
{"timestamp":"2026-04-15T09:12:34.126767Z","level":"info","event":"STEP 6: page saved skip=10500 | pages=22 | latest_rows=11000 | recent_rows=11000","logger":"unusual_prefix_faea391ec71b1d4b4651510353e4a48d62001c31_2_refresh_traffic_speed","filename":"2_refresh_traffic_speed.py","lineno":56}
{"timestamp":"2026-04-15T09:12:34.126800Z","level":"info","event":"========== PAGE START ==========","logger":"lta_common","filename":"lta_common.py","lineno":52}
{"timestamp":"2026-04-15T09:12:34.126822Z","level":"info","event":"[FETCH] requesting rows 11000–11499","logger":"lta_common","filename":"lta_common.py","lineno":53}
{"timestamp":"2026-04-15T09:12:34.126849Z","level":"info","event":"Fetching page from LTA: skip=11000","logger":"lta_common","filename":"lta_common.py","lineno":35}
{"timestamp":"2026-04-15T09:12:34.548893Z","level":"info","event":"Retrieved 500 rows from LTA at skip=11000","logger":"lta_common","filename":"lta_common.py","lineno":43}
{"timestamp":"2026-04-15T09:12:34.550060Z","level":"info","event":"[FETCH DONE] retrieved=500 rows at skip=11000","logger":"lta_common","filename":"lta_common.py","lineno":58}
{"timestamp":"2026-04-15T09:12:34.550289Z","level":"info","event":"STEP 4: processing page skip=11000 rows=500","logger":"unusual_prefix_faea391ec71b1d4b4651510353e4a48d62001c31_2_refresh_traffic_speed","filename":"2_refresh_traffic_speed.py","lineno":41}
{"timestamp":"2026-04-15T09:12:34.552792Z","level":"info","event":"[CLEAN DONE] rows=500 | null_speed_band=0 | null_minimum_speed=0 | null_maximum_speed=0","logger":"lta_common","filename":"lta_common.py","lineno":193}
{"timestamp":"2026-04-15T09:12:34.552854Z","level":"info","event":"STEP 5: built cleaned snapshot dataframe rows=500","logger":"unusual_prefix_faea391ec71b1d4b4651510353e4a48d62001c31_2_refresh_traffic_speed","filename":"2_refresh_traffic_speed.py","lineno":44}
{"timestamp":"2026-04-15T09:12:34.553228Z","level":"info","event":"[LATEST PREP] rows=500 | missing_measurement_rows=0","logger":"lta_common","filename":"lta_common.py","lineno":224}
{"timestamp":"2026-04-15T09:12:34.553647Z","level":"info","event":"[UPSERT START] upserting 500 rows into traffic_speed_latest","logger":"lta_common","filename":"lta_common.py","lineno":301}
{"timestamp":"2026-04-15T09:12:34.553813Z","level":"info","event":"[UPSERT DEBUG] max_link_id=17103 | min_link_id=16310 | max_speed_band=7.0 | min_speed_band=1.0 | max_minimum_speed=60 | min_minimum_speed=0 | max_maximum_speed=69 | min_maximum_speed=9","logger":"lta_common","filename":"lta_common.py","lineno":303}
{"timestamp":"2026-04-15T09:12:35.176846Z","level":"info","event":"[UPSERT DONE] upserted=500 rows into traffic_speed_latest","logger":"lta_common","filename":"lta_common.py","lineno":342}
{"timestamp":"2026-04-15T09:12:35.177582Z","level":"info","event":"[SAVE START] inserting 500 rows into traffic_speed_recent","logger":"lta_common","filename":"lta_common.py","lineno":272}
{"timestamp":"2026-04-15T09:12:36.004524Z","level":"info","event":"[SAVE DONE] inserted=500 rows into traffic_speed_recent","logger":"lta_common","filename":"lta_common.py","lineno":290}
{"timestamp":"2026-04-15T09:12:36.004967Z","level":"info","event":"STEP 6: page saved skip=11000 | pages=23 | latest_rows=11500 | recent_rows=11500","logger":"unusual_prefix_faea391ec71b1d4b4651510353e4a48d62001c31_2_refresh_traffic_speed","filename":"2_refresh_traffic_speed.py","lineno":56}
{"timestamp":"2026-04-15T09:12:36.005153Z","level":"info","event":"========== PAGE START ==========","logger":"lta_common","filename":"lta_common.py","lineno":52}
{"timestamp":"2026-04-15T09:12:36.005272Z","level":"info","event":"[FETCH] requesting rows 11500–11999","logger":"lta_common","filename":"lta_common.py","lineno":53}
{"timestamp":"2026-04-15T09:12:36.005376Z","level":"info","event":"Fetching page from LTA: skip=11500","logger":"lta_common","filename":"lta_common.py","lineno":35}
{"timestamp":"2026-04-15T09:12:36.423267Z","level":"info","event":"Retrieved 500 rows from LTA at skip=11500","logger":"lta_common","filename":"lta_common.py","lineno":43}
{"timestamp":"2026-04-15T09:12:36.429840Z","level":"info","event":"[FETCH DONE] retrieved=500 rows at skip=11500","logger":"lta_common","filename":"lta_common.py","lineno":58}
{"timestamp":"2026-04-15T09:12:36.430508Z","level":"info","event":"STEP 4: processing page skip=11500 rows=500","logger":"unusual_prefix_faea391ec71b1d4b4651510353e4a48d62001c31_2_refresh_traffic_speed","filename":"2_refresh_traffic_speed.py","lineno":41}
{"timestamp":"2026-04-15T09:12:36.439282Z","level":"info","event":"[CLEAN DONE] rows=500 | null_speed_band=0 | null_minimum_speed=0 | null_maximum_speed=0","logger":"lta_common","filename":"lta_common.py","lineno":193}
{"timestamp":"2026-04-15T09:12:36.439504Z","level":"info","event":"STEP 5: built cleaned snapshot dataframe rows=500","logger":"unusual_prefix_faea391ec71b1d4b4651510353e4a48d62001c31_2_refresh_traffic_speed","filename":"2_refresh_traffic_speed.py","lineno":44}
{"timestamp":"2026-04-15T09:12:36.440631Z","level":"info","event":"[LATEST PREP] rows=500 | missing_measurement_rows=0","logger":"lta_common","filename":"lta_common.py","lineno":224}
{"timestamp":"2026-04-15T09:12:36.441729Z","level":"info","event":"[UPSERT START] upserting 500 rows into traffic_speed_latest","logger":"lta_common","filename":"lta_common.py","lineno":301}
{"timestamp":"2026-04-15T09:12:36.442235Z","level":"info","event":"[UPSERT DEBUG] max_link_id=18105 | min_link_id=17132 | max_speed_band=8.0 | min_speed_band=1.0 | max_minimum_speed=70 | min_minimum_speed=0 | max_maximum_speed=999 | min_maximum_speed=9","logger":"lta_common","filename":"lta_common.py","lineno":303}
{"timestamp":"2026-04-15T09:12:37.012635Z","level":"info","event":"[UPSERT DONE] upserted=500 rows into traffic_speed_latest","logger":"lta_common","filename":"lta_common.py","lineno":342}
{"timestamp":"2026-04-15T09:12:37.014701Z","level":"info","event":"[SAVE START] inserting 500 rows into traffic_speed_recent","logger":"lta_common","filename":"lta_common.py","lineno":272}
{"timestamp":"2026-04-15T09:12:37.851629Z","level":"info","event":"[SAVE DONE] inserted=500 rows into traffic_speed_recent","logger":"lta_common","filename":"lta_common.py","lineno":290}
{"timestamp":"2026-04-15T09:12:37.852164Z","level":"info","event":"STEP 6: page saved skip=11500 | pages=24 | latest_rows=12000 | recent_rows=12000","logger":"unusual_prefix_faea391ec71b1d4b4651510353e4a48d62001c31_2_refresh_traffic_speed","filename":"2_refresh_traffic_speed.py","lineno":56}
{"timestamp":"2026-04-15T09:12:37.852327Z","level":"info","event":"========== PAGE START ==========","logger":"lta_common","filename":"lta_common.py","lineno":52}
{"timestamp":"2026-04-15T09:12:37.852416Z","level":"info","event":"[FETCH] requesting rows 12000–12499","logger":"lta_common","filename":"lta_common.py","lineno":53}
{"timestamp":"2026-04-15T09:12:37.852519Z","level":"info","event":"Fetching page from LTA: skip=12000","logger":"lta_common","filename":"lta_common.py","lineno":35}
{"timestamp":"2026-04-15T09:12:38.218076Z","level":"info","event":"Retrieved 500 rows from LTA at skip=12000","logger":"lta_common","filename":"lta_common.py","lineno":43}
{"timestamp":"2026-04-15T09:12:38.219276Z","level":"info","event":"[FETCH DONE] retrieved=500 rows at skip=12000","logger":"lta_common","filename":"lta_common.py","lineno":58}
{"timestamp":"2026-04-15T09:12:38.219501Z","level":"info","event":"STEP 4: processing page skip=12000 rows=500","logger":"unusual_prefix_faea391ec71b1d4b4651510353e4a48d62001c31_2_refresh_traffic_speed","filename":"2_refresh_traffic_speed.py","lineno":41}
{"timestamp":"2026-04-15T09:12:38.221933Z","level":"info","event":"[CLEAN DONE] rows=500 | null_speed_band=0 | null_minimum_speed=0 | null_maximum_speed=0","logger":"lta_common","filename":"lta_common.py","lineno":193}
{"timestamp":"2026-04-15T09:12:38.222000Z","level":"info","event":"STEP 5: built cleaned snapshot dataframe rows=500","logger":"unusual_prefix_faea391ec71b1d4b4651510353e4a48d62001c31_2_refresh_traffic_speed","filename":"2_refresh_traffic_speed.py","lineno":44}
{"timestamp":"2026-04-15T09:12:38.222376Z","level":"info","event":"[LATEST PREP] rows=500 | missing_measurement_rows=0","logger":"lta_common","filename":"lta_common.py","lineno":224}
{"timestamp":"2026-04-15T09:12:38.222761Z","level":"info","event":"[UPSERT START] upserting 500 rows into traffic_speed_latest","logger":"lta_common","filename":"lta_common.py","lineno":301}
{"timestamp":"2026-04-15T09:12:38.222907Z","level":"info","event":"[UPSERT DEBUG] max_link_id=18947 | min_link_id=18108 | max_speed_band=6.0 | min_speed_band=1.0 | max_minimum_speed=50 | min_minimum_speed=0 | max_maximum_speed=59 | min_maximum_speed=9","logger":"lta_common","filename":"lta_common.py","lineno":303}
{"timestamp":"2026-04-15T09:12:38.601777Z","level":"info","event":"[UPSERT DONE] upserted=500 rows into traffic_speed_latest","logger":"lta_common","filename":"lta_common.py","lineno":342}
{"timestamp":"2026-04-15T09:12:38.602385Z","level":"info","event":"[SAVE START] inserting 500 rows into traffic_speed_recent","logger":"lta_common","filename":"lta_common.py","lineno":272}
{"timestamp":"2026-04-15T09:12:39.001673Z","level":"info","event":"[SAVE DONE] inserted=500 rows into traffic_speed_recent","logger":"lta_common","filename":"lta_common.py","lineno":290}
{"timestamp":"2026-04-15T09:12:39.001788Z","level":"info","event":"STEP 6: page saved skip=12000 | pages=25 | latest_rows=12500 | recent_rows=12500","logger":"unusual_prefix_faea391ec71b1d4b4651510353e4a48d62001c31_2_refresh_traffic_speed","filename":"2_refresh_traffic_speed.py","lineno":56}
{"timestamp":"2026-04-15T09:12:39.001819Z","level":"info","event":"========== PAGE START ==========","logger":"lta_common","filename":"lta_common.py","lineno":52}
{"timestamp":"2026-04-15T09:12:39.001841Z","level":"info","event":"[FETCH] requesting rows 12500–12999","logger":"lta_common","filename":"lta_common.py","lineno":53}
{"timestamp":"2026-04-15T09:12:39.001870Z","level":"info","event":"Fetching page from LTA: skip=12500","logger":"lta_common","filename":"lta_common.py","lineno":35}
{"timestamp":"2026-04-15T09:12:39.350385Z","level":"info","event":"Retrieved 500 rows from LTA at skip=12500","logger":"lta_common","filename":"lta_common.py","lineno":43}
{"timestamp":"2026-04-15T09:12:39.351581Z","level":"info","event":"[FETCH DONE] retrieved=500 rows at skip=12500","logger":"lta_common","filename":"lta_common.py","lineno":58}
{"timestamp":"2026-04-15T09:12:39.351791Z","level":"info","event":"STEP 4: processing page skip=12500 rows=500","logger":"unusual_prefix_faea391ec71b1d4b4651510353e4a48d62001c31_2_refresh_traffic_speed","filename":"2_refresh_traffic_speed.py","lineno":41}
{"timestamp":"2026-04-15T09:12:39.354019Z","level":"info","event":"[CLEAN DONE] rows=500 | null_speed_band=0 | null_minimum_speed=0 | null_maximum_speed=0","logger":"lta_common","filename":"lta_common.py","lineno":193}
{"timestamp":"2026-04-15T09:12:39.354073Z","level":"info","event":"STEP 5: built cleaned snapshot dataframe rows=500","logger":"unusual_prefix_faea391ec71b1d4b4651510353e4a48d62001c31_2_refresh_traffic_speed","filename":"2_refresh_traffic_speed.py","lineno":44}
{"timestamp":"2026-04-15T09:12:39.354400Z","level":"info","event":"[LATEST PREP] rows=500 | missing_measurement_rows=0","logger":"lta_common","filename":"lta_common.py","lineno":224}
{"timestamp":"2026-04-15T09:12:39.354790Z","level":"info","event":"[UPSERT START] upserting 500 rows into traffic_speed_latest","logger":"lta_common","filename":"lta_common.py","lineno":301}
{"timestamp":"2026-04-15T09:12:39.354921Z","level":"info","event":"[UPSERT DEBUG] max_link_id=19645 | min_link_id=18949 | max_speed_band=6.0 | min_speed_band=1.0 | max_minimum_speed=50 | min_minimum_speed=0 | max_maximum_speed=59 | min_maximum_speed=9","logger":"lta_common","filename":"lta_common.py","lineno":303}
{"timestamp":"2026-04-15T09:12:39.846354Z","level":"info","event":"[UPSERT DONE] upserted=500 rows into traffic_speed_latest","logger":"lta_common","filename":"lta_common.py","lineno":342}
{"timestamp":"2026-04-15T09:12:39.847222Z","level":"info","event":"[SAVE START] inserting 500 rows into traffic_speed_recent","logger":"lta_common","filename":"lta_common.py","lineno":272}
{"timestamp":"2026-04-15T09:12:40.592239Z","level":"info","event":"[SAVE DONE] inserted=500 rows into traffic_speed_recent","logger":"lta_common","filename":"lta_common.py","lineno":290}
{"timestamp":"2026-04-15T09:12:40.593514Z","level":"info","event":"STEP 6: page saved skip=12500 | pages=26 | latest_rows=13000 | recent_rows=13000","logger":"unusual_prefix_faea391ec71b1d4b4651510353e4a48d62001c31_2_refresh_traffic_speed","filename":"2_refresh_traffic_speed.py","lineno":56}
{"timestamp":"2026-04-15T09:12:40.593768Z","level":"info","event":"========== PAGE START ==========","logger":"lta_common","filename":"lta_common.py","lineno":52}
{"timestamp":"2026-04-15T09:12:40.593961Z","level":"info","event":"[FETCH] requesting rows 13000–13499","logger":"lta_common","filename":"lta_common.py","lineno":53}
{"timestamp":"2026-04-15T09:12:40.594216Z","level":"info","event":"Fetching page from LTA: skip=13000","logger":"lta_common","filename":"lta_common.py","lineno":35}
{"timestamp":"2026-04-15T09:12:41.049998Z","level":"info","event":"Retrieved 500 rows from LTA at skip=13000","logger":"lta_common","filename":"lta_common.py","lineno":43}
{"timestamp":"2026-04-15T09:12:41.063766Z","level":"info","event":"[FETCH DONE] retrieved=500 rows at skip=13000","logger":"lta_common","filename":"lta_common.py","lineno":58}
{"timestamp":"2026-04-15T09:12:41.067120Z","level":"info","event":"STEP 4: processing page skip=13000 rows=500","logger":"unusual_prefix_faea391ec71b1d4b4651510353e4a48d62001c31_2_refresh_traffic_speed","filename":"2_refresh_traffic_speed.py","lineno":41}
{"timestamp":"2026-04-15T09:12:41.074456Z","level":"info","event":"[CLEAN DONE] rows=500 | null_speed_band=0 | null_minimum_speed=0 | null_maximum_speed=0","logger":"lta_common","filename":"lta_common.py","lineno":193}
{"timestamp":"2026-04-15T09:12:41.074655Z","level":"info","event":"STEP 5: built cleaned snapshot dataframe rows=500","logger":"unusual_prefix_faea391ec71b1d4b4651510353e4a48d62001c31_2_refresh_traffic_speed","filename":"2_refresh_traffic_speed.py","lineno":44}
{"timestamp":"2026-04-15T09:12:41.075490Z","level":"info","event":"[LATEST PREP] rows=500 | missing_measurement_rows=0","logger":"lta_common","filename":"lta_common.py","lineno":224}
{"timestamp":"2026-04-15T09:12:41.076392Z","level":"info","event":"[UPSERT START] upserting 500 rows into traffic_speed_latest","logger":"lta_common","filename":"lta_common.py","lineno":301}
{"timestamp":"2026-04-15T09:12:41.076717Z","level":"info","event":"[UPSERT DEBUG] max_link_id=20346 | min_link_id=19646 | max_speed_band=6.0 | min_speed_band=1.0 | max_minimum_speed=50 | min_minimum_speed=0 | max_maximum_speed=59 | min_maximum_speed=9","logger":"lta_common","filename":"lta_common.py","lineno":303}
{"timestamp":"2026-04-15T09:12:41.512762Z","level":"info","event":"[UPSERT DONE] upserted=500 rows into traffic_speed_latest","logger":"lta_common","filename":"lta_common.py","lineno":342}
{"timestamp":"2026-04-15T09:12:41.514480Z","level":"info","event":"[SAVE START] inserting 500 rows into traffic_speed_recent","logger":"lta_common","filename":"lta_common.py","lineno":272}
{"timestamp":"2026-04-15T09:12:41.895467Z","level":"info","event":"[SAVE DONE] inserted=500 rows into traffic_speed_recent","logger":"lta_common","filename":"lta_common.py","lineno":290}
{"timestamp":"2026-04-15T09:12:41.896378Z","level":"info","event":"STEP 6: page saved skip=13000 | pages=27 | latest_rows=13500 | recent_rows=13500","logger":"unusual_prefix_faea391ec71b1d4b4651510353e4a48d62001c31_2_refresh_traffic_speed","filename":"2_refresh_traffic_speed.py","lineno":56}
{"timestamp":"2026-04-15T09:12:41.896629Z","level":"info","event":"========== PAGE START ==========","logger":"lta_common","filename":"lta_common.py","lineno":52}
{"timestamp":"2026-04-15T09:12:41.896793Z","level":"info","event":"[FETCH] requesting rows 13500–13999","logger":"lta_common","filename":"lta_common.py","lineno":53}
{"timestamp":"2026-04-15T09:12:41.896987Z","level":"info","event":"Fetching page from LTA: skip=13500","logger":"lta_common","filename":"lta_common.py","lineno":35}
{"timestamp":"2026-04-15T09:12:42.284848Z","level":"info","event":"Retrieved 500 rows from LTA at skip=13500","logger":"lta_common","filename":"lta_common.py","lineno":43}
{"timestamp":"2026-04-15T09:12:42.289440Z","level":"info","event":"[FETCH DONE] retrieved=500 rows at skip=13500","logger":"lta_common","filename":"lta_common.py","lineno":58}
{"timestamp":"2026-04-15T09:12:42.290316Z","level":"info","event":"STEP 4: processing page skip=13500 rows=500","logger":"unusual_prefix_faea391ec71b1d4b4651510353e4a48d62001c31_2_refresh_traffic_speed","filename":"2_refresh_traffic_speed.py","lineno":41}
{"timestamp":"2026-04-15T09:12:42.297185Z","level":"info","event":"[CLEAN DONE] rows=500 | null_speed_band=0 | null_minimum_speed=0 | null_maximum_speed=0","logger":"lta_common","filename":"lta_common.py","lineno":193}
{"timestamp":"2026-04-15T09:12:42.297370Z","level":"info","event":"STEP 5: built cleaned snapshot dataframe rows=500","logger":"unusual_prefix_faea391ec71b1d4b4651510353e4a48d62001c31_2_refresh_traffic_speed","filename":"2_refresh_traffic_speed.py","lineno":44}
{"timestamp":"2026-04-15T09:12:42.298291Z","level":"info","event":"[LATEST PREP] rows=500 | missing_measurement_rows=0","logger":"lta_common","filename":"lta_common.py","lineno":224}
{"timestamp":"2026-04-15T09:12:42.299199Z","level":"info","event":"[UPSERT START] upserting 500 rows into traffic_speed_latest","logger":"lta_common","filename":"lta_common.py","lineno":301}
{"timestamp":"2026-04-15T09:12:42.299487Z","level":"info","event":"[UPSERT DEBUG] max_link_id=21172 | min_link_id=20349 | max_speed_band=7.0 | min_speed_band=1.0 | max_minimum_speed=60 | min_minimum_speed=0 | max_maximum_speed=69 | min_maximum_speed=9","logger":"lta_common","filename":"lta_common.py","lineno":303}
{"timestamp":"2026-04-15T09:12:42.714685Z","level":"info","event":"[UPSERT DONE] upserted=500 rows into traffic_speed_latest","logger":"lta_common","filename":"lta_common.py","lineno":342}
{"timestamp":"2026-04-15T09:12:42.715274Z","level":"info","event":"[SAVE START] inserting 500 rows into traffic_speed_recent","logger":"lta_common","filename":"lta_common.py","lineno":272}
{"timestamp":"2026-04-15T09:12:43.125450Z","level":"info","event":"[SAVE DONE] inserted=500 rows into traffic_speed_recent","logger":"lta_common","filename":"lta_common.py","lineno":290}
{"timestamp":"2026-04-15T09:12:43.125574Z","level":"info","event":"STEP 6: page saved skip=13500 | pages=28 | latest_rows=14000 | recent_rows=14000","logger":"unusual_prefix_faea391ec71b1d4b4651510353e4a48d62001c31_2_refresh_traffic_speed","filename":"2_refresh_traffic_speed.py","lineno":56}
{"timestamp":"2026-04-15T09:12:43.125607Z","level":"info","event":"========== PAGE START ==========","logger":"lta_common","filename":"lta_common.py","lineno":52}
{"timestamp":"2026-04-15T09:12:43.125630Z","level":"info","event":"[FETCH] requesting rows 14000–14499","logger":"lta_common","filename":"lta_common.py","lineno":53}
{"timestamp":"2026-04-15T09:12:43.125659Z","level":"info","event":"Fetching page from LTA: skip=14000","logger":"lta_common","filename":"lta_common.py","lineno":35}
{"timestamp":"2026-04-15T09:12:43.483677Z","level":"info","event":"Retrieved 500 rows from LTA at skip=14000","logger":"lta_common","filename":"lta_common.py","lineno":43}
{"timestamp":"2026-04-15T09:12:43.484861Z","level":"info","event":"[FETCH DONE] retrieved=500 rows at skip=14000","logger":"lta_common","filename":"lta_common.py","lineno":58}
{"timestamp":"2026-04-15T09:12:43.485082Z","level":"info","event":"STEP 4: processing page skip=14000 rows=500","logger":"unusual_prefix_faea391ec71b1d4b4651510353e4a48d62001c31_2_refresh_traffic_speed","filename":"2_refresh_traffic_speed.py","lineno":41}
{"timestamp":"2026-04-15T09:12:43.487440Z","level":"info","event":"[CLEAN DONE] rows=500 | null_speed_band=0 | null_minimum_speed=0 | null_maximum_speed=0","logger":"lta_common","filename":"lta_common.py","lineno":193}
{"timestamp":"2026-04-15T09:12:43.487500Z","level":"info","event":"STEP 5: built cleaned snapshot dataframe rows=500","logger":"unusual_prefix_faea391ec71b1d4b4651510353e4a48d62001c31_2_refresh_traffic_speed","filename":"2_refresh_traffic_speed.py","lineno":44}
{"timestamp":"2026-04-15T09:12:43.487864Z","level":"info","event":"[LATEST PREP] rows=500 | missing_measurement_rows=0","logger":"lta_common","filename":"lta_common.py","lineno":224}
{"timestamp":"2026-04-15T09:12:43.488266Z","level":"info","event":"[UPSERT START] upserting 500 rows into traffic_speed_latest","logger":"lta_common","filename":"lta_common.py","lineno":301}
{"timestamp":"2026-04-15T09:12:43.488417Z","level":"info","event":"[UPSERT DEBUG] max_link_id=21949 | min_link_id=21177 | max_speed_band=8.0 | min_speed_band=1.0 | max_minimum_speed=70 | min_minimum_speed=0 | max_maximum_speed=999 | min_maximum_speed=9","logger":"lta_common","filename":"lta_common.py","lineno":303}
{"timestamp":"2026-04-15T09:12:43.948153Z","level":"info","event":"[UPSERT DONE] upserted=500 rows into traffic_speed_latest","logger":"lta_common","filename":"lta_common.py","lineno":342}
{"timestamp":"2026-04-15T09:12:43.948735Z","level":"info","event":"[SAVE START] inserting 500 rows into traffic_speed_recent","logger":"lta_common","filename":"lta_common.py","lineno":272}
{"timestamp":"2026-04-15T09:12:44.354723Z","level":"info","event":"[SAVE DONE] inserted=500 rows into traffic_speed_recent","logger":"lta_common","filename":"lta_common.py","lineno":290}
{"timestamp":"2026-04-15T09:12:44.355386Z","level":"info","event":"STEP 6: page saved skip=14000 | pages=29 | latest_rows=14500 | recent_rows=14500","logger":"unusual_prefix_faea391ec71b1d4b4651510353e4a48d62001c31_2_refresh_traffic_speed","filename":"2_refresh_traffic_speed.py","lineno":56}
{"timestamp":"2026-04-15T09:12:44.355596Z","level":"info","event":"========== PAGE START ==========","logger":"lta_common","filename":"lta_common.py","lineno":52}
{"timestamp":"2026-04-15T09:12:44.355740Z","level":"info","event":"[FETCH] requesting rows 14500–14999","logger":"lta_common","filename":"lta_common.py","lineno":53}
{"timestamp":"2026-04-15T09:12:44.355945Z","level":"info","event":"Fetching page from LTA: skip=14500","logger":"lta_common","filename":"lta_common.py","lineno":35}
{"timestamp":"2026-04-15T09:12:44.803140Z","level":"info","event":"Retrieved 500 rows from LTA at skip=14500","logger":"lta_common","filename":"lta_common.py","lineno":43}
{"timestamp":"2026-04-15T09:12:44.807865Z","level":"info","event":"[FETCH DONE] retrieved=500 rows at skip=14500","logger":"lta_common","filename":"lta_common.py","lineno":58}
{"timestamp":"2026-04-15T09:12:44.808728Z","level":"info","event":"STEP 4: processing page skip=14500 rows=500","logger":"unusual_prefix_faea391ec71b1d4b4651510353e4a48d62001c31_2_refresh_traffic_speed","filename":"2_refresh_traffic_speed.py","lineno":41}
{"timestamp":"2026-04-15T09:12:44.815794Z","level":"info","event":"[CLEAN DONE] rows=500 | null_speed_band=0 | null_minimum_speed=0 | null_maximum_speed=0","logger":"lta_common","filename":"lta_common.py","lineno":193}
{"timestamp":"2026-04-15T09:12:44.816027Z","level":"info","event":"STEP 5: built cleaned snapshot dataframe rows=500","logger":"unusual_prefix_faea391ec71b1d4b4651510353e4a48d62001c31_2_refresh_traffic_speed","filename":"2_refresh_traffic_speed.py","lineno":44}
{"timestamp":"2026-04-15T09:12:44.817152Z","level":"info","event":"[LATEST PREP] rows=500 | missing_measurement_rows=0","logger":"lta_common","filename":"lta_common.py","lineno":224}
{"timestamp":"2026-04-15T09:12:44.818206Z","level":"info","event":"[UPSERT START] upserting 500 rows into traffic_speed_latest","logger":"lta_common","filename":"lta_common.py","lineno":301}
{"timestamp":"2026-04-15T09:12:44.818591Z","level":"info","event":"[UPSERT DEBUG] max_link_id=22602 | min_link_id=21950 | max_speed_band=8.0 | min_speed_band=1.0 | max_minimum_speed=70 | min_minimum_speed=0 | max_maximum_speed=999 | min_maximum_speed=9","logger":"lta_common","filename":"lta_common.py","lineno":303}
{"timestamp":"2026-04-15T09:12:45.277236Z","level":"info","event":"[UPSERT DONE] upserted=500 rows into traffic_speed_latest","logger":"lta_common","filename":"lta_common.py","lineno":342}
{"timestamp":"2026-04-15T09:12:45.277926Z","level":"info","event":"[SAVE START] inserting 500 rows into traffic_speed_recent","logger":"lta_common","filename":"lta_common.py","lineno":272}
{"timestamp":"2026-04-15T09:12:45.749740Z","level":"info","event":"[SAVE DONE] inserted=500 rows into traffic_speed_recent","logger":"lta_common","filename":"lta_common.py","lineno":290}
{"timestamp":"2026-04-15T09:12:45.749863Z","level":"info","event":"STEP 6: page saved skip=14500 | pages=30 | latest_rows=15000 | recent_rows=15000","logger":"unusual_prefix_faea391ec71b1d4b4651510353e4a48d62001c31_2_refresh_traffic_speed","filename":"2_refresh_traffic_speed.py","lineno":56}
{"timestamp":"2026-04-15T09:12:45.749893Z","level":"info","event":"========== PAGE START ==========","logger":"lta_common","filename":"lta_common.py","lineno":52}
{"timestamp":"2026-04-15T09:12:45.749915Z","level":"info","event":"[FETCH] requesting rows 15000–15499","logger":"lta_common","filename":"lta_common.py","lineno":53}
{"timestamp":"2026-04-15T09:12:45.749942Z","level":"info","event":"Fetching page from LTA: skip=15000","logger":"lta_common","filename":"lta_common.py","lineno":35}
{"timestamp":"2026-04-15T09:12:46.213210Z","level":"info","event":"Retrieved 500 rows from LTA at skip=15000","logger":"lta_common","filename":"lta_common.py","lineno":43}
{"timestamp":"2026-04-15T09:12:46.214521Z","level":"info","event":"[FETCH DONE] retrieved=500 rows at skip=15000","logger":"lta_common","filename":"lta_common.py","lineno":58}
{"timestamp":"2026-04-15T09:12:46.214787Z","level":"info","event":"STEP 4: processing page skip=15000 rows=500","logger":"unusual_prefix_faea391ec71b1d4b4651510353e4a48d62001c31_2_refresh_traffic_speed","filename":"2_refresh_traffic_speed.py","lineno":41}
{"timestamp":"2026-04-15T09:12:46.217117Z","level":"info","event":"[CLEAN DONE] rows=500 | null_speed_band=0 | null_minimum_speed=0 | null_maximum_speed=0","logger":"lta_common","filename":"lta_common.py","lineno":193}
{"timestamp":"2026-04-15T09:12:46.217184Z","level":"info","event":"STEP 5: built cleaned snapshot dataframe rows=500","logger":"unusual_prefix_faea391ec71b1d4b4651510353e4a48d62001c31_2_refresh_traffic_speed","filename":"2_refresh_traffic_speed.py","lineno":44}
{"timestamp":"2026-04-15T09:12:46.217537Z","level":"info","event":"[LATEST PREP] rows=500 | missing_measurement_rows=0","logger":"lta_common","filename":"lta_common.py","lineno":224}
{"timestamp":"2026-04-15T09:12:46.217926Z","level":"info","event":"[UPSERT START] upserting 500 rows into traffic_speed_latest","logger":"lta_common","filename":"lta_common.py","lineno":301}
{"timestamp":"2026-04-15T09:12:46.218071Z","level":"info","event":"[UPSERT DEBUG] max_link_id=23518 | min_link_id=22603 | max_speed_band=8.0 | min_speed_band=1.0 | max_minimum_speed=70 | min_minimum_speed=0 | max_maximum_speed=999 | min_maximum_speed=9","logger":"lta_common","filename":"lta_common.py","lineno":303}
{"timestamp":"2026-04-15T09:12:46.755039Z","level":"info","event":"[UPSERT DONE] upserted=500 rows into traffic_speed_latest","logger":"lta_common","filename":"lta_common.py","lineno":342}
{"timestamp":"2026-04-15T09:12:46.757451Z","level":"info","event":"[SAVE START] inserting 500 rows into traffic_speed_recent","logger":"lta_common","filename":"lta_common.py","lineno":272}
{"timestamp":"2026-04-15T09:12:47.200340Z","level":"info","event":"[SAVE DONE] inserted=500 rows into traffic_speed_recent","logger":"lta_common","filename":"lta_common.py","lineno":290}
{"timestamp":"2026-04-15T09:12:47.200462Z","level":"info","event":"STEP 6: page saved skip=15000 | pages=31 | latest_rows=15500 | recent_rows=15500","logger":"unusual_prefix_faea391ec71b1d4b4651510353e4a48d62001c31_2_refresh_traffic_speed","filename":"2_refresh_traffic_speed.py","lineno":56}
{"timestamp":"2026-04-15T09:12:47.200492Z","level":"info","event":"========== PAGE START ==========","logger":"lta_common","filename":"lta_common.py","lineno":52}
{"timestamp":"2026-04-15T09:12:47.200517Z","level":"info","event":"[FETCH] requesting rows 15500–15999","logger":"lta_common","filename":"lta_common.py","lineno":53}
{"timestamp":"2026-04-15T09:12:47.200560Z","level":"info","event":"Fetching page from LTA: skip=15500","logger":"lta_common","filename":"lta_common.py","lineno":35}
{"timestamp":"2026-04-15T09:12:47.558293Z","level":"info","event":"Retrieved 500 rows from LTA at skip=15500","logger":"lta_common","filename":"lta_common.py","lineno":43}
{"timestamp":"2026-04-15T09:12:47.559505Z","level":"info","event":"[FETCH DONE] retrieved=500 rows at skip=15500","logger":"lta_common","filename":"lta_common.py","lineno":58}
{"timestamp":"2026-04-15T09:12:47.559708Z","level":"info","event":"STEP 4: processing page skip=15500 rows=500","logger":"unusual_prefix_faea391ec71b1d4b4651510353e4a48d62001c31_2_refresh_traffic_speed","filename":"2_refresh_traffic_speed.py","lineno":41}
{"timestamp":"2026-04-15T09:12:47.562375Z","level":"info","event":"[CLEAN DONE] rows=500 | null_speed_band=0 | null_minimum_speed=0 | null_maximum_speed=0","logger":"lta_common","filename":"lta_common.py","lineno":193}
{"timestamp":"2026-04-15T09:12:47.562428Z","level":"info","event":"STEP 5: built cleaned snapshot dataframe rows=500","logger":"unusual_prefix_faea391ec71b1d4b4651510353e4a48d62001c31_2_refresh_traffic_speed","filename":"2_refresh_traffic_speed.py","lineno":44}
{"timestamp":"2026-04-15T09:12:47.562811Z","level":"info","event":"[LATEST PREP] rows=500 | missing_measurement_rows=0","logger":"lta_common","filename":"lta_common.py","lineno":224}
{"timestamp":"2026-04-15T09:12:47.563215Z","level":"info","event":"[UPSERT START] upserting 500 rows into traffic_speed_latest","logger":"lta_common","filename":"lta_common.py","lineno":301}
{"timestamp":"2026-04-15T09:12:47.563381Z","level":"info","event":"[UPSERT DEBUG] max_link_id=24311 | min_link_id=23519 | max_speed_band=7.0 | min_speed_band=1.0 | max_minimum_speed=60 | min_minimum_speed=0 | max_maximum_speed=69 | min_maximum_speed=9","logger":"lta_common","filename":"lta_common.py","lineno":303}
{"timestamp":"2026-04-15T09:12:47.984776Z","level":"info","event":"[UPSERT DONE] upserted=500 rows into traffic_speed_latest","logger":"lta_common","filename":"lta_common.py","lineno":342}
{"timestamp":"2026-04-15T09:12:47.985395Z","level":"info","event":"[SAVE START] inserting 500 rows into traffic_speed_recent","logger":"lta_common","filename":"lta_common.py","lineno":272}
{"timestamp":"2026-04-15T09:12:48.490907Z","level":"info","event":"[SAVE DONE] inserted=500 rows into traffic_speed_recent","logger":"lta_common","filename":"lta_common.py","lineno":290}
{"timestamp":"2026-04-15T09:12:48.491072Z","level":"info","event":"STEP 6: page saved skip=15500 | pages=32 | latest_rows=16000 | recent_rows=16000","logger":"unusual_prefix_faea391ec71b1d4b4651510353e4a48d62001c31_2_refresh_traffic_speed","filename":"2_refresh_traffic_speed.py","lineno":56}
{"timestamp":"2026-04-15T09:12:48.491115Z","level":"info","event":"========== PAGE START ==========","logger":"lta_common","filename":"lta_common.py","lineno":52}
{"timestamp":"2026-04-15T09:12:48.491146Z","level":"info","event":"[FETCH] requesting rows 16000–16499","logger":"lta_common","filename":"lta_common.py","lineno":53}
{"timestamp":"2026-04-15T09:12:48.491187Z","level":"info","event":"Fetching page from LTA: skip=16000","logger":"lta_common","filename":"lta_common.py","lineno":35}
{"timestamp":"2026-04-15T09:12:48.884735Z","level":"info","event":"Retrieved 500 rows from LTA at skip=16000","logger":"lta_common","filename":"lta_common.py","lineno":43}
{"timestamp":"2026-04-15T09:12:48.887525Z","level":"info","event":"[FETCH DONE] retrieved=500 rows at skip=16000","logger":"lta_common","filename":"lta_common.py","lineno":58}
{"timestamp":"2026-04-15T09:12:48.887735Z","level":"info","event":"STEP 4: processing page skip=16000 rows=500","logger":"unusual_prefix_faea391ec71b1d4b4651510353e4a48d62001c31_2_refresh_traffic_speed","filename":"2_refresh_traffic_speed.py","lineno":41}
{"timestamp":"2026-04-15T09:12:48.892709Z","level":"info","event":"[CLEAN DONE] rows=500 | null_speed_band=0 | null_minimum_speed=0 | null_maximum_speed=0","logger":"lta_common","filename":"lta_common.py","lineno":193}
{"timestamp":"2026-04-15T09:12:48.892850Z","level":"info","event":"STEP 5: built cleaned snapshot dataframe rows=500","logger":"unusual_prefix_faea391ec71b1d4b4651510353e4a48d62001c31_2_refresh_traffic_speed","filename":"2_refresh_traffic_speed.py","lineno":44}
{"timestamp":"2026-04-15T09:12:48.893524Z","level":"info","event":"[LATEST PREP] rows=500 | missing_measurement_rows=0","logger":"lta_common","filename":"lta_common.py","lineno":224}
{"timestamp":"2026-04-15T09:12:48.894271Z","level":"info","event":"[UPSERT START] upserting 500 rows into traffic_speed_latest","logger":"lta_common","filename":"lta_common.py","lineno":301}
{"timestamp":"2026-04-15T09:12:48.894553Z","level":"info","event":"[UPSERT DEBUG] max_link_id=24843 | min_link_id=24312 | max_speed_band=8.0 | min_speed_band=1.0 | max_minimum_speed=70 | min_minimum_speed=0 | max_maximum_speed=999 | min_maximum_speed=9","logger":"lta_common","filename":"lta_common.py","lineno":303}
{"timestamp":"2026-04-15T09:12:49.359240Z","level":"info","event":"[UPSERT DONE] upserted=500 rows into traffic_speed_latest","logger":"lta_common","filename":"lta_common.py","lineno":342}
{"timestamp":"2026-04-15T09:12:49.362444Z","level":"info","event":"[SAVE START] inserting 500 rows into traffic_speed_recent","logger":"lta_common","filename":"lta_common.py","lineno":272}
{"timestamp":"2026-04-15T09:12:49.758300Z","level":"info","event":"[SAVE DONE] inserted=500 rows into traffic_speed_recent","logger":"lta_common","filename":"lta_common.py","lineno":290}
{"timestamp":"2026-04-15T09:12:49.758709Z","level":"info","event":"STEP 6: page saved skip=16000 | pages=33 | latest_rows=16500 | recent_rows=16500","logger":"unusual_prefix_faea391ec71b1d4b4651510353e4a48d62001c31_2_refresh_traffic_speed","filename":"2_refresh_traffic_speed.py","lineno":56}
{"timestamp":"2026-04-15T09:12:49.758861Z","level":"info","event":"========== PAGE START ==========","logger":"lta_common","filename":"lta_common.py","lineno":52}
{"timestamp":"2026-04-15T09:12:49.758934Z","level":"info","event":"[FETCH] requesting rows 16500–16999","logger":"lta_common","filename":"lta_common.py","lineno":53}
{"timestamp":"2026-04-15T09:12:49.759024Z","level":"info","event":"Fetching page from LTA: skip=16500","logger":"lta_common","filename":"lta_common.py","lineno":35}
{"timestamp":"2026-04-15T09:12:50.182191Z","level":"info","event":"Retrieved 500 rows from LTA at skip=16500","logger":"lta_common","filename":"lta_common.py","lineno":43}
{"timestamp":"2026-04-15T09:12:50.187431Z","level":"info","event":"[FETCH DONE] retrieved=500 rows at skip=16500","logger":"lta_common","filename":"lta_common.py","lineno":58}
{"timestamp":"2026-04-15T09:12:50.189109Z","level":"info","event":"STEP 4: processing page skip=16500 rows=500","logger":"unusual_prefix_faea391ec71b1d4b4651510353e4a48d62001c31_2_refresh_traffic_speed","filename":"2_refresh_traffic_speed.py","lineno":41}
{"timestamp":"2026-04-15T09:12:50.197154Z","level":"info","event":"[CLEAN DONE] rows=500 | null_speed_band=0 | null_minimum_speed=0 | null_maximum_speed=0","logger":"lta_common","filename":"lta_common.py","lineno":193}
{"timestamp":"2026-04-15T09:12:50.197408Z","level":"info","event":"STEP 5: built cleaned snapshot dataframe rows=500","logger":"unusual_prefix_faea391ec71b1d4b4651510353e4a48d62001c31_2_refresh_traffic_speed","filename":"2_refresh_traffic_speed.py","lineno":44}
{"timestamp":"2026-04-15T09:12:50.198496Z","level":"info","event":"[LATEST PREP] rows=500 | missing_measurement_rows=0","logger":"lta_common","filename":"lta_common.py","lineno":224}
{"timestamp":"2026-04-15T09:12:50.199410Z","level":"info","event":"[UPSERT START] upserting 500 rows into traffic_speed_latest","logger":"lta_common","filename":"lta_common.py","lineno":301}
{"timestamp":"2026-04-15T09:12:50.199808Z","level":"info","event":"[UPSERT DEBUG] max_link_id=25421 | min_link_id=24844 | max_speed_band=8.0 | min_speed_band=1.0 | max_minimum_speed=70 | min_minimum_speed=0 | max_maximum_speed=999 | min_maximum_speed=9","logger":"lta_common","filename":"lta_common.py","lineno":303}
{"timestamp":"2026-04-15T09:12:50.697855Z","level":"info","event":"[UPSERT DONE] upserted=500 rows into traffic_speed_latest","logger":"lta_common","filename":"lta_common.py","lineno":342}
{"timestamp":"2026-04-15T09:12:50.699112Z","level":"info","event":"[SAVE START] inserting 500 rows into traffic_speed_recent","logger":"lta_common","filename":"lta_common.py","lineno":272}
{"timestamp":"2026-04-15T09:12:51.186547Z","level":"info","event":"[SAVE DONE] inserted=500 rows into traffic_speed_recent","logger":"lta_common","filename":"lta_common.py","lineno":290}
{"timestamp":"2026-04-15T09:12:51.187178Z","level":"info","event":"STEP 6: page saved skip=16500 | pages=34 | latest_rows=17000 | recent_rows=17000","logger":"unusual_prefix_faea391ec71b1d4b4651510353e4a48d62001c31_2_refresh_traffic_speed","filename":"2_refresh_traffic_speed.py","lineno":56}
{"timestamp":"2026-04-15T09:12:51.187353Z","level":"info","event":"========== PAGE START ==========","logger":"lta_common","filename":"lta_common.py","lineno":52}
{"timestamp":"2026-04-15T09:12:51.187491Z","level":"info","event":"[FETCH] requesting rows 17000–17499","logger":"lta_common","filename":"lta_common.py","lineno":53}
{"timestamp":"2026-04-15T09:12:51.187651Z","level":"info","event":"Fetching page from LTA: skip=17000","logger":"lta_common","filename":"lta_common.py","lineno":35}
{"timestamp":"2026-04-15T09:12:51.609802Z","level":"info","event":"Retrieved 500 rows from LTA at skip=17000","logger":"lta_common","filename":"lta_common.py","lineno":43}
{"timestamp":"2026-04-15T09:12:51.610854Z","level":"info","event":"[FETCH DONE] retrieved=500 rows at skip=17000","logger":"lta_common","filename":"lta_common.py","lineno":58}
{"timestamp":"2026-04-15T09:12:51.611052Z","level":"info","event":"STEP 4: processing page skip=17000 rows=500","logger":"unusual_prefix_faea391ec71b1d4b4651510353e4a48d62001c31_2_refresh_traffic_speed","filename":"2_refresh_traffic_speed.py","lineno":41}
{"timestamp":"2026-04-15T09:12:51.613241Z","level":"info","event":"[CLEAN DONE] rows=500 | null_speed_band=0 | null_minimum_speed=1 | null_maximum_speed=1","logger":"lta_common","filename":"lta_common.py","lineno":193}
{"timestamp":"2026-04-15T09:12:51.613291Z","level":"info","event":"STEP 5: built cleaned snapshot dataframe rows=500","logger":"unusual_prefix_faea391ec71b1d4b4651510353e4a48d62001c31_2_refresh_traffic_speed","filename":"2_refresh_traffic_speed.py","lineno":44}
{"timestamp":"2026-04-15T09:12:51.613607Z","level":"info","event":"[LATEST PREP] rows=500 | missing_measurement_rows=1","logger":"lta_common","filename":"lta_common.py","lineno":224}
{"timestamp":"2026-04-15T09:12:51.614008Z","level":"info","event":"[UPSERT START] upserting 500 rows into traffic_speed_latest","logger":"lta_common","filename":"lta_common.py","lineno":301}
{"timestamp":"2026-04-15T09:12:51.614190Z","level":"info","event":"[UPSERT DEBUG] max_link_id=25962 | min_link_id=25422 | max_speed_band=8.0 | min_speed_band=1.0 | max_minimum_speed=70.0 | min_minimum_speed=0.0 | max_maximum_speed=999.0 | min_maximum_speed=9.0","logger":"lta_common","filename":"lta_common.py","lineno":303}
{"timestamp":"2026-04-15T09:12:51.930634Z","level":"error","event":"FAILED: integer out of range\n","logger":"unusual_prefix_faea391ec71b1d4b4651510353e4a48d62001c31_2_refresh_traffic_speed","filename":"2_refresh_traffic_speed.py","lineno":64}
{"timestamp":"2026-04-15T09:12:51.933837Z","level":"error","event":"Traceback (most recent call last):\n  File \"/opt/airflow/dags/2_refresh_traffic_speed.py\", line 47, in refresh_traffic_speed\n    upsert_latest_snapshot_rows(conn, snapshots_df, batch_size=500)\n  File \"/opt/airflow/dags/lta_common.py\", line 338, in upsert_latest_snapshot_rows\n    execute_values(cur, sql, rows, page_size=batch_size)\n  File \"/home/airflow/.local/lib/python3.12/site-packages/psycopg2/extras.py\", line 1299, in execute_values\n    cur.execute(b''.join(parts))\npsycopg2.errors.NumericValueOutOfRange: integer out of range\n\n","logger":"unusual_prefix_faea391ec71b1d4b4651510353e4a48d62001c31_2_refresh_traffic_speed","filename":"2_refresh_traffic_speed.py","lineno":65}
{"timestamp":"2026-04-15T09:12:51.934375Z","level":"info","event":"Database connection closed","logger":"unusual_prefix_faea391ec71b1d4b4651510353e4a48d62001c31_2_refresh_traffic_speed","filename":"2_refresh_traffic_speed.py","lineno":71}
{"timestamp":"2026-04-15T09:12:51.934647Z","level":"error","event":"Task failed with exception","logger":"task","filename":"task_runner.py","lineno":1142,"error_detail":[{"exc_type":"NumericValueOutOfRange","exc_value":"integer out of range\n","exc_notes":[],"syntax_error":null,"is_cause":false,"frames":[{"filename":"/home/airflow/.local/lib/python3.12/site-packages/airflow/sdk/execution_time/task_runner.py","lineno":1068,"name":"run"},{"filename":"/home/airflow/.local/lib/python3.12/site-packages/airflow/sdk/execution_time/task_runner.py","lineno":1477,"name":"_execute_task"},{"filename":"/home/airflow/.local/lib/python3.12/site-packages/airflow/sdk/bases/operator.py","lineno":417,"name":"wrapper"},{"filename":"/home/airflow/.local/lib/python3.12/site-packages/airflow/providers/standard/operators/python.py","lineno":228,"name":"execute"},{"filename":"/home/airflow/.local/lib/python3.12/site-packages/airflow/providers/standard/operators/python.py","lineno":251,"name":"execute_callable"},{"filename":"/home/airflow/.local/lib/python3.12/site-packages/airflow/sdk/execution_time/callback_runner.py","lineno":82,"name":"run"},{"filename":"/opt/airflow/dags/2_refresh_traffic_speed.py","lineno":47,"name":"refresh_traffic_speed"},{"filename":"/opt/airflow/dags/lta_common.py","lineno":338,"name":"upsert_latest_snapshot_rows"},{"filename":"/home/airflow/.local/lib/python3.12/site-packages/psycopg2/extras.py","lineno":1299,"name":"execute_values"}],"is_group":false,"exceptions":[]}]}
