{"timestamp":"2026-04-15T09:35:01.823421Z","level":"info","event":"DAG bundles loaded: dags-folder","logger":"airflow.dag_processing.bundles.manager.DagBundlesManager","filename":"manager.py","lineno":179}
{"timestamp":"2026-04-15T09:35:01.823954Z","level":"info","event":"Filling up the DagBag from /opt/airflow/dags/2_refresh_traffic_speed.py","logger":"airflow.models.dagbag.BundleDagBag","filename":"dagbag.py","lineno":593}
{"timestamp":"2026-04-15T09:35:02.056631Z","level":"info","event":"STEP 1: start refresh_traffic_speed","logger":"unusual_prefix_faea391ec71b1d4b4651510353e4a48d62001c31_2_refresh_traffic_speed","filename":"2_refresh_traffic_speed.py","lineno":29}
{"timestamp":"2026-04-15T09:35:02.904768Z","level":"info","event":"STEP 2: connected to Supabase","logger":"unusual_prefix_faea391ec71b1d4b4651510353e4a48d62001c31_2_refresh_traffic_speed","filename":"2_refresh_traffic_speed.py","lineno":31}
{"timestamp":"2026-04-15T09:35:02.907089Z","level":"info","event":"STEP 3: snapshot timestamp = 2026-04-15 09:35:02.905455+00:00","logger":"unusual_prefix_faea391ec71b1d4b4651510353e4a48d62001c31_2_refresh_traffic_speed","filename":"2_refresh_traffic_speed.py","lineno":34}
{"timestamp":"2026-04-15T09:35:02.907334Z","level":"info","event":"========== PAGE START ==========","logger":"lta_common","filename":"lta_common.py","lineno":52}
{"timestamp":"2026-04-15T09:35:02.907506Z","level":"info","event":"[FETCH] requesting rows 0–499","logger":"lta_common","filename":"lta_common.py","lineno":53}
{"timestamp":"2026-04-15T09:35:02.908301Z","level":"info","event":"Fetching page from LTA: skip=0","logger":"lta_common","filename":"lta_common.py","lineno":35}
{"timestamp":"2026-04-15T09:35:03.422212Z","level":"info","event":"Retrieved 500 rows from LTA at skip=0","logger":"lta_common","filename":"lta_common.py","lineno":43}
{"timestamp":"2026-04-15T09:35:03.427775Z","level":"info","event":"[FETCH DONE] retrieved=500 rows at skip=0","logger":"lta_common","filename":"lta_common.py","lineno":58}
{"timestamp":"2026-04-15T09:35:03.427950Z","level":"info","event":"STEP 4: processing page skip=0 rows=500","logger":"unusual_prefix_faea391ec71b1d4b4651510353e4a48d62001c31_2_refresh_traffic_speed","filename":"2_refresh_traffic_speed.py","lineno":41}
{"timestamp":"2026-04-15T09:35:03.445877Z","level":"info","event":"[CLEAN DONE] rows=500 | null_speed_band=0 | null_minimum_speed=0 | null_maximum_speed=0","logger":"lta_common","filename":"lta_common.py","lineno":226}
{"timestamp":"2026-04-15T09:35:03.447208Z","level":"info","event":"STEP 5: built cleaned snapshot dataframe rows=500","logger":"unusual_prefix_faea391ec71b1d4b4651510353e4a48d62001c31_2_refresh_traffic_speed","filename":"2_refresh_traffic_speed.py","lineno":44}
{"timestamp":"2026-04-15T09:35:03.447656Z","level":"info","event":"[LATEST PREP] rows=500 | missing_measurement_rows=0","logger":"lta_common","filename":"lta_common.py","lineno":259}
{"timestamp":"2026-04-15T09:35:03.447955Z","level":"info","event":"[UPSERT START] upserting 500 rows into traffic_speed_latest","logger":"lta_common","filename":"lta_common.py","lineno":336}
{"timestamp":"2026-04-15T09:35:03.448316Z","level":"info","event":"[UPSERT DEBUG] max_link_id=719 | min_link_id=2 | max_speed_band=7 | min_speed_band=1 | max_minimum_speed=60 | min_minimum_speed=0 | max_maximum_speed=69 | min_maximum_speed=9","logger":"lta_common","filename":"lta_common.py","lineno":338}
{"timestamp":"2026-04-15T09:35:03.928976Z","level":"info","event":"[UPSERT DONE] upserted=500 rows into traffic_speed_latest","logger":"lta_common","filename":"lta_common.py","lineno":376}
{"timestamp":"2026-04-15T09:35:03.931013Z","level":"info","event":"[SAVE START] inserting 500 rows into traffic_speed_recent","logger":"lta_common","filename":"lta_common.py","lineno":307}
{"timestamp":"2026-04-15T09:35:04.353800Z","level":"info","event":"[SAVE DONE] inserted=500 rows into traffic_speed_recent","logger":"lta_common","filename":"lta_common.py","lineno":325}
{"timestamp":"2026-04-15T09:35:04.354895Z","level":"info","event":"STEP 6: page saved skip=0 | pages=1 | latest_rows=500 | recent_rows=500","logger":"unusual_prefix_faea391ec71b1d4b4651510353e4a48d62001c31_2_refresh_traffic_speed","filename":"2_refresh_traffic_speed.py","lineno":56}
{"timestamp":"2026-04-15T09:35:04.355181Z","level":"info","event":"========== PAGE START ==========","logger":"lta_common","filename":"lta_common.py","lineno":52}
{"timestamp":"2026-04-15T09:35:04.355296Z","level":"info","event":"[FETCH] requesting rows 500–999","logger":"lta_common","filename":"lta_common.py","lineno":53}
{"timestamp":"2026-04-15T09:35:04.355452Z","level":"info","event":"Fetching page from LTA: skip=500","logger":"lta_common","filename":"lta_common.py","lineno":35}
{"timestamp":"2026-04-15T09:35:04.768892Z","level":"info","event":"Retrieved 500 rows from LTA at skip=500","logger":"lta_common","filename":"lta_common.py","lineno":43}
{"timestamp":"2026-04-15T09:35:04.770162Z","level":"info","event":"[FETCH DONE] retrieved=500 rows at skip=500","logger":"lta_common","filename":"lta_common.py","lineno":58}
{"timestamp":"2026-04-15T09:35:04.770272Z","level":"info","event":"STEP 4: processing page skip=500 rows=500","logger":"unusual_prefix_faea391ec71b1d4b4651510353e4a48d62001c31_2_refresh_traffic_speed","filename":"2_refresh_traffic_speed.py","lineno":41}
{"timestamp":"2026-04-15T09:35:04.778252Z","level":"info","event":"[CLEAN DONE] rows=500 | null_speed_band=0 | null_minimum_speed=0 | null_maximum_speed=0","logger":"lta_common","filename":"lta_common.py","lineno":226}
{"timestamp":"2026-04-15T09:35:04.779123Z","level":"info","event":"STEP 5: built cleaned snapshot dataframe rows=500","logger":"unusual_prefix_faea391ec71b1d4b4651510353e4a48d62001c31_2_refresh_traffic_speed","filename":"2_refresh_traffic_speed.py","lineno":44}
{"timestamp":"2026-04-15T09:35:04.779464Z","level":"info","event":"[LATEST PREP] rows=500 | missing_measurement_rows=0","logger":"lta_common","filename":"lta_common.py","lineno":259}
{"timestamp":"2026-04-15T09:35:04.779708Z","level":"info","event":"[UPSERT START] upserting 500 rows into traffic_speed_latest","logger":"lta_common","filename":"lta_common.py","lineno":336}
{"timestamp":"2026-04-15T09:35:04.780000Z","level":"info","event":"[UPSERT DEBUG] max_link_id=1488 | min_link_id=720 | max_speed_band=6 | min_speed_band=1 | max_minimum_speed=50 | min_minimum_speed=0 | max_maximum_speed=59 | min_maximum_speed=9","logger":"lta_common","filename":"lta_common.py","lineno":338}
{"timestamp":"2026-04-15T09:35:05.174386Z","level":"info","event":"[UPSERT DONE] upserted=500 rows into traffic_speed_latest","logger":"lta_common","filename":"lta_common.py","lineno":376}
{"timestamp":"2026-04-15T09:35:05.174823Z","level":"info","event":"[SAVE START] inserting 500 rows into traffic_speed_recent","logger":"lta_common","filename":"lta_common.py","lineno":307}
{"timestamp":"2026-04-15T09:35:05.558231Z","level":"info","event":"[SAVE DONE] inserted=500 rows into traffic_speed_recent","logger":"lta_common","filename":"lta_common.py","lineno":325}
{"timestamp":"2026-04-15T09:35:05.558335Z","level":"info","event":"STEP 6: page saved skip=500 | pages=2 | latest_rows=1000 | recent_rows=1000","logger":"unusual_prefix_faea391ec71b1d4b4651510353e4a48d62001c31_2_refresh_traffic_speed","filename":"2_refresh_traffic_speed.py","lineno":56}
{"timestamp":"2026-04-15T09:35:05.558365Z","level":"info","event":"========== PAGE START ==========","logger":"lta_common","filename":"lta_common.py","lineno":52}
{"timestamp":"2026-04-15T09:35:05.558387Z","level":"info","event":"[FETCH] requesting rows 1000–1499","logger":"lta_common","filename":"lta_common.py","lineno":53}
{"timestamp":"2026-04-15T09:35:05.558416Z","level":"info","event":"Fetching page from LTA: skip=1000","logger":"lta_common","filename":"lta_common.py","lineno":35}
{"timestamp":"2026-04-15T09:35:05.930193Z","level":"info","event":"Retrieved 500 rows from LTA at skip=1000","logger":"lta_common","filename":"lta_common.py","lineno":43}
{"timestamp":"2026-04-15T09:35:05.931334Z","level":"info","event":"[FETCH DONE] retrieved=500 rows at skip=1000","logger":"lta_common","filename":"lta_common.py","lineno":58}
{"timestamp":"2026-04-15T09:35:05.931536Z","level":"info","event":"STEP 4: processing page skip=1000 rows=500","logger":"unusual_prefix_faea391ec71b1d4b4651510353e4a48d62001c31_2_refresh_traffic_speed","filename":"2_refresh_traffic_speed.py","lineno":41}
{"timestamp":"2026-04-15T09:35:05.939528Z","level":"info","event":"[CLEAN DONE] rows=500 | null_speed_band=0 | null_minimum_speed=0 | null_maximum_speed=0","logger":"lta_common","filename":"lta_common.py","lineno":226}
{"timestamp":"2026-04-15T09:35:05.940466Z","level":"info","event":"STEP 5: built cleaned snapshot dataframe rows=500","logger":"unusual_prefix_faea391ec71b1d4b4651510353e4a48d62001c31_2_refresh_traffic_speed","filename":"2_refresh_traffic_speed.py","lineno":44}
{"timestamp":"2026-04-15T09:35:05.940818Z","level":"info","event":"[LATEST PREP] rows=500 | missing_measurement_rows=0","logger":"lta_common","filename":"lta_common.py","lineno":259}
{"timestamp":"2026-04-15T09:35:05.941061Z","level":"info","event":"[UPSERT START] upserting 500 rows into traffic_speed_latest","logger":"lta_common","filename":"lta_common.py","lineno":336}
{"timestamp":"2026-04-15T09:35:05.941342Z","level":"info","event":"[UPSERT DEBUG] max_link_id=2215 | min_link_id=1492 | max_speed_band=7 | min_speed_band=1 | max_minimum_speed=60 | min_minimum_speed=0 | max_maximum_speed=69 | min_maximum_speed=9","logger":"lta_common","filename":"lta_common.py","lineno":338}
{"timestamp":"2026-04-15T09:35:06.374556Z","level":"info","event":"[UPSERT DONE] upserted=500 rows into traffic_speed_latest","logger":"lta_common","filename":"lta_common.py","lineno":376}
{"timestamp":"2026-04-15T09:35:06.376496Z","level":"info","event":"[SAVE START] inserting 500 rows into traffic_speed_recent","logger":"lta_common","filename":"lta_common.py","lineno":307}
{"timestamp":"2026-04-15T09:35:06.782484Z","level":"info","event":"[SAVE DONE] inserted=500 rows into traffic_speed_recent","logger":"lta_common","filename":"lta_common.py","lineno":325}
{"timestamp":"2026-04-15T09:35:06.783094Z","level":"info","event":"STEP 6: page saved skip=1000 | pages=3 | latest_rows=1500 | recent_rows=1500","logger":"unusual_prefix_faea391ec71b1d4b4651510353e4a48d62001c31_2_refresh_traffic_speed","filename":"2_refresh_traffic_speed.py","lineno":56}
{"timestamp":"2026-04-15T09:35:06.783395Z","level":"info","event":"========== PAGE START ==========","logger":"lta_common","filename":"lta_common.py","lineno":52}
{"timestamp":"2026-04-15T09:35:06.783609Z","level":"info","event":"[FETCH] requesting rows 1500–1999","logger":"lta_common","filename":"lta_common.py","lineno":53}
{"timestamp":"2026-04-15T09:35:06.783995Z","level":"info","event":"Fetching page from LTA: skip=1500","logger":"lta_common","filename":"lta_common.py","lineno":35}
{"timestamp":"2026-04-15T09:35:07.311695Z","level":"info","event":"Retrieved 500 rows from LTA at skip=1500","logger":"lta_common","filename":"lta_common.py","lineno":43}
{"timestamp":"2026-04-15T09:35:07.313223Z","level":"info","event":"[FETCH DONE] retrieved=500 rows at skip=1500","logger":"lta_common","filename":"lta_common.py","lineno":58}
{"timestamp":"2026-04-15T09:35:07.313361Z","level":"info","event":"STEP 4: processing page skip=1500 rows=500","logger":"unusual_prefix_faea391ec71b1d4b4651510353e4a48d62001c31_2_refresh_traffic_speed","filename":"2_refresh_traffic_speed.py","lineno":41}
{"timestamp":"2026-04-15T09:35:07.342007Z","level":"info","event":"[CLEAN DONE] rows=500 | null_speed_band=0 | null_minimum_speed=0 | null_maximum_speed=0","logger":"lta_common","filename":"lta_common.py","lineno":226}
{"timestamp":"2026-04-15T09:35:07.344106Z","level":"info","event":"STEP 5: built cleaned snapshot dataframe rows=500","logger":"unusual_prefix_faea391ec71b1d4b4651510353e4a48d62001c31_2_refresh_traffic_speed","filename":"2_refresh_traffic_speed.py","lineno":44}
{"timestamp":"2026-04-15T09:35:07.345224Z","level":"info","event":"[LATEST PREP] rows=500 | missing_measurement_rows=0","logger":"lta_common","filename":"lta_common.py","lineno":259}
{"timestamp":"2026-04-15T09:35:07.345612Z","level":"info","event":"[UPSERT START] upserting 500 rows into traffic_speed_latest","logger":"lta_common","filename":"lta_common.py","lineno":336}
{"timestamp":"2026-04-15T09:35:07.345968Z","level":"info","event":"[UPSERT DEBUG] max_link_id=3055 | min_link_id=2216 | max_speed_band=6 | min_speed_band=1 | max_minimum_speed=50 | min_minimum_speed=0 | max_maximum_speed=59 | min_maximum_speed=9","logger":"lta_common","filename":"lta_common.py","lineno":338}
{"timestamp":"2026-04-15T09:35:07.715474Z","level":"info","event":"[UPSERT DONE] upserted=500 rows into traffic_speed_latest","logger":"lta_common","filename":"lta_common.py","lineno":376}
{"timestamp":"2026-04-15T09:35:07.716978Z","level":"info","event":"[SAVE START] inserting 500 rows into traffic_speed_recent","logger":"lta_common","filename":"lta_common.py","lineno":307}
{"timestamp":"2026-04-15T09:35:08.113837Z","level":"info","event":"[SAVE DONE] inserted=500 rows into traffic_speed_recent","logger":"lta_common","filename":"lta_common.py","lineno":325}
{"timestamp":"2026-04-15T09:35:08.114371Z","level":"info","event":"STEP 6: page saved skip=1500 | pages=4 | latest_rows=2000 | recent_rows=2000","logger":"unusual_prefix_faea391ec71b1d4b4651510353e4a48d62001c31_2_refresh_traffic_speed","filename":"2_refresh_traffic_speed.py","lineno":56}
{"timestamp":"2026-04-15T09:35:08.114568Z","level":"info","event":"========== PAGE START ==========","logger":"lta_common","filename":"lta_common.py","lineno":52}
{"timestamp":"2026-04-15T09:35:08.114699Z","level":"info","event":"[FETCH] requesting rows 2000–2499","logger":"lta_common","filename":"lta_common.py","lineno":53}
{"timestamp":"2026-04-15T09:35:08.114870Z","level":"info","event":"Fetching page from LTA: skip=2000","logger":"lta_common","filename":"lta_common.py","lineno":35}
{"timestamp":"2026-04-15T09:35:08.517755Z","level":"info","event":"Retrieved 500 rows from LTA at skip=2000","logger":"lta_common","filename":"lta_common.py","lineno":43}
{"timestamp":"2026-04-15T09:35:08.519160Z","level":"info","event":"[FETCH DONE] retrieved=500 rows at skip=2000","logger":"lta_common","filename":"lta_common.py","lineno":58}
{"timestamp":"2026-04-15T09:35:08.519278Z","level":"info","event":"STEP 4: processing page skip=2000 rows=500","logger":"unusual_prefix_faea391ec71b1d4b4651510353e4a48d62001c31_2_refresh_traffic_speed","filename":"2_refresh_traffic_speed.py","lineno":41}
{"timestamp":"2026-04-15T09:35:08.527288Z","level":"info","event":"[CLEAN DONE] rows=500 | null_speed_band=0 | null_minimum_speed=0 | null_maximum_speed=0","logger":"lta_common","filename":"lta_common.py","lineno":226}
{"timestamp":"2026-04-15T09:35:08.528525Z","level":"info","event":"STEP 5: built cleaned snapshot dataframe rows=500","logger":"unusual_prefix_faea391ec71b1d4b4651510353e4a48d62001c31_2_refresh_traffic_speed","filename":"2_refresh_traffic_speed.py","lineno":44}
{"timestamp":"2026-04-15T09:35:08.529023Z","level":"info","event":"[LATEST PREP] rows=500 | missing_measurement_rows=0","logger":"lta_common","filename":"lta_common.py","lineno":259}
{"timestamp":"2026-04-15T09:35:08.529469Z","level":"info","event":"[UPSERT START] upserting 500 rows into traffic_speed_latest","logger":"lta_common","filename":"lta_common.py","lineno":336}
{"timestamp":"2026-04-15T09:35:08.530035Z","level":"info","event":"[UPSERT DEBUG] max_link_id=4015 | min_link_id=3059 | max_speed_band=7 | min_speed_band=1 | max_minimum_speed=60 | min_minimum_speed=0 | max_maximum_speed=69 | min_maximum_speed=9","logger":"lta_common","filename":"lta_common.py","lineno":338}
{"timestamp":"2026-04-15T09:35:08.925095Z","level":"info","event":"[UPSERT DONE] upserted=500 rows into traffic_speed_latest","logger":"lta_common","filename":"lta_common.py","lineno":376}
{"timestamp":"2026-04-15T09:35:08.926910Z","level":"info","event":"[SAVE START] inserting 500 rows into traffic_speed_recent","logger":"lta_common","filename":"lta_common.py","lineno":307}
{"timestamp":"2026-04-15T09:35:09.288660Z","level":"info","event":"[SAVE DONE] inserted=500 rows into traffic_speed_recent","logger":"lta_common","filename":"lta_common.py","lineno":325}
{"timestamp":"2026-04-15T09:35:09.288762Z","level":"info","event":"STEP 6: page saved skip=2000 | pages=5 | latest_rows=2500 | recent_rows=2500","logger":"unusual_prefix_faea391ec71b1d4b4651510353e4a48d62001c31_2_refresh_traffic_speed","filename":"2_refresh_traffic_speed.py","lineno":56}
{"timestamp":"2026-04-15T09:35:09.288793Z","level":"info","event":"========== PAGE START ==========","logger":"lta_common","filename":"lta_common.py","lineno":52}
{"timestamp":"2026-04-15T09:35:09.288816Z","level":"info","event":"[FETCH] requesting rows 2500–2999","logger":"lta_common","filename":"lta_common.py","lineno":53}
{"timestamp":"2026-04-15T09:35:09.288845Z","level":"info","event":"Fetching page from LTA: skip=2500","logger":"lta_common","filename":"lta_common.py","lineno":35}
{"timestamp":"2026-04-15T09:35:09.659141Z","level":"info","event":"Retrieved 500 rows from LTA at skip=2500","logger":"lta_common","filename":"lta_common.py","lineno":43}
{"timestamp":"2026-04-15T09:35:09.660445Z","level":"info","event":"[FETCH DONE] retrieved=500 rows at skip=2500","logger":"lta_common","filename":"lta_common.py","lineno":58}
{"timestamp":"2026-04-15T09:35:09.660721Z","level":"info","event":"STEP 4: processing page skip=2500 rows=500","logger":"unusual_prefix_faea391ec71b1d4b4651510353e4a48d62001c31_2_refresh_traffic_speed","filename":"2_refresh_traffic_speed.py","lineno":41}
{"timestamp":"2026-04-15T09:35:09.667081Z","level":"warning","event":"[SANITIZE] link_id=4115 field=maximum_speed suspicious sentinel value=999 -> NULL","logger":"lta_common","filename":"lta_common.py","lineno":131}
{"timestamp":"2026-04-15T09:35:09.668630Z","level":"info","event":"[CLEAN DONE] rows=500 | null_speed_band=0 | null_minimum_speed=0 | null_maximum_speed=1","logger":"lta_common","filename":"lta_common.py","lineno":226}
{"timestamp":"2026-04-15T09:35:09.669592Z","level":"info","event":"STEP 5: built cleaned snapshot dataframe rows=500","logger":"unusual_prefix_faea391ec71b1d4b4651510353e4a48d62001c31_2_refresh_traffic_speed","filename":"2_refresh_traffic_speed.py","lineno":44}
{"timestamp":"2026-04-15T09:35:09.669991Z","level":"info","event":"[LATEST PREP] rows=500 | missing_measurement_rows=0","logger":"lta_common","filename":"lta_common.py","lineno":259}
{"timestamp":"2026-04-15T09:35:09.670247Z","level":"info","event":"[UPSERT START] upserting 500 rows into traffic_speed_latest","logger":"lta_common","filename":"lta_common.py","lineno":336}
{"timestamp":"2026-04-15T09:35:09.670539Z","level":"info","event":"[UPSERT DEBUG] max_link_id=5041 | min_link_id=4016 | max_speed_band=8 | min_speed_band=1 | max_minimum_speed=70 | min_minimum_speed=0 | max_maximum_speed=69.0 | min_maximum_speed=9.0","logger":"lta_common","filename":"lta_common.py","lineno":338}
{"timestamp":"2026-04-15T09:35:10.628124Z","level":"info","event":"[UPSERT DONE] upserted=500 rows into traffic_speed_latest","logger":"lta_common","filename":"lta_common.py","lineno":376}
{"timestamp":"2026-04-15T09:35:10.628603Z","level":"info","event":"[SAVE START] inserting 500 rows into traffic_speed_recent","logger":"lta_common","filename":"lta_common.py","lineno":307}
{"timestamp":"2026-04-15T09:35:11.255285Z","level":"info","event":"[SAVE DONE] inserted=500 rows into traffic_speed_recent","logger":"lta_common","filename":"lta_common.py","lineno":325}
{"timestamp":"2026-04-15T09:35:11.255806Z","level":"info","event":"STEP 6: page saved skip=2500 | pages=6 | latest_rows=3000 | recent_rows=3000","logger":"unusual_prefix_faea391ec71b1d4b4651510353e4a48d62001c31_2_refresh_traffic_speed","filename":"2_refresh_traffic_speed.py","lineno":56}
{"timestamp":"2026-04-15T09:35:11.256098Z","level":"info","event":"========== PAGE START ==========","logger":"lta_common","filename":"lta_common.py","lineno":52}
{"timestamp":"2026-04-15T09:35:11.256253Z","level":"info","event":"[FETCH] requesting rows 3000–3499","logger":"lta_common","filename":"lta_common.py","lineno":53}
{"timestamp":"2026-04-15T09:35:11.256376Z","level":"info","event":"Fetching page from LTA: skip=3000","logger":"lta_common","filename":"lta_common.py","lineno":35}
{"timestamp":"2026-04-15T09:35:11.661589Z","level":"info","event":"Retrieved 500 rows from LTA at skip=3000","logger":"lta_common","filename":"lta_common.py","lineno":43}
{"timestamp":"2026-04-15T09:35:11.664724Z","level":"info","event":"[FETCH DONE] retrieved=500 rows at skip=3000","logger":"lta_common","filename":"lta_common.py","lineno":58}
{"timestamp":"2026-04-15T09:35:11.665019Z","level":"info","event":"STEP 4: processing page skip=3000 rows=500","logger":"unusual_prefix_faea391ec71b1d4b4651510353e4a48d62001c31_2_refresh_traffic_speed","filename":"2_refresh_traffic_speed.py","lineno":41}
{"timestamp":"2026-04-15T09:35:11.676788Z","level":"warning","event":"[SANITIZE] link_id=5081 field=maximum_speed suspicious sentinel value=999 -> NULL","logger":"lta_common","filename":"lta_common.py","lineno":131}
{"timestamp":"2026-04-15T09:35:11.678471Z","level":"info","event":"[CLEAN DONE] rows=500 | null_speed_band=0 | null_minimum_speed=0 | null_maximum_speed=1","logger":"lta_common","filename":"lta_common.py","lineno":226}
{"timestamp":"2026-04-15T09:35:11.679368Z","level":"info","event":"STEP 5: built cleaned snapshot dataframe rows=500","logger":"unusual_prefix_faea391ec71b1d4b4651510353e4a48d62001c31_2_refresh_traffic_speed","filename":"2_refresh_traffic_speed.py","lineno":44}
{"timestamp":"2026-04-15T09:35:11.679717Z","level":"info","event":"[LATEST PREP] rows=500 | missing_measurement_rows=0","logger":"lta_common","filename":"lta_common.py","lineno":259}
{"timestamp":"2026-04-15T09:35:11.680001Z","level":"info","event":"[UPSERT START] upserting 500 rows into traffic_speed_latest","logger":"lta_common","filename":"lta_common.py","lineno":336}
{"timestamp":"2026-04-15T09:35:11.680422Z","level":"info","event":"[UPSERT DEBUG] max_link_id=5569 | min_link_id=5042 | max_speed_band=8 | min_speed_band=1 | max_minimum_speed=70 | min_minimum_speed=0 | max_maximum_speed=69.0 | min_maximum_speed=9.0","logger":"lta_common","filename":"lta_common.py","lineno":338}
{"timestamp":"2026-04-15T09:35:12.238164Z","level":"info","event":"[UPSERT DONE] upserted=500 rows into traffic_speed_latest","logger":"lta_common","filename":"lta_common.py","lineno":376}
{"timestamp":"2026-04-15T09:35:12.240424Z","level":"info","event":"[SAVE START] inserting 500 rows into traffic_speed_recent","logger":"lta_common","filename":"lta_common.py","lineno":307}
{"timestamp":"2026-04-15T09:35:12.733845Z","level":"info","event":"[SAVE DONE] inserted=500 rows into traffic_speed_recent","logger":"lta_common","filename":"lta_common.py","lineno":325}
{"timestamp":"2026-04-15T09:35:12.734402Z","level":"info","event":"STEP 6: page saved skip=3000 | pages=7 | latest_rows=3500 | recent_rows=3500","logger":"unusual_prefix_faea391ec71b1d4b4651510353e4a48d62001c31_2_refresh_traffic_speed","filename":"2_refresh_traffic_speed.py","lineno":56}
{"timestamp":"2026-04-15T09:35:12.734652Z","level":"info","event":"========== PAGE START ==========","logger":"lta_common","filename":"lta_common.py","lineno":52}
{"timestamp":"2026-04-15T09:35:12.734799Z","level":"info","event":"[FETCH] requesting rows 3500–3999","logger":"lta_common","filename":"lta_common.py","lineno":53}
{"timestamp":"2026-04-15T09:35:12.735046Z","level":"info","event":"Fetching page from LTA: skip=3500","logger":"lta_common","filename":"lta_common.py","lineno":35}
{"timestamp":"2026-04-15T09:35:13.166737Z","level":"info","event":"Retrieved 500 rows from LTA at skip=3500","logger":"lta_common","filename":"lta_common.py","lineno":43}
{"timestamp":"2026-04-15T09:35:13.171885Z","level":"info","event":"[FETCH DONE] retrieved=500 rows at skip=3500","logger":"lta_common","filename":"lta_common.py","lineno":58}
{"timestamp":"2026-04-15T09:35:13.172430Z","level":"info","event":"STEP 4: processing page skip=3500 rows=500","logger":"unusual_prefix_faea391ec71b1d4b4651510353e4a48d62001c31_2_refresh_traffic_speed","filename":"2_refresh_traffic_speed.py","lineno":41}
{"timestamp":"2026-04-15T09:35:13.187284Z","level":"warning","event":"[SANITIZE] link_id=5701 field=maximum_speed suspicious sentinel value=999 -> NULL","logger":"lta_common","filename":"lta_common.py","lineno":131}
{"timestamp":"2026-04-15T09:35:13.187475Z","level":"warning","event":"[SANITIZE] link_id=5706 field=maximum_speed suspicious sentinel value=999 -> NULL","logger":"lta_common","filename":"lta_common.py","lineno":131}
{"timestamp":"2026-04-15T09:35:13.187856Z","level":"warning","event":"[SANITIZE] link_id=5757 field=maximum_speed suspicious sentinel value=999 -> NULL","logger":"lta_common","filename":"lta_common.py","lineno":131}
{"timestamp":"2026-04-15T09:35:13.190713Z","level":"info","event":"[CLEAN DONE] rows=500 | null_speed_band=0 | null_minimum_speed=0 | null_maximum_speed=3","logger":"lta_common","filename":"lta_common.py","lineno":226}
{"timestamp":"2026-04-15T09:35:13.192289Z","level":"info","event":"STEP 5: built cleaned snapshot dataframe rows=500","logger":"unusual_prefix_faea391ec71b1d4b4651510353e4a48d62001c31_2_refresh_traffic_speed","filename":"2_refresh_traffic_speed.py","lineno":44}
{"timestamp":"2026-04-15T09:35:13.192886Z","level":"info","event":"[LATEST PREP] rows=500 | missing_measurement_rows=0","logger":"lta_common","filename":"lta_common.py","lineno":259}
{"timestamp":"2026-04-15T09:35:13.193350Z","level":"info","event":"[UPSERT START] upserting 500 rows into traffic_speed_latest","logger":"lta_common","filename":"lta_common.py","lineno":336}
{"timestamp":"2026-04-15T09:35:13.193855Z","level":"info","event":"[UPSERT DEBUG] max_link_id=6101 | min_link_id=5570 | max_speed_band=8 | min_speed_band=1 | max_minimum_speed=70 | min_minimum_speed=0 | max_maximum_speed=69.0 | min_maximum_speed=9.0","logger":"lta_common","filename":"lta_common.py","lineno":338}
{"timestamp":"2026-04-15T09:35:13.654386Z","level":"info","event":"[UPSERT DONE] upserted=500 rows into traffic_speed_latest","logger":"lta_common","filename":"lta_common.py","lineno":376}
{"timestamp":"2026-04-15T09:35:13.654950Z","level":"info","event":"[SAVE START] inserting 500 rows into traffic_speed_recent","logger":"lta_common","filename":"lta_common.py","lineno":307}
{"timestamp":"2026-04-15T09:35:14.090886Z","level":"info","event":"[SAVE DONE] inserted=500 rows into traffic_speed_recent","logger":"lta_common","filename":"lta_common.py","lineno":325}
{"timestamp":"2026-04-15T09:35:14.091147Z","level":"info","event":"STEP 6: page saved skip=3500 | pages=8 | latest_rows=4000 | recent_rows=4000","logger":"unusual_prefix_faea391ec71b1d4b4651510353e4a48d62001c31_2_refresh_traffic_speed","filename":"2_refresh_traffic_speed.py","lineno":56}
{"timestamp":"2026-04-15T09:35:14.091237Z","level":"info","event":"========== PAGE START ==========","logger":"lta_common","filename":"lta_common.py","lineno":52}
{"timestamp":"2026-04-15T09:35:14.091302Z","level":"info","event":"[FETCH] requesting rows 4000–4499","logger":"lta_common","filename":"lta_common.py","lineno":53}
{"timestamp":"2026-04-15T09:35:14.091375Z","level":"info","event":"Fetching page from LTA: skip=4000","logger":"lta_common","filename":"lta_common.py","lineno":35}
{"timestamp":"2026-04-15T09:35:14.428763Z","level":"info","event":"Retrieved 500 rows from LTA at skip=4000","logger":"lta_common","filename":"lta_common.py","lineno":43}
{"timestamp":"2026-04-15T09:35:14.430150Z","level":"info","event":"[FETCH DONE] retrieved=500 rows at skip=4000","logger":"lta_common","filename":"lta_common.py","lineno":58}
{"timestamp":"2026-04-15T09:35:14.430290Z","level":"info","event":"STEP 4: processing page skip=4000 rows=500","logger":"unusual_prefix_faea391ec71b1d4b4651510353e4a48d62001c31_2_refresh_traffic_speed","filename":"2_refresh_traffic_speed.py","lineno":41}
{"timestamp":"2026-04-15T09:35:14.439319Z","level":"warning","event":"[SANITIZE] link_id=6545 field=maximum_speed suspicious sentinel value=999 -> NULL","logger":"lta_common","filename":"lta_common.py","lineno":131}
{"timestamp":"2026-04-15T09:35:14.439614Z","level":"warning","event":"[SANITIZE] link_id=6673 field=maximum_speed suspicious sentinel value=999 -> NULL","logger":"lta_common","filename":"lta_common.py","lineno":131}
{"timestamp":"2026-04-15T09:35:14.440200Z","level":"info","event":"[CLEAN DONE] rows=500 | null_speed_band=0 | null_minimum_speed=0 | null_maximum_speed=2","logger":"lta_common","filename":"lta_common.py","lineno":226}
{"timestamp":"2026-04-15T09:35:14.441156Z","level":"info","event":"STEP 5: built cleaned snapshot dataframe rows=500","logger":"unusual_prefix_faea391ec71b1d4b4651510353e4a48d62001c31_2_refresh_traffic_speed","filename":"2_refresh_traffic_speed.py","lineno":44}
{"timestamp":"2026-04-15T09:35:14.441506Z","level":"info","event":"[LATEST PREP] rows=500 | missing_measurement_rows=0","logger":"lta_common","filename":"lta_common.py","lineno":259}
{"timestamp":"2026-04-15T09:35:14.441746Z","level":"info","event":"[UPSERT START] upserting 500 rows into traffic_speed_latest","logger":"lta_common","filename":"lta_common.py","lineno":336}
{"timestamp":"2026-04-15T09:35:14.442030Z","level":"info","event":"[UPSERT DEBUG] max_link_id=6694 | min_link_id=6102 | max_speed_band=8 | min_speed_band=1 | max_minimum_speed=70 | min_minimum_speed=0 | max_maximum_speed=69.0 | min_maximum_speed=9.0","logger":"lta_common","filename":"lta_common.py","lineno":338}
{"timestamp":"2026-04-15T09:35:14.825717Z","level":"info","event":"[UPSERT DONE] upserted=500 rows into traffic_speed_latest","logger":"lta_common","filename":"lta_common.py","lineno":376}
{"timestamp":"2026-04-15T09:35:14.826220Z","level":"info","event":"[SAVE START] inserting 500 rows into traffic_speed_recent","logger":"lta_common","filename":"lta_common.py","lineno":307}
{"timestamp":"2026-04-15T09:35:15.229347Z","level":"info","event":"[SAVE DONE] inserted=500 rows into traffic_speed_recent","logger":"lta_common","filename":"lta_common.py","lineno":325}
{"timestamp":"2026-04-15T09:35:15.229569Z","level":"info","event":"STEP 6: page saved skip=4000 | pages=9 | latest_rows=4500 | recent_rows=4500","logger":"unusual_prefix_faea391ec71b1d4b4651510353e4a48d62001c31_2_refresh_traffic_speed","filename":"2_refresh_traffic_speed.py","lineno":56}
{"timestamp":"2026-04-15T09:35:15.229632Z","level":"info","event":"========== PAGE START ==========","logger":"lta_common","filename":"lta_common.py","lineno":52}
{"timestamp":"2026-04-15T09:35:15.229667Z","level":"info","event":"[FETCH] requesting rows 4500–4999","logger":"lta_common","filename":"lta_common.py","lineno":53}
{"timestamp":"2026-04-15T09:35:15.229709Z","level":"info","event":"Fetching page from LTA: skip=4500","logger":"lta_common","filename":"lta_common.py","lineno":35}
{"timestamp":"2026-04-15T09:35:15.559763Z","level":"info","event":"Retrieved 500 rows from LTA at skip=4500","logger":"lta_common","filename":"lta_common.py","lineno":43}
{"timestamp":"2026-04-15T09:35:15.561202Z","level":"info","event":"[FETCH DONE] retrieved=500 rows at skip=4500","logger":"lta_common","filename":"lta_common.py","lineno":58}
{"timestamp":"2026-04-15T09:35:15.561446Z","level":"info","event":"STEP 4: processing page skip=4500 rows=500","logger":"unusual_prefix_faea391ec71b1d4b4651510353e4a48d62001c31_2_refresh_traffic_speed","filename":"2_refresh_traffic_speed.py","lineno":41}
{"timestamp":"2026-04-15T09:35:15.569992Z","level":"info","event":"[CLEAN DONE] rows=500 | null_speed_band=0 | null_minimum_speed=0 | null_maximum_speed=0","logger":"lta_common","filename":"lta_common.py","lineno":226}
{"timestamp":"2026-04-15T09:35:15.570883Z","level":"info","event":"STEP 5: built cleaned snapshot dataframe rows=500","logger":"unusual_prefix_faea391ec71b1d4b4651510353e4a48d62001c31_2_refresh_traffic_speed","filename":"2_refresh_traffic_speed.py","lineno":44}
{"timestamp":"2026-04-15T09:35:15.571230Z","level":"info","event":"[LATEST PREP] rows=500 | missing_measurement_rows=0","logger":"lta_common","filename":"lta_common.py","lineno":259}
{"timestamp":"2026-04-15T09:35:15.571459Z","level":"info","event":"[UPSERT START] upserting 500 rows into traffic_speed_latest","logger":"lta_common","filename":"lta_common.py","lineno":336}
{"timestamp":"2026-04-15T09:35:15.571739Z","level":"info","event":"[UPSERT DEBUG] max_link_id=7256 | min_link_id=6695 | max_speed_band=7 | min_speed_band=1 | max_minimum_speed=60 | min_minimum_speed=0 | max_maximum_speed=69 | min_maximum_speed=9","logger":"lta_common","filename":"lta_common.py","lineno":338}
{"timestamp":"2026-04-15T09:35:15.988152Z","level":"info","event":"[UPSERT DONE] upserted=500 rows into traffic_speed_latest","logger":"lta_common","filename":"lta_common.py","lineno":376}
{"timestamp":"2026-04-15T09:35:15.989819Z","level":"info","event":"[SAVE START] inserting 500 rows into traffic_speed_recent","logger":"lta_common","filename":"lta_common.py","lineno":307}
{"timestamp":"2026-04-15T09:35:16.424767Z","level":"info","event":"[SAVE DONE] inserted=500 rows into traffic_speed_recent","logger":"lta_common","filename":"lta_common.py","lineno":325}
{"timestamp":"2026-04-15T09:35:16.424875Z","level":"info","event":"STEP 6: page saved skip=4500 | pages=10 | latest_rows=5000 | recent_rows=5000","logger":"unusual_prefix_faea391ec71b1d4b4651510353e4a48d62001c31_2_refresh_traffic_speed","filename":"2_refresh_traffic_speed.py","lineno":56}
{"timestamp":"2026-04-15T09:35:16.424925Z","level":"info","event":"========== PAGE START ==========","logger":"lta_common","filename":"lta_common.py","lineno":52}
{"timestamp":"2026-04-15T09:35:16.424952Z","level":"info","event":"[FETCH] requesting rows 5000–5499","logger":"lta_common","filename":"lta_common.py","lineno":53}
{"timestamp":"2026-04-15T09:35:16.424982Z","level":"info","event":"Fetching page from LTA: skip=5000","logger":"lta_common","filename":"lta_common.py","lineno":35}
{"timestamp":"2026-04-15T09:35:16.781051Z","level":"info","event":"Retrieved 500 rows from LTA at skip=5000","logger":"lta_common","filename":"lta_common.py","lineno":43}
{"timestamp":"2026-04-15T09:35:16.782277Z","level":"info","event":"[FETCH DONE] retrieved=500 rows at skip=5000","logger":"lta_common","filename":"lta_common.py","lineno":58}
{"timestamp":"2026-04-15T09:35:16.782454Z","level":"info","event":"STEP 4: processing page skip=5000 rows=500","logger":"unusual_prefix_faea391ec71b1d4b4651510353e4a48d62001c31_2_refresh_traffic_speed","filename":"2_refresh_traffic_speed.py","lineno":41}
{"timestamp":"2026-04-15T09:35:16.791305Z","level":"info","event":"[CLEAN DONE] rows=500 | null_speed_band=0 | null_minimum_speed=0 | null_maximum_speed=0","logger":"lta_common","filename":"lta_common.py","lineno":226}
{"timestamp":"2026-04-15T09:35:16.792116Z","level":"info","event":"STEP 5: built cleaned snapshot dataframe rows=500","logger":"unusual_prefix_faea391ec71b1d4b4651510353e4a48d62001c31_2_refresh_traffic_speed","filename":"2_refresh_traffic_speed.py","lineno":44}
{"timestamp":"2026-04-15T09:35:16.792432Z","level":"info","event":"[LATEST PREP] rows=500 | missing_measurement_rows=0","logger":"lta_common","filename":"lta_common.py","lineno":259}
{"timestamp":"2026-04-15T09:35:16.792655Z","level":"info","event":"[UPSERT START] upserting 500 rows into traffic_speed_latest","logger":"lta_common","filename":"lta_common.py","lineno":336}
{"timestamp":"2026-04-15T09:35:16.792948Z","level":"info","event":"[UPSERT DEBUG] max_link_id=8130 | min_link_id=7257 | max_speed_band=7 | min_speed_band=1 | max_minimum_speed=60 | min_minimum_speed=0 | max_maximum_speed=69 | min_maximum_speed=9","logger":"lta_common","filename":"lta_common.py","lineno":338}
{"timestamp":"2026-04-15T09:35:17.193684Z","level":"info","event":"[UPSERT DONE] upserted=500 rows into traffic_speed_latest","logger":"lta_common","filename":"lta_common.py","lineno":376}
{"timestamp":"2026-04-15T09:35:17.194456Z","level":"info","event":"[SAVE START] inserting 500 rows into traffic_speed_recent","logger":"lta_common","filename":"lta_common.py","lineno":307}
{"timestamp":"2026-04-15T09:35:17.588055Z","level":"info","event":"[SAVE DONE] inserted=500 rows into traffic_speed_recent","logger":"lta_common","filename":"lta_common.py","lineno":325}
{"timestamp":"2026-04-15T09:35:17.588334Z","level":"info","event":"STEP 6: page saved skip=5000 | pages=11 | latest_rows=5500 | recent_rows=5500","logger":"unusual_prefix_faea391ec71b1d4b4651510353e4a48d62001c31_2_refresh_traffic_speed","filename":"2_refresh_traffic_speed.py","lineno":56}
{"timestamp":"2026-04-15T09:35:17.588399Z","level":"info","event":"========== PAGE START ==========","logger":"lta_common","filename":"lta_common.py","lineno":52}
{"timestamp":"2026-04-15T09:35:17.588439Z","level":"info","event":"[FETCH] requesting rows 5500–5999","logger":"lta_common","filename":"lta_common.py","lineno":53}
{"timestamp":"2026-04-15T09:35:17.588495Z","level":"info","event":"Fetching page from LTA: skip=5500","logger":"lta_common","filename":"lta_common.py","lineno":35}
{"timestamp":"2026-04-15T09:35:17.972081Z","level":"info","event":"Retrieved 500 rows from LTA at skip=5500","logger":"lta_common","filename":"lta_common.py","lineno":43}
{"timestamp":"2026-04-15T09:35:17.973936Z","level":"info","event":"[FETCH DONE] retrieved=500 rows at skip=5500","logger":"lta_common","filename":"lta_common.py","lineno":58}
{"timestamp":"2026-04-15T09:35:17.974238Z","level":"info","event":"STEP 4: processing page skip=5500 rows=500","logger":"unusual_prefix_faea391ec71b1d4b4651510353e4a48d62001c31_2_refresh_traffic_speed","filename":"2_refresh_traffic_speed.py","lineno":41}
{"timestamp":"2026-04-15T09:35:17.984281Z","level":"warning","event":"[SANITIZE] link_id=8688 field=maximum_speed suspicious sentinel value=999 -> NULL","logger":"lta_common","filename":"lta_common.py","lineno":131}
{"timestamp":"2026-04-15T09:35:17.985206Z","level":"info","event":"[CLEAN DONE] rows=500 | null_speed_band=0 | null_minimum_speed=0 | null_maximum_speed=1","logger":"lta_common","filename":"lta_common.py","lineno":226}
{"timestamp":"2026-04-15T09:35:17.986333Z","level":"info","event":"STEP 5: built cleaned snapshot dataframe rows=500","logger":"unusual_prefix_faea391ec71b1d4b4651510353e4a48d62001c31_2_refresh_traffic_speed","filename":"2_refresh_traffic_speed.py","lineno":44}
{"timestamp":"2026-04-15T09:35:17.986826Z","level":"info","event":"[LATEST PREP] rows=500 | missing_measurement_rows=0","logger":"lta_common","filename":"lta_common.py","lineno":259}
{"timestamp":"2026-04-15T09:35:17.987097Z","level":"info","event":"[UPSERT START] upserting 500 rows into traffic_speed_latest","logger":"lta_common","filename":"lta_common.py","lineno":336}
{"timestamp":"2026-04-15T09:35:17.987413Z","level":"info","event":"[UPSERT DEBUG] max_link_id=8918 | min_link_id=8131 | max_speed_band=8 | min_speed_band=1 | max_minimum_speed=70 | min_minimum_speed=0 | max_maximum_speed=69.0 | min_maximum_speed=9.0","logger":"lta_common","filename":"lta_common.py","lineno":338}
{"timestamp":"2026-04-15T09:35:18.373355Z","level":"info","event":"[UPSERT DONE] upserted=500 rows into traffic_speed_latest","logger":"lta_common","filename":"lta_common.py","lineno":376}
{"timestamp":"2026-04-15T09:35:18.375369Z","level":"info","event":"[SAVE START] inserting 500 rows into traffic_speed_recent","logger":"lta_common","filename":"lta_common.py","lineno":307}
{"timestamp":"2026-04-15T09:35:18.837527Z","level":"info","event":"[SAVE DONE] inserted=500 rows into traffic_speed_recent","logger":"lta_common","filename":"lta_common.py","lineno":325}
{"timestamp":"2026-04-15T09:35:18.837691Z","level":"info","event":"STEP 6: page saved skip=5500 | pages=12 | latest_rows=6000 | recent_rows=6000","logger":"unusual_prefix_faea391ec71b1d4b4651510353e4a48d62001c31_2_refresh_traffic_speed","filename":"2_refresh_traffic_speed.py","lineno":56}
{"timestamp":"2026-04-15T09:35:18.837731Z","level":"info","event":"========== PAGE START ==========","logger":"lta_common","filename":"lta_common.py","lineno":52}
{"timestamp":"2026-04-15T09:35:18.837765Z","level":"info","event":"[FETCH] requesting rows 6000–6499","logger":"lta_common","filename":"lta_common.py","lineno":53}
{"timestamp":"2026-04-15T09:35:18.837805Z","level":"info","event":"Fetching page from LTA: skip=6000","logger":"lta_common","filename":"lta_common.py","lineno":35}
{"timestamp":"2026-04-15T09:35:19.182052Z","level":"info","event":"Retrieved 500 rows from LTA at skip=6000","logger":"lta_common","filename":"lta_common.py","lineno":43}
{"timestamp":"2026-04-15T09:35:19.183517Z","level":"info","event":"[FETCH DONE] retrieved=500 rows at skip=6000","logger":"lta_common","filename":"lta_common.py","lineno":58}
{"timestamp":"2026-04-15T09:35:19.183649Z","level":"info","event":"STEP 4: processing page skip=6000 rows=500","logger":"unusual_prefix_faea391ec71b1d4b4651510353e4a48d62001c31_2_refresh_traffic_speed","filename":"2_refresh_traffic_speed.py","lineno":41}
{"timestamp":"2026-04-15T09:35:19.192354Z","level":"warning","event":"[SANITIZE] link_id=8972 field=maximum_speed suspicious sentinel value=999 -> NULL","logger":"lta_common","filename":"lta_common.py","lineno":131}
{"timestamp":"2026-04-15T09:35:19.193923Z","level":"info","event":"[CLEAN DONE] rows=500 | null_speed_band=0 | null_minimum_speed=0 | null_maximum_speed=1","logger":"lta_common","filename":"lta_common.py","lineno":226}
{"timestamp":"2026-04-15T09:35:19.194815Z","level":"info","event":"STEP 5: built cleaned snapshot dataframe rows=500","logger":"unusual_prefix_faea391ec71b1d4b4651510353e4a48d62001c31_2_refresh_traffic_speed","filename":"2_refresh_traffic_speed.py","lineno":44}
{"timestamp":"2026-04-15T09:35:19.195180Z","level":"info","event":"[LATEST PREP] rows=500 | missing_measurement_rows=0","logger":"lta_common","filename":"lta_common.py","lineno":259}
{"timestamp":"2026-04-15T09:35:19.195420Z","level":"info","event":"[UPSERT START] upserting 500 rows into traffic_speed_latest","logger":"lta_common","filename":"lta_common.py","lineno":336}
{"timestamp":"2026-04-15T09:35:19.196175Z","level":"info","event":"[UPSERT DEBUG] max_link_id=9667 | min_link_id=8919 | max_speed_band=8 | min_speed_band=1 | max_minimum_speed=70 | min_minimum_speed=0 | max_maximum_speed=69.0 | min_maximum_speed=9.0","logger":"lta_common","filename":"lta_common.py","lineno":338}
{"timestamp":"2026-04-15T09:35:19.570829Z","level":"info","event":"[UPSERT DONE] upserted=500 rows into traffic_speed_latest","logger":"lta_common","filename":"lta_common.py","lineno":376}
{"timestamp":"2026-04-15T09:35:19.571475Z","level":"info","event":"[SAVE START] inserting 500 rows into traffic_speed_recent","logger":"lta_common","filename":"lta_common.py","lineno":307}
{"timestamp":"2026-04-15T09:35:19.974021Z","level":"info","event":"[SAVE DONE] inserted=500 rows into traffic_speed_recent","logger":"lta_common","filename":"lta_common.py","lineno":325}
{"timestamp":"2026-04-15T09:35:19.974135Z","level":"info","event":"STEP 6: page saved skip=6000 | pages=13 | latest_rows=6500 | recent_rows=6500","logger":"unusual_prefix_faea391ec71b1d4b4651510353e4a48d62001c31_2_refresh_traffic_speed","filename":"2_refresh_traffic_speed.py","lineno":56}
{"timestamp":"2026-04-15T09:35:19.974167Z","level":"info","event":"========== PAGE START ==========","logger":"lta_common","filename":"lta_common.py","lineno":52}
{"timestamp":"2026-04-15T09:35:19.974190Z","level":"info","event":"[FETCH] requesting rows 6500–6999","logger":"lta_common","filename":"lta_common.py","lineno":53}
{"timestamp":"2026-04-15T09:35:19.974220Z","level":"info","event":"Fetching page from LTA: skip=6500","logger":"lta_common","filename":"lta_common.py","lineno":35}
{"timestamp":"2026-04-15T09:35:20.413189Z","level":"info","event":"Retrieved 500 rows from LTA at skip=6500","logger":"lta_common","filename":"lta_common.py","lineno":43}
{"timestamp":"2026-04-15T09:35:20.417569Z","level":"info","event":"[FETCH DONE] retrieved=500 rows at skip=6500","logger":"lta_common","filename":"lta_common.py","lineno":58}
{"timestamp":"2026-04-15T09:35:20.418087Z","level":"info","event":"STEP 4: processing page skip=6500 rows=500","logger":"unusual_prefix_faea391ec71b1d4b4651510353e4a48d62001c31_2_refresh_traffic_speed","filename":"2_refresh_traffic_speed.py","lineno":41}
{"timestamp":"2026-04-15T09:35:20.432691Z","level":"warning","event":"[SANITIZE] link_id=10024 field=maximum_speed suspicious sentinel value=999 -> NULL","logger":"lta_common","filename":"lta_common.py","lineno":131}
{"timestamp":"2026-04-15T09:35:20.432994Z","level":"warning","event":"[SANITIZE] link_id=10025 field=maximum_speed suspicious sentinel value=999 -> NULL","logger":"lta_common","filename":"lta_common.py","lineno":131}
{"timestamp":"2026-04-15T09:35:20.433113Z","level":"warning","event":"[SANITIZE] link_id=10029 field=maximum_speed suspicious sentinel value=999 -> NULL","logger":"lta_common","filename":"lta_common.py","lineno":131}
{"timestamp":"2026-04-15T09:35:20.433720Z","level":"warning","event":"[SANITIZE] link_id=10422 field=maximum_speed suspicious sentinel value=999 -> NULL","logger":"lta_common","filename":"lta_common.py","lineno":131}
{"timestamp":"2026-04-15T09:35:20.434343Z","level":"info","event":"[CLEAN DONE] rows=500 | null_speed_band=0 | null_minimum_speed=0 | null_maximum_speed=4","logger":"lta_common","filename":"lta_common.py","lineno":226}
{"timestamp":"2026-04-15T09:35:20.435260Z","level":"info","event":"STEP 5: built cleaned snapshot dataframe rows=500","logger":"unusual_prefix_faea391ec71b1d4b4651510353e4a48d62001c31_2_refresh_traffic_speed","filename":"2_refresh_traffic_speed.py","lineno":44}
{"timestamp":"2026-04-15T09:35:20.435656Z","level":"info","event":"[LATEST PREP] rows=500 | missing_measurement_rows=0","logger":"lta_common","filename":"lta_common.py","lineno":259}
{"timestamp":"2026-04-15T09:35:20.435978Z","level":"info","event":"[UPSERT START] upserting 500 rows into traffic_speed_latest","logger":"lta_common","filename":"lta_common.py","lineno":336}
{"timestamp":"2026-04-15T09:35:20.436318Z","level":"info","event":"[UPSERT DEBUG] max_link_id=10530 | min_link_id=9669 | max_speed_band=8 | min_speed_band=1 | max_minimum_speed=70 | min_minimum_speed=0 | max_maximum_speed=69.0 | min_maximum_speed=9.0","logger":"lta_common","filename":"lta_common.py","lineno":338}
{"timestamp":"2026-04-15T09:35:20.798128Z","level":"info","event":"[UPSERT DONE] upserted=500 rows into traffic_speed_latest","logger":"lta_common","filename":"lta_common.py","lineno":376}
{"timestamp":"2026-04-15T09:35:20.799377Z","level":"info","event":"[SAVE START] inserting 500 rows into traffic_speed_recent","logger":"lta_common","filename":"lta_common.py","lineno":307}
{"timestamp":"2026-04-15T09:35:21.178094Z","level":"info","event":"[SAVE DONE] inserted=500 rows into traffic_speed_recent","logger":"lta_common","filename":"lta_common.py","lineno":325}
{"timestamp":"2026-04-15T09:35:21.178458Z","level":"info","event":"STEP 6: page saved skip=6500 | pages=14 | latest_rows=7000 | recent_rows=7000","logger":"unusual_prefix_faea391ec71b1d4b4651510353e4a48d62001c31_2_refresh_traffic_speed","filename":"2_refresh_traffic_speed.py","lineno":56}
{"timestamp":"2026-04-15T09:35:21.178583Z","level":"info","event":"========== PAGE START ==========","logger":"lta_common","filename":"lta_common.py","lineno":52}
{"timestamp":"2026-04-15T09:35:21.178675Z","level":"info","event":"[FETCH] requesting rows 7000–7499","logger":"lta_common","filename":"lta_common.py","lineno":53}
{"timestamp":"2026-04-15T09:35:21.178786Z","level":"info","event":"Fetching page from LTA: skip=7000","logger":"lta_common","filename":"lta_common.py","lineno":35}
{"timestamp":"2026-04-15T09:35:21.603143Z","level":"info","event":"Retrieved 500 rows from LTA at skip=7000","logger":"lta_common","filename":"lta_common.py","lineno":43}
{"timestamp":"2026-04-15T09:35:21.606818Z","level":"info","event":"[FETCH DONE] retrieved=500 rows at skip=7000","logger":"lta_common","filename":"lta_common.py","lineno":58}
{"timestamp":"2026-04-15T09:35:21.607201Z","level":"info","event":"STEP 4: processing page skip=7000 rows=500","logger":"unusual_prefix_faea391ec71b1d4b4651510353e4a48d62001c31_2_refresh_traffic_speed","filename":"2_refresh_traffic_speed.py","lineno":41}
{"timestamp":"2026-04-15T09:35:21.619695Z","level":"warning","event":"[SANITIZE] link_id=10687 field=maximum_speed suspicious sentinel value=999 -> NULL","logger":"lta_common","filename":"lta_common.py","lineno":131}
{"timestamp":"2026-04-15T09:35:21.619861Z","level":"warning","event":"[SANITIZE] link_id=10716 field=maximum_speed suspicious sentinel value=999 -> NULL","logger":"lta_common","filename":"lta_common.py","lineno":131}
{"timestamp":"2026-04-15T09:35:21.620288Z","level":"warning","event":"[SANITIZE] link_id=10951 field=maximum_speed suspicious sentinel value=999 -> NULL","logger":"lta_common","filename":"lta_common.py","lineno":131}
{"timestamp":"2026-04-15T09:35:21.620463Z","level":"warning","event":"[SANITIZE] link_id=11099 field=maximum_speed suspicious sentinel value=999 -> NULL","logger":"lta_common","filename":"lta_common.py","lineno":131}
{"timestamp":"2026-04-15T09:35:21.621228Z","level":"info","event":"[CLEAN DONE] rows=500 | null_speed_band=0 | null_minimum_speed=0 | null_maximum_speed=4","logger":"lta_common","filename":"lta_common.py","lineno":226}
{"timestamp":"2026-04-15T09:35:21.622124Z","level":"info","event":"STEP 5: built cleaned snapshot dataframe rows=500","logger":"unusual_prefix_faea391ec71b1d4b4651510353e4a48d62001c31_2_refresh_traffic_speed","filename":"2_refresh_traffic_speed.py","lineno":44}
{"timestamp":"2026-04-15T09:35:21.622431Z","level":"info","event":"[LATEST PREP] rows=500 | missing_measurement_rows=0","logger":"lta_common","filename":"lta_common.py","lineno":259}
{"timestamp":"2026-04-15T09:35:21.622681Z","level":"info","event":"[UPSERT START] upserting 500 rows into traffic_speed_latest","logger":"lta_common","filename":"lta_common.py","lineno":336}
{"timestamp":"2026-04-15T09:35:21.622958Z","level":"info","event":"[UPSERT DEBUG] max_link_id=11391 | min_link_id=10531 | max_speed_band=8 | min_speed_band=1 | max_minimum_speed=70 | min_minimum_speed=0 | max_maximum_speed=69.0 | min_maximum_speed=9.0","logger":"lta_common","filename":"lta_common.py","lineno":338}
{"timestamp":"2026-04-15T09:35:22.112109Z","level":"info","event":"[UPSERT DONE] upserted=500 rows into traffic_speed_latest","logger":"lta_common","filename":"lta_common.py","lineno":376}
{"timestamp":"2026-04-15T09:35:22.113213Z","level":"info","event":"[SAVE START] inserting 500 rows into traffic_speed_recent","logger":"lta_common","filename":"lta_common.py","lineno":307}
{"timestamp":"2026-04-15T09:35:22.584106Z","level":"info","event":"[SAVE DONE] inserted=500 rows into traffic_speed_recent","logger":"lta_common","filename":"lta_common.py","lineno":325}
{"timestamp":"2026-04-15T09:35:22.584482Z","level":"info","event":"STEP 6: page saved skip=7000 | pages=15 | latest_rows=7500 | recent_rows=7500","logger":"unusual_prefix_faea391ec71b1d4b4651510353e4a48d62001c31_2_refresh_traffic_speed","filename":"2_refresh_traffic_speed.py","lineno":56}
{"timestamp":"2026-04-15T09:35:22.584649Z","level":"info","event":"========== PAGE START ==========","logger":"lta_common","filename":"lta_common.py","lineno":52}
{"timestamp":"2026-04-15T09:35:22.584784Z","level":"info","event":"[FETCH] requesting rows 7500–7999","logger":"lta_common","filename":"lta_common.py","lineno":53}
{"timestamp":"2026-04-15T09:35:22.584964Z","level":"info","event":"Fetching page from LTA: skip=7500","logger":"lta_common","filename":"lta_common.py","lineno":35}
{"timestamp":"2026-04-15T09:35:22.968622Z","level":"info","event":"Retrieved 500 rows from LTA at skip=7500","logger":"lta_common","filename":"lta_common.py","lineno":43}
{"timestamp":"2026-04-15T09:35:22.973542Z","level":"info","event":"[FETCH DONE] retrieved=500 rows at skip=7500","logger":"lta_common","filename":"lta_common.py","lineno":58}
{"timestamp":"2026-04-15T09:35:22.974110Z","level":"info","event":"STEP 4: processing page skip=7500 rows=500","logger":"unusual_prefix_faea391ec71b1d4b4651510353e4a48d62001c31_2_refresh_traffic_speed","filename":"2_refresh_traffic_speed.py","lineno":41}
{"timestamp":"2026-04-15T09:35:22.987079Z","level":"warning","event":"[SANITIZE] link_id=11673 field=maximum_speed suspicious sentinel value=999 -> NULL","logger":"lta_common","filename":"lta_common.py","lineno":131}
{"timestamp":"2026-04-15T09:35:22.987172Z","level":"warning","event":"[SANITIZE] link_id=11675 field=maximum_speed suspicious sentinel value=999 -> NULL","logger":"lta_common","filename":"lta_common.py","lineno":131}
{"timestamp":"2026-04-15T09:35:22.987222Z","level":"warning","event":"[SANITIZE] link_id=11711 field=maximum_speed suspicious sentinel value=999 -> NULL","logger":"lta_common","filename":"lta_common.py","lineno":131}
{"timestamp":"2026-04-15T09:35:22.988425Z","level":"info","event":"[CLEAN DONE] rows=500 | null_speed_band=0 | null_minimum_speed=0 | null_maximum_speed=3","logger":"lta_common","filename":"lta_common.py","lineno":226}
{"timestamp":"2026-04-15T09:35:22.989350Z","level":"info","event":"STEP 5: built cleaned snapshot dataframe rows=500","logger":"unusual_prefix_faea391ec71b1d4b4651510353e4a48d62001c31_2_refresh_traffic_speed","filename":"2_refresh_traffic_speed.py","lineno":44}
{"timestamp":"2026-04-15T09:35:22.989683Z","level":"info","event":"[LATEST PREP] rows=500 | missing_measurement_rows=0","logger":"lta_common","filename":"lta_common.py","lineno":259}
{"timestamp":"2026-04-15T09:35:22.989931Z","level":"info","event":"[UPSERT START] upserting 500 rows into traffic_speed_latest","logger":"lta_common","filename":"lta_common.py","lineno":336}
{"timestamp":"2026-04-15T09:35:22.990220Z","level":"info","event":"[UPSERT DEBUG] max_link_id=12191 | min_link_id=11394 | max_speed_band=8 | min_speed_band=1 | max_minimum_speed=70 | min_minimum_speed=0 | max_maximum_speed=69.0 | min_maximum_speed=9.0","logger":"lta_common","filename":"lta_common.py","lineno":338}
{"timestamp":"2026-04-15T09:35:23.407560Z","level":"info","event":"[UPSERT DONE] upserted=500 rows into traffic_speed_latest","logger":"lta_common","filename":"lta_common.py","lineno":376}
{"timestamp":"2026-04-15T09:35:23.408060Z","level":"info","event":"[SAVE START] inserting 500 rows into traffic_speed_recent","logger":"lta_common","filename":"lta_common.py","lineno":307}
{"timestamp":"2026-04-15T09:35:23.787053Z","level":"info","event":"[SAVE DONE] inserted=500 rows into traffic_speed_recent","logger":"lta_common","filename":"lta_common.py","lineno":325}
{"timestamp":"2026-04-15T09:35:23.787169Z","level":"info","event":"STEP 6: page saved skip=7500 | pages=16 | latest_rows=8000 | recent_rows=8000","logger":"unusual_prefix_faea391ec71b1d4b4651510353e4a48d62001c31_2_refresh_traffic_speed","filename":"2_refresh_traffic_speed.py","lineno":56}
{"timestamp":"2026-04-15T09:35:23.787200Z","level":"info","event":"========== PAGE START ==========","logger":"lta_common","filename":"lta_common.py","lineno":52}
{"timestamp":"2026-04-15T09:35:23.787223Z","level":"info","event":"[FETCH] requesting rows 8000–8499","logger":"lta_common","filename":"lta_common.py","lineno":53}
{"timestamp":"2026-04-15T09:35:23.787251Z","level":"info","event":"Fetching page from LTA: skip=8000","logger":"lta_common","filename":"lta_common.py","lineno":35}
{"timestamp":"2026-04-15T09:35:24.158599Z","level":"info","event":"Retrieved 500 rows from LTA at skip=8000","logger":"lta_common","filename":"lta_common.py","lineno":43}
{"timestamp":"2026-04-15T09:35:24.159702Z","level":"info","event":"[FETCH DONE] retrieved=500 rows at skip=8000","logger":"lta_common","filename":"lta_common.py","lineno":58}
{"timestamp":"2026-04-15T09:35:24.159910Z","level":"info","event":"STEP 4: processing page skip=8000 rows=500","logger":"unusual_prefix_faea391ec71b1d4b4651510353e4a48d62001c31_2_refresh_traffic_speed","filename":"2_refresh_traffic_speed.py","lineno":41}
{"timestamp":"2026-04-15T09:35:24.167460Z","level":"info","event":"[CLEAN DONE] rows=500 | null_speed_band=0 | null_minimum_speed=0 | null_maximum_speed=0","logger":"lta_common","filename":"lta_common.py","lineno":226}
{"timestamp":"2026-04-15T09:35:24.168281Z","level":"info","event":"STEP 5: built cleaned snapshot dataframe rows=500","logger":"unusual_prefix_faea391ec71b1d4b4651510353e4a48d62001c31_2_refresh_traffic_speed","filename":"2_refresh_traffic_speed.py","lineno":44}
{"timestamp":"2026-04-15T09:35:24.168589Z","level":"info","event":"[LATEST PREP] rows=500 | missing_measurement_rows=0","logger":"lta_common","filename":"lta_common.py","lineno":259}
{"timestamp":"2026-04-15T09:35:24.168815Z","level":"info","event":"[UPSERT START] upserting 500 rows into traffic_speed_latest","logger":"lta_common","filename":"lta_common.py","lineno":336}
{"timestamp":"2026-04-15T09:35:24.169346Z","level":"info","event":"[UPSERT DEBUG] max_link_id=12845 | min_link_id=12192 | max_speed_band=7 | min_speed_band=1 | max_minimum_speed=60 | min_minimum_speed=0 | max_maximum_speed=69 | min_maximum_speed=9","logger":"lta_common","filename":"lta_common.py","lineno":338}
{"timestamp":"2026-04-15T09:35:24.551810Z","level":"info","event":"[UPSERT DONE] upserted=500 rows into traffic_speed_latest","logger":"lta_common","filename":"lta_common.py","lineno":376}
{"timestamp":"2026-04-15T09:35:24.552250Z","level":"info","event":"[SAVE START] inserting 500 rows into traffic_speed_recent","logger":"lta_common","filename":"lta_common.py","lineno":307}
{"timestamp":"2026-04-15T09:35:24.921478Z","level":"info","event":"[SAVE DONE] inserted=500 rows into traffic_speed_recent","logger":"lta_common","filename":"lta_common.py","lineno":325}
{"timestamp":"2026-04-15T09:35:24.921680Z","level":"info","event":"STEP 6: page saved skip=8000 | pages=17 | latest_rows=8500 | recent_rows=8500","logger":"unusual_prefix_faea391ec71b1d4b4651510353e4a48d62001c31_2_refresh_traffic_speed","filename":"2_refresh_traffic_speed.py","lineno":56}
{"timestamp":"2026-04-15T09:35:24.921737Z","level":"info","event":"========== PAGE START ==========","logger":"lta_common","filename":"lta_common.py","lineno":52}
{"timestamp":"2026-04-15T09:35:24.921776Z","level":"info","event":"[FETCH] requesting rows 8500–8999","logger":"lta_common","filename":"lta_common.py","lineno":53}
{"timestamp":"2026-04-15T09:35:24.921826Z","level":"info","event":"Fetching page from LTA: skip=8500","logger":"lta_common","filename":"lta_common.py","lineno":35}
{"timestamp":"2026-04-15T09:35:25.320776Z","level":"info","event":"Retrieved 500 rows from LTA at skip=8500","logger":"lta_common","filename":"lta_common.py","lineno":43}
{"timestamp":"2026-04-15T09:35:25.322172Z","level":"info","event":"[FETCH DONE] retrieved=500 rows at skip=8500","logger":"lta_common","filename":"lta_common.py","lineno":58}
{"timestamp":"2026-04-15T09:35:25.322283Z","level":"info","event":"STEP 4: processing page skip=8500 rows=500","logger":"unusual_prefix_faea391ec71b1d4b4651510353e4a48d62001c31_2_refresh_traffic_speed","filename":"2_refresh_traffic_speed.py","lineno":41}
{"timestamp":"2026-04-15T09:35:25.330612Z","level":"info","event":"[CLEAN DONE] rows=500 | null_speed_band=0 | null_minimum_speed=0 | null_maximum_speed=0","logger":"lta_common","filename":"lta_common.py","lineno":226}
{"timestamp":"2026-04-15T09:35:25.331514Z","level":"info","event":"STEP 5: built cleaned snapshot dataframe rows=500","logger":"unusual_prefix_faea391ec71b1d4b4651510353e4a48d62001c31_2_refresh_traffic_speed","filename":"2_refresh_traffic_speed.py","lineno":44}
{"timestamp":"2026-04-15T09:35:25.331840Z","level":"info","event":"[LATEST PREP] rows=500 | missing_measurement_rows=0","logger":"lta_common","filename":"lta_common.py","lineno":259}
{"timestamp":"2026-04-15T09:35:25.332097Z","level":"info","event":"[UPSERT START] upserting 500 rows into traffic_speed_latest","logger":"lta_common","filename":"lta_common.py","lineno":336}
{"timestamp":"2026-04-15T09:35:25.332395Z","level":"info","event":"[UPSERT DEBUG] max_link_id=13560 | min_link_id=12846 | max_speed_band=7 | min_speed_band=1 | max_minimum_speed=60 | min_minimum_speed=0 | max_maximum_speed=69 | min_maximum_speed=9","logger":"lta_common","filename":"lta_common.py","lineno":338}
{"timestamp":"2026-04-15T09:35:25.749623Z","level":"info","event":"[UPSERT DONE] upserted=500 rows into traffic_speed_latest","logger":"lta_common","filename":"lta_common.py","lineno":376}
{"timestamp":"2026-04-15T09:35:25.751652Z","level":"info","event":"[SAVE START] inserting 500 rows into traffic_speed_recent","logger":"lta_common","filename":"lta_common.py","lineno":307}
{"timestamp":"2026-04-15T09:35:26.121242Z","level":"info","event":"[SAVE DONE] inserted=500 rows into traffic_speed_recent","logger":"lta_common","filename":"lta_common.py","lineno":325}
{"timestamp":"2026-04-15T09:35:26.121700Z","level":"info","event":"STEP 6: page saved skip=8500 | pages=18 | latest_rows=9000 | recent_rows=9000","logger":"unusual_prefix_faea391ec71b1d4b4651510353e4a48d62001c31_2_refresh_traffic_speed","filename":"2_refresh_traffic_speed.py","lineno":56}
{"timestamp":"2026-04-15T09:35:26.121884Z","level":"info","event":"========== PAGE START ==========","logger":"lta_common","filename":"lta_common.py","lineno":52}
{"timestamp":"2026-04-15T09:35:26.122121Z","level":"info","event":"[FETCH] requesting rows 9000–9499","logger":"lta_common","filename":"lta_common.py","lineno":53}
{"timestamp":"2026-04-15T09:35:26.122315Z","level":"info","event":"Fetching page from LTA: skip=9000","logger":"lta_common","filename":"lta_common.py","lineno":35}
{"timestamp":"2026-04-15T09:35:26.569214Z","level":"info","event":"Retrieved 500 rows from LTA at skip=9000","logger":"lta_common","filename":"lta_common.py","lineno":43}
{"timestamp":"2026-04-15T09:35:26.572917Z","level":"info","event":"[FETCH DONE] retrieved=500 rows at skip=9000","logger":"lta_common","filename":"lta_common.py","lineno":58}
{"timestamp":"2026-04-15T09:35:26.573653Z","level":"info","event":"STEP 4: processing page skip=9000 rows=500","logger":"unusual_prefix_faea391ec71b1d4b4651510353e4a48d62001c31_2_refresh_traffic_speed","filename":"2_refresh_traffic_speed.py","lineno":41}
{"timestamp":"2026-04-15T09:35:26.587395Z","level":"info","event":"[CLEAN DONE] rows=500 | null_speed_band=0 | null_minimum_speed=0 | null_maximum_speed=0","logger":"lta_common","filename":"lta_common.py","lineno":226}
{"timestamp":"2026-04-15T09:35:26.588254Z","level":"info","event":"STEP 5: built cleaned snapshot dataframe rows=500","logger":"unusual_prefix_faea391ec71b1d4b4651510353e4a48d62001c31_2_refresh_traffic_speed","filename":"2_refresh_traffic_speed.py","lineno":44}
{"timestamp":"2026-04-15T09:35:26.588575Z","level":"info","event":"[LATEST PREP] rows=500 | missing_measurement_rows=0","logger":"lta_common","filename":"lta_common.py","lineno":259}
{"timestamp":"2026-04-15T09:35:26.588801Z","level":"info","event":"[UPSERT START] upserting 500 rows into traffic_speed_latest","logger":"lta_common","filename":"lta_common.py","lineno":336}
{"timestamp":"2026-04-15T09:35:26.589079Z","level":"info","event":"[UPSERT DEBUG] max_link_id=14274 | min_link_id=13561 | max_speed_band=7 | min_speed_band=1 | max_minimum_speed=60 | min_minimum_speed=0 | max_maximum_speed=69 | min_maximum_speed=9","logger":"lta_common","filename":"lta_common.py","lineno":338}
{"timestamp":"2026-04-15T09:35:26.962656Z","level":"info","event":"[UPSERT DONE] upserted=500 rows into traffic_speed_latest","logger":"lta_common","filename":"lta_common.py","lineno":376}
{"timestamp":"2026-04-15T09:35:26.964199Z","level":"info","event":"[SAVE START] inserting 500 rows into traffic_speed_recent","logger":"lta_common","filename":"lta_common.py","lineno":307}
{"timestamp":"2026-04-15T09:35:27.327688Z","level":"info","event":"[SAVE DONE] inserted=500 rows into traffic_speed_recent","logger":"lta_common","filename":"lta_common.py","lineno":325}
{"timestamp":"2026-04-15T09:35:27.328331Z","level":"info","event":"STEP 6: page saved skip=9000 | pages=19 | latest_rows=9500 | recent_rows=9500","logger":"unusual_prefix_faea391ec71b1d4b4651510353e4a48d62001c31_2_refresh_traffic_speed","filename":"2_refresh_traffic_speed.py","lineno":56}
{"timestamp":"2026-04-15T09:35:27.328533Z","level":"info","event":"========== PAGE START ==========","logger":"lta_common","filename":"lta_common.py","lineno":52}
{"timestamp":"2026-04-15T09:35:27.328673Z","level":"info","event":"[FETCH] requesting rows 9500–9999","logger":"lta_common","filename":"lta_common.py","lineno":53}
{"timestamp":"2026-04-15T09:35:27.328832Z","level":"info","event":"Fetching page from LTA: skip=9500","logger":"lta_common","filename":"lta_common.py","lineno":35}
{"timestamp":"2026-04-15T09:35:27.737687Z","level":"info","event":"Retrieved 500 rows from LTA at skip=9500","logger":"lta_common","filename":"lta_common.py","lineno":43}
{"timestamp":"2026-04-15T09:35:27.739485Z","level":"info","event":"[FETCH DONE] retrieved=500 rows at skip=9500","logger":"lta_common","filename":"lta_common.py","lineno":58}
{"timestamp":"2026-04-15T09:35:27.739619Z","level":"info","event":"STEP 4: processing page skip=9500 rows=500","logger":"unusual_prefix_faea391ec71b1d4b4651510353e4a48d62001c31_2_refresh_traffic_speed","filename":"2_refresh_traffic_speed.py","lineno":41}
{"timestamp":"2026-04-15T09:35:27.747996Z","level":"info","event":"[CLEAN DONE] rows=500 | null_speed_band=0 | null_minimum_speed=0 | null_maximum_speed=0","logger":"lta_common","filename":"lta_common.py","lineno":226}
{"timestamp":"2026-04-15T09:35:27.748975Z","level":"info","event":"STEP 5: built cleaned snapshot dataframe rows=500","logger":"unusual_prefix_faea391ec71b1d4b4651510353e4a48d62001c31_2_refresh_traffic_speed","filename":"2_refresh_traffic_speed.py","lineno":44}
{"timestamp":"2026-04-15T09:35:27.749341Z","level":"info","event":"[LATEST PREP] rows=500 | missing_measurement_rows=0","logger":"lta_common","filename":"lta_common.py","lineno":259}
{"timestamp":"2026-04-15T09:35:27.749596Z","level":"info","event":"[UPSERT START] upserting 500 rows into traffic_speed_latest","logger":"lta_common","filename":"lta_common.py","lineno":336}
{"timestamp":"2026-04-15T09:35:27.749912Z","level":"info","event":"[UPSERT DEBUG] max_link_id=14956 | min_link_id=14275 | max_speed_band=7 | min_speed_band=1 | max_minimum_speed=60 | min_minimum_speed=0 | max_maximum_speed=69 | min_maximum_speed=9","logger":"lta_common","filename":"lta_common.py","lineno":338}
{"timestamp":"2026-04-15T09:35:28.158831Z","level":"info","event":"[UPSERT DONE] upserted=500 rows into traffic_speed_latest","logger":"lta_common","filename":"lta_common.py","lineno":376}
{"timestamp":"2026-04-15T09:35:28.160883Z","level":"info","event":"[SAVE START] inserting 500 rows into traffic_speed_recent","logger":"lta_common","filename":"lta_common.py","lineno":307}
{"timestamp":"2026-04-15T09:35:28.536815Z","level":"info","event":"[SAVE DONE] inserted=500 rows into traffic_speed_recent","logger":"lta_common","filename":"lta_common.py","lineno":325}
{"timestamp":"2026-04-15T09:35:28.537147Z","level":"info","event":"STEP 6: page saved skip=9500 | pages=20 | latest_rows=10000 | recent_rows=10000","logger":"unusual_prefix_faea391ec71b1d4b4651510353e4a48d62001c31_2_refresh_traffic_speed","filename":"2_refresh_traffic_speed.py","lineno":56}
{"timestamp":"2026-04-15T09:35:28.537214Z","level":"info","event":"========== PAGE START ==========","logger":"lta_common","filename":"lta_common.py","lineno":52}
{"timestamp":"2026-04-15T09:35:28.537252Z","level":"info","event":"[FETCH] requesting rows 10000–10499","logger":"lta_common","filename":"lta_common.py","lineno":53}
{"timestamp":"2026-04-15T09:35:28.537310Z","level":"info","event":"Fetching page from LTA: skip=10000","logger":"lta_common","filename":"lta_common.py","lineno":35}
{"timestamp":"2026-04-15T09:35:28.939620Z","level":"info","event":"Retrieved 500 rows from LTA at skip=10000","logger":"lta_common","filename":"lta_common.py","lineno":43}
{"timestamp":"2026-04-15T09:35:28.941165Z","level":"info","event":"[FETCH DONE] retrieved=500 rows at skip=10000","logger":"lta_common","filename":"lta_common.py","lineno":58}
{"timestamp":"2026-04-15T09:35:28.941447Z","level":"info","event":"STEP 4: processing page skip=10000 rows=500","logger":"unusual_prefix_faea391ec71b1d4b4651510353e4a48d62001c31_2_refresh_traffic_speed","filename":"2_refresh_traffic_speed.py","lineno":41}
{"timestamp":"2026-04-15T09:35:28.949979Z","level":"info","event":"[CLEAN DONE] rows=500 | null_speed_band=0 | null_minimum_speed=0 | null_maximum_speed=0","logger":"lta_common","filename":"lta_common.py","lineno":226}
{"timestamp":"2026-04-15T09:35:28.950936Z","level":"info","event":"STEP 5: built cleaned snapshot dataframe rows=500","logger":"unusual_prefix_faea391ec71b1d4b4651510353e4a48d62001c31_2_refresh_traffic_speed","filename":"2_refresh_traffic_speed.py","lineno":44}
{"timestamp":"2026-04-15T09:35:28.951291Z","level":"info","event":"[LATEST PREP] rows=500 | missing_measurement_rows=0","logger":"lta_common","filename":"lta_common.py","lineno":259}
{"timestamp":"2026-04-15T09:35:28.951526Z","level":"info","event":"[UPSERT START] upserting 500 rows into traffic_speed_latest","logger":"lta_common","filename":"lta_common.py","lineno":336}
{"timestamp":"2026-04-15T09:35:28.951833Z","level":"info","event":"[UPSERT DEBUG] max_link_id=15673 | min_link_id=14959 | max_speed_band=6 | min_speed_band=1 | max_minimum_speed=50 | min_minimum_speed=0 | max_maximum_speed=59 | min_maximum_speed=9","logger":"lta_common","filename":"lta_common.py","lineno":338}
{"timestamp":"2026-04-15T09:35:29.300856Z","level":"info","event":"[UPSERT DONE] upserted=500 rows into traffic_speed_latest","logger":"lta_common","filename":"lta_common.py","lineno":376}
{"timestamp":"2026-04-15T09:35:29.301414Z","level":"info","event":"[SAVE START] inserting 500 rows into traffic_speed_recent","logger":"lta_common","filename":"lta_common.py","lineno":307}
{"timestamp":"2026-04-15T09:35:29.670765Z","level":"info","event":"[SAVE DONE] inserted=500 rows into traffic_speed_recent","logger":"lta_common","filename":"lta_common.py","lineno":325}
{"timestamp":"2026-04-15T09:35:29.670959Z","level":"info","event":"STEP 6: page saved skip=10000 | pages=21 | latest_rows=10500 | recent_rows=10500","logger":"unusual_prefix_faea391ec71b1d4b4651510353e4a48d62001c31_2_refresh_traffic_speed","filename":"2_refresh_traffic_speed.py","lineno":56}
{"timestamp":"2026-04-15T09:35:29.671018Z","level":"info","event":"========== PAGE START ==========","logger":"lta_common","filename":"lta_common.py","lineno":52}
{"timestamp":"2026-04-15T09:35:29.671055Z","level":"info","event":"[FETCH] requesting rows 10500–10999","logger":"lta_common","filename":"lta_common.py","lineno":53}
{"timestamp":"2026-04-15T09:35:29.671117Z","level":"info","event":"Fetching page from LTA: skip=10500","logger":"lta_common","filename":"lta_common.py","lineno":35}
{"timestamp":"2026-04-15T09:35:30.065606Z","level":"info","event":"Retrieved 500 rows from LTA at skip=10500","logger":"lta_common","filename":"lta_common.py","lineno":43}
{"timestamp":"2026-04-15T09:35:30.071394Z","level":"info","event":"[FETCH DONE] retrieved=500 rows at skip=10500","logger":"lta_common","filename":"lta_common.py","lineno":58}
{"timestamp":"2026-04-15T09:35:30.072702Z","level":"info","event":"STEP 4: processing page skip=10500 rows=500","logger":"unusual_prefix_faea391ec71b1d4b4651510353e4a48d62001c31_2_refresh_traffic_speed","filename":"2_refresh_traffic_speed.py","lineno":41}
{"timestamp":"2026-04-15T09:35:30.091676Z","level":"info","event":"[CLEAN DONE] rows=500 | null_speed_band=0 | null_minimum_speed=0 | null_maximum_speed=0","logger":"lta_common","filename":"lta_common.py","lineno":226}
{"timestamp":"2026-04-15T09:35:30.093497Z","level":"info","event":"STEP 5: built cleaned snapshot dataframe rows=500","logger":"unusual_prefix_faea391ec71b1d4b4651510353e4a48d62001c31_2_refresh_traffic_speed","filename":"2_refresh_traffic_speed.py","lineno":44}
{"timestamp":"2026-04-15T09:35:30.094244Z","level":"info","event":"[LATEST PREP] rows=500 | missing_measurement_rows=0","logger":"lta_common","filename":"lta_common.py","lineno":259}
{"timestamp":"2026-04-15T09:35:30.094746Z","level":"info","event":"[UPSERT START] upserting 500 rows into traffic_speed_latest","logger":"lta_common","filename":"lta_common.py","lineno":336}
{"timestamp":"2026-04-15T09:35:30.095339Z","level":"info","event":"[UPSERT DEBUG] max_link_id=16309 | min_link_id=15675 | max_speed_band=7 | min_speed_band=1 | max_minimum_speed=60 | min_minimum_speed=0 | max_maximum_speed=69 | min_maximum_speed=9","logger":"lta_common","filename":"lta_common.py","lineno":338}
{"timestamp":"2026-04-15T09:35:30.479438Z","level":"info","event":"[UPSERT DONE] upserted=500 rows into traffic_speed_latest","logger":"lta_common","filename":"lta_common.py","lineno":376}
{"timestamp":"2026-04-15T09:35:30.482635Z","level":"info","event":"[SAVE START] inserting 500 rows into traffic_speed_recent","logger":"lta_common","filename":"lta_common.py","lineno":307}
{"timestamp":"2026-04-15T09:35:30.888269Z","level":"info","event":"[SAVE DONE] inserted=500 rows into traffic_speed_recent","logger":"lta_common","filename":"lta_common.py","lineno":325}
{"timestamp":"2026-04-15T09:35:30.889713Z","level":"info","event":"STEP 6: page saved skip=10500 | pages=22 | latest_rows=11000 | recent_rows=11000","logger":"unusual_prefix_faea391ec71b1d4b4651510353e4a48d62001c31_2_refresh_traffic_speed","filename":"2_refresh_traffic_speed.py","lineno":56}
{"timestamp":"2026-04-15T09:35:30.890329Z","level":"info","event":"========== PAGE START ==========","logger":"lta_common","filename":"lta_common.py","lineno":52}
{"timestamp":"2026-04-15T09:35:30.890452Z","level":"info","event":"[FETCH] requesting rows 11000–11499","logger":"lta_common","filename":"lta_common.py","lineno":53}
{"timestamp":"2026-04-15T09:35:30.890562Z","level":"info","event":"Fetching page from LTA: skip=11000","logger":"lta_common","filename":"lta_common.py","lineno":35}
{"timestamp":"2026-04-15T09:35:31.269806Z","level":"info","event":"Retrieved 500 rows from LTA at skip=11000","logger":"lta_common","filename":"lta_common.py","lineno":43}
{"timestamp":"2026-04-15T09:35:31.275804Z","level":"info","event":"[FETCH DONE] retrieved=500 rows at skip=11000","logger":"lta_common","filename":"lta_common.py","lineno":58}
{"timestamp":"2026-04-15T09:35:31.276958Z","level":"info","event":"STEP 4: processing page skip=11000 rows=500","logger":"unusual_prefix_faea391ec71b1d4b4651510353e4a48d62001c31_2_refresh_traffic_speed","filename":"2_refresh_traffic_speed.py","lineno":41}
{"timestamp":"2026-04-15T09:35:31.296922Z","level":"info","event":"[CLEAN DONE] rows=500 | null_speed_band=0 | null_minimum_speed=0 | null_maximum_speed=0","logger":"lta_common","filename":"lta_common.py","lineno":226}
{"timestamp":"2026-04-15T09:35:31.299015Z","level":"info","event":"STEP 5: built cleaned snapshot dataframe rows=500","logger":"unusual_prefix_faea391ec71b1d4b4651510353e4a48d62001c31_2_refresh_traffic_speed","filename":"2_refresh_traffic_speed.py","lineno":44}
{"timestamp":"2026-04-15T09:35:31.299834Z","level":"info","event":"[LATEST PREP] rows=500 | missing_measurement_rows=0","logger":"lta_common","filename":"lta_common.py","lineno":259}
{"timestamp":"2026-04-15T09:35:31.300367Z","level":"info","event":"[UPSERT START] upserting 500 rows into traffic_speed_latest","logger":"lta_common","filename":"lta_common.py","lineno":336}
{"timestamp":"2026-04-15T09:35:31.301029Z","level":"info","event":"[UPSERT DEBUG] max_link_id=17103 | min_link_id=16310 | max_speed_band=7 | min_speed_band=1 | max_minimum_speed=60 | min_minimum_speed=0 | max_maximum_speed=69 | min_maximum_speed=9","logger":"lta_common","filename":"lta_common.py","lineno":338}
{"timestamp":"2026-04-15T09:35:31.735768Z","level":"info","event":"[UPSERT DONE] upserted=500 rows into traffic_speed_latest","logger":"lta_common","filename":"lta_common.py","lineno":376}
{"timestamp":"2026-04-15T09:35:31.736286Z","level":"info","event":"[SAVE START] inserting 500 rows into traffic_speed_recent","logger":"lta_common","filename":"lta_common.py","lineno":307}
{"timestamp":"2026-04-15T09:35:32.230985Z","level":"info","event":"[SAVE DONE] inserted=500 rows into traffic_speed_recent","logger":"lta_common","filename":"lta_common.py","lineno":325}
{"timestamp":"2026-04-15T09:35:32.231138Z","level":"info","event":"STEP 6: page saved skip=11000 | pages=23 | latest_rows=11500 | recent_rows=11500","logger":"unusual_prefix_faea391ec71b1d4b4651510353e4a48d62001c31_2_refresh_traffic_speed","filename":"2_refresh_traffic_speed.py","lineno":56}
{"timestamp":"2026-04-15T09:35:32.231176Z","level":"info","event":"========== PAGE START ==========","logger":"lta_common","filename":"lta_common.py","lineno":52}
{"timestamp":"2026-04-15T09:35:32.231199Z","level":"info","event":"[FETCH] requesting rows 11500–11999","logger":"lta_common","filename":"lta_common.py","lineno":53}
{"timestamp":"2026-04-15T09:35:32.231230Z","level":"info","event":"Fetching page from LTA: skip=11500","logger":"lta_common","filename":"lta_common.py","lineno":35}
{"timestamp":"2026-04-15T09:35:32.667626Z","level":"info","event":"Retrieved 500 rows from LTA at skip=11500","logger":"lta_common","filename":"lta_common.py","lineno":43}
{"timestamp":"2026-04-15T09:35:32.669145Z","level":"info","event":"[FETCH DONE] retrieved=500 rows at skip=11500","logger":"lta_common","filename":"lta_common.py","lineno":58}
{"timestamp":"2026-04-15T09:35:32.669244Z","level":"info","event":"STEP 4: processing page skip=11500 rows=500","logger":"unusual_prefix_faea391ec71b1d4b4651510353e4a48d62001c31_2_refresh_traffic_speed","filename":"2_refresh_traffic_speed.py","lineno":41}
{"timestamp":"2026-04-15T09:35:32.675825Z","level":"warning","event":"[SANITIZE] link_id=17752 field=maximum_speed suspicious sentinel value=999 -> NULL","logger":"lta_common","filename":"lta_common.py","lineno":131}
{"timestamp":"2026-04-15T09:35:32.675885Z","level":"warning","event":"[SANITIZE] link_id=17753 field=maximum_speed suspicious sentinel value=999 -> NULL","logger":"lta_common","filename":"lta_common.py","lineno":131}
{"timestamp":"2026-04-15T09:35:32.676745Z","level":"info","event":"[CLEAN DONE] rows=500 | null_speed_band=0 | null_minimum_speed=0 | null_maximum_speed=2","logger":"lta_common","filename":"lta_common.py","lineno":226}
{"timestamp":"2026-04-15T09:35:32.677492Z","level":"info","event":"STEP 5: built cleaned snapshot dataframe rows=500","logger":"unusual_prefix_faea391ec71b1d4b4651510353e4a48d62001c31_2_refresh_traffic_speed","filename":"2_refresh_traffic_speed.py","lineno":44}
{"timestamp":"2026-04-15T09:35:32.677771Z","level":"info","event":"[LATEST PREP] rows=500 | missing_measurement_rows=0","logger":"lta_common","filename":"lta_common.py","lineno":259}
{"timestamp":"2026-04-15T09:35:32.678012Z","level":"info","event":"[UPSERT START] upserting 500 rows into traffic_speed_latest","logger":"lta_common","filename":"lta_common.py","lineno":336}
{"timestamp":"2026-04-15T09:35:32.678283Z","level":"info","event":"[UPSERT DEBUG] max_link_id=18105 | min_link_id=17132 | max_speed_band=8 | min_speed_band=1 | max_minimum_speed=70 | min_minimum_speed=0 | max_maximum_speed=69.0 | min_maximum_speed=9.0","logger":"lta_common","filename":"lta_common.py","lineno":338}
{"timestamp":"2026-04-15T09:35:33.209402Z","level":"info","event":"[UPSERT DONE] upserted=500 rows into traffic_speed_latest","logger":"lta_common","filename":"lta_common.py","lineno":376}
{"timestamp":"2026-04-15T09:35:33.209786Z","level":"info","event":"[SAVE START] inserting 500 rows into traffic_speed_recent","logger":"lta_common","filename":"lta_common.py","lineno":307}
{"timestamp":"2026-04-15T09:35:33.662209Z","level":"info","event":"[SAVE DONE] inserted=500 rows into traffic_speed_recent","logger":"lta_common","filename":"lta_common.py","lineno":325}
{"timestamp":"2026-04-15T09:35:33.662332Z","level":"info","event":"STEP 6: page saved skip=11500 | pages=24 | latest_rows=12000 | recent_rows=12000","logger":"unusual_prefix_faea391ec71b1d4b4651510353e4a48d62001c31_2_refresh_traffic_speed","filename":"2_refresh_traffic_speed.py","lineno":56}
{"timestamp":"2026-04-15T09:35:33.662361Z","level":"info","event":"========== PAGE START ==========","logger":"lta_common","filename":"lta_common.py","lineno":52}
{"timestamp":"2026-04-15T09:35:33.662383Z","level":"info","event":"[FETCH] requesting rows 12000–12499","logger":"lta_common","filename":"lta_common.py","lineno":53}
{"timestamp":"2026-04-15T09:35:33.662412Z","level":"info","event":"Fetching page from LTA: skip=12000","logger":"lta_common","filename":"lta_common.py","lineno":35}
{"timestamp":"2026-04-15T09:35:34.070619Z","level":"info","event":"Retrieved 500 rows from LTA at skip=12000","logger":"lta_common","filename":"lta_common.py","lineno":43}
{"timestamp":"2026-04-15T09:35:34.072529Z","level":"info","event":"[FETCH DONE] retrieved=500 rows at skip=12000","logger":"lta_common","filename":"lta_common.py","lineno":58}
{"timestamp":"2026-04-15T09:35:34.072926Z","level":"info","event":"STEP 4: processing page skip=12000 rows=500","logger":"unusual_prefix_faea391ec71b1d4b4651510353e4a48d62001c31_2_refresh_traffic_speed","filename":"2_refresh_traffic_speed.py","lineno":41}
{"timestamp":"2026-04-15T09:35:34.084116Z","level":"info","event":"[CLEAN DONE] rows=500 | null_speed_band=0 | null_minimum_speed=0 | null_maximum_speed=0","logger":"lta_common","filename":"lta_common.py","lineno":226}
{"timestamp":"2026-04-15T09:35:34.085244Z","level":"info","event":"STEP 5: built cleaned snapshot dataframe rows=500","logger":"unusual_prefix_faea391ec71b1d4b4651510353e4a48d62001c31_2_refresh_traffic_speed","filename":"2_refresh_traffic_speed.py","lineno":44}
{"timestamp":"2026-04-15T09:35:34.085661Z","level":"info","event":"[LATEST PREP] rows=500 | missing_measurement_rows=0","logger":"lta_common","filename":"lta_common.py","lineno":259}
{"timestamp":"2026-04-15T09:35:34.085964Z","level":"info","event":"[UPSERT START] upserting 500 rows into traffic_speed_latest","logger":"lta_common","filename":"lta_common.py","lineno":336}
{"timestamp":"2026-04-15T09:35:34.086355Z","level":"info","event":"[UPSERT DEBUG] max_link_id=18947 | min_link_id=18108 | max_speed_band=6 | min_speed_band=1 | max_minimum_speed=50 | min_minimum_speed=0 | max_maximum_speed=59 | min_maximum_speed=9","logger":"lta_common","filename":"lta_common.py","lineno":338}
{"timestamp":"2026-04-15T09:35:34.526161Z","level":"info","event":"[UPSERT DONE] upserted=500 rows into traffic_speed_latest","logger":"lta_common","filename":"lta_common.py","lineno":376}
{"timestamp":"2026-04-15T09:35:34.528001Z","level":"info","event":"[SAVE START] inserting 500 rows into traffic_speed_recent","logger":"lta_common","filename":"lta_common.py","lineno":307}
{"timestamp":"2026-04-15T09:35:34.946435Z","level":"info","event":"[SAVE DONE] inserted=500 rows into traffic_speed_recent","logger":"lta_common","filename":"lta_common.py","lineno":325}
{"timestamp":"2026-04-15T09:35:34.946810Z","level":"info","event":"STEP 6: page saved skip=12000 | pages=25 | latest_rows=12500 | recent_rows=12500","logger":"unusual_prefix_faea391ec71b1d4b4651510353e4a48d62001c31_2_refresh_traffic_speed","filename":"2_refresh_traffic_speed.py","lineno":56}
{"timestamp":"2026-04-15T09:35:34.946970Z","level":"info","event":"========== PAGE START ==========","logger":"lta_common","filename":"lta_common.py","lineno":52}
{"timestamp":"2026-04-15T09:35:34.947044Z","level":"info","event":"[FETCH] requesting rows 12500–12999","logger":"lta_common","filename":"lta_common.py","lineno":53}
{"timestamp":"2026-04-15T09:35:34.947133Z","level":"info","event":"Fetching page from LTA: skip=12500","logger":"lta_common","filename":"lta_common.py","lineno":35}
{"timestamp":"2026-04-15T09:35:35.315118Z","level":"info","event":"Retrieved 500 rows from LTA at skip=12500","logger":"lta_common","filename":"lta_common.py","lineno":43}
{"timestamp":"2026-04-15T09:35:35.318850Z","level":"info","event":"[FETCH DONE] retrieved=500 rows at skip=12500","logger":"lta_common","filename":"lta_common.py","lineno":58}
{"timestamp":"2026-04-15T09:35:35.319555Z","level":"info","event":"STEP 4: processing page skip=12500 rows=500","logger":"unusual_prefix_faea391ec71b1d4b4651510353e4a48d62001c31_2_refresh_traffic_speed","filename":"2_refresh_traffic_speed.py","lineno":41}
{"timestamp":"2026-04-15T09:35:35.335369Z","level":"info","event":"[CLEAN DONE] rows=500 | null_speed_band=0 | null_minimum_speed=0 | null_maximum_speed=0","logger":"lta_common","filename":"lta_common.py","lineno":226}
{"timestamp":"2026-04-15T09:35:35.336712Z","level":"info","event":"STEP 5: built cleaned snapshot dataframe rows=500","logger":"unusual_prefix_faea391ec71b1d4b4651510353e4a48d62001c31_2_refresh_traffic_speed","filename":"2_refresh_traffic_speed.py","lineno":44}
{"timestamp":"2026-04-15T09:35:35.337274Z","level":"info","event":"[LATEST PREP] rows=500 | missing_measurement_rows=0","logger":"lta_common","filename":"lta_common.py","lineno":259}
{"timestamp":"2026-04-15T09:35:35.337681Z","level":"info","event":"[UPSERT START] upserting 500 rows into traffic_speed_latest","logger":"lta_common","filename":"lta_common.py","lineno":336}
{"timestamp":"2026-04-15T09:35:35.338155Z","level":"info","event":"[UPSERT DEBUG] max_link_id=19645 | min_link_id=18949 | max_speed_band=6 | min_speed_band=1 | max_minimum_speed=50 | min_minimum_speed=0 | max_maximum_speed=59 | min_maximum_speed=9","logger":"lta_common","filename":"lta_common.py","lineno":338}
{"timestamp":"2026-04-15T09:35:35.759802Z","level":"info","event":"[UPSERT DONE] upserted=500 rows into traffic_speed_latest","logger":"lta_common","filename":"lta_common.py","lineno":376}
{"timestamp":"2026-04-15T09:35:35.761873Z","level":"info","event":"[SAVE START] inserting 500 rows into traffic_speed_recent","logger":"lta_common","filename":"lta_common.py","lineno":307}
{"timestamp":"2026-04-15T09:35:36.231321Z","level":"info","event":"[SAVE DONE] inserted=500 rows into traffic_speed_recent","logger":"lta_common","filename":"lta_common.py","lineno":325}
{"timestamp":"2026-04-15T09:35:36.232037Z","level":"info","event":"STEP 6: page saved skip=12500 | pages=26 | latest_rows=13000 | recent_rows=13000","logger":"unusual_prefix_faea391ec71b1d4b4651510353e4a48d62001c31_2_refresh_traffic_speed","filename":"2_refresh_traffic_speed.py","lineno":56}
{"timestamp":"2026-04-15T09:35:36.232233Z","level":"info","event":"========== PAGE START ==========","logger":"lta_common","filename":"lta_common.py","lineno":52}
{"timestamp":"2026-04-15T09:35:36.232339Z","level":"info","event":"[FETCH] requesting rows 13000–13499","logger":"lta_common","filename":"lta_common.py","lineno":53}
{"timestamp":"2026-04-15T09:35:36.232598Z","level":"info","event":"Fetching page from LTA: skip=13000","logger":"lta_common","filename":"lta_common.py","lineno":35}
{"timestamp":"2026-04-15T09:35:36.664523Z","level":"info","event":"Retrieved 500 rows from LTA at skip=13000","logger":"lta_common","filename":"lta_common.py","lineno":43}
{"timestamp":"2026-04-15T09:35:36.669395Z","level":"info","event":"[FETCH DONE] retrieved=500 rows at skip=13000","logger":"lta_common","filename":"lta_common.py","lineno":58}
{"timestamp":"2026-04-15T09:35:36.670477Z","level":"info","event":"STEP 4: processing page skip=13000 rows=500","logger":"unusual_prefix_faea391ec71b1d4b4651510353e4a48d62001c31_2_refresh_traffic_speed","filename":"2_refresh_traffic_speed.py","lineno":41}
{"timestamp":"2026-04-15T09:35:36.689388Z","level":"info","event":"[CLEAN DONE] rows=500 | null_speed_band=0 | null_minimum_speed=0 | null_maximum_speed=0","logger":"lta_common","filename":"lta_common.py","lineno":226}
{"timestamp":"2026-04-15T09:35:36.691063Z","level":"info","event":"STEP 5: built cleaned snapshot dataframe rows=500","logger":"unusual_prefix_faea391ec71b1d4b4651510353e4a48d62001c31_2_refresh_traffic_speed","filename":"2_refresh_traffic_speed.py","lineno":44}
{"timestamp":"2026-04-15T09:35:36.691699Z","level":"info","event":"[LATEST PREP] rows=500 | missing_measurement_rows=0","logger":"lta_common","filename":"lta_common.py","lineno":259}
{"timestamp":"2026-04-15T09:35:36.692164Z","level":"info","event":"[UPSERT START] upserting 500 rows into traffic_speed_latest","logger":"lta_common","filename":"lta_common.py","lineno":336}
{"timestamp":"2026-04-15T09:35:36.692772Z","level":"info","event":"[UPSERT DEBUG] max_link_id=20346 | min_link_id=19646 | max_speed_band=6 | min_speed_band=1 | max_minimum_speed=50 | min_minimum_speed=0 | max_maximum_speed=59 | min_maximum_speed=9","logger":"lta_common","filename":"lta_common.py","lineno":338}
{"timestamp":"2026-04-15T09:35:37.142414Z","level":"info","event":"[UPSERT DONE] upserted=500 rows into traffic_speed_latest","logger":"lta_common","filename":"lta_common.py","lineno":376}
{"timestamp":"2026-04-15T09:35:37.142814Z","level":"info","event":"[SAVE START] inserting 500 rows into traffic_speed_recent","logger":"lta_common","filename":"lta_common.py","lineno":307}
{"timestamp":"2026-04-15T09:35:37.557948Z","level":"info","event":"[SAVE DONE] inserted=500 rows into traffic_speed_recent","logger":"lta_common","filename":"lta_common.py","lineno":325}
{"timestamp":"2026-04-15T09:35:37.558047Z","level":"info","event":"STEP 6: page saved skip=13000 | pages=27 | latest_rows=13500 | recent_rows=13500","logger":"unusual_prefix_faea391ec71b1d4b4651510353e4a48d62001c31_2_refresh_traffic_speed","filename":"2_refresh_traffic_speed.py","lineno":56}
{"timestamp":"2026-04-15T09:35:37.558079Z","level":"info","event":"========== PAGE START ==========","logger":"lta_common","filename":"lta_common.py","lineno":52}
{"timestamp":"2026-04-15T09:35:37.558101Z","level":"info","event":"[FETCH] requesting rows 13500–13999","logger":"lta_common","filename":"lta_common.py","lineno":53}
{"timestamp":"2026-04-15T09:35:37.558130Z","level":"info","event":"Fetching page from LTA: skip=13500","logger":"lta_common","filename":"lta_common.py","lineno":35}
{"timestamp":"2026-04-15T09:35:37.899052Z","level":"info","event":"Retrieved 500 rows from LTA at skip=13500","logger":"lta_common","filename":"lta_common.py","lineno":43}
{"timestamp":"2026-04-15T09:35:37.900230Z","level":"info","event":"[FETCH DONE] retrieved=500 rows at skip=13500","logger":"lta_common","filename":"lta_common.py","lineno":58}
{"timestamp":"2026-04-15T09:35:37.900349Z","level":"info","event":"STEP 4: processing page skip=13500 rows=500","logger":"unusual_prefix_faea391ec71b1d4b4651510353e4a48d62001c31_2_refresh_traffic_speed","filename":"2_refresh_traffic_speed.py","lineno":41}
{"timestamp":"2026-04-15T09:35:37.907665Z","level":"info","event":"[CLEAN DONE] rows=500 | null_speed_band=0 | null_minimum_speed=0 | null_maximum_speed=0","logger":"lta_common","filename":"lta_common.py","lineno":226}
{"timestamp":"2026-04-15T09:35:37.908407Z","level":"info","event":"STEP 5: built cleaned snapshot dataframe rows=500","logger":"unusual_prefix_faea391ec71b1d4b4651510353e4a48d62001c31_2_refresh_traffic_speed","filename":"2_refresh_traffic_speed.py","lineno":44}
{"timestamp":"2026-04-15T09:35:37.908705Z","level":"info","event":"[LATEST PREP] rows=500 | missing_measurement_rows=0","logger":"lta_common","filename":"lta_common.py","lineno":259}
{"timestamp":"2026-04-15T09:35:37.908936Z","level":"info","event":"[UPSERT START] upserting 500 rows into traffic_speed_latest","logger":"lta_common","filename":"lta_common.py","lineno":336}
{"timestamp":"2026-04-15T09:35:37.909231Z","level":"info","event":"[UPSERT DEBUG] max_link_id=21172 | min_link_id=20349 | max_speed_band=7 | min_speed_band=1 | max_minimum_speed=60 | min_minimum_speed=0 | max_maximum_speed=69 | min_maximum_speed=9","logger":"lta_common","filename":"lta_common.py","lineno":338}
{"timestamp":"2026-04-15T09:35:38.339487Z","level":"info","event":"[UPSERT DONE] upserted=500 rows into traffic_speed_latest","logger":"lta_common","filename":"lta_common.py","lineno":376}
{"timestamp":"2026-04-15T09:35:38.339961Z","level":"info","event":"[SAVE START] inserting 500 rows into traffic_speed_recent","logger":"lta_common","filename":"lta_common.py","lineno":307}
{"timestamp":"2026-04-15T09:35:38.847053Z","level":"info","event":"[SAVE DONE] inserted=500 rows into traffic_speed_recent","logger":"lta_common","filename":"lta_common.py","lineno":325}
{"timestamp":"2026-04-15T09:35:38.847704Z","level":"info","event":"STEP 6: page saved skip=13500 | pages=28 | latest_rows=14000 | recent_rows=14000","logger":"unusual_prefix_faea391ec71b1d4b4651510353e4a48d62001c31_2_refresh_traffic_speed","filename":"2_refresh_traffic_speed.py","lineno":56}
{"timestamp":"2026-04-15T09:35:38.847939Z","level":"info","event":"========== PAGE START ==========","logger":"lta_common","filename":"lta_common.py","lineno":52}
{"timestamp":"2026-04-15T09:35:38.848083Z","level":"info","event":"[FETCH] requesting rows 14000–14499","logger":"lta_common","filename":"lta_common.py","lineno":53}
{"timestamp":"2026-04-15T09:35:38.848254Z","level":"info","event":"Fetching page from LTA: skip=14000","logger":"lta_common","filename":"lta_common.py","lineno":35}
{"timestamp":"2026-04-15T09:35:39.216276Z","level":"info","event":"Retrieved 500 rows from LTA at skip=14000","logger":"lta_common","filename":"lta_common.py","lineno":43}
{"timestamp":"2026-04-15T09:35:39.221269Z","level":"info","event":"[FETCH DONE] retrieved=500 rows at skip=14000","logger":"lta_common","filename":"lta_common.py","lineno":58}
{"timestamp":"2026-04-15T09:35:39.222368Z","level":"info","event":"STEP 4: processing page skip=14000 rows=500","logger":"unusual_prefix_faea391ec71b1d4b4651510353e4a48d62001c31_2_refresh_traffic_speed","filename":"2_refresh_traffic_speed.py","lineno":41}
{"timestamp":"2026-04-15T09:35:39.239793Z","level":"warning","event":"[SANITIZE] link_id=21663 field=maximum_speed suspicious sentinel value=999 -> NULL","logger":"lta_common","filename":"lta_common.py","lineno":131}
{"timestamp":"2026-04-15T09:35:39.241414Z","level":"info","event":"[CLEAN DONE] rows=500 | null_speed_band=0 | null_minimum_speed=0 | null_maximum_speed=1","logger":"lta_common","filename":"lta_common.py","lineno":226}
{"timestamp":"2026-04-15T09:35:39.242988Z","level":"info","event":"STEP 5: built cleaned snapshot dataframe rows=500","logger":"unusual_prefix_faea391ec71b1d4b4651510353e4a48d62001c31_2_refresh_traffic_speed","filename":"2_refresh_traffic_speed.py","lineno":44}
{"timestamp":"2026-04-15T09:35:39.243576Z","level":"info","event":"[LATEST PREP] rows=500 | missing_measurement_rows=0","logger":"lta_common","filename":"lta_common.py","lineno":259}
{"timestamp":"2026-04-15T09:35:39.244029Z","level":"info","event":"[UPSERT START] upserting 500 rows into traffic_speed_latest","logger":"lta_common","filename":"lta_common.py","lineno":336}
{"timestamp":"2026-04-15T09:35:39.244550Z","level":"info","event":"[UPSERT DEBUG] max_link_id=21949 | min_link_id=21177 | max_speed_band=8 | min_speed_band=1 | max_minimum_speed=70 | min_minimum_speed=0 | max_maximum_speed=69.0 | min_maximum_speed=9.0","logger":"lta_common","filename":"lta_common.py","lineno":338}
{"timestamp":"2026-04-15T09:35:39.633530Z","level":"info","event":"[UPSERT DONE] upserted=500 rows into traffic_speed_latest","logger":"lta_common","filename":"lta_common.py","lineno":376}
{"timestamp":"2026-04-15T09:35:39.634609Z","level":"info","event":"[SAVE START] inserting 500 rows into traffic_speed_recent","logger":"lta_common","filename":"lta_common.py","lineno":307}
{"timestamp":"2026-04-15T09:35:40.024818Z","level":"info","event":"[SAVE DONE] inserted=500 rows into traffic_speed_recent","logger":"lta_common","filename":"lta_common.py","lineno":325}
{"timestamp":"2026-04-15T09:35:40.024984Z","level":"info","event":"STEP 6: page saved skip=14000 | pages=29 | latest_rows=14500 | recent_rows=14500","logger":"unusual_prefix_faea391ec71b1d4b4651510353e4a48d62001c31_2_refresh_traffic_speed","filename":"2_refresh_traffic_speed.py","lineno":56}
{"timestamp":"2026-04-15T09:35:40.025019Z","level":"info","event":"========== PAGE START ==========","logger":"lta_common","filename":"lta_common.py","lineno":52}
{"timestamp":"2026-04-15T09:35:40.025042Z","level":"info","event":"[FETCH] requesting rows 14500–14999","logger":"lta_common","filename":"lta_common.py","lineno":53}
{"timestamp":"2026-04-15T09:35:40.025074Z","level":"info","event":"Fetching page from LTA: skip=14500","logger":"lta_common","filename":"lta_common.py","lineno":35}
{"timestamp":"2026-04-15T09:35:40.425288Z","level":"info","event":"Retrieved 500 rows from LTA at skip=14500","logger":"lta_common","filename":"lta_common.py","lineno":43}
{"timestamp":"2026-04-15T09:35:40.430809Z","level":"info","event":"[FETCH DONE] retrieved=500 rows at skip=14500","logger":"lta_common","filename":"lta_common.py","lineno":58}
{"timestamp":"2026-04-15T09:35:40.431432Z","level":"info","event":"STEP 4: processing page skip=14500 rows=500","logger":"unusual_prefix_faea391ec71b1d4b4651510353e4a48d62001c31_2_refresh_traffic_speed","filename":"2_refresh_traffic_speed.py","lineno":41}
{"timestamp":"2026-04-15T09:35:40.447991Z","level":"warning","event":"[SANITIZE] link_id=22017 field=maximum_speed suspicious sentinel value=999 -> NULL","logger":"lta_common","filename":"lta_common.py","lineno":131}
{"timestamp":"2026-04-15T09:35:40.451029Z","level":"info","event":"[CLEAN DONE] rows=500 | null_speed_band=0 | null_minimum_speed=0 | null_maximum_speed=1","logger":"lta_common","filename":"lta_common.py","lineno":226}
{"timestamp":"2026-04-15T09:35:40.452655Z","level":"info","event":"STEP 5: built cleaned snapshot dataframe rows=500","logger":"unusual_prefix_faea391ec71b1d4b4651510353e4a48d62001c31_2_refresh_traffic_speed","filename":"2_refresh_traffic_speed.py","lineno":44}
{"timestamp":"2026-04-15T09:35:40.453301Z","level":"info","event":"[LATEST PREP] rows=500 | missing_measurement_rows=0","logger":"lta_common","filename":"lta_common.py","lineno":259}
{"timestamp":"2026-04-15T09:35:40.453770Z","level":"info","event":"[UPSERT START] upserting 500 rows into traffic_speed_latest","logger":"lta_common","filename":"lta_common.py","lineno":336}
{"timestamp":"2026-04-15T09:35:40.454368Z","level":"info","event":"[UPSERT DEBUG] max_link_id=22602 | min_link_id=21950 | max_speed_band=8 | min_speed_band=1 | max_minimum_speed=70 | min_minimum_speed=0 | max_maximum_speed=69.0 | min_maximum_speed=9.0","logger":"lta_common","filename":"lta_common.py","lineno":338}
{"timestamp":"2026-04-15T09:35:40.913397Z","level":"info","event":"[UPSERT DONE] upserted=500 rows into traffic_speed_latest","logger":"lta_common","filename":"lta_common.py","lineno":376}
{"timestamp":"2026-04-15T09:35:40.915646Z","level":"info","event":"[SAVE START] inserting 500 rows into traffic_speed_recent","logger":"lta_common","filename":"lta_common.py","lineno":307}
{"timestamp":"2026-04-15T09:35:41.349179Z","level":"info","event":"[SAVE DONE] inserted=500 rows into traffic_speed_recent","logger":"lta_common","filename":"lta_common.py","lineno":325}
{"timestamp":"2026-04-15T09:35:41.349603Z","level":"info","event":"STEP 6: page saved skip=14500 | pages=30 | latest_rows=15000 | recent_rows=15000","logger":"unusual_prefix_faea391ec71b1d4b4651510353e4a48d62001c31_2_refresh_traffic_speed","filename":"2_refresh_traffic_speed.py","lineno":56}
{"timestamp":"2026-04-15T09:35:41.349712Z","level":"info","event":"========== PAGE START ==========","logger":"lta_common","filename":"lta_common.py","lineno":52}
{"timestamp":"2026-04-15T09:35:41.349774Z","level":"info","event":"[FETCH] requesting rows 15000–15499","logger":"lta_common","filename":"lta_common.py","lineno":53}
{"timestamp":"2026-04-15T09:35:41.349858Z","level":"info","event":"Fetching page from LTA: skip=15000","logger":"lta_common","filename":"lta_common.py","lineno":35}
{"timestamp":"2026-04-15T09:35:41.714268Z","level":"info","event":"Retrieved 500 rows from LTA at skip=15000","logger":"lta_common","filename":"lta_common.py","lineno":43}
{"timestamp":"2026-04-15T09:35:41.715516Z","level":"info","event":"[FETCH DONE] retrieved=500 rows at skip=15000","logger":"lta_common","filename":"lta_common.py","lineno":58}
{"timestamp":"2026-04-15T09:35:41.715761Z","level":"info","event":"STEP 4: processing page skip=15000 rows=500","logger":"unusual_prefix_faea391ec71b1d4b4651510353e4a48d62001c31_2_refresh_traffic_speed","filename":"2_refresh_traffic_speed.py","lineno":41}
{"timestamp":"2026-04-15T09:35:41.721615Z","level":"warning","event":"[SANITIZE] link_id=22679 field=maximum_speed suspicious sentinel value=999 -> NULL","logger":"lta_common","filename":"lta_common.py","lineno":131}
{"timestamp":"2026-04-15T09:35:41.723044Z","level":"info","event":"[CLEAN DONE] rows=500 | null_speed_band=0 | null_minimum_speed=0 | null_maximum_speed=1","logger":"lta_common","filename":"lta_common.py","lineno":226}
{"timestamp":"2026-04-15T09:35:41.723773Z","level":"info","event":"STEP 5: built cleaned snapshot dataframe rows=500","logger":"unusual_prefix_faea391ec71b1d4b4651510353e4a48d62001c31_2_refresh_traffic_speed","filename":"2_refresh_traffic_speed.py","lineno":44}
{"timestamp":"2026-04-15T09:35:41.724062Z","level":"info","event":"[LATEST PREP] rows=500 | missing_measurement_rows=0","logger":"lta_common","filename":"lta_common.py","lineno":259}
{"timestamp":"2026-04-15T09:35:41.724304Z","level":"info","event":"[UPSERT START] upserting 500 rows into traffic_speed_latest","logger":"lta_common","filename":"lta_common.py","lineno":336}
{"timestamp":"2026-04-15T09:35:41.724566Z","level":"info","event":"[UPSERT DEBUG] max_link_id=23518 | min_link_id=22603 | max_speed_band=8 | min_speed_band=1 | max_minimum_speed=70 | min_minimum_speed=0 | max_maximum_speed=69.0 | min_maximum_speed=9.0","logger":"lta_common","filename":"lta_common.py","lineno":338}
{"timestamp":"2026-04-15T09:35:42.100981Z","level":"info","event":"[UPSERT DONE] upserted=500 rows into traffic_speed_latest","logger":"lta_common","filename":"lta_common.py","lineno":376}
{"timestamp":"2026-04-15T09:35:42.101358Z","level":"info","event":"[SAVE START] inserting 500 rows into traffic_speed_recent","logger":"lta_common","filename":"lta_common.py","lineno":307}
{"timestamp":"2026-04-15T09:35:42.476602Z","level":"info","event":"[SAVE DONE] inserted=500 rows into traffic_speed_recent","logger":"lta_common","filename":"lta_common.py","lineno":325}
{"timestamp":"2026-04-15T09:35:42.476723Z","level":"info","event":"STEP 6: page saved skip=15000 | pages=31 | latest_rows=15500 | recent_rows=15500","logger":"unusual_prefix_faea391ec71b1d4b4651510353e4a48d62001c31_2_refresh_traffic_speed","filename":"2_refresh_traffic_speed.py","lineno":56}
{"timestamp":"2026-04-15T09:35:42.476755Z","level":"info","event":"========== PAGE START ==========","logger":"lta_common","filename":"lta_common.py","lineno":52}
{"timestamp":"2026-04-15T09:35:42.476778Z","level":"info","event":"[FETCH] requesting rows 15500–15999","logger":"lta_common","filename":"lta_common.py","lineno":53}
{"timestamp":"2026-04-15T09:35:42.476807Z","level":"info","event":"Fetching page from LTA: skip=15500","logger":"lta_common","filename":"lta_common.py","lineno":35}
{"timestamp":"2026-04-15T09:35:42.843203Z","level":"info","event":"Retrieved 500 rows from LTA at skip=15500","logger":"lta_common","filename":"lta_common.py","lineno":43}
{"timestamp":"2026-04-15T09:35:42.844503Z","level":"info","event":"[FETCH DONE] retrieved=500 rows at skip=15500","logger":"lta_common","filename":"lta_common.py","lineno":58}
{"timestamp":"2026-04-15T09:35:42.844681Z","level":"info","event":"STEP 4: processing page skip=15500 rows=500","logger":"unusual_prefix_faea391ec71b1d4b4651510353e4a48d62001c31_2_refresh_traffic_speed","filename":"2_refresh_traffic_speed.py","lineno":41}
{"timestamp":"2026-04-15T09:35:42.852527Z","level":"info","event":"[CLEAN DONE] rows=500 | null_speed_band=0 | null_minimum_speed=0 | null_maximum_speed=0","logger":"lta_common","filename":"lta_common.py","lineno":226}
{"timestamp":"2026-04-15T09:35:42.853311Z","level":"info","event":"STEP 5: built cleaned snapshot dataframe rows=500","logger":"unusual_prefix_faea391ec71b1d4b4651510353e4a48d62001c31_2_refresh_traffic_speed","filename":"2_refresh_traffic_speed.py","lineno":44}
{"timestamp":"2026-04-15T09:35:42.853625Z","level":"info","event":"[LATEST PREP] rows=500 | missing_measurement_rows=0","logger":"lta_common","filename":"lta_common.py","lineno":259}
{"timestamp":"2026-04-15T09:35:42.853857Z","level":"info","event":"[UPSERT START] upserting 500 rows into traffic_speed_latest","logger":"lta_common","filename":"lta_common.py","lineno":336}
{"timestamp":"2026-04-15T09:35:42.854178Z","level":"info","event":"[UPSERT DEBUG] max_link_id=24311 | min_link_id=23519 | max_speed_band=7 | min_speed_band=1 | max_minimum_speed=60 | min_minimum_speed=0 | max_maximum_speed=69 | min_maximum_speed=9","logger":"lta_common","filename":"lta_common.py","lineno":338}
{"timestamp":"2026-04-15T09:35:43.235774Z","level":"info","event":"[UPSERT DONE] upserted=500 rows into traffic_speed_latest","logger":"lta_common","filename":"lta_common.py","lineno":376}
{"timestamp":"2026-04-15T09:35:43.236212Z","level":"info","event":"[SAVE START] inserting 500 rows into traffic_speed_recent","logger":"lta_common","filename":"lta_common.py","lineno":307}
{"timestamp":"2026-04-15T09:35:43.608771Z","level":"info","event":"[SAVE DONE] inserted=500 rows into traffic_speed_recent","logger":"lta_common","filename":"lta_common.py","lineno":325}
{"timestamp":"2026-04-15T09:35:43.608871Z","level":"info","event":"STEP 6: page saved skip=15500 | pages=32 | latest_rows=16000 | recent_rows=16000","logger":"unusual_prefix_faea391ec71b1d4b4651510353e4a48d62001c31_2_refresh_traffic_speed","filename":"2_refresh_traffic_speed.py","lineno":56}
{"timestamp":"2026-04-15T09:35:43.608902Z","level":"info","event":"========== PAGE START ==========","logger":"lta_common","filename":"lta_common.py","lineno":52}
{"timestamp":"2026-04-15T09:35:43.608924Z","level":"info","event":"[FETCH] requesting rows 16000–16499","logger":"lta_common","filename":"lta_common.py","lineno":53}
{"timestamp":"2026-04-15T09:35:43.608953Z","level":"info","event":"Fetching page from LTA: skip=16000","logger":"lta_common","filename":"lta_common.py","lineno":35}
{"timestamp":"2026-04-15T09:35:43.979377Z","level":"info","event":"Retrieved 500 rows from LTA at skip=16000","logger":"lta_common","filename":"lta_common.py","lineno":43}
{"timestamp":"2026-04-15T09:35:43.980501Z","level":"info","event":"[FETCH DONE] retrieved=500 rows at skip=16000","logger":"lta_common","filename":"lta_common.py","lineno":58}
{"timestamp":"2026-04-15T09:35:43.980633Z","level":"info","event":"STEP 4: processing page skip=16000 rows=500","logger":"unusual_prefix_faea391ec71b1d4b4651510353e4a48d62001c31_2_refresh_traffic_speed","filename":"2_refresh_traffic_speed.py","lineno":41}
{"timestamp":"2026-04-15T09:35:43.987031Z","level":"warning","event":"[SANITIZE] link_id=24614 field=maximum_speed suspicious sentinel value=999 -> NULL","logger":"lta_common","filename":"lta_common.py","lineno":131}
{"timestamp":"2026-04-15T09:35:43.987276Z","level":"warning","event":"[SANITIZE] link_id=24702 field=maximum_speed suspicious sentinel value=999 -> NULL","logger":"lta_common","filename":"lta_common.py","lineno":131}
{"timestamp":"2026-04-15T09:35:43.987880Z","level":"info","event":"[CLEAN DONE] rows=500 | null_speed_band=0 | null_minimum_speed=0 | null_maximum_speed=2","logger":"lta_common","filename":"lta_common.py","lineno":226}
{"timestamp":"2026-04-15T09:35:43.988595Z","level":"info","event":"STEP 5: built cleaned snapshot dataframe rows=500","logger":"unusual_prefix_faea391ec71b1d4b4651510353e4a48d62001c31_2_refresh_traffic_speed","filename":"2_refresh_traffic_speed.py","lineno":44}
{"timestamp":"2026-04-15T09:35:43.988863Z","level":"info","event":"[LATEST PREP] rows=500 | missing_measurement_rows=0","logger":"lta_common","filename":"lta_common.py","lineno":259}
{"timestamp":"2026-04-15T09:35:43.989107Z","level":"info","event":"[UPSERT START] upserting 500 rows into traffic_speed_latest","logger":"lta_common","filename":"lta_common.py","lineno":336}
{"timestamp":"2026-04-15T09:35:43.989370Z","level":"info","event":"[UPSERT DEBUG] max_link_id=24843 | min_link_id=24312 | max_speed_band=8 | min_speed_band=1 | max_minimum_speed=70 | min_minimum_speed=0 | max_maximum_speed=69.0 | min_maximum_speed=9.0","logger":"lta_common","filename":"lta_common.py","lineno":338}
{"timestamp":"2026-04-15T09:35:44.385373Z","level":"info","event":"[UPSERT DONE] upserted=500 rows into traffic_speed_latest","logger":"lta_common","filename":"lta_common.py","lineno":376}
{"timestamp":"2026-04-15T09:35:44.385847Z","level":"info","event":"[SAVE START] inserting 500 rows into traffic_speed_recent","logger":"lta_common","filename":"lta_common.py","lineno":307}
{"timestamp":"2026-04-15T09:35:44.780404Z","level":"info","event":"[SAVE DONE] inserted=500 rows into traffic_speed_recent","logger":"lta_common","filename":"lta_common.py","lineno":325}
{"timestamp":"2026-04-15T09:35:44.781371Z","level":"info","event":"STEP 6: page saved skip=16000 | pages=33 | latest_rows=16500 | recent_rows=16500","logger":"unusual_prefix_faea391ec71b1d4b4651510353e4a48d62001c31_2_refresh_traffic_speed","filename":"2_refresh_traffic_speed.py","lineno":56}
{"timestamp":"2026-04-15T09:35:44.781636Z","level":"info","event":"========== PAGE START ==========","logger":"lta_common","filename":"lta_common.py","lineno":52}
{"timestamp":"2026-04-15T09:35:44.781765Z","level":"info","event":"[FETCH] requesting rows 16500–16999","logger":"lta_common","filename":"lta_common.py","lineno":53}
{"timestamp":"2026-04-15T09:35:44.781963Z","level":"info","event":"Fetching page from LTA: skip=16500","logger":"lta_common","filename":"lta_common.py","lineno":35}
{"timestamp":"2026-04-15T09:35:45.236860Z","level":"info","event":"Retrieved 500 rows from LTA at skip=16500","logger":"lta_common","filename":"lta_common.py","lineno":43}
{"timestamp":"2026-04-15T09:35:45.322637Z","level":"info","event":"[FETCH DONE] retrieved=500 rows at skip=16500","logger":"lta_common","filename":"lta_common.py","lineno":58}
{"timestamp":"2026-04-15T09:35:45.323730Z","level":"info","event":"STEP 4: processing page skip=16500 rows=500","logger":"unusual_prefix_faea391ec71b1d4b4651510353e4a48d62001c31_2_refresh_traffic_speed","filename":"2_refresh_traffic_speed.py","lineno":41}
{"timestamp":"2026-04-15T09:35:45.372941Z","level":"warning","event":"[SANITIZE] link_id=24851 field=maximum_speed suspicious sentinel value=999 -> NULL","logger":"lta_common","filename":"lta_common.py","lineno":131}
{"timestamp":"2026-04-15T09:35:45.373115Z","level":"warning","event":"[SANITIZE] link_id=24852 field=maximum_speed suspicious sentinel value=999 -> NULL","logger":"lta_common","filename":"lta_common.py","lineno":131}
{"timestamp":"2026-04-15T09:35:45.373549Z","level":"warning","event":"[SANITIZE] link_id=24907 field=maximum_speed suspicious sentinel value=999 -> NULL","logger":"lta_common","filename":"lta_common.py","lineno":131}
{"timestamp":"2026-04-15T09:35:45.374053Z","level":"warning","event":"[SANITIZE] link_id=25001 field=maximum_speed suspicious sentinel value=999 -> NULL","logger":"lta_common","filename":"lta_common.py","lineno":131}
{"timestamp":"2026-04-15T09:35:45.374404Z","level":"warning","event":"[SANITIZE] link_id=25005 field=maximum_speed suspicious sentinel value=999 -> NULL","logger":"lta_common","filename":"lta_common.py","lineno":131}
{"timestamp":"2026-04-15T09:35:45.374492Z","level":"warning","event":"[SANITIZE] link_id=25006 field=maximum_speed suspicious sentinel value=999 -> NULL","logger":"lta_common","filename":"lta_common.py","lineno":131}
{"timestamp":"2026-04-15T09:35:45.374541Z","level":"warning","event":"[SANITIZE] link_id=25015 field=maximum_speed suspicious sentinel value=999 -> NULL","logger":"lta_common","filename":"lta_common.py","lineno":131}
{"timestamp":"2026-04-15T09:35:45.374585Z","level":"warning","event":"[SANITIZE] link_id=25019 field=maximum_speed suspicious sentinel value=999 -> NULL","logger":"lta_common","filename":"lta_common.py","lineno":131}
{"timestamp":"2026-04-15T09:35:45.374619Z","level":"warning","event":"[SANITIZE] link_id=25020 field=maximum_speed suspicious sentinel value=999 -> NULL","logger":"lta_common","filename":"lta_common.py","lineno":131}
{"timestamp":"2026-04-15T09:35:45.375003Z","level":"warning","event":"[SANITIZE] link_id=25021 field=maximum_speed suspicious sentinel value=999 -> NULL","logger":"lta_common","filename":"lta_common.py","lineno":131}
{"timestamp":"2026-04-15T09:35:45.375224Z","level":"warning","event":"[SANITIZE] link_id=25022 field=maximum_speed suspicious sentinel value=999 -> NULL","logger":"lta_common","filename":"lta_common.py","lineno":131}
{"timestamp":"2026-04-15T09:35:45.375294Z","level":"warning","event":"[SANITIZE] link_id=25023 field=maximum_speed suspicious sentinel value=999 -> NULL","logger":"lta_common","filename":"lta_common.py","lineno":131}
{"timestamp":"2026-04-15T09:35:45.375488Z","level":"warning","event":"[SANITIZE] link_id=25065 field=maximum_speed suspicious sentinel value=999 -> NULL","logger":"lta_common","filename":"lta_common.py","lineno":131}
{"timestamp":"2026-04-15T09:35:45.375543Z","level":"warning","event":"[SANITIZE] link_id=25066 field=maximum_speed suspicious sentinel value=999 -> NULL","logger":"lta_common","filename":"lta_common.py","lineno":131}
{"timestamp":"2026-04-15T09:35:45.375864Z","level":"warning","event":"[SANITIZE] link_id=25163 field=maximum_speed suspicious sentinel value=999 -> NULL","logger":"lta_common","filename":"lta_common.py","lineno":131}
{"timestamp":"2026-04-15T09:35:45.375909Z","level":"warning","event":"[SANITIZE] link_id=25168 field=maximum_speed suspicious sentinel value=999 -> NULL","logger":"lta_common","filename":"lta_common.py","lineno":131}
{"timestamp":"2026-04-15T09:35:45.375955Z","level":"warning","event":"[SANITIZE] link_id=25173 field=maximum_speed suspicious sentinel value=999 -> NULL","logger":"lta_common","filename":"lta_common.py","lineno":131}
{"timestamp":"2026-04-15T09:35:45.376116Z","level":"warning","event":"[SANITIZE] link_id=25202 field=maximum_speed suspicious sentinel value=999 -> NULL","logger":"lta_common","filename":"lta_common.py","lineno":131}
{"timestamp":"2026-04-15T09:35:45.377136Z","level":"warning","event":"[SANITIZE] link_id=25420 field=maximum_speed suspicious sentinel value=999 -> NULL","logger":"lta_common","filename":"lta_common.py","lineno":131}
{"timestamp":"2026-04-15T09:35:45.378236Z","level":"info","event":"[CLEAN DONE] rows=500 | null_speed_band=0 | null_minimum_speed=0 | null_maximum_speed=19","logger":"lta_common","filename":"lta_common.py","lineno":226}
{"timestamp":"2026-04-15T09:35:45.385596Z","level":"info","event":"STEP 5: built cleaned snapshot dataframe rows=500","logger":"unusual_prefix_faea391ec71b1d4b4651510353e4a48d62001c31_2_refresh_traffic_speed","filename":"2_refresh_traffic_speed.py","lineno":44}
{"timestamp":"2026-04-15T09:35:45.387357Z","level":"info","event":"[LATEST PREP] rows=500 | missing_measurement_rows=0","logger":"lta_common","filename":"lta_common.py","lineno":259}
{"timestamp":"2026-04-15T09:35:45.388196Z","level":"info","event":"[UPSERT START] upserting 500 rows into traffic_speed_latest","logger":"lta_common","filename":"lta_common.py","lineno":336}
{"timestamp":"2026-04-15T09:35:45.389545Z","level":"info","event":"[UPSERT DEBUG] max_link_id=25421 | min_link_id=24844 | max_speed_band=8 | min_speed_band=1 | max_minimum_speed=70 | min_minimum_speed=0 | max_maximum_speed=69.0 | min_maximum_speed=9.0","logger":"lta_common","filename":"lta_common.py","lineno":338}
{"timestamp":"2026-04-15T09:35:45.782185Z","level":"info","event":"[UPSERT DONE] upserted=500 rows into traffic_speed_latest","logger":"lta_common","filename":"lta_common.py","lineno":376}
{"timestamp":"2026-04-15T09:35:45.783484Z","level":"info","event":"[SAVE START] inserting 500 rows into traffic_speed_recent","logger":"lta_common","filename":"lta_common.py","lineno":307}
{"timestamp":"2026-04-15T09:35:46.167219Z","level":"info","event":"[SAVE DONE] inserted=500 rows into traffic_speed_recent","logger":"lta_common","filename":"lta_common.py","lineno":325}
{"timestamp":"2026-04-15T09:35:46.167366Z","level":"info","event":"STEP 6: page saved skip=16500 | pages=34 | latest_rows=17000 | recent_rows=17000","logger":"unusual_prefix_faea391ec71b1d4b4651510353e4a48d62001c31_2_refresh_traffic_speed","filename":"2_refresh_traffic_speed.py","lineno":56}
{"timestamp":"2026-04-15T09:35:46.167402Z","level":"info","event":"========== PAGE START ==========","logger":"lta_common","filename":"lta_common.py","lineno":52}
{"timestamp":"2026-04-15T09:35:46.167425Z","level":"info","event":"[FETCH] requesting rows 17000–17499","logger":"lta_common","filename":"lta_common.py","lineno":53}
{"timestamp":"2026-04-15T09:35:46.167462Z","level":"info","event":"Fetching page from LTA: skip=17000","logger":"lta_common","filename":"lta_common.py","lineno":35}
{"timestamp":"2026-04-15T09:35:46.528449Z","level":"info","event":"Retrieved 500 rows from LTA at skip=17000","logger":"lta_common","filename":"lta_common.py","lineno":43}
{"timestamp":"2026-04-15T09:35:46.529885Z","level":"info","event":"[FETCH DONE] retrieved=500 rows at skip=17000","logger":"lta_common","filename":"lta_common.py","lineno":58}
{"timestamp":"2026-04-15T09:35:46.530065Z","level":"info","event":"STEP 4: processing page skip=17000 rows=500","logger":"unusual_prefix_faea391ec71b1d4b4651510353e4a48d62001c31_2_refresh_traffic_speed","filename":"2_refresh_traffic_speed.py","lineno":41}
{"timestamp":"2026-04-15T09:35:46.537778Z","level":"error","event":"FAILED: cannot convert float NaN to integer","logger":"unusual_prefix_faea391ec71b1d4b4651510353e4a48d62001c31_2_refresh_traffic_speed","filename":"2_refresh_traffic_speed.py","lineno":64}
{"timestamp":"2026-04-15T09:35:46.540620Z","level":"error","event":"Traceback (most recent call last):\n  File \"/opt/airflow/dags/2_refresh_traffic_speed.py\", line 43, in refresh_traffic_speed\n    snapshots_df = build_snapshots_df(df_page, collected_at)\n                   ^^^^^^^^^^^^^^^^^^^^^^^^^^^^^^^^^^^^^^^^^\n  File \"/opt/airflow/dags/lta_common.py\", line 217, in build_snapshots_df\n    snapshots_df[\"minimum_speed\"] = snapshots_df.apply(\n                                    ^^^^^^^^^^^^^^^^^^^\n  File \"/home/airflow/.local/lib/python3.12/site-packages/pandas/core/frame.py\", line 10401, in apply\n    return op.apply().__finalize__(self, method=\"apply\")\n           ^^^^^^^^^^\n  File \"/home/airflow/.local/lib/python3.12/site-packages/pandas/core/apply.py\", line 916, in apply\n    return self.apply_standard()\n           ^^^^^^^^^^^^^^^^^^^^^\n  File \"/home/airflow/.local/lib/python3.12/site-packages/pandas/core/apply.py\", line 1063, in apply_standard\n    results, res_index = self.apply_series_generator()\n                         ^^^^^^^^^^^^^^^^^^^^^^^^^^^^^\n  File \"/home/airflow/.local/lib/python3.12/site-packages/pandas/core/apply.py\", line 1081, in apply_series_generator\n    results[i] = self.func(v, *self.args, **self.kwargs)\n                 ^^^^^^^^^^^^^^^^^^^^^^^^^^^^^^^^^^^^^^^\n  File \"/opt/airflow/dags/lta_common.py\", line 218, in <lambda>\n    lambda row: _sanitize_speed_value(row[\"minimum_speed\"], \"minimum_speed\", row[\"link_id\"]),\n                ^^^^^^^^^^^^^^^^^^^^^^^^^^^^^^^^^^^^^^^^^^^^^^^^^^^^^^^^^^^^^^^^^^^^^^^^^^^^\n  File \"/opt/airflow/dags/lta_common.py\", line 117, in _sanitize_speed_value\n    value = int(value)\n            ^^^^^^^^^^\nValueError: cannot convert float NaN to integer\n","logger":"unusual_prefix_faea391ec71b1d4b4651510353e4a48d62001c31_2_refresh_traffic_speed","filename":"2_refresh_traffic_speed.py","lineno":65}
{"timestamp":"2026-04-15T09:35:46.543724Z","level":"info","event":"Database connection closed","logger":"unusual_prefix_faea391ec71b1d4b4651510353e4a48d62001c31_2_refresh_traffic_speed","filename":"2_refresh_traffic_speed.py","lineno":71}
{"timestamp":"2026-04-15T09:35:46.548159Z","level":"error","event":"Task failed with exception","logger":"task","filename":"task_runner.py","lineno":1142,"error_detail":[{"exc_type":"ValueError","exc_value":"cannot convert float NaN to integer","exc_notes":[],"syntax_error":null,"is_cause":false,"frames":[{"filename":"/home/airflow/.local/lib/python3.12/site-packages/airflow/sdk/execution_time/task_runner.py","lineno":1068,"name":"run"},{"filename":"/home/airflow/.local/lib/python3.12/site-packages/airflow/sdk/execution_time/task_runner.py","lineno":1477,"name":"_execute_task"},{"filename":"/home/airflow/.local/lib/python3.12/site-packages/airflow/sdk/bases/operator.py","lineno":417,"name":"wrapper"},{"filename":"/home/airflow/.local/lib/python3.12/site-packages/airflow/providers/standard/operators/python.py","lineno":228,"name":"execute"},{"filename":"/home/airflow/.local/lib/python3.12/site-packages/airflow/providers/standard/operators/python.py","lineno":251,"name":"execute_callable"},{"filename":"/home/airflow/.local/lib/python3.12/site-packages/airflow/sdk/execution_time/callback_runner.py","lineno":82,"name":"run"},{"filename":"/opt/airflow/dags/2_refresh_traffic_speed.py","lineno":43,"name":"refresh_traffic_speed"},{"filename":"/opt/airflow/dags/lta_common.py","lineno":217,"name":"build_snapshots_df"},{"filename":"/home/airflow/.local/lib/python3.12/site-packages/pandas/core/frame.py","lineno":10401,"name":"apply"},{"filename":"/home/airflow/.local/lib/python3.12/site-packages/pandas/core/apply.py","lineno":916,"name":"apply"},{"filename":"/home/airflow/.local/lib/python3.12/site-packages/pandas/core/apply.py","lineno":1063,"name":"apply_standard"},{"filename":"/home/airflow/.local/lib/python3.12/site-packages/pandas/core/apply.py","lineno":1081,"name":"apply_series_generator"},{"filename":"/opt/airflow/dags/lta_common.py","lineno":218,"name":"<lambda>"},{"filename":"/opt/airflow/dags/lta_common.py","lineno":117,"name":"_sanitize_speed_value"}],"is_group":false,"exceptions":[]}]}
