{"timestamp":"2026-04-15T12:30:01.155099Z","level":"info","event":"DAG bundles loaded: dags-folder","logger":"airflow.dag_processing.bundles.manager.DagBundlesManager","filename":"manager.py","lineno":179}
{"timestamp":"2026-04-15T12:30:01.155632Z","level":"info","event":"Filling up the DagBag from /opt/airflow/dags/0_pipeline_master.py","logger":"airflow.models.dagbag.BundleDagBag","filename":"dagbag.py","lineno":593}
{"timestamp":"2026-04-15T12:30:01.424206Z","level":"warning","event":"The `airflow.operators.python.PythonOperator` attribute is deprecated. Please use `'airflow.providers.standard.operators.python.PythonOperator'`.","category":"DeprecatedImportWarning","filename":"/opt/airflow/dags/3_aggregate_traffic_speed_15min.py","lineno":2,"logger":"py.warnings"}
{"timestamp":"2026-04-15T12:30:01.424290Z","level":"warning","event":"The `airflow.operators.python.PythonOperator` attribute is deprecated. Please use `'airflow.providers.standard.operators.python.PythonOperator'`.","category":"DeprecatedImportWarning","filename":"/opt/airflow/dags/4_cleanup_recent_history.py","lineno":2,"logger":"py.warnings"}
{"timestamp":"2026-04-15T12:30:01.434051Z","level":"info","event":"STEP 1: start refresh_traffic_speed","logger":"2_refresh_traffic_speed","filename":"2_refresh_traffic_speed.py","lineno":29}
{"timestamp":"2026-04-15T12:30:02.141961Z","level":"info","event":"STEP 2: connected to Supabase","logger":"2_refresh_traffic_speed","filename":"2_refresh_traffic_speed.py","lineno":31}
{"timestamp":"2026-04-15T12:30:02.143396Z","level":"info","event":"STEP 3: snapshot timestamp = 2026-04-15 12:30:02.142101+00:00","logger":"2_refresh_traffic_speed","filename":"2_refresh_traffic_speed.py","lineno":34}
{"timestamp":"2026-04-15T12:30:02.143558Z","level":"info","event":"========== PAGE START ==========","logger":"lta_common","filename":"lta_common.py","lineno":53}
{"timestamp":"2026-04-15T12:30:02.143633Z","level":"info","event":"[FETCH] requesting rows 0–499","logger":"lta_common","filename":"lta_common.py","lineno":54}
{"timestamp":"2026-04-15T12:30:02.144097Z","level":"info","event":"Fetching page from LTA: skip=0","logger":"lta_common","filename":"lta_common.py","lineno":36}
{"timestamp":"2026-04-15T12:30:02.530060Z","level":"info","event":"Retrieved 500 rows from LTA at skip=0","logger":"lta_common","filename":"lta_common.py","lineno":44}
{"timestamp":"2026-04-15T12:30:02.531492Z","level":"info","event":"[FETCH DONE] retrieved=500 rows at skip=0","logger":"lta_common","filename":"lta_common.py","lineno":59}
{"timestamp":"2026-04-15T12:30:02.531539Z","level":"info","event":"STEP 4: processing page skip=0 rows=500","logger":"2_refresh_traffic_speed","filename":"2_refresh_traffic_speed.py","lineno":41}
{"timestamp":"2026-04-15T12:30:02.540664Z","level":"info","event":"[CLEAN DONE] rows=500 | null_speed_band=0 | null_minimum_speed=0 | null_maximum_speed=0","logger":"lta_common","filename":"lta_common.py","lineno":238}
{"timestamp":"2026-04-15T12:30:02.542321Z","level":"info","event":"STEP 5: built cleaned snapshot dataframe rows=500","logger":"2_refresh_traffic_speed","filename":"2_refresh_traffic_speed.py","lineno":44}
{"timestamp":"2026-04-15T12:30:02.542687Z","level":"info","event":"[LATEST PREP] rows=500 | missing_measurement_rows=0","logger":"lta_common","filename":"lta_common.py","lineno":271}
{"timestamp":"2026-04-15T12:30:02.542942Z","level":"info","event":"[UPSERT START] upserting 500 rows into traffic_speed_latest","logger":"lta_common","filename":"lta_common.py","lineno":348}
{"timestamp":"2026-04-15T12:30:02.543271Z","level":"info","event":"[UPSERT DEBUG] max_link_id=719 | min_link_id=2 | max_speed_band=7 | min_speed_band=1 | max_minimum_speed=60 | min_minimum_speed=0 | max_maximum_speed=69 | min_maximum_speed=9","logger":"lta_common","filename":"lta_common.py","lineno":350}
{"timestamp":"2026-04-15T12:30:03.033430Z","level":"info","event":"[UPSERT DONE] upserted=500 rows into traffic_speed_latest","logger":"lta_common","filename":"lta_common.py","lineno":388}
{"timestamp":"2026-04-15T12:30:03.033901Z","level":"info","event":"[SAVE START] inserting 500 rows into traffic_speed_recent","logger":"lta_common","filename":"lta_common.py","lineno":319}
{"timestamp":"2026-04-15T12:30:03.470554Z","level":"info","event":"[SAVE DONE] inserted=500 rows into traffic_speed_recent","logger":"lta_common","filename":"lta_common.py","lineno":337}
{"timestamp":"2026-04-15T12:30:03.470695Z","level":"info","event":"STEP 6: page saved skip=0 | pages=1 | latest_rows=500 | recent_rows=500","logger":"2_refresh_traffic_speed","filename":"2_refresh_traffic_speed.py","lineno":56}
{"timestamp":"2026-04-15T12:30:03.470733Z","level":"info","event":"========== PAGE START ==========","logger":"lta_common","filename":"lta_common.py","lineno":53}
{"timestamp":"2026-04-15T12:30:03.470757Z","level":"info","event":"[FETCH] requesting rows 500–999","logger":"lta_common","filename":"lta_common.py","lineno":54}
{"timestamp":"2026-04-15T12:30:03.470793Z","level":"info","event":"Fetching page from LTA: skip=500","logger":"lta_common","filename":"lta_common.py","lineno":36}
{"timestamp":"2026-04-15T12:30:03.739286Z","level":"info","event":"Retrieved 500 rows from LTA at skip=500","logger":"lta_common","filename":"lta_common.py","lineno":44}
{"timestamp":"2026-04-15T12:30:03.740699Z","level":"info","event":"[FETCH DONE] retrieved=500 rows at skip=500","logger":"lta_common","filename":"lta_common.py","lineno":59}
{"timestamp":"2026-04-15T12:30:03.740810Z","level":"info","event":"STEP 4: processing page skip=500 rows=500","logger":"2_refresh_traffic_speed","filename":"2_refresh_traffic_speed.py","lineno":41}
{"timestamp":"2026-04-15T12:30:03.749929Z","level":"info","event":"[CLEAN DONE] rows=500 | null_speed_band=0 | null_minimum_speed=0 | null_maximum_speed=0","logger":"lta_common","filename":"lta_common.py","lineno":238}
{"timestamp":"2026-04-15T12:30:03.750838Z","level":"info","event":"STEP 5: built cleaned snapshot dataframe rows=500","logger":"2_refresh_traffic_speed","filename":"2_refresh_traffic_speed.py","lineno":44}
{"timestamp":"2026-04-15T12:30:03.751181Z","level":"info","event":"[LATEST PREP] rows=500 | missing_measurement_rows=0","logger":"lta_common","filename":"lta_common.py","lineno":271}
{"timestamp":"2026-04-15T12:30:03.751427Z","level":"info","event":"[UPSERT START] upserting 500 rows into traffic_speed_latest","logger":"lta_common","filename":"lta_common.py","lineno":348}
{"timestamp":"2026-04-15T12:30:03.751723Z","level":"info","event":"[UPSERT DEBUG] max_link_id=1488 | min_link_id=720 | max_speed_band=6 | min_speed_band=1 | max_minimum_speed=50 | min_minimum_speed=0 | max_maximum_speed=59 | min_maximum_speed=9","logger":"lta_common","filename":"lta_common.py","lineno":350}
{"timestamp":"2026-04-15T12:30:04.088356Z","level":"info","event":"[UPSERT DONE] upserted=500 rows into traffic_speed_latest","logger":"lta_common","filename":"lta_common.py","lineno":388}
{"timestamp":"2026-04-15T12:30:04.088789Z","level":"info","event":"[SAVE START] inserting 500 rows into traffic_speed_recent","logger":"lta_common","filename":"lta_common.py","lineno":319}
{"timestamp":"2026-04-15T12:30:04.455070Z","level":"info","event":"[SAVE DONE] inserted=500 rows into traffic_speed_recent","logger":"lta_common","filename":"lta_common.py","lineno":337}
{"timestamp":"2026-04-15T12:30:04.455211Z","level":"info","event":"STEP 6: page saved skip=500 | pages=2 | latest_rows=1000 | recent_rows=1000","logger":"2_refresh_traffic_speed","filename":"2_refresh_traffic_speed.py","lineno":56}
{"timestamp":"2026-04-15T12:30:04.455262Z","level":"info","event":"========== PAGE START ==========","logger":"lta_common","filename":"lta_common.py","lineno":53}
{"timestamp":"2026-04-15T12:30:04.455294Z","level":"info","event":"[FETCH] requesting rows 1000–1499","logger":"lta_common","filename":"lta_common.py","lineno":54}
{"timestamp":"2026-04-15T12:30:04.455335Z","level":"info","event":"Fetching page from LTA: skip=1000","logger":"lta_common","filename":"lta_common.py","lineno":36}
{"timestamp":"2026-04-15T12:30:04.719321Z","level":"info","event":"Retrieved 500 rows from LTA at skip=1000","logger":"lta_common","filename":"lta_common.py","lineno":44}
{"timestamp":"2026-04-15T12:30:04.720519Z","level":"info","event":"[FETCH DONE] retrieved=500 rows at skip=1000","logger":"lta_common","filename":"lta_common.py","lineno":59}
{"timestamp":"2026-04-15T12:30:04.720643Z","level":"info","event":"STEP 4: processing page skip=1000 rows=500","logger":"2_refresh_traffic_speed","filename":"2_refresh_traffic_speed.py","lineno":41}
{"timestamp":"2026-04-15T12:30:04.728345Z","level":"info","event":"[CLEAN DONE] rows=500 | null_speed_band=0 | null_minimum_speed=0 | null_maximum_speed=0","logger":"lta_common","filename":"lta_common.py","lineno":238}
{"timestamp":"2026-04-15T12:30:04.729083Z","level":"info","event":"STEP 5: built cleaned snapshot dataframe rows=500","logger":"2_refresh_traffic_speed","filename":"2_refresh_traffic_speed.py","lineno":44}
{"timestamp":"2026-04-15T12:30:04.729395Z","level":"info","event":"[LATEST PREP] rows=500 | missing_measurement_rows=0","logger":"lta_common","filename":"lta_common.py","lineno":271}
{"timestamp":"2026-04-15T12:30:04.729621Z","level":"info","event":"[UPSERT START] upserting 500 rows into traffic_speed_latest","logger":"lta_common","filename":"lta_common.py","lineno":348}
{"timestamp":"2026-04-15T12:30:04.729901Z","level":"info","event":"[UPSERT DEBUG] max_link_id=2215 | min_link_id=1492 | max_speed_band=7 | min_speed_band=1 | max_minimum_speed=60 | min_minimum_speed=0 | max_maximum_speed=69 | min_maximum_speed=9","logger":"lta_common","filename":"lta_common.py","lineno":350}
{"timestamp":"2026-04-15T12:30:05.082251Z","level":"info","event":"[UPSERT DONE] upserted=500 rows into traffic_speed_latest","logger":"lta_common","filename":"lta_common.py","lineno":388}
{"timestamp":"2026-04-15T12:30:05.082657Z","level":"info","event":"[SAVE START] inserting 500 rows into traffic_speed_recent","logger":"lta_common","filename":"lta_common.py","lineno":319}
{"timestamp":"2026-04-15T12:30:05.452497Z","level":"info","event":"[SAVE DONE] inserted=500 rows into traffic_speed_recent","logger":"lta_common","filename":"lta_common.py","lineno":337}
{"timestamp":"2026-04-15T12:30:05.452616Z","level":"info","event":"STEP 6: page saved skip=1000 | pages=3 | latest_rows=1500 | recent_rows=1500","logger":"2_refresh_traffic_speed","filename":"2_refresh_traffic_speed.py","lineno":56}
{"timestamp":"2026-04-15T12:30:05.452648Z","level":"info","event":"========== PAGE START ==========","logger":"lta_common","filename":"lta_common.py","lineno":53}
{"timestamp":"2026-04-15T12:30:05.452672Z","level":"info","event":"[FETCH] requesting rows 1500–1999","logger":"lta_common","filename":"lta_common.py","lineno":54}
{"timestamp":"2026-04-15T12:30:05.452702Z","level":"info","event":"Fetching page from LTA: skip=1500","logger":"lta_common","filename":"lta_common.py","lineno":36}
{"timestamp":"2026-04-15T12:30:05.719686Z","level":"info","event":"Retrieved 500 rows from LTA at skip=1500","logger":"lta_common","filename":"lta_common.py","lineno":44}
{"timestamp":"2026-04-15T12:30:05.722915Z","level":"info","event":"[FETCH DONE] retrieved=500 rows at skip=1500","logger":"lta_common","filename":"lta_common.py","lineno":59}
{"timestamp":"2026-04-15T12:30:05.723183Z","level":"info","event":"STEP 4: processing page skip=1500 rows=500","logger":"2_refresh_traffic_speed","filename":"2_refresh_traffic_speed.py","lineno":41}
{"timestamp":"2026-04-15T12:30:05.738402Z","level":"info","event":"[CLEAN DONE] rows=500 | null_speed_band=0 | null_minimum_speed=0 | null_maximum_speed=0","logger":"lta_common","filename":"lta_common.py","lineno":238}
{"timestamp":"2026-04-15T12:30:05.739324Z","level":"info","event":"STEP 5: built cleaned snapshot dataframe rows=500","logger":"2_refresh_traffic_speed","filename":"2_refresh_traffic_speed.py","lineno":44}
{"timestamp":"2026-04-15T12:30:05.739683Z","level":"info","event":"[LATEST PREP] rows=500 | missing_measurement_rows=0","logger":"lta_common","filename":"lta_common.py","lineno":271}
{"timestamp":"2026-04-15T12:30:05.739952Z","level":"info","event":"[UPSERT START] upserting 500 rows into traffic_speed_latest","logger":"lta_common","filename":"lta_common.py","lineno":348}
{"timestamp":"2026-04-15T12:30:05.740320Z","level":"info","event":"[UPSERT DEBUG] max_link_id=3055 | min_link_id=2216 | max_speed_band=6 | min_speed_band=1 | max_minimum_speed=50 | min_minimum_speed=0 | max_maximum_speed=59 | min_maximum_speed=9","logger":"lta_common","filename":"lta_common.py","lineno":350}
{"timestamp":"2026-04-15T12:30:06.094066Z","level":"info","event":"[UPSERT DONE] upserted=500 rows into traffic_speed_latest","logger":"lta_common","filename":"lta_common.py","lineno":388}
{"timestamp":"2026-04-15T12:30:06.097212Z","level":"info","event":"[SAVE START] inserting 500 rows into traffic_speed_recent","logger":"lta_common","filename":"lta_common.py","lineno":319}
{"timestamp":"2026-04-15T12:30:06.477907Z","level":"info","event":"[SAVE DONE] inserted=500 rows into traffic_speed_recent","logger":"lta_common","filename":"lta_common.py","lineno":337}
{"timestamp":"2026-04-15T12:30:06.478073Z","level":"info","event":"STEP 6: page saved skip=1500 | pages=4 | latest_rows=2000 | recent_rows=2000","logger":"2_refresh_traffic_speed","filename":"2_refresh_traffic_speed.py","lineno":56}
{"timestamp":"2026-04-15T12:30:06.478136Z","level":"info","event":"========== PAGE START ==========","logger":"lta_common","filename":"lta_common.py","lineno":53}
{"timestamp":"2026-04-15T12:30:06.478177Z","level":"info","event":"[FETCH] requesting rows 2000–2499","logger":"lta_common","filename":"lta_common.py","lineno":54}
{"timestamp":"2026-04-15T12:30:06.478252Z","level":"info","event":"Fetching page from LTA: skip=2000","logger":"lta_common","filename":"lta_common.py","lineno":36}
{"timestamp":"2026-04-15T12:30:06.772297Z","level":"info","event":"Retrieved 500 rows from LTA at skip=2000","logger":"lta_common","filename":"lta_common.py","lineno":44}
{"timestamp":"2026-04-15T12:30:06.777553Z","level":"info","event":"[FETCH DONE] retrieved=500 rows at skip=2000","logger":"lta_common","filename":"lta_common.py","lineno":59}
{"timestamp":"2026-04-15T12:30:06.778160Z","level":"info","event":"STEP 4: processing page skip=2000 rows=500","logger":"2_refresh_traffic_speed","filename":"2_refresh_traffic_speed.py","lineno":41}
{"timestamp":"2026-04-15T12:30:06.798085Z","level":"info","event":"[CLEAN DONE] rows=500 | null_speed_band=0 | null_minimum_speed=0 | null_maximum_speed=0","logger":"lta_common","filename":"lta_common.py","lineno":238}
{"timestamp":"2026-04-15T12:30:06.799772Z","level":"info","event":"STEP 5: built cleaned snapshot dataframe rows=500","logger":"2_refresh_traffic_speed","filename":"2_refresh_traffic_speed.py","lineno":44}
{"timestamp":"2026-04-15T12:30:06.800434Z","level":"info","event":"[LATEST PREP] rows=500 | missing_measurement_rows=0","logger":"lta_common","filename":"lta_common.py","lineno":271}
{"timestamp":"2026-04-15T12:30:06.800914Z","level":"info","event":"[UPSERT START] upserting 500 rows into traffic_speed_latest","logger":"lta_common","filename":"lta_common.py","lineno":348}
{"timestamp":"2026-04-15T12:30:06.801403Z","level":"info","event":"[UPSERT DEBUG] max_link_id=4015 | min_link_id=3059 | max_speed_band=7 | min_speed_band=1 | max_minimum_speed=60 | min_minimum_speed=0 | max_maximum_speed=69 | min_maximum_speed=9","logger":"lta_common","filename":"lta_common.py","lineno":350}
{"timestamp":"2026-04-15T12:30:07.184653Z","level":"info","event":"[UPSERT DONE] upserted=500 rows into traffic_speed_latest","logger":"lta_common","filename":"lta_common.py","lineno":388}
{"timestamp":"2026-04-15T12:30:07.186664Z","level":"info","event":"[SAVE START] inserting 500 rows into traffic_speed_recent","logger":"lta_common","filename":"lta_common.py","lineno":319}
{"timestamp":"2026-04-15T12:30:07.576717Z","level":"info","event":"[SAVE DONE] inserted=500 rows into traffic_speed_recent","logger":"lta_common","filename":"lta_common.py","lineno":337}
{"timestamp":"2026-04-15T12:30:07.577347Z","level":"info","event":"STEP 6: page saved skip=2000 | pages=5 | latest_rows=2500 | recent_rows=2500","logger":"2_refresh_traffic_speed","filename":"2_refresh_traffic_speed.py","lineno":56}
{"timestamp":"2026-04-15T12:30:07.577571Z","level":"info","event":"========== PAGE START ==========","logger":"lta_common","filename":"lta_common.py","lineno":53}
{"timestamp":"2026-04-15T12:30:07.577753Z","level":"info","event":"[FETCH] requesting rows 2500–2999","logger":"lta_common","filename":"lta_common.py","lineno":54}
{"timestamp":"2026-04-15T12:30:07.579744Z","level":"info","event":"Fetching page from LTA: skip=2500","logger":"lta_common","filename":"lta_common.py","lineno":36}
{"timestamp":"2026-04-15T12:30:07.942918Z","level":"info","event":"Retrieved 500 rows from LTA at skip=2500","logger":"lta_common","filename":"lta_common.py","lineno":44}
{"timestamp":"2026-04-15T12:30:07.948186Z","level":"info","event":"[FETCH DONE] retrieved=500 rows at skip=2500","logger":"lta_common","filename":"lta_common.py","lineno":59}
{"timestamp":"2026-04-15T12:30:07.948843Z","level":"info","event":"STEP 4: processing page skip=2500 rows=500","logger":"2_refresh_traffic_speed","filename":"2_refresh_traffic_speed.py","lineno":41}
{"timestamp":"2026-04-15T12:30:07.965104Z","level":"warning","event":"[SANITIZE] link_id=4115 field=maximum_speed suspicious sentinel value=999 -> NULL","logger":"lta_common","filename":"lta_common.py","lineno":143}
{"timestamp":"2026-04-15T12:30:07.968079Z","level":"info","event":"[CLEAN DONE] rows=500 | null_speed_band=0 | null_minimum_speed=0 | null_maximum_speed=1","logger":"lta_common","filename":"lta_common.py","lineno":238}
{"timestamp":"2026-04-15T12:30:07.969598Z","level":"info","event":"STEP 5: built cleaned snapshot dataframe rows=500","logger":"2_refresh_traffic_speed","filename":"2_refresh_traffic_speed.py","lineno":44}
{"timestamp":"2026-04-15T12:30:07.970152Z","level":"info","event":"[LATEST PREP] rows=500 | missing_measurement_rows=0","logger":"lta_common","filename":"lta_common.py","lineno":271}
{"timestamp":"2026-04-15T12:30:07.970618Z","level":"info","event":"[UPSERT START] upserting 500 rows into traffic_speed_latest","logger":"lta_common","filename":"lta_common.py","lineno":348}
{"timestamp":"2026-04-15T12:30:07.971130Z","level":"info","event":"[UPSERT DEBUG] max_link_id=5041 | min_link_id=4016 | max_speed_band=8 | min_speed_band=1 | max_minimum_speed=70 | min_minimum_speed=0 | max_maximum_speed=69.0 | min_maximum_speed=9.0","logger":"lta_common","filename":"lta_common.py","lineno":350}
{"timestamp":"2026-04-15T12:30:08.361850Z","level":"info","event":"[UPSERT DONE] upserted=500 rows into traffic_speed_latest","logger":"lta_common","filename":"lta_common.py","lineno":388}
{"timestamp":"2026-04-15T12:30:08.364566Z","level":"info","event":"[SAVE START] inserting 500 rows into traffic_speed_recent","logger":"lta_common","filename":"lta_common.py","lineno":319}
{"timestamp":"2026-04-15T12:30:08.738703Z","level":"info","event":"[SAVE DONE] inserted=500 rows into traffic_speed_recent","logger":"lta_common","filename":"lta_common.py","lineno":337}
{"timestamp":"2026-04-15T12:30:08.738814Z","level":"info","event":"STEP 6: page saved skip=2500 | pages=6 | latest_rows=3000 | recent_rows=3000","logger":"2_refresh_traffic_speed","filename":"2_refresh_traffic_speed.py","lineno":56}
{"timestamp":"2026-04-15T12:30:08.738855Z","level":"info","event":"========== PAGE START ==========","logger":"lta_common","filename":"lta_common.py","lineno":53}
{"timestamp":"2026-04-15T12:30:08.738880Z","level":"info","event":"[FETCH] requesting rows 3000–3499","logger":"lta_common","filename":"lta_common.py","lineno":54}
{"timestamp":"2026-04-15T12:30:08.738907Z","level":"info","event":"Fetching page from LTA: skip=3000","logger":"lta_common","filename":"lta_common.py","lineno":36}
{"timestamp":"2026-04-15T12:30:09.036080Z","level":"info","event":"Retrieved 500 rows from LTA at skip=3000","logger":"lta_common","filename":"lta_common.py","lineno":44}
{"timestamp":"2026-04-15T12:30:09.037291Z","level":"info","event":"[FETCH DONE] retrieved=500 rows at skip=3000","logger":"lta_common","filename":"lta_common.py","lineno":59}
{"timestamp":"2026-04-15T12:30:09.037425Z","level":"info","event":"STEP 4: processing page skip=3000 rows=500","logger":"2_refresh_traffic_speed","filename":"2_refresh_traffic_speed.py","lineno":41}
{"timestamp":"2026-04-15T12:30:09.043584Z","level":"warning","event":"[SANITIZE] link_id=5081 field=maximum_speed suspicious sentinel value=999 -> NULL","logger":"lta_common","filename":"lta_common.py","lineno":143}
{"timestamp":"2026-04-15T12:30:09.045182Z","level":"info","event":"[CLEAN DONE] rows=500 | null_speed_band=0 | null_minimum_speed=0 | null_maximum_speed=1","logger":"lta_common","filename":"lta_common.py","lineno":238}
{"timestamp":"2026-04-15T12:30:09.045985Z","level":"info","event":"STEP 5: built cleaned snapshot dataframe rows=500","logger":"2_refresh_traffic_speed","filename":"2_refresh_traffic_speed.py","lineno":44}
{"timestamp":"2026-04-15T12:30:09.046314Z","level":"info","event":"[LATEST PREP] rows=500 | missing_measurement_rows=0","logger":"lta_common","filename":"lta_common.py","lineno":271}
{"timestamp":"2026-04-15T12:30:09.046550Z","level":"info","event":"[UPSERT START] upserting 500 rows into traffic_speed_latest","logger":"lta_common","filename":"lta_common.py","lineno":348}
{"timestamp":"2026-04-15T12:30:09.046836Z","level":"info","event":"[UPSERT DEBUG] max_link_id=5569 | min_link_id=5042 | max_speed_band=8 | min_speed_band=1 | max_minimum_speed=70 | min_minimum_speed=0 | max_maximum_speed=69.0 | min_maximum_speed=9.0","logger":"lta_common","filename":"lta_common.py","lineno":350}
{"timestamp":"2026-04-15T12:30:09.393948Z","level":"info","event":"[UPSERT DONE] upserted=500 rows into traffic_speed_latest","logger":"lta_common","filename":"lta_common.py","lineno":388}
{"timestamp":"2026-04-15T12:30:09.394426Z","level":"info","event":"[SAVE START] inserting 500 rows into traffic_speed_recent","logger":"lta_common","filename":"lta_common.py","lineno":319}
{"timestamp":"2026-04-15T12:30:09.745388Z","level":"info","event":"[SAVE DONE] inserted=500 rows into traffic_speed_recent","logger":"lta_common","filename":"lta_common.py","lineno":337}
{"timestamp":"2026-04-15T12:30:09.745510Z","level":"info","event":"STEP 6: page saved skip=3000 | pages=7 | latest_rows=3500 | recent_rows=3500","logger":"2_refresh_traffic_speed","filename":"2_refresh_traffic_speed.py","lineno":56}
{"timestamp":"2026-04-15T12:30:09.745544Z","level":"info","event":"========== PAGE START ==========","logger":"lta_common","filename":"lta_common.py","lineno":53}
{"timestamp":"2026-04-15T12:30:09.745566Z","level":"info","event":"[FETCH] requesting rows 3500–3999","logger":"lta_common","filename":"lta_common.py","lineno":54}
{"timestamp":"2026-04-15T12:30:09.745597Z","level":"info","event":"Fetching page from LTA: skip=3500","logger":"lta_common","filename":"lta_common.py","lineno":36}
{"timestamp":"2026-04-15T12:30:10.009176Z","level":"info","event":"Retrieved 500 rows from LTA at skip=3500","logger":"lta_common","filename":"lta_common.py","lineno":44}
{"timestamp":"2026-04-15T12:30:10.010409Z","level":"info","event":"[FETCH DONE] retrieved=500 rows at skip=3500","logger":"lta_common","filename":"lta_common.py","lineno":59}
{"timestamp":"2026-04-15T12:30:10.010630Z","level":"info","event":"STEP 4: processing page skip=3500 rows=500","logger":"2_refresh_traffic_speed","filename":"2_refresh_traffic_speed.py","lineno":41}
{"timestamp":"2026-04-15T12:30:10.016998Z","level":"warning","event":"[SANITIZE] link_id=5701 field=maximum_speed suspicious sentinel value=999 -> NULL","logger":"lta_common","filename":"lta_common.py","lineno":143}
{"timestamp":"2026-04-15T12:30:10.017064Z","level":"warning","event":"[SANITIZE] link_id=5706 field=maximum_speed suspicious sentinel value=999 -> NULL","logger":"lta_common","filename":"lta_common.py","lineno":143}
{"timestamp":"2026-04-15T12:30:10.017248Z","level":"warning","event":"[SANITIZE] link_id=5757 field=maximum_speed suspicious sentinel value=999 -> NULL","logger":"lta_common","filename":"lta_common.py","lineno":143}
{"timestamp":"2026-04-15T12:30:10.018467Z","level":"info","event":"[CLEAN DONE] rows=500 | null_speed_band=0 | null_minimum_speed=0 | null_maximum_speed=3","logger":"lta_common","filename":"lta_common.py","lineno":238}
{"timestamp":"2026-04-15T12:30:10.019217Z","level":"info","event":"STEP 5: built cleaned snapshot dataframe rows=500","logger":"2_refresh_traffic_speed","filename":"2_refresh_traffic_speed.py","lineno":44}
{"timestamp":"2026-04-15T12:30:10.019507Z","level":"info","event":"[LATEST PREP] rows=500 | missing_measurement_rows=0","logger":"lta_common","filename":"lta_common.py","lineno":271}
{"timestamp":"2026-04-15T12:30:10.019743Z","level":"info","event":"[UPSERT START] upserting 500 rows into traffic_speed_latest","logger":"lta_common","filename":"lta_common.py","lineno":348}
{"timestamp":"2026-04-15T12:30:10.020016Z","level":"info","event":"[UPSERT DEBUG] max_link_id=6101 | min_link_id=5570 | max_speed_band=8 | min_speed_band=1 | max_minimum_speed=70 | min_minimum_speed=0 | max_maximum_speed=69.0 | min_maximum_speed=9.0","logger":"lta_common","filename":"lta_common.py","lineno":350}
{"timestamp":"2026-04-15T12:30:10.385158Z","level":"info","event":"[UPSERT DONE] upserted=500 rows into traffic_speed_latest","logger":"lta_common","filename":"lta_common.py","lineno":388}
{"timestamp":"2026-04-15T12:30:10.387507Z","level":"info","event":"[SAVE START] inserting 500 rows into traffic_speed_recent","logger":"lta_common","filename":"lta_common.py","lineno":319}
{"timestamp":"2026-04-15T12:30:10.782383Z","level":"info","event":"[SAVE DONE] inserted=500 rows into traffic_speed_recent","logger":"lta_common","filename":"lta_common.py","lineno":337}
{"timestamp":"2026-04-15T12:30:10.782939Z","level":"info","event":"STEP 6: page saved skip=3500 | pages=8 | latest_rows=4000 | recent_rows=4000","logger":"2_refresh_traffic_speed","filename":"2_refresh_traffic_speed.py","lineno":56}
{"timestamp":"2026-04-15T12:30:10.783121Z","level":"info","event":"========== PAGE START ==========","logger":"lta_common","filename":"lta_common.py","lineno":53}
{"timestamp":"2026-04-15T12:30:10.783462Z","level":"info","event":"[FETCH] requesting rows 4000–4499","logger":"lta_common","filename":"lta_common.py","lineno":54}
{"timestamp":"2026-04-15T12:30:10.783709Z","level":"info","event":"Fetching page from LTA: skip=4000","logger":"lta_common","filename":"lta_common.py","lineno":36}
{"timestamp":"2026-04-15T12:30:11.082642Z","level":"info","event":"Retrieved 500 rows from LTA at skip=4000","logger":"lta_common","filename":"lta_common.py","lineno":44}
{"timestamp":"2026-04-15T12:30:11.086948Z","level":"info","event":"[FETCH DONE] retrieved=500 rows at skip=4000","logger":"lta_common","filename":"lta_common.py","lineno":59}
{"timestamp":"2026-04-15T12:30:11.087732Z","level":"info","event":"STEP 4: processing page skip=4000 rows=500","logger":"2_refresh_traffic_speed","filename":"2_refresh_traffic_speed.py","lineno":41}
{"timestamp":"2026-04-15T12:30:11.103039Z","level":"warning","event":"[SANITIZE] link_id=6545 field=maximum_speed suspicious sentinel value=999 -> NULL","logger":"lta_common","filename":"lta_common.py","lineno":143}
{"timestamp":"2026-04-15T12:30:11.103483Z","level":"warning","event":"[SANITIZE] link_id=6673 field=maximum_speed suspicious sentinel value=999 -> NULL","logger":"lta_common","filename":"lta_common.py","lineno":143}
{"timestamp":"2026-04-15T12:30:11.104138Z","level":"info","event":"[CLEAN DONE] rows=500 | null_speed_band=0 | null_minimum_speed=0 | null_maximum_speed=2","logger":"lta_common","filename":"lta_common.py","lineno":238}
{"timestamp":"2026-04-15T12:30:11.105436Z","level":"info","event":"STEP 5: built cleaned snapshot dataframe rows=500","logger":"2_refresh_traffic_speed","filename":"2_refresh_traffic_speed.py","lineno":44}
{"timestamp":"2026-04-15T12:30:11.105921Z","level":"info","event":"[LATEST PREP] rows=500 | missing_measurement_rows=0","logger":"lta_common","filename":"lta_common.py","lineno":271}
{"timestamp":"2026-04-15T12:30:11.106306Z","level":"info","event":"[UPSERT START] upserting 500 rows into traffic_speed_latest","logger":"lta_common","filename":"lta_common.py","lineno":348}
{"timestamp":"2026-04-15T12:30:11.106742Z","level":"info","event":"[UPSERT DEBUG] max_link_id=6694 | min_link_id=6102 | max_speed_band=8 | min_speed_band=1 | max_minimum_speed=70 | min_minimum_speed=0 | max_maximum_speed=69.0 | min_maximum_speed=9.0","logger":"lta_common","filename":"lta_common.py","lineno":350}
{"timestamp":"2026-04-15T12:30:11.453132Z","level":"info","event":"[UPSERT DONE] upserted=500 rows into traffic_speed_latest","logger":"lta_common","filename":"lta_common.py","lineno":388}
{"timestamp":"2026-04-15T12:30:11.456106Z","level":"info","event":"[SAVE START] inserting 500 rows into traffic_speed_recent","logger":"lta_common","filename":"lta_common.py","lineno":319}
{"timestamp":"2026-04-15T12:30:11.825347Z","level":"info","event":"[SAVE DONE] inserted=500 rows into traffic_speed_recent","logger":"lta_common","filename":"lta_common.py","lineno":337}
{"timestamp":"2026-04-15T12:30:11.825866Z","level":"info","event":"STEP 6: page saved skip=4000 | pages=9 | latest_rows=4500 | recent_rows=4500","logger":"2_refresh_traffic_speed","filename":"2_refresh_traffic_speed.py","lineno":56}
{"timestamp":"2026-04-15T12:30:11.826058Z","level":"info","event":"========== PAGE START ==========","logger":"lta_common","filename":"lta_common.py","lineno":53}
{"timestamp":"2026-04-15T12:30:11.826199Z","level":"info","event":"[FETCH] requesting rows 4500–4999","logger":"lta_common","filename":"lta_common.py","lineno":54}
{"timestamp":"2026-04-15T12:30:11.826407Z","level":"info","event":"Fetching page from LTA: skip=4500","logger":"lta_common","filename":"lta_common.py","lineno":36}
{"timestamp":"2026-04-15T12:30:12.154398Z","level":"info","event":"Retrieved 500 rows from LTA at skip=4500","logger":"lta_common","filename":"lta_common.py","lineno":44}
{"timestamp":"2026-04-15T12:30:12.159090Z","level":"info","event":"[FETCH DONE] retrieved=500 rows at skip=4500","logger":"lta_common","filename":"lta_common.py","lineno":59}
{"timestamp":"2026-04-15T12:30:12.159784Z","level":"info","event":"STEP 4: processing page skip=4500 rows=500","logger":"2_refresh_traffic_speed","filename":"2_refresh_traffic_speed.py","lineno":41}
{"timestamp":"2026-04-15T12:30:12.179122Z","level":"info","event":"[CLEAN DONE] rows=500 | null_speed_band=0 | null_minimum_speed=0 | null_maximum_speed=0","logger":"lta_common","filename":"lta_common.py","lineno":238}
{"timestamp":"2026-04-15T12:30:12.180739Z","level":"info","event":"STEP 5: built cleaned snapshot dataframe rows=500","logger":"2_refresh_traffic_speed","filename":"2_refresh_traffic_speed.py","lineno":44}
{"timestamp":"2026-04-15T12:30:12.181374Z","level":"info","event":"[LATEST PREP] rows=500 | missing_measurement_rows=0","logger":"lta_common","filename":"lta_common.py","lineno":271}
{"timestamp":"2026-04-15T12:30:12.181817Z","level":"info","event":"[UPSERT START] upserting 500 rows into traffic_speed_latest","logger":"lta_common","filename":"lta_common.py","lineno":348}
{"timestamp":"2026-04-15T12:30:12.182350Z","level":"info","event":"[UPSERT DEBUG] max_link_id=7256 | min_link_id=6695 | max_speed_band=7 | min_speed_band=1 | max_minimum_speed=60 | min_minimum_speed=0 | max_maximum_speed=69 | min_maximum_speed=9","logger":"lta_common","filename":"lta_common.py","lineno":350}
{"timestamp":"2026-04-15T12:30:12.567761Z","level":"info","event":"[UPSERT DONE] upserted=500 rows into traffic_speed_latest","logger":"lta_common","filename":"lta_common.py","lineno":388}
{"timestamp":"2026-04-15T12:30:12.570159Z","level":"info","event":"[SAVE START] inserting 500 rows into traffic_speed_recent","logger":"lta_common","filename":"lta_common.py","lineno":319}
{"timestamp":"2026-04-15T12:30:12.925151Z","level":"info","event":"[SAVE DONE] inserted=500 rows into traffic_speed_recent","logger":"lta_common","filename":"lta_common.py","lineno":337}
{"timestamp":"2026-04-15T12:30:12.925741Z","level":"info","event":"STEP 6: page saved skip=4500 | pages=10 | latest_rows=5000 | recent_rows=5000","logger":"2_refresh_traffic_speed","filename":"2_refresh_traffic_speed.py","lineno":56}
{"timestamp":"2026-04-15T12:30:12.925962Z","level":"info","event":"========== PAGE START ==========","logger":"lta_common","filename":"lta_common.py","lineno":53}
{"timestamp":"2026-04-15T12:30:12.926101Z","level":"info","event":"[FETCH] requesting rows 5000–5499","logger":"lta_common","filename":"lta_common.py","lineno":54}
{"timestamp":"2026-04-15T12:30:12.926301Z","level":"info","event":"Fetching page from LTA: skip=5000","logger":"lta_common","filename":"lta_common.py","lineno":36}
{"timestamp":"2026-04-15T12:30:13.224522Z","level":"info","event":"Retrieved 500 rows from LTA at skip=5000","logger":"lta_common","filename":"lta_common.py","lineno":44}
{"timestamp":"2026-04-15T12:30:13.225711Z","level":"info","event":"[FETCH DONE] retrieved=500 rows at skip=5000","logger":"lta_common","filename":"lta_common.py","lineno":59}
{"timestamp":"2026-04-15T12:30:13.225842Z","level":"info","event":"STEP 4: processing page skip=5000 rows=500","logger":"2_refresh_traffic_speed","filename":"2_refresh_traffic_speed.py","lineno":41}
{"timestamp":"2026-04-15T12:30:13.233422Z","level":"info","event":"[CLEAN DONE] rows=500 | null_speed_band=0 | null_minimum_speed=0 | null_maximum_speed=0","logger":"lta_common","filename":"lta_common.py","lineno":238}
{"timestamp":"2026-04-15T12:30:13.234151Z","level":"info","event":"STEP 5: built cleaned snapshot dataframe rows=500","logger":"2_refresh_traffic_speed","filename":"2_refresh_traffic_speed.py","lineno":44}
{"timestamp":"2026-04-15T12:30:13.234456Z","level":"info","event":"[LATEST PREP] rows=500 | missing_measurement_rows=0","logger":"lta_common","filename":"lta_common.py","lineno":271}
{"timestamp":"2026-04-15T12:30:13.234682Z","level":"info","event":"[UPSERT START] upserting 500 rows into traffic_speed_latest","logger":"lta_common","filename":"lta_common.py","lineno":348}
{"timestamp":"2026-04-15T12:30:13.234947Z","level":"info","event":"[UPSERT DEBUG] max_link_id=8130 | min_link_id=7257 | max_speed_band=7 | min_speed_band=1 | max_minimum_speed=60 | min_minimum_speed=0 | max_maximum_speed=69 | min_maximum_speed=9","logger":"lta_common","filename":"lta_common.py","lineno":350}
{"timestamp":"2026-04-15T12:30:13.589742Z","level":"info","event":"[UPSERT DONE] upserted=500 rows into traffic_speed_latest","logger":"lta_common","filename":"lta_common.py","lineno":388}
{"timestamp":"2026-04-15T12:30:13.590139Z","level":"info","event":"[SAVE START] inserting 500 rows into traffic_speed_recent","logger":"lta_common","filename":"lta_common.py","lineno":319}
{"timestamp":"2026-04-15T12:30:13.945430Z","level":"info","event":"[SAVE DONE] inserted=500 rows into traffic_speed_recent","logger":"lta_common","filename":"lta_common.py","lineno":337}
{"timestamp":"2026-04-15T12:30:13.945535Z","level":"info","event":"STEP 6: page saved skip=5000 | pages=11 | latest_rows=5500 | recent_rows=5500","logger":"2_refresh_traffic_speed","filename":"2_refresh_traffic_speed.py","lineno":56}
{"timestamp":"2026-04-15T12:30:13.945570Z","level":"info","event":"========== PAGE START ==========","logger":"lta_common","filename":"lta_common.py","lineno":53}
{"timestamp":"2026-04-15T12:30:13.945592Z","level":"info","event":"[FETCH] requesting rows 5500–5999","logger":"lta_common","filename":"lta_common.py","lineno":54}
{"timestamp":"2026-04-15T12:30:13.945621Z","level":"info","event":"Fetching page from LTA: skip=5500","logger":"lta_common","filename":"lta_common.py","lineno":36}
{"timestamp":"2026-04-15T12:30:14.225841Z","level":"info","event":"Retrieved 500 rows from LTA at skip=5500","logger":"lta_common","filename":"lta_common.py","lineno":44}
{"timestamp":"2026-04-15T12:30:14.227121Z","level":"info","event":"[FETCH DONE] retrieved=500 rows at skip=5500","logger":"lta_common","filename":"lta_common.py","lineno":59}
{"timestamp":"2026-04-15T12:30:14.227283Z","level":"info","event":"STEP 4: processing page skip=5500 rows=500","logger":"2_refresh_traffic_speed","filename":"2_refresh_traffic_speed.py","lineno":41}
{"timestamp":"2026-04-15T12:30:14.233982Z","level":"warning","event":"[SANITIZE] link_id=8688 field=maximum_speed suspicious sentinel value=999 -> NULL","logger":"lta_common","filename":"lta_common.py","lineno":143}
{"timestamp":"2026-04-15T12:30:14.234804Z","level":"info","event":"[CLEAN DONE] rows=500 | null_speed_band=0 | null_minimum_speed=0 | null_maximum_speed=1","logger":"lta_common","filename":"lta_common.py","lineno":238}
{"timestamp":"2026-04-15T12:30:14.235642Z","level":"info","event":"STEP 5: built cleaned snapshot dataframe rows=500","logger":"2_refresh_traffic_speed","filename":"2_refresh_traffic_speed.py","lineno":44}
{"timestamp":"2026-04-15T12:30:14.235939Z","level":"info","event":"[LATEST PREP] rows=500 | missing_measurement_rows=0","logger":"lta_common","filename":"lta_common.py","lineno":271}
{"timestamp":"2026-04-15T12:30:14.236165Z","level":"info","event":"[UPSERT START] upserting 500 rows into traffic_speed_latest","logger":"lta_common","filename":"lta_common.py","lineno":348}
{"timestamp":"2026-04-15T12:30:14.236438Z","level":"info","event":"[UPSERT DEBUG] max_link_id=8918 | min_link_id=8131 | max_speed_band=8 | min_speed_band=1 | max_minimum_speed=70 | min_minimum_speed=0 | max_maximum_speed=69.0 | min_maximum_speed=9.0","logger":"lta_common","filename":"lta_common.py","lineno":350}
{"timestamp":"2026-04-15T12:30:14.612755Z","level":"info","event":"[UPSERT DONE] upserted=500 rows into traffic_speed_latest","logger":"lta_common","filename":"lta_common.py","lineno":388}
{"timestamp":"2026-04-15T12:30:14.614191Z","level":"info","event":"[SAVE START] inserting 500 rows into traffic_speed_recent","logger":"lta_common","filename":"lta_common.py","lineno":319}
{"timestamp":"2026-04-15T12:30:14.968406Z","level":"info","event":"[SAVE DONE] inserted=500 rows into traffic_speed_recent","logger":"lta_common","filename":"lta_common.py","lineno":337}
{"timestamp":"2026-04-15T12:30:14.968969Z","level":"info","event":"STEP 6: page saved skip=5500 | pages=12 | latest_rows=6000 | recent_rows=6000","logger":"2_refresh_traffic_speed","filename":"2_refresh_traffic_speed.py","lineno":56}
{"timestamp":"2026-04-15T12:30:14.969116Z","level":"info","event":"========== PAGE START ==========","logger":"lta_common","filename":"lta_common.py","lineno":53}
{"timestamp":"2026-04-15T12:30:14.969195Z","level":"info","event":"[FETCH] requesting rows 6000–6499","logger":"lta_common","filename":"lta_common.py","lineno":54}
{"timestamp":"2026-04-15T12:30:14.969294Z","level":"info","event":"Fetching page from LTA: skip=6000","logger":"lta_common","filename":"lta_common.py","lineno":36}
{"timestamp":"2026-04-15T12:30:15.283832Z","level":"info","event":"Retrieved 500 rows from LTA at skip=6000","logger":"lta_common","filename":"lta_common.py","lineno":44}
{"timestamp":"2026-04-15T12:30:15.288545Z","level":"info","event":"[FETCH DONE] retrieved=500 rows at skip=6000","logger":"lta_common","filename":"lta_common.py","lineno":59}
{"timestamp":"2026-04-15T12:30:15.289641Z","level":"info","event":"STEP 4: processing page skip=6000 rows=500","logger":"2_refresh_traffic_speed","filename":"2_refresh_traffic_speed.py","lineno":41}
{"timestamp":"2026-04-15T12:30:15.306817Z","level":"warning","event":"[SANITIZE] link_id=8972 field=maximum_speed suspicious sentinel value=999 -> NULL","logger":"lta_common","filename":"lta_common.py","lineno":143}
{"timestamp":"2026-04-15T12:30:15.310051Z","level":"info","event":"[CLEAN DONE] rows=500 | null_speed_band=0 | null_minimum_speed=0 | null_maximum_speed=1","logger":"lta_common","filename":"lta_common.py","lineno":238}
{"timestamp":"2026-04-15T12:30:15.311719Z","level":"info","event":"STEP 5: built cleaned snapshot dataframe rows=500","logger":"2_refresh_traffic_speed","filename":"2_refresh_traffic_speed.py","lineno":44}
{"timestamp":"2026-04-15T12:30:15.312351Z","level":"info","event":"[LATEST PREP] rows=500 | missing_measurement_rows=0","logger":"lta_common","filename":"lta_common.py","lineno":271}
{"timestamp":"2026-04-15T12:30:15.312864Z","level":"info","event":"[UPSERT START] upserting 500 rows into traffic_speed_latest","logger":"lta_common","filename":"lta_common.py","lineno":348}
{"timestamp":"2026-04-15T12:30:15.313483Z","level":"info","event":"[UPSERT DEBUG] max_link_id=9667 | min_link_id=8919 | max_speed_band=8 | min_speed_band=1 | max_minimum_speed=70 | min_minimum_speed=0 | max_maximum_speed=69.0 | min_maximum_speed=9.0","logger":"lta_common","filename":"lta_common.py","lineno":350}
{"timestamp":"2026-04-15T12:30:15.718005Z","level":"info","event":"[UPSERT DONE] upserted=500 rows into traffic_speed_latest","logger":"lta_common","filename":"lta_common.py","lineno":388}
{"timestamp":"2026-04-15T12:30:15.720834Z","level":"info","event":"[SAVE START] inserting 500 rows into traffic_speed_recent","logger":"lta_common","filename":"lta_common.py","lineno":319}
{"timestamp":"2026-04-15T12:30:16.130005Z","level":"info","event":"[SAVE DONE] inserted=500 rows into traffic_speed_recent","logger":"lta_common","filename":"lta_common.py","lineno":337}
{"timestamp":"2026-04-15T12:30:16.130203Z","level":"info","event":"STEP 6: page saved skip=6000 | pages=13 | latest_rows=6500 | recent_rows=6500","logger":"2_refresh_traffic_speed","filename":"2_refresh_traffic_speed.py","lineno":56}
{"timestamp":"2026-04-15T12:30:16.130238Z","level":"info","event":"========== PAGE START ==========","logger":"lta_common","filename":"lta_common.py","lineno":53}
{"timestamp":"2026-04-15T12:30:16.130260Z","level":"info","event":"[FETCH] requesting rows 6500–6999","logger":"lta_common","filename":"lta_common.py","lineno":54}
{"timestamp":"2026-04-15T12:30:16.130298Z","level":"info","event":"Fetching page from LTA: skip=6500","logger":"lta_common","filename":"lta_common.py","lineno":36}
{"timestamp":"2026-04-15T12:30:16.373700Z","level":"info","event":"Retrieved 500 rows from LTA at skip=6500","logger":"lta_common","filename":"lta_common.py","lineno":44}
{"timestamp":"2026-04-15T12:30:16.374877Z","level":"info","event":"[FETCH DONE] retrieved=500 rows at skip=6500","logger":"lta_common","filename":"lta_common.py","lineno":59}
{"timestamp":"2026-04-15T12:30:16.375026Z","level":"info","event":"STEP 4: processing page skip=6500 rows=500","logger":"2_refresh_traffic_speed","filename":"2_refresh_traffic_speed.py","lineno":41}
{"timestamp":"2026-04-15T12:30:16.381754Z","level":"warning","event":"[SANITIZE] link_id=10024 field=maximum_speed suspicious sentinel value=999 -> NULL","logger":"lta_common","filename":"lta_common.py","lineno":143}
{"timestamp":"2026-04-15T12:30:16.381807Z","level":"warning","event":"[SANITIZE] link_id=10025 field=maximum_speed suspicious sentinel value=999 -> NULL","logger":"lta_common","filename":"lta_common.py","lineno":143}
{"timestamp":"2026-04-15T12:30:16.381850Z","level":"warning","event":"[SANITIZE] link_id=10029 field=maximum_speed suspicious sentinel value=999 -> NULL","logger":"lta_common","filename":"lta_common.py","lineno":143}
{"timestamp":"2026-04-15T12:30:16.382413Z","level":"warning","event":"[SANITIZE] link_id=10422 field=maximum_speed suspicious sentinel value=999 -> NULL","logger":"lta_common","filename":"lta_common.py","lineno":143}
{"timestamp":"2026-04-15T12:30:16.382948Z","level":"info","event":"[CLEAN DONE] rows=500 | null_speed_band=0 | null_minimum_speed=0 | null_maximum_speed=4","logger":"lta_common","filename":"lta_common.py","lineno":238}
{"timestamp":"2026-04-15T12:30:16.383741Z","level":"info","event":"STEP 5: built cleaned snapshot dataframe rows=500","logger":"2_refresh_traffic_speed","filename":"2_refresh_traffic_speed.py","lineno":44}
{"timestamp":"2026-04-15T12:30:16.384046Z","level":"info","event":"[LATEST PREP] rows=500 | missing_measurement_rows=0","logger":"lta_common","filename":"lta_common.py","lineno":271}
{"timestamp":"2026-04-15T12:30:16.384298Z","level":"info","event":"[UPSERT START] upserting 500 rows into traffic_speed_latest","logger":"lta_common","filename":"lta_common.py","lineno":348}
{"timestamp":"2026-04-15T12:30:16.384603Z","level":"info","event":"[UPSERT DEBUG] max_link_id=10530 | min_link_id=9669 | max_speed_band=8 | min_speed_band=1 | max_minimum_speed=70 | min_minimum_speed=0 | max_maximum_speed=69.0 | min_maximum_speed=9.0","logger":"lta_common","filename":"lta_common.py","lineno":350}
{"timestamp":"2026-04-15T12:30:16.758780Z","level":"info","event":"[UPSERT DONE] upserted=500 rows into traffic_speed_latest","logger":"lta_common","filename":"lta_common.py","lineno":388}
{"timestamp":"2026-04-15T12:30:16.759172Z","level":"info","event":"[SAVE START] inserting 500 rows into traffic_speed_recent","logger":"lta_common","filename":"lta_common.py","lineno":319}
{"timestamp":"2026-04-15T12:30:17.133140Z","level":"info","event":"[SAVE DONE] inserted=500 rows into traffic_speed_recent","logger":"lta_common","filename":"lta_common.py","lineno":337}
{"timestamp":"2026-04-15T12:30:17.133240Z","level":"info","event":"STEP 6: page saved skip=6500 | pages=14 | latest_rows=7000 | recent_rows=7000","logger":"2_refresh_traffic_speed","filename":"2_refresh_traffic_speed.py","lineno":56}
{"timestamp":"2026-04-15T12:30:17.133272Z","level":"info","event":"========== PAGE START ==========","logger":"lta_common","filename":"lta_common.py","lineno":53}
{"timestamp":"2026-04-15T12:30:17.133294Z","level":"info","event":"[FETCH] requesting rows 7000–7499","logger":"lta_common","filename":"lta_common.py","lineno":54}
{"timestamp":"2026-04-15T12:30:17.133323Z","level":"info","event":"Fetching page from LTA: skip=7000","logger":"lta_common","filename":"lta_common.py","lineno":36}
{"timestamp":"2026-04-15T12:30:17.456371Z","level":"info","event":"Retrieved 500 rows from LTA at skip=7000","logger":"lta_common","filename":"lta_common.py","lineno":44}
{"timestamp":"2026-04-15T12:30:17.457559Z","level":"info","event":"[FETCH DONE] retrieved=500 rows at skip=7000","logger":"lta_common","filename":"lta_common.py","lineno":59}
{"timestamp":"2026-04-15T12:30:17.457681Z","level":"info","event":"STEP 4: processing page skip=7000 rows=500","logger":"2_refresh_traffic_speed","filename":"2_refresh_traffic_speed.py","lineno":41}
{"timestamp":"2026-04-15T12:30:17.463724Z","level":"warning","event":"[SANITIZE] link_id=10687 field=maximum_speed suspicious sentinel value=999 -> NULL","logger":"lta_common","filename":"lta_common.py","lineno":143}
{"timestamp":"2026-04-15T12:30:17.463840Z","level":"warning","event":"[SANITIZE] link_id=10716 field=maximum_speed suspicious sentinel value=999 -> NULL","logger":"lta_common","filename":"lta_common.py","lineno":143}
{"timestamp":"2026-04-15T12:30:17.464251Z","level":"warning","event":"[SANITIZE] link_id=10951 field=maximum_speed suspicious sentinel value=999 -> NULL","logger":"lta_common","filename":"lta_common.py","lineno":143}
{"timestamp":"2026-04-15T12:30:17.464425Z","level":"warning","event":"[SANITIZE] link_id=11099 field=maximum_speed suspicious sentinel value=999 -> NULL","logger":"lta_common","filename":"lta_common.py","lineno":143}
{"timestamp":"2026-04-15T12:30:17.465142Z","level":"info","event":"[CLEAN DONE] rows=500 | null_speed_band=0 | null_minimum_speed=0 | null_maximum_speed=4","logger":"lta_common","filename":"lta_common.py","lineno":238}
{"timestamp":"2026-04-15T12:30:17.465870Z","level":"info","event":"STEP 5: built cleaned snapshot dataframe rows=500","logger":"2_refresh_traffic_speed","filename":"2_refresh_traffic_speed.py","lineno":44}
{"timestamp":"2026-04-15T12:30:17.466141Z","level":"info","event":"[LATEST PREP] rows=500 | missing_measurement_rows=0","logger":"lta_common","filename":"lta_common.py","lineno":271}
{"timestamp":"2026-04-15T12:30:17.466364Z","level":"info","event":"[UPSERT START] upserting 500 rows into traffic_speed_latest","logger":"lta_common","filename":"lta_common.py","lineno":348}
{"timestamp":"2026-04-15T12:30:17.466634Z","level":"info","event":"[UPSERT DEBUG] max_link_id=11391 | min_link_id=10531 | max_speed_band=8 | min_speed_band=1 | max_minimum_speed=70 | min_minimum_speed=0 | max_maximum_speed=69.0 | min_maximum_speed=9.0","logger":"lta_common","filename":"lta_common.py","lineno":350}
{"timestamp":"2026-04-15T12:30:17.872260Z","level":"info","event":"[UPSERT DONE] upserted=500 rows into traffic_speed_latest","logger":"lta_common","filename":"lta_common.py","lineno":388}
{"timestamp":"2026-04-15T12:30:17.872683Z","level":"info","event":"[SAVE START] inserting 500 rows into traffic_speed_recent","logger":"lta_common","filename":"lta_common.py","lineno":319}
{"timestamp":"2026-04-15T12:30:18.242841Z","level":"info","event":"[SAVE DONE] inserted=500 rows into traffic_speed_recent","logger":"lta_common","filename":"lta_common.py","lineno":337}
{"timestamp":"2026-04-15T12:30:18.243043Z","level":"info","event":"STEP 6: page saved skip=7000 | pages=15 | latest_rows=7500 | recent_rows=7500","logger":"2_refresh_traffic_speed","filename":"2_refresh_traffic_speed.py","lineno":56}
{"timestamp":"2026-04-15T12:30:18.243100Z","level":"info","event":"========== PAGE START ==========","logger":"lta_common","filename":"lta_common.py","lineno":53}
{"timestamp":"2026-04-15T12:30:18.243147Z","level":"info","event":"[FETCH] requesting rows 7500–7999","logger":"lta_common","filename":"lta_common.py","lineno":54}
{"timestamp":"2026-04-15T12:30:18.243203Z","level":"info","event":"Fetching page from LTA: skip=7500","logger":"lta_common","filename":"lta_common.py","lineno":36}
{"timestamp":"2026-04-15T12:30:18.548259Z","level":"info","event":"Retrieved 500 rows from LTA at skip=7500","logger":"lta_common","filename":"lta_common.py","lineno":44}
{"timestamp":"2026-04-15T12:30:18.549343Z","level":"info","event":"[FETCH DONE] retrieved=500 rows at skip=7500","logger":"lta_common","filename":"lta_common.py","lineno":59}
{"timestamp":"2026-04-15T12:30:18.549544Z","level":"info","event":"STEP 4: processing page skip=7500 rows=500","logger":"2_refresh_traffic_speed","filename":"2_refresh_traffic_speed.py","lineno":41}
{"timestamp":"2026-04-15T12:30:18.555726Z","level":"warning","event":"[SANITIZE] link_id=11673 field=maximum_speed suspicious sentinel value=999 -> NULL","logger":"lta_common","filename":"lta_common.py","lineno":143}
{"timestamp":"2026-04-15T12:30:18.555782Z","level":"warning","event":"[SANITIZE] link_id=11675 field=maximum_speed suspicious sentinel value=999 -> NULL","logger":"lta_common","filename":"lta_common.py","lineno":143}
{"timestamp":"2026-04-15T12:30:18.555829Z","level":"warning","event":"[SANITIZE] link_id=11711 field=maximum_speed suspicious sentinel value=999 -> NULL","logger":"lta_common","filename":"lta_common.py","lineno":143}
{"timestamp":"2026-04-15T12:30:18.557023Z","level":"info","event":"[CLEAN DONE] rows=500 | null_speed_band=0 | null_minimum_speed=0 | null_maximum_speed=3","logger":"lta_common","filename":"lta_common.py","lineno":238}
{"timestamp":"2026-04-15T12:30:18.557769Z","level":"info","event":"STEP 5: built cleaned snapshot dataframe rows=500","logger":"2_refresh_traffic_speed","filename":"2_refresh_traffic_speed.py","lineno":44}
{"timestamp":"2026-04-15T12:30:18.558061Z","level":"info","event":"[LATEST PREP] rows=500 | missing_measurement_rows=0","logger":"lta_common","filename":"lta_common.py","lineno":271}
{"timestamp":"2026-04-15T12:30:18.558289Z","level":"info","event":"[UPSERT START] upserting 500 rows into traffic_speed_latest","logger":"lta_common","filename":"lta_common.py","lineno":348}
{"timestamp":"2026-04-15T12:30:18.558550Z","level":"info","event":"[UPSERT DEBUG] max_link_id=12191 | min_link_id=11394 | max_speed_band=8 | min_speed_band=1 | max_minimum_speed=70 | min_minimum_speed=0 | max_maximum_speed=69.0 | min_maximum_speed=9.0","logger":"lta_common","filename":"lta_common.py","lineno":350}
{"timestamp":"2026-04-15T12:30:18.939846Z","level":"info","event":"[UPSERT DONE] upserted=500 rows into traffic_speed_latest","logger":"lta_common","filename":"lta_common.py","lineno":388}
{"timestamp":"2026-04-15T12:30:18.940347Z","level":"info","event":"[SAVE START] inserting 500 rows into traffic_speed_recent","logger":"lta_common","filename":"lta_common.py","lineno":319}
{"timestamp":"2026-04-15T12:30:19.294237Z","level":"info","event":"[SAVE DONE] inserted=500 rows into traffic_speed_recent","logger":"lta_common","filename":"lta_common.py","lineno":337}
{"timestamp":"2026-04-15T12:30:19.294897Z","level":"info","event":"STEP 6: page saved skip=7500 | pages=16 | latest_rows=8000 | recent_rows=8000","logger":"2_refresh_traffic_speed","filename":"2_refresh_traffic_speed.py","lineno":56}
{"timestamp":"2026-04-15T12:30:19.295330Z","level":"info","event":"========== PAGE START ==========","logger":"lta_common","filename":"lta_common.py","lineno":53}
{"timestamp":"2026-04-15T12:30:19.295571Z","level":"info","event":"[FETCH] requesting rows 8000–8499","logger":"lta_common","filename":"lta_common.py","lineno":54}
{"timestamp":"2026-04-15T12:30:19.295876Z","level":"info","event":"Fetching page from LTA: skip=8000","logger":"lta_common","filename":"lta_common.py","lineno":36}
{"timestamp":"2026-04-15T12:30:19.624058Z","level":"info","event":"Retrieved 500 rows from LTA at skip=8000","logger":"lta_common","filename":"lta_common.py","lineno":44}
{"timestamp":"2026-04-15T12:30:19.632861Z","level":"info","event":"[FETCH DONE] retrieved=500 rows at skip=8000","logger":"lta_common","filename":"lta_common.py","lineno":59}
{"timestamp":"2026-04-15T12:30:19.635055Z","level":"info","event":"STEP 4: processing page skip=8000 rows=500","logger":"2_refresh_traffic_speed","filename":"2_refresh_traffic_speed.py","lineno":41}
{"timestamp":"2026-04-15T12:30:19.643001Z","level":"info","event":"[CLEAN DONE] rows=500 | null_speed_band=0 | null_minimum_speed=0 | null_maximum_speed=0","logger":"lta_common","filename":"lta_common.py","lineno":238}
{"timestamp":"2026-04-15T12:30:19.643847Z","level":"info","event":"STEP 5: built cleaned snapshot dataframe rows=500","logger":"2_refresh_traffic_speed","filename":"2_refresh_traffic_speed.py","lineno":44}
{"timestamp":"2026-04-15T12:30:19.644231Z","level":"info","event":"[LATEST PREP] rows=500 | missing_measurement_rows=0","logger":"lta_common","filename":"lta_common.py","lineno":271}
{"timestamp":"2026-04-15T12:30:19.644522Z","level":"info","event":"[UPSERT START] upserting 500 rows into traffic_speed_latest","logger":"lta_common","filename":"lta_common.py","lineno":348}
{"timestamp":"2026-04-15T12:30:19.644903Z","level":"info","event":"[UPSERT DEBUG] max_link_id=12845 | min_link_id=12192 | max_speed_band=7 | min_speed_band=1 | max_minimum_speed=60 | min_minimum_speed=0 | max_maximum_speed=69 | min_maximum_speed=9","logger":"lta_common","filename":"lta_common.py","lineno":350}
{"timestamp":"2026-04-15T12:30:20.005995Z","level":"info","event":"[UPSERT DONE] upserted=500 rows into traffic_speed_latest","logger":"lta_common","filename":"lta_common.py","lineno":388}
{"timestamp":"2026-04-15T12:30:20.007533Z","level":"info","event":"[SAVE START] inserting 500 rows into traffic_speed_recent","logger":"lta_common","filename":"lta_common.py","lineno":319}
{"timestamp":"2026-04-15T12:30:20.364421Z","level":"info","event":"[SAVE DONE] inserted=500 rows into traffic_speed_recent","logger":"lta_common","filename":"lta_common.py","lineno":337}
{"timestamp":"2026-04-15T12:30:20.364682Z","level":"info","event":"STEP 6: page saved skip=8000 | pages=17 | latest_rows=8500 | recent_rows=8500","logger":"2_refresh_traffic_speed","filename":"2_refresh_traffic_speed.py","lineno":56}
{"timestamp":"2026-04-15T12:30:20.364771Z","level":"info","event":"========== PAGE START ==========","logger":"lta_common","filename":"lta_common.py","lineno":53}
{"timestamp":"2026-04-15T12:30:20.364829Z","level":"info","event":"[FETCH] requesting rows 8500–8999","logger":"lta_common","filename":"lta_common.py","lineno":54}
{"timestamp":"2026-04-15T12:30:20.364903Z","level":"info","event":"Fetching page from LTA: skip=8500","logger":"lta_common","filename":"lta_common.py","lineno":36}
{"timestamp":"2026-04-15T12:30:20.733639Z","level":"info","event":"Retrieved 500 rows from LTA at skip=8500","logger":"lta_common","filename":"lta_common.py","lineno":44}
{"timestamp":"2026-04-15T12:30:20.738794Z","level":"info","event":"[FETCH DONE] retrieved=500 rows at skip=8500","logger":"lta_common","filename":"lta_common.py","lineno":59}
{"timestamp":"2026-04-15T12:30:20.739750Z","level":"info","event":"STEP 4: processing page skip=8500 rows=500","logger":"2_refresh_traffic_speed","filename":"2_refresh_traffic_speed.py","lineno":41}
{"timestamp":"2026-04-15T12:30:20.760922Z","level":"info","event":"[CLEAN DONE] rows=500 | null_speed_band=0 | null_minimum_speed=0 | null_maximum_speed=0","logger":"lta_common","filename":"lta_common.py","lineno":238}
{"timestamp":"2026-04-15T12:30:20.762240Z","level":"info","event":"STEP 5: built cleaned snapshot dataframe rows=500","logger":"2_refresh_traffic_speed","filename":"2_refresh_traffic_speed.py","lineno":44}
{"timestamp":"2026-04-15T12:30:20.762785Z","level":"info","event":"[LATEST PREP] rows=500 | missing_measurement_rows=0","logger":"lta_common","filename":"lta_common.py","lineno":271}
{"timestamp":"2026-04-15T12:30:20.763153Z","level":"info","event":"[UPSERT START] upserting 500 rows into traffic_speed_latest","logger":"lta_common","filename":"lta_common.py","lineno":348}
{"timestamp":"2026-04-15T12:30:20.763669Z","level":"info","event":"[UPSERT DEBUG] max_link_id=13560 | min_link_id=12846 | max_speed_band=7 | min_speed_band=1 | max_minimum_speed=60 | min_minimum_speed=0 | max_maximum_speed=69 | min_maximum_speed=9","logger":"lta_common","filename":"lta_common.py","lineno":350}
{"timestamp":"2026-04-15T12:30:21.125204Z","level":"info","event":"[UPSERT DONE] upserted=500 rows into traffic_speed_latest","logger":"lta_common","filename":"lta_common.py","lineno":388}
{"timestamp":"2026-04-15T12:30:21.125612Z","level":"info","event":"[SAVE START] inserting 500 rows into traffic_speed_recent","logger":"lta_common","filename":"lta_common.py","lineno":319}
{"timestamp":"2026-04-15T12:30:21.490821Z","level":"info","event":"[SAVE DONE] inserted=500 rows into traffic_speed_recent","logger":"lta_common","filename":"lta_common.py","lineno":337}
{"timestamp":"2026-04-15T12:30:21.490950Z","level":"info","event":"STEP 6: page saved skip=8500 | pages=18 | latest_rows=9000 | recent_rows=9000","logger":"2_refresh_traffic_speed","filename":"2_refresh_traffic_speed.py","lineno":56}
{"timestamp":"2026-04-15T12:30:21.490994Z","level":"info","event":"========== PAGE START ==========","logger":"lta_common","filename":"lta_common.py","lineno":53}
{"timestamp":"2026-04-15T12:30:21.491039Z","level":"info","event":"[FETCH] requesting rows 9000–9499","logger":"lta_common","filename":"lta_common.py","lineno":54}
{"timestamp":"2026-04-15T12:30:21.491081Z","level":"info","event":"Fetching page from LTA: skip=9000","logger":"lta_common","filename":"lta_common.py","lineno":36}
{"timestamp":"2026-04-15T12:30:21.867062Z","level":"info","event":"Retrieved 500 rows from LTA at skip=9000","logger":"lta_common","filename":"lta_common.py","lineno":44}
{"timestamp":"2026-04-15T12:30:21.868276Z","level":"info","event":"[FETCH DONE] retrieved=500 rows at skip=9000","logger":"lta_common","filename":"lta_common.py","lineno":59}
{"timestamp":"2026-04-15T12:30:21.868501Z","level":"info","event":"STEP 4: processing page skip=9000 rows=500","logger":"2_refresh_traffic_speed","filename":"2_refresh_traffic_speed.py","lineno":41}
{"timestamp":"2026-04-15T12:30:21.877416Z","level":"info","event":"[CLEAN DONE] rows=500 | null_speed_band=0 | null_minimum_speed=0 | null_maximum_speed=0","logger":"lta_common","filename":"lta_common.py","lineno":238}
{"timestamp":"2026-04-15T12:30:21.878329Z","level":"info","event":"STEP 5: built cleaned snapshot dataframe rows=500","logger":"2_refresh_traffic_speed","filename":"2_refresh_traffic_speed.py","lineno":44}
{"timestamp":"2026-04-15T12:30:21.878729Z","level":"info","event":"[LATEST PREP] rows=500 | missing_measurement_rows=0","logger":"lta_common","filename":"lta_common.py","lineno":271}
{"timestamp":"2026-04-15T12:30:21.879010Z","level":"info","event":"[UPSERT START] upserting 500 rows into traffic_speed_latest","logger":"lta_common","filename":"lta_common.py","lineno":348}
{"timestamp":"2026-04-15T12:30:21.879302Z","level":"info","event":"[UPSERT DEBUG] max_link_id=14274 | min_link_id=13561 | max_speed_band=7 | min_speed_band=1 | max_minimum_speed=60 | min_minimum_speed=0 | max_maximum_speed=69 | min_maximum_speed=9","logger":"lta_common","filename":"lta_common.py","lineno":350}
{"timestamp":"2026-04-15T12:30:22.251384Z","level":"info","event":"[UPSERT DONE] upserted=500 rows into traffic_speed_latest","logger":"lta_common","filename":"lta_common.py","lineno":388}
{"timestamp":"2026-04-15T12:30:22.251863Z","level":"info","event":"[SAVE START] inserting 500 rows into traffic_speed_recent","logger":"lta_common","filename":"lta_common.py","lineno":319}
{"timestamp":"2026-04-15T12:30:22.625222Z","level":"info","event":"[SAVE DONE] inserted=500 rows into traffic_speed_recent","logger":"lta_common","filename":"lta_common.py","lineno":337}
{"timestamp":"2026-04-15T12:30:22.625466Z","level":"info","event":"STEP 6: page saved skip=9000 | pages=19 | latest_rows=9500 | recent_rows=9500","logger":"2_refresh_traffic_speed","filename":"2_refresh_traffic_speed.py","lineno":56}
{"timestamp":"2026-04-15T12:30:22.625559Z","level":"info","event":"========== PAGE START ==========","logger":"lta_common","filename":"lta_common.py","lineno":53}
{"timestamp":"2026-04-15T12:30:22.625617Z","level":"info","event":"[FETCH] requesting rows 9500–9999","logger":"lta_common","filename":"lta_common.py","lineno":54}
{"timestamp":"2026-04-15T12:30:22.625704Z","level":"info","event":"Fetching page from LTA: skip=9500","logger":"lta_common","filename":"lta_common.py","lineno":36}
{"timestamp":"2026-04-15T12:30:22.908143Z","level":"info","event":"Retrieved 500 rows from LTA at skip=9500","logger":"lta_common","filename":"lta_common.py","lineno":44}
{"timestamp":"2026-04-15T12:30:22.909296Z","level":"info","event":"[FETCH DONE] retrieved=500 rows at skip=9500","logger":"lta_common","filename":"lta_common.py","lineno":59}
{"timestamp":"2026-04-15T12:30:22.909508Z","level":"info","event":"STEP 4: processing page skip=9500 rows=500","logger":"2_refresh_traffic_speed","filename":"2_refresh_traffic_speed.py","lineno":41}
{"timestamp":"2026-04-15T12:30:22.917166Z","level":"info","event":"[CLEAN DONE] rows=500 | null_speed_band=0 | null_minimum_speed=0 | null_maximum_speed=0","logger":"lta_common","filename":"lta_common.py","lineno":238}
{"timestamp":"2026-04-15T12:30:22.917935Z","level":"info","event":"STEP 5: built cleaned snapshot dataframe rows=500","logger":"2_refresh_traffic_speed","filename":"2_refresh_traffic_speed.py","lineno":44}
{"timestamp":"2026-04-15T12:30:22.918240Z","level":"info","event":"[LATEST PREP] rows=500 | missing_measurement_rows=0","logger":"lta_common","filename":"lta_common.py","lineno":271}
{"timestamp":"2026-04-15T12:30:22.918463Z","level":"info","event":"[UPSERT START] upserting 500 rows into traffic_speed_latest","logger":"lta_common","filename":"lta_common.py","lineno":348}
{"timestamp":"2026-04-15T12:30:22.918739Z","level":"info","event":"[UPSERT DEBUG] max_link_id=14956 | min_link_id=14275 | max_speed_band=7 | min_speed_band=1 | max_minimum_speed=60 | min_minimum_speed=0 | max_maximum_speed=69 | min_maximum_speed=9","logger":"lta_common","filename":"lta_common.py","lineno":350}
{"timestamp":"2026-04-15T12:30:23.278479Z","level":"info","event":"[UPSERT DONE] upserted=500 rows into traffic_speed_latest","logger":"lta_common","filename":"lta_common.py","lineno":388}
{"timestamp":"2026-04-15T12:30:23.279083Z","level":"info","event":"[SAVE START] inserting 500 rows into traffic_speed_recent","logger":"lta_common","filename":"lta_common.py","lineno":319}
{"timestamp":"2026-04-15T12:30:23.640855Z","level":"info","event":"[SAVE DONE] inserted=500 rows into traffic_speed_recent","logger":"lta_common","filename":"lta_common.py","lineno":337}
{"timestamp":"2026-04-15T12:30:23.640986Z","level":"info","event":"STEP 6: page saved skip=9500 | pages=20 | latest_rows=10000 | recent_rows=10000","logger":"2_refresh_traffic_speed","filename":"2_refresh_traffic_speed.py","lineno":56}
{"timestamp":"2026-04-15T12:30:23.641021Z","level":"info","event":"========== PAGE START ==========","logger":"lta_common","filename":"lta_common.py","lineno":53}
{"timestamp":"2026-04-15T12:30:23.641043Z","level":"info","event":"[FETCH] requesting rows 10000–10499","logger":"lta_common","filename":"lta_common.py","lineno":54}
{"timestamp":"2026-04-15T12:30:23.641072Z","level":"info","event":"Fetching page from LTA: skip=10000","logger":"lta_common","filename":"lta_common.py","lineno":36}
{"timestamp":"2026-04-15T12:30:23.952615Z","level":"info","event":"Retrieved 500 rows from LTA at skip=10000","logger":"lta_common","filename":"lta_common.py","lineno":44}
{"timestamp":"2026-04-15T12:30:23.955725Z","level":"info","event":"[FETCH DONE] retrieved=500 rows at skip=10000","logger":"lta_common","filename":"lta_common.py","lineno":59}
{"timestamp":"2026-04-15T12:30:23.956245Z","level":"info","event":"STEP 4: processing page skip=10000 rows=500","logger":"2_refresh_traffic_speed","filename":"2_refresh_traffic_speed.py","lineno":41}
{"timestamp":"2026-04-15T12:30:23.965984Z","level":"info","event":"[CLEAN DONE] rows=500 | null_speed_band=0 | null_minimum_speed=0 | null_maximum_speed=0","logger":"lta_common","filename":"lta_common.py","lineno":238}
{"timestamp":"2026-04-15T12:30:23.967243Z","level":"info","event":"STEP 5: built cleaned snapshot dataframe rows=500","logger":"2_refresh_traffic_speed","filename":"2_refresh_traffic_speed.py","lineno":44}
{"timestamp":"2026-04-15T12:30:23.967758Z","level":"info","event":"[LATEST PREP] rows=500 | missing_measurement_rows=0","logger":"lta_common","filename":"lta_common.py","lineno":271}
{"timestamp":"2026-04-15T12:30:23.968087Z","level":"info","event":"[UPSERT START] upserting 500 rows into traffic_speed_latest","logger":"lta_common","filename":"lta_common.py","lineno":348}
{"timestamp":"2026-04-15T12:30:23.968440Z","level":"info","event":"[UPSERT DEBUG] max_link_id=15673 | min_link_id=14959 | max_speed_band=6 | min_speed_band=1 | max_minimum_speed=50 | min_minimum_speed=0 | max_maximum_speed=59 | min_maximum_speed=9","logger":"lta_common","filename":"lta_common.py","lineno":350}
{"timestamp":"2026-04-15T12:30:24.317985Z","level":"info","event":"[UPSERT DONE] upserted=500 rows into traffic_speed_latest","logger":"lta_common","filename":"lta_common.py","lineno":388}
{"timestamp":"2026-04-15T12:30:24.318988Z","level":"info","event":"[SAVE START] inserting 500 rows into traffic_speed_recent","logger":"lta_common","filename":"lta_common.py","lineno":319}
{"timestamp":"2026-04-15T12:30:24.671688Z","level":"info","event":"[SAVE DONE] inserted=500 rows into traffic_speed_recent","logger":"lta_common","filename":"lta_common.py","lineno":337}
{"timestamp":"2026-04-15T12:30:24.672359Z","level":"info","event":"STEP 6: page saved skip=10000 | pages=21 | latest_rows=10500 | recent_rows=10500","logger":"2_refresh_traffic_speed","filename":"2_refresh_traffic_speed.py","lineno":56}
{"timestamp":"2026-04-15T12:30:24.672487Z","level":"info","event":"========== PAGE START ==========","logger":"lta_common","filename":"lta_common.py","lineno":53}
{"timestamp":"2026-04-15T12:30:24.672549Z","level":"info","event":"[FETCH] requesting rows 10500–10999","logger":"lta_common","filename":"lta_common.py","lineno":54}
{"timestamp":"2026-04-15T12:30:24.672751Z","level":"info","event":"Fetching page from LTA: skip=10500","logger":"lta_common","filename":"lta_common.py","lineno":36}
{"timestamp":"2026-04-15T12:30:25.027647Z","level":"info","event":"Retrieved 500 rows from LTA at skip=10500","logger":"lta_common","filename":"lta_common.py","lineno":44}
{"timestamp":"2026-04-15T12:30:25.033869Z","level":"info","event":"[FETCH DONE] retrieved=500 rows at skip=10500","logger":"lta_common","filename":"lta_common.py","lineno":59}
{"timestamp":"2026-04-15T12:30:25.034936Z","level":"info","event":"STEP 4: processing page skip=10500 rows=500","logger":"2_refresh_traffic_speed","filename":"2_refresh_traffic_speed.py","lineno":41}
{"timestamp":"2026-04-15T12:30:25.055229Z","level":"info","event":"[CLEAN DONE] rows=500 | null_speed_band=0 | null_minimum_speed=0 | null_maximum_speed=0","logger":"lta_common","filename":"lta_common.py","lineno":238}
{"timestamp":"2026-04-15T12:30:25.057192Z","level":"info","event":"STEP 5: built cleaned snapshot dataframe rows=500","logger":"2_refresh_traffic_speed","filename":"2_refresh_traffic_speed.py","lineno":44}
{"timestamp":"2026-04-15T12:30:25.057917Z","level":"info","event":"[LATEST PREP] rows=500 | missing_measurement_rows=0","logger":"lta_common","filename":"lta_common.py","lineno":271}
{"timestamp":"2026-04-15T12:30:25.058422Z","level":"info","event":"[UPSERT START] upserting 500 rows into traffic_speed_latest","logger":"lta_common","filename":"lta_common.py","lineno":348}
{"timestamp":"2026-04-15T12:30:25.059040Z","level":"info","event":"[UPSERT DEBUG] max_link_id=16309 | min_link_id=15675 | max_speed_band=7 | min_speed_band=1 | max_minimum_speed=60 | min_minimum_speed=0 | max_maximum_speed=69 | min_maximum_speed=9","logger":"lta_common","filename":"lta_common.py","lineno":350}
{"timestamp":"2026-04-15T12:30:25.429791Z","level":"info","event":"[UPSERT DONE] upserted=500 rows into traffic_speed_latest","logger":"lta_common","filename":"lta_common.py","lineno":388}
{"timestamp":"2026-04-15T12:30:25.431231Z","level":"info","event":"[SAVE START] inserting 500 rows into traffic_speed_recent","logger":"lta_common","filename":"lta_common.py","lineno":319}
{"timestamp":"2026-04-15T12:30:25.825830Z","level":"info","event":"[SAVE DONE] inserted=500 rows into traffic_speed_recent","logger":"lta_common","filename":"lta_common.py","lineno":337}
{"timestamp":"2026-04-15T12:30:25.827083Z","level":"info","event":"STEP 6: page saved skip=10500 | pages=22 | latest_rows=11000 | recent_rows=11000","logger":"2_refresh_traffic_speed","filename":"2_refresh_traffic_speed.py","lineno":56}
{"timestamp":"2026-04-15T12:30:25.827396Z","level":"info","event":"========== PAGE START ==========","logger":"lta_common","filename":"lta_common.py","lineno":53}
{"timestamp":"2026-04-15T12:30:25.827509Z","level":"info","event":"[FETCH] requesting rows 11000–11499","logger":"lta_common","filename":"lta_common.py","lineno":54}
{"timestamp":"2026-04-15T12:30:25.827884Z","level":"info","event":"Fetching page from LTA: skip=11000","logger":"lta_common","filename":"lta_common.py","lineno":36}
{"timestamp":"2026-04-15T12:30:26.129538Z","level":"info","event":"Retrieved 500 rows from LTA at skip=11000","logger":"lta_common","filename":"lta_common.py","lineno":44}
{"timestamp":"2026-04-15T12:30:26.135366Z","level":"info","event":"[FETCH DONE] retrieved=500 rows at skip=11000","logger":"lta_common","filename":"lta_common.py","lineno":59}
{"timestamp":"2026-04-15T12:30:26.136542Z","level":"info","event":"STEP 4: processing page skip=11000 rows=500","logger":"2_refresh_traffic_speed","filename":"2_refresh_traffic_speed.py","lineno":41}
{"timestamp":"2026-04-15T12:30:26.156351Z","level":"info","event":"[CLEAN DONE] rows=500 | null_speed_band=0 | null_minimum_speed=0 | null_maximum_speed=0","logger":"lta_common","filename":"lta_common.py","lineno":238}
{"timestamp":"2026-04-15T12:30:26.157909Z","level":"info","event":"STEP 5: built cleaned snapshot dataframe rows=500","logger":"2_refresh_traffic_speed","filename":"2_refresh_traffic_speed.py","lineno":44}
{"timestamp":"2026-04-15T12:30:26.158509Z","level":"info","event":"[LATEST PREP] rows=500 | missing_measurement_rows=0","logger":"lta_common","filename":"lta_common.py","lineno":271}
{"timestamp":"2026-04-15T12:30:26.158932Z","level":"info","event":"[UPSERT START] upserting 500 rows into traffic_speed_latest","logger":"lta_common","filename":"lta_common.py","lineno":348}
{"timestamp":"2026-04-15T12:30:26.159451Z","level":"info","event":"[UPSERT DEBUG] max_link_id=17103 | min_link_id=16310 | max_speed_band=7 | min_speed_band=1 | max_minimum_speed=60 | min_minimum_speed=0 | max_maximum_speed=69 | min_maximum_speed=9","logger":"lta_common","filename":"lta_common.py","lineno":350}
{"timestamp":"2026-04-15T12:30:26.519747Z","level":"info","event":"[UPSERT DONE] upserted=500 rows into traffic_speed_latest","logger":"lta_common","filename":"lta_common.py","lineno":388}
{"timestamp":"2026-04-15T12:30:26.521206Z","level":"info","event":"[SAVE START] inserting 500 rows into traffic_speed_recent","logger":"lta_common","filename":"lta_common.py","lineno":319}
{"timestamp":"2026-04-15T12:30:26.888226Z","level":"info","event":"[SAVE DONE] inserted=500 rows into traffic_speed_recent","logger":"lta_common","filename":"lta_common.py","lineno":337}
{"timestamp":"2026-04-15T12:30:26.888343Z","level":"info","event":"STEP 6: page saved skip=11000 | pages=23 | latest_rows=11500 | recent_rows=11500","logger":"2_refresh_traffic_speed","filename":"2_refresh_traffic_speed.py","lineno":56}
{"timestamp":"2026-04-15T12:30:26.888371Z","level":"info","event":"========== PAGE START ==========","logger":"lta_common","filename":"lta_common.py","lineno":53}
{"timestamp":"2026-04-15T12:30:26.888392Z","level":"info","event":"[FETCH] requesting rows 11500–11999","logger":"lta_common","filename":"lta_common.py","lineno":54}
{"timestamp":"2026-04-15T12:30:26.888421Z","level":"info","event":"Fetching page from LTA: skip=11500","logger":"lta_common","filename":"lta_common.py","lineno":36}
{"timestamp":"2026-04-15T12:30:27.142986Z","level":"info","event":"Retrieved 500 rows from LTA at skip=11500","logger":"lta_common","filename":"lta_common.py","lineno":44}
{"timestamp":"2026-04-15T12:30:27.144206Z","level":"info","event":"[FETCH DONE] retrieved=500 rows at skip=11500","logger":"lta_common","filename":"lta_common.py","lineno":59}
{"timestamp":"2026-04-15T12:30:27.144318Z","level":"info","event":"STEP 4: processing page skip=11500 rows=500","logger":"2_refresh_traffic_speed","filename":"2_refresh_traffic_speed.py","lineno":41}
{"timestamp":"2026-04-15T12:30:27.150832Z","level":"warning","event":"[SANITIZE] link_id=17752 field=maximum_speed suspicious sentinel value=999 -> NULL","logger":"lta_common","filename":"lta_common.py","lineno":143}
{"timestamp":"2026-04-15T12:30:27.150877Z","level":"warning","event":"[SANITIZE] link_id=17753 field=maximum_speed suspicious sentinel value=999 -> NULL","logger":"lta_common","filename":"lta_common.py","lineno":143}
{"timestamp":"2026-04-15T12:30:27.151731Z","level":"info","event":"[CLEAN DONE] rows=500 | null_speed_band=0 | null_minimum_speed=0 | null_maximum_speed=2","logger":"lta_common","filename":"lta_common.py","lineno":238}
{"timestamp":"2026-04-15T12:30:27.152450Z","level":"info","event":"STEP 5: built cleaned snapshot dataframe rows=500","logger":"2_refresh_traffic_speed","filename":"2_refresh_traffic_speed.py","lineno":44}
{"timestamp":"2026-04-15T12:30:27.152720Z","level":"info","event":"[LATEST PREP] rows=500 | missing_measurement_rows=0","logger":"lta_common","filename":"lta_common.py","lineno":271}
{"timestamp":"2026-04-15T12:30:27.152935Z","level":"info","event":"[UPSERT START] upserting 500 rows into traffic_speed_latest","logger":"lta_common","filename":"lta_common.py","lineno":348}
{"timestamp":"2026-04-15T12:30:27.153184Z","level":"info","event":"[UPSERT DEBUG] max_link_id=18105 | min_link_id=17132 | max_speed_band=8 | min_speed_band=1 | max_minimum_speed=70 | min_minimum_speed=0 | max_maximum_speed=69.0 | min_maximum_speed=9.0","logger":"lta_common","filename":"lta_common.py","lineno":350}
{"timestamp":"2026-04-15T12:30:27.513700Z","level":"info","event":"[UPSERT DONE] upserted=500 rows into traffic_speed_latest","logger":"lta_common","filename":"lta_common.py","lineno":388}
{"timestamp":"2026-04-15T12:30:27.514133Z","level":"info","event":"[SAVE START] inserting 500 rows into traffic_speed_recent","logger":"lta_common","filename":"lta_common.py","lineno":319}
{"timestamp":"2026-04-15T12:30:27.891691Z","level":"info","event":"[SAVE DONE] inserted=500 rows into traffic_speed_recent","logger":"lta_common","filename":"lta_common.py","lineno":337}
{"timestamp":"2026-04-15T12:30:27.891810Z","level":"info","event":"STEP 6: page saved skip=11500 | pages=24 | latest_rows=12000 | recent_rows=12000","logger":"2_refresh_traffic_speed","filename":"2_refresh_traffic_speed.py","lineno":56}
{"timestamp":"2026-04-15T12:30:27.891842Z","level":"info","event":"========== PAGE START ==========","logger":"lta_common","filename":"lta_common.py","lineno":53}
{"timestamp":"2026-04-15T12:30:27.891864Z","level":"info","event":"[FETCH] requesting rows 12000–12499","logger":"lta_common","filename":"lta_common.py","lineno":54}
{"timestamp":"2026-04-15T12:30:27.891894Z","level":"info","event":"Fetching page from LTA: skip=12000","logger":"lta_common","filename":"lta_common.py","lineno":36}
{"timestamp":"2026-04-15T12:30:28.177669Z","level":"info","event":"Retrieved 500 rows from LTA at skip=12000","logger":"lta_common","filename":"lta_common.py","lineno":44}
{"timestamp":"2026-04-15T12:30:28.178823Z","level":"info","event":"[FETCH DONE] retrieved=500 rows at skip=12000","logger":"lta_common","filename":"lta_common.py","lineno":59}
{"timestamp":"2026-04-15T12:30:28.179037Z","level":"info","event":"STEP 4: processing page skip=12000 rows=500","logger":"2_refresh_traffic_speed","filename":"2_refresh_traffic_speed.py","lineno":41}
{"timestamp":"2026-04-15T12:30:28.186722Z","level":"info","event":"[CLEAN DONE] rows=500 | null_speed_band=0 | null_minimum_speed=0 | null_maximum_speed=0","logger":"lta_common","filename":"lta_common.py","lineno":238}
{"timestamp":"2026-04-15T12:30:28.188157Z","level":"info","event":"STEP 5: built cleaned snapshot dataframe rows=500","logger":"2_refresh_traffic_speed","filename":"2_refresh_traffic_speed.py","lineno":44}
{"timestamp":"2026-04-15T12:30:28.188884Z","level":"info","event":"[LATEST PREP] rows=500 | missing_measurement_rows=0","logger":"lta_common","filename":"lta_common.py","lineno":271}
{"timestamp":"2026-04-15T12:30:28.189234Z","level":"info","event":"[UPSERT START] upserting 500 rows into traffic_speed_latest","logger":"lta_common","filename":"lta_common.py","lineno":348}
{"timestamp":"2026-04-15T12:30:28.189545Z","level":"info","event":"[UPSERT DEBUG] max_link_id=18947 | min_link_id=18108 | max_speed_band=6 | min_speed_band=1 | max_minimum_speed=50 | min_minimum_speed=0 | max_maximum_speed=59 | min_maximum_speed=9","logger":"lta_common","filename":"lta_common.py","lineno":350}
{"timestamp":"2026-04-15T12:30:28.541751Z","level":"info","event":"[UPSERT DONE] upserted=500 rows into traffic_speed_latest","logger":"lta_common","filename":"lta_common.py","lineno":388}
{"timestamp":"2026-04-15T12:30:28.543236Z","level":"info","event":"[SAVE START] inserting 500 rows into traffic_speed_recent","logger":"lta_common","filename":"lta_common.py","lineno":319}
{"timestamp":"2026-04-15T12:30:28.894236Z","level":"info","event":"[SAVE DONE] inserted=500 rows into traffic_speed_recent","logger":"lta_common","filename":"lta_common.py","lineno":337}
{"timestamp":"2026-04-15T12:30:28.894571Z","level":"info","event":"STEP 6: page saved skip=12000 | pages=25 | latest_rows=12500 | recent_rows=12500","logger":"2_refresh_traffic_speed","filename":"2_refresh_traffic_speed.py","lineno":56}
{"timestamp":"2026-04-15T12:30:28.894740Z","level":"info","event":"========== PAGE START ==========","logger":"lta_common","filename":"lta_common.py","lineno":53}
{"timestamp":"2026-04-15T12:30:28.894809Z","level":"info","event":"[FETCH] requesting rows 12500–12999","logger":"lta_common","filename":"lta_common.py","lineno":54}
{"timestamp":"2026-04-15T12:30:28.894929Z","level":"info","event":"Fetching page from LTA: skip=12500","logger":"lta_common","filename":"lta_common.py","lineno":36}
{"timestamp":"2026-04-15T12:30:29.233671Z","level":"info","event":"Retrieved 500 rows from LTA at skip=12500","logger":"lta_common","filename":"lta_common.py","lineno":44}
{"timestamp":"2026-04-15T12:30:29.238530Z","level":"info","event":"[FETCH DONE] retrieved=500 rows at skip=12500","logger":"lta_common","filename":"lta_common.py","lineno":59}
{"timestamp":"2026-04-15T12:30:29.239232Z","level":"info","event":"STEP 4: processing page skip=12500 rows=500","logger":"2_refresh_traffic_speed","filename":"2_refresh_traffic_speed.py","lineno":41}
{"timestamp":"2026-04-15T12:30:29.257826Z","level":"info","event":"[CLEAN DONE] rows=500 | null_speed_band=0 | null_minimum_speed=0 | null_maximum_speed=0","logger":"lta_common","filename":"lta_common.py","lineno":238}
{"timestamp":"2026-04-15T12:30:29.259409Z","level":"info","event":"STEP 5: built cleaned snapshot dataframe rows=500","logger":"2_refresh_traffic_speed","filename":"2_refresh_traffic_speed.py","lineno":44}
{"timestamp":"2026-04-15T12:30:29.260042Z","level":"info","event":"[LATEST PREP] rows=500 | missing_measurement_rows=0","logger":"lta_common","filename":"lta_common.py","lineno":271}
{"timestamp":"2026-04-15T12:30:29.260488Z","level":"info","event":"[UPSERT START] upserting 500 rows into traffic_speed_latest","logger":"lta_common","filename":"lta_common.py","lineno":348}
{"timestamp":"2026-04-15T12:30:29.261029Z","level":"info","event":"[UPSERT DEBUG] max_link_id=19645 | min_link_id=18949 | max_speed_band=6 | min_speed_band=1 | max_minimum_speed=50 | min_minimum_speed=0 | max_maximum_speed=59 | min_maximum_speed=9","logger":"lta_common","filename":"lta_common.py","lineno":350}
{"timestamp":"2026-04-15T12:30:29.665439Z","level":"info","event":"[UPSERT DONE] upserted=500 rows into traffic_speed_latest","logger":"lta_common","filename":"lta_common.py","lineno":388}
{"timestamp":"2026-04-15T12:30:29.665896Z","level":"info","event":"[SAVE START] inserting 500 rows into traffic_speed_recent","logger":"lta_common","filename":"lta_common.py","lineno":319}
{"timestamp":"2026-04-15T12:30:30.044258Z","level":"info","event":"[SAVE DONE] inserted=500 rows into traffic_speed_recent","logger":"lta_common","filename":"lta_common.py","lineno":337}
{"timestamp":"2026-04-15T12:30:30.044358Z","level":"info","event":"STEP 6: page saved skip=12500 | pages=26 | latest_rows=13000 | recent_rows=13000","logger":"2_refresh_traffic_speed","filename":"2_refresh_traffic_speed.py","lineno":56}
{"timestamp":"2026-04-15T12:30:30.044388Z","level":"info","event":"========== PAGE START ==========","logger":"lta_common","filename":"lta_common.py","lineno":53}
{"timestamp":"2026-04-15T12:30:30.044410Z","level":"info","event":"[FETCH] requesting rows 13000–13499","logger":"lta_common","filename":"lta_common.py","lineno":54}
{"timestamp":"2026-04-15T12:30:30.044438Z","level":"info","event":"Fetching page from LTA: skip=13000","logger":"lta_common","filename":"lta_common.py","lineno":36}
{"timestamp":"2026-04-15T12:30:30.315828Z","level":"info","event":"Retrieved 500 rows from LTA at skip=13000","logger":"lta_common","filename":"lta_common.py","lineno":44}
{"timestamp":"2026-04-15T12:30:30.317246Z","level":"info","event":"[FETCH DONE] retrieved=500 rows at skip=13000","logger":"lta_common","filename":"lta_common.py","lineno":59}
{"timestamp":"2026-04-15T12:30:30.317502Z","level":"info","event":"STEP 4: processing page skip=13000 rows=500","logger":"2_refresh_traffic_speed","filename":"2_refresh_traffic_speed.py","lineno":41}
{"timestamp":"2026-04-15T12:30:30.325855Z","level":"info","event":"[CLEAN DONE] rows=500 | null_speed_band=0 | null_minimum_speed=0 | null_maximum_speed=0","logger":"lta_common","filename":"lta_common.py","lineno":238}
{"timestamp":"2026-04-15T12:30:30.326685Z","level":"info","event":"STEP 5: built cleaned snapshot dataframe rows=500","logger":"2_refresh_traffic_speed","filename":"2_refresh_traffic_speed.py","lineno":44}
{"timestamp":"2026-04-15T12:30:30.327029Z","level":"info","event":"[LATEST PREP] rows=500 | missing_measurement_rows=0","logger":"lta_common","filename":"lta_common.py","lineno":271}
{"timestamp":"2026-04-15T12:30:30.327267Z","level":"info","event":"[UPSERT START] upserting 500 rows into traffic_speed_latest","logger":"lta_common","filename":"lta_common.py","lineno":348}
{"timestamp":"2026-04-15T12:30:30.327535Z","level":"info","event":"[UPSERT DEBUG] max_link_id=20346 | min_link_id=19646 | max_speed_band=6 | min_speed_band=1 | max_minimum_speed=50 | min_minimum_speed=0 | max_maximum_speed=59 | min_maximum_speed=9","logger":"lta_common","filename":"lta_common.py","lineno":350}
{"timestamp":"2026-04-15T12:30:30.740856Z","level":"info","event":"[UPSERT DONE] upserted=500 rows into traffic_speed_latest","logger":"lta_common","filename":"lta_common.py","lineno":388}
{"timestamp":"2026-04-15T12:30:30.741414Z","level":"info","event":"[SAVE START] inserting 500 rows into traffic_speed_recent","logger":"lta_common","filename":"lta_common.py","lineno":319}
{"timestamp":"2026-04-15T12:30:31.139979Z","level":"info","event":"[SAVE DONE] inserted=500 rows into traffic_speed_recent","logger":"lta_common","filename":"lta_common.py","lineno":337}
{"timestamp":"2026-04-15T12:30:31.140256Z","level":"info","event":"STEP 6: page saved skip=13000 | pages=27 | latest_rows=13500 | recent_rows=13500","logger":"2_refresh_traffic_speed","filename":"2_refresh_traffic_speed.py","lineno":56}
{"timestamp":"2026-04-15T12:30:31.140399Z","level":"info","event":"========== PAGE START ==========","logger":"lta_common","filename":"lta_common.py","lineno":53}
{"timestamp":"2026-04-15T12:30:31.140507Z","level":"info","event":"[FETCH] requesting rows 13500–13999","logger":"lta_common","filename":"lta_common.py","lineno":54}
{"timestamp":"2026-04-15T12:30:31.140616Z","level":"info","event":"Fetching page from LTA: skip=13500","logger":"lta_common","filename":"lta_common.py","lineno":36}
{"timestamp":"2026-04-15T12:30:31.470360Z","level":"info","event":"Retrieved 500 rows from LTA at skip=13500","logger":"lta_common","filename":"lta_common.py","lineno":44}
{"timestamp":"2026-04-15T12:30:31.472952Z","level":"info","event":"[FETCH DONE] retrieved=500 rows at skip=13500","logger":"lta_common","filename":"lta_common.py","lineno":59}
{"timestamp":"2026-04-15T12:30:31.473174Z","level":"info","event":"STEP 4: processing page skip=13500 rows=500","logger":"2_refresh_traffic_speed","filename":"2_refresh_traffic_speed.py","lineno":41}
{"timestamp":"2026-04-15T12:30:31.481196Z","level":"info","event":"[CLEAN DONE] rows=500 | null_speed_band=0 | null_minimum_speed=0 | null_maximum_speed=0","logger":"lta_common","filename":"lta_common.py","lineno":238}
{"timestamp":"2026-04-15T12:30:31.482194Z","level":"info","event":"STEP 5: built cleaned snapshot dataframe rows=500","logger":"2_refresh_traffic_speed","filename":"2_refresh_traffic_speed.py","lineno":44}
{"timestamp":"2026-04-15T12:30:31.482565Z","level":"info","event":"[LATEST PREP] rows=500 | missing_measurement_rows=0","logger":"lta_common","filename":"lta_common.py","lineno":271}
{"timestamp":"2026-04-15T12:30:31.482806Z","level":"info","event":"[UPSERT START] upserting 500 rows into traffic_speed_latest","logger":"lta_common","filename":"lta_common.py","lineno":348}
{"timestamp":"2026-04-15T12:30:31.483135Z","level":"info","event":"[UPSERT DEBUG] max_link_id=21172 | min_link_id=20349 | max_speed_band=7 | min_speed_band=1 | max_minimum_speed=60 | min_minimum_speed=0 | max_maximum_speed=69 | min_maximum_speed=9","logger":"lta_common","filename":"lta_common.py","lineno":350}
{"timestamp":"2026-04-15T12:30:31.858271Z","level":"info","event":"[UPSERT DONE] upserted=500 rows into traffic_speed_latest","logger":"lta_common","filename":"lta_common.py","lineno":388}
{"timestamp":"2026-04-15T12:30:31.858701Z","level":"info","event":"[SAVE START] inserting 500 rows into traffic_speed_recent","logger":"lta_common","filename":"lta_common.py","lineno":319}
{"timestamp":"2026-04-15T12:30:32.351877Z","level":"info","event":"[SAVE DONE] inserted=500 rows into traffic_speed_recent","logger":"lta_common","filename":"lta_common.py","lineno":337}
{"timestamp":"2026-04-15T12:30:32.351972Z","level":"info","event":"STEP 6: page saved skip=13500 | pages=28 | latest_rows=14000 | recent_rows=14000","logger":"2_refresh_traffic_speed","filename":"2_refresh_traffic_speed.py","lineno":56}
{"timestamp":"2026-04-15T12:30:32.352001Z","level":"info","event":"========== PAGE START ==========","logger":"lta_common","filename":"lta_common.py","lineno":53}
{"timestamp":"2026-04-15T12:30:32.352022Z","level":"info","event":"[FETCH] requesting rows 14000–14499","logger":"lta_common","filename":"lta_common.py","lineno":54}
{"timestamp":"2026-04-15T12:30:32.352050Z","level":"info","event":"Fetching page from LTA: skip=14000","logger":"lta_common","filename":"lta_common.py","lineno":36}
{"timestamp":"2026-04-15T12:30:32.642258Z","level":"info","event":"Retrieved 500 rows from LTA at skip=14000","logger":"lta_common","filename":"lta_common.py","lineno":44}
{"timestamp":"2026-04-15T12:30:32.643513Z","level":"info","event":"[FETCH DONE] retrieved=500 rows at skip=14000","logger":"lta_common","filename":"lta_common.py","lineno":59}
{"timestamp":"2026-04-15T12:30:32.643741Z","level":"info","event":"STEP 4: processing page skip=14000 rows=500","logger":"2_refresh_traffic_speed","filename":"2_refresh_traffic_speed.py","lineno":41}
{"timestamp":"2026-04-15T12:30:32.650802Z","level":"warning","event":"[SANITIZE] link_id=21663 field=maximum_speed suspicious sentinel value=999 -> NULL","logger":"lta_common","filename":"lta_common.py","lineno":143}
{"timestamp":"2026-04-15T12:30:32.651729Z","level":"info","event":"[CLEAN DONE] rows=500 | null_speed_band=0 | null_minimum_speed=0 | null_maximum_speed=1","logger":"lta_common","filename":"lta_common.py","lineno":238}
{"timestamp":"2026-04-15T12:30:32.652531Z","level":"info","event":"STEP 5: built cleaned snapshot dataframe rows=500","logger":"2_refresh_traffic_speed","filename":"2_refresh_traffic_speed.py","lineno":44}
{"timestamp":"2026-04-15T12:30:32.652838Z","level":"info","event":"[LATEST PREP] rows=500 | missing_measurement_rows=0","logger":"lta_common","filename":"lta_common.py","lineno":271}
{"timestamp":"2026-04-15T12:30:32.653065Z","level":"info","event":"[UPSERT START] upserting 500 rows into traffic_speed_latest","logger":"lta_common","filename":"lta_common.py","lineno":348}
{"timestamp":"2026-04-15T12:30:32.653326Z","level":"info","event":"[UPSERT DEBUG] max_link_id=21949 | min_link_id=21177 | max_speed_band=8 | min_speed_band=1 | max_minimum_speed=70 | min_minimum_speed=0 | max_maximum_speed=69.0 | min_maximum_speed=9.0","logger":"lta_common","filename":"lta_common.py","lineno":350}
{"timestamp":"2026-04-15T12:30:33.079354Z","level":"info","event":"[UPSERT DONE] upserted=500 rows into traffic_speed_latest","logger":"lta_common","filename":"lta_common.py","lineno":388}
{"timestamp":"2026-04-15T12:30:33.081317Z","level":"info","event":"[SAVE START] inserting 500 rows into traffic_speed_recent","logger":"lta_common","filename":"lta_common.py","lineno":319}
{"timestamp":"2026-04-15T12:30:33.448887Z","level":"info","event":"[SAVE DONE] inserted=500 rows into traffic_speed_recent","logger":"lta_common","filename":"lta_common.py","lineno":337}
{"timestamp":"2026-04-15T12:30:33.449288Z","level":"info","event":"STEP 6: page saved skip=14000 | pages=29 | latest_rows=14500 | recent_rows=14500","logger":"2_refresh_traffic_speed","filename":"2_refresh_traffic_speed.py","lineno":56}
{"timestamp":"2026-04-15T12:30:33.449411Z","level":"info","event":"========== PAGE START ==========","logger":"lta_common","filename":"lta_common.py","lineno":53}
{"timestamp":"2026-04-15T12:30:33.449484Z","level":"info","event":"[FETCH] requesting rows 14500–14999","logger":"lta_common","filename":"lta_common.py","lineno":54}
{"timestamp":"2026-04-15T12:30:33.449588Z","level":"info","event":"Fetching page from LTA: skip=14500","logger":"lta_common","filename":"lta_common.py","lineno":36}
{"timestamp":"2026-04-15T12:30:33.769471Z","level":"info","event":"Retrieved 500 rows from LTA at skip=14500","logger":"lta_common","filename":"lta_common.py","lineno":44}
{"timestamp":"2026-04-15T12:30:33.774429Z","level":"info","event":"[FETCH DONE] retrieved=500 rows at skip=14500","logger":"lta_common","filename":"lta_common.py","lineno":59}
{"timestamp":"2026-04-15T12:30:33.775290Z","level":"info","event":"STEP 4: processing page skip=14500 rows=500","logger":"2_refresh_traffic_speed","filename":"2_refresh_traffic_speed.py","lineno":41}
{"timestamp":"2026-04-15T12:30:33.791556Z","level":"warning","event":"[SANITIZE] link_id=22017 field=maximum_speed suspicious sentinel value=999 -> NULL","logger":"lta_common","filename":"lta_common.py","lineno":143}
{"timestamp":"2026-04-15T12:30:33.794817Z","level":"info","event":"[CLEAN DONE] rows=500 | null_speed_band=0 | null_minimum_speed=0 | null_maximum_speed=1","logger":"lta_common","filename":"lta_common.py","lineno":238}
{"timestamp":"2026-04-15T12:30:33.796471Z","level":"info","event":"STEP 5: built cleaned snapshot dataframe rows=500","logger":"2_refresh_traffic_speed","filename":"2_refresh_traffic_speed.py","lineno":44}
{"timestamp":"2026-04-15T12:30:33.797071Z","level":"info","event":"[LATEST PREP] rows=500 | missing_measurement_rows=0","logger":"lta_common","filename":"lta_common.py","lineno":271}
{"timestamp":"2026-04-15T12:30:33.797519Z","level":"info","event":"[UPSERT START] upserting 500 rows into traffic_speed_latest","logger":"lta_common","filename":"lta_common.py","lineno":348}
{"timestamp":"2026-04-15T12:30:33.798058Z","level":"info","event":"[UPSERT DEBUG] max_link_id=22602 | min_link_id=21950 | max_speed_band=8 | min_speed_band=1 | max_minimum_speed=70 | min_minimum_speed=0 | max_maximum_speed=69.0 | min_maximum_speed=9.0","logger":"lta_common","filename":"lta_common.py","lineno":350}
{"timestamp":"2026-04-15T12:30:34.157053Z","level":"info","event":"[UPSERT DONE] upserted=500 rows into traffic_speed_latest","logger":"lta_common","filename":"lta_common.py","lineno":388}
{"timestamp":"2026-04-15T12:30:34.158884Z","level":"info","event":"[SAVE START] inserting 500 rows into traffic_speed_recent","logger":"lta_common","filename":"lta_common.py","lineno":319}
{"timestamp":"2026-04-15T12:30:34.568124Z","level":"info","event":"[SAVE DONE] inserted=500 rows into traffic_speed_recent","logger":"lta_common","filename":"lta_common.py","lineno":337}
{"timestamp":"2026-04-15T12:30:34.568814Z","level":"info","event":"STEP 6: page saved skip=14500 | pages=30 | latest_rows=15000 | recent_rows=15000","logger":"2_refresh_traffic_speed","filename":"2_refresh_traffic_speed.py","lineno":56}
{"timestamp":"2026-04-15T12:30:34.569034Z","level":"info","event":"========== PAGE START ==========","logger":"lta_common","filename":"lta_common.py","lineno":53}
{"timestamp":"2026-04-15T12:30:34.569178Z","level":"info","event":"[FETCH] requesting rows 15000–15499","logger":"lta_common","filename":"lta_common.py","lineno":54}
{"timestamp":"2026-04-15T12:30:34.569332Z","level":"info","event":"Fetching page from LTA: skip=15000","logger":"lta_common","filename":"lta_common.py","lineno":36}
{"timestamp":"2026-04-15T12:30:34.871031Z","level":"info","event":"Retrieved 500 rows from LTA at skip=15000","logger":"lta_common","filename":"lta_common.py","lineno":44}
{"timestamp":"2026-04-15T12:30:34.877683Z","level":"info","event":"[FETCH DONE] retrieved=500 rows at skip=15000","logger":"lta_common","filename":"lta_common.py","lineno":59}
{"timestamp":"2026-04-15T12:30:34.878387Z","level":"info","event":"STEP 4: processing page skip=15000 rows=500","logger":"2_refresh_traffic_speed","filename":"2_refresh_traffic_speed.py","lineno":41}
{"timestamp":"2026-04-15T12:30:34.892542Z","level":"warning","event":"[SANITIZE] link_id=22679 field=maximum_speed suspicious sentinel value=999 -> NULL","logger":"lta_common","filename":"lta_common.py","lineno":143}
{"timestamp":"2026-04-15T12:30:34.895229Z","level":"info","event":"[CLEAN DONE] rows=500 | null_speed_band=0 | null_minimum_speed=0 | null_maximum_speed=1","logger":"lta_common","filename":"lta_common.py","lineno":238}
{"timestamp":"2026-04-15T12:30:34.896983Z","level":"info","event":"STEP 5: built cleaned snapshot dataframe rows=500","logger":"2_refresh_traffic_speed","filename":"2_refresh_traffic_speed.py","lineno":44}
{"timestamp":"2026-04-15T12:30:34.897710Z","level":"info","event":"[LATEST PREP] rows=500 | missing_measurement_rows=0","logger":"lta_common","filename":"lta_common.py","lineno":271}
{"timestamp":"2026-04-15T12:30:34.898125Z","level":"info","event":"[UPSERT START] upserting 500 rows into traffic_speed_latest","logger":"lta_common","filename":"lta_common.py","lineno":348}
{"timestamp":"2026-04-15T12:30:34.898616Z","level":"info","event":"[UPSERT DEBUG] max_link_id=23518 | min_link_id=22603 | max_speed_band=8 | min_speed_band=1 | max_minimum_speed=70 | min_minimum_speed=0 | max_maximum_speed=69.0 | min_maximum_speed=9.0","logger":"lta_common","filename":"lta_common.py","lineno":350}
{"timestamp":"2026-04-15T12:30:35.272681Z","level":"info","event":"[UPSERT DONE] upserted=500 rows into traffic_speed_latest","logger":"lta_common","filename":"lta_common.py","lineno":388}
{"timestamp":"2026-04-15T12:30:35.274324Z","level":"info","event":"[SAVE START] inserting 500 rows into traffic_speed_recent","logger":"lta_common","filename":"lta_common.py","lineno":319}
{"timestamp":"2026-04-15T12:30:35.655881Z","level":"info","event":"[SAVE DONE] inserted=500 rows into traffic_speed_recent","logger":"lta_common","filename":"lta_common.py","lineno":337}
{"timestamp":"2026-04-15T12:30:35.657032Z","level":"info","event":"STEP 6: page saved skip=15000 | pages=31 | latest_rows=15500 | recent_rows=15500","logger":"2_refresh_traffic_speed","filename":"2_refresh_traffic_speed.py","lineno":56}
{"timestamp":"2026-04-15T12:30:35.657196Z","level":"info","event":"========== PAGE START ==========","logger":"lta_common","filename":"lta_common.py","lineno":53}
{"timestamp":"2026-04-15T12:30:35.657265Z","level":"info","event":"[FETCH] requesting rows 15500–15999","logger":"lta_common","filename":"lta_common.py","lineno":54}
{"timestamp":"2026-04-15T12:30:35.657348Z","level":"info","event":"Fetching page from LTA: skip=15500","logger":"lta_common","filename":"lta_common.py","lineno":36}
{"timestamp":"2026-04-15T12:30:35.957355Z","level":"info","event":"Retrieved 500 rows from LTA at skip=15500","logger":"lta_common","filename":"lta_common.py","lineno":44}
{"timestamp":"2026-04-15T12:30:35.958646Z","level":"info","event":"[FETCH DONE] retrieved=500 rows at skip=15500","logger":"lta_common","filename":"lta_common.py","lineno":59}
{"timestamp":"2026-04-15T12:30:35.958851Z","level":"info","event":"STEP 4: processing page skip=15500 rows=500","logger":"2_refresh_traffic_speed","filename":"2_refresh_traffic_speed.py","lineno":41}
{"timestamp":"2026-04-15T12:30:35.966483Z","level":"info","event":"[CLEAN DONE] rows=500 | null_speed_band=0 | null_minimum_speed=0 | null_maximum_speed=0","logger":"lta_common","filename":"lta_common.py","lineno":238}
{"timestamp":"2026-04-15T12:30:35.967280Z","level":"info","event":"STEP 5: built cleaned snapshot dataframe rows=500","logger":"2_refresh_traffic_speed","filename":"2_refresh_traffic_speed.py","lineno":44}
{"timestamp":"2026-04-15T12:30:35.967589Z","level":"info","event":"[LATEST PREP] rows=500 | missing_measurement_rows=0","logger":"lta_common","filename":"lta_common.py","lineno":271}
{"timestamp":"2026-04-15T12:30:35.967846Z","level":"info","event":"[UPSERT START] upserting 500 rows into traffic_speed_latest","logger":"lta_common","filename":"lta_common.py","lineno":348}
{"timestamp":"2026-04-15T12:30:35.968141Z","level":"info","event":"[UPSERT DEBUG] max_link_id=24311 | min_link_id=23519 | max_speed_band=7 | min_speed_band=1 | max_minimum_speed=60 | min_minimum_speed=0 | max_maximum_speed=69 | min_maximum_speed=9","logger":"lta_common","filename":"lta_common.py","lineno":350}
{"timestamp":"2026-04-15T12:30:36.320702Z","level":"info","event":"[UPSERT DONE] upserted=500 rows into traffic_speed_latest","logger":"lta_common","filename":"lta_common.py","lineno":388}
{"timestamp":"2026-04-15T12:30:36.321106Z","level":"info","event":"[SAVE START] inserting 500 rows into traffic_speed_recent","logger":"lta_common","filename":"lta_common.py","lineno":319}
{"timestamp":"2026-04-15T12:30:36.694256Z","level":"info","event":"[SAVE DONE] inserted=500 rows into traffic_speed_recent","logger":"lta_common","filename":"lta_common.py","lineno":337}
{"timestamp":"2026-04-15T12:30:36.694368Z","level":"info","event":"STEP 6: page saved skip=15500 | pages=32 | latest_rows=16000 | recent_rows=16000","logger":"2_refresh_traffic_speed","filename":"2_refresh_traffic_speed.py","lineno":56}
{"timestamp":"2026-04-15T12:30:36.694398Z","level":"info","event":"========== PAGE START ==========","logger":"lta_common","filename":"lta_common.py","lineno":53}
{"timestamp":"2026-04-15T12:30:36.694421Z","level":"info","event":"[FETCH] requesting rows 16000–16499","logger":"lta_common","filename":"lta_common.py","lineno":54}
{"timestamp":"2026-04-15T12:30:36.694450Z","level":"info","event":"Fetching page from LTA: skip=16000","logger":"lta_common","filename":"lta_common.py","lineno":36}
{"timestamp":"2026-04-15T12:30:37.010041Z","level":"info","event":"Retrieved 500 rows from LTA at skip=16000","logger":"lta_common","filename":"lta_common.py","lineno":44}
{"timestamp":"2026-04-15T12:30:37.011337Z","level":"info","event":"[FETCH DONE] retrieved=500 rows at skip=16000","logger":"lta_common","filename":"lta_common.py","lineno":59}
{"timestamp":"2026-04-15T12:30:37.011611Z","level":"info","event":"STEP 4: processing page skip=16000 rows=500","logger":"2_refresh_traffic_speed","filename":"2_refresh_traffic_speed.py","lineno":41}
{"timestamp":"2026-04-15T12:30:37.018328Z","level":"warning","event":"[SANITIZE] link_id=24614 field=maximum_speed suspicious sentinel value=999 -> NULL","logger":"lta_common","filename":"lta_common.py","lineno":143}
{"timestamp":"2026-04-15T12:30:37.018630Z","level":"warning","event":"[SANITIZE] link_id=24702 field=maximum_speed suspicious sentinel value=999 -> NULL","logger":"lta_common","filename":"lta_common.py","lineno":143}
{"timestamp":"2026-04-15T12:30:37.019315Z","level":"info","event":"[CLEAN DONE] rows=500 | null_speed_band=0 | null_minimum_speed=0 | null_maximum_speed=2","logger":"lta_common","filename":"lta_common.py","lineno":238}
{"timestamp":"2026-04-15T12:30:37.020136Z","level":"info","event":"STEP 5: built cleaned snapshot dataframe rows=500","logger":"2_refresh_traffic_speed","filename":"2_refresh_traffic_speed.py","lineno":44}
{"timestamp":"2026-04-15T12:30:37.020457Z","level":"info","event":"[LATEST PREP] rows=500 | missing_measurement_rows=0","logger":"lta_common","filename":"lta_common.py","lineno":271}
{"timestamp":"2026-04-15T12:30:37.020698Z","level":"info","event":"[UPSERT START] upserting 500 rows into traffic_speed_latest","logger":"lta_common","filename":"lta_common.py","lineno":348}
{"timestamp":"2026-04-15T12:30:37.020965Z","level":"info","event":"[UPSERT DEBUG] max_link_id=24843 | min_link_id=24312 | max_speed_band=8 | min_speed_band=1 | max_minimum_speed=70 | min_minimum_speed=0 | max_maximum_speed=69.0 | min_maximum_speed=9.0","logger":"lta_common","filename":"lta_common.py","lineno":350}
{"timestamp":"2026-04-15T12:30:37.370934Z","level":"info","event":"[UPSERT DONE] upserted=500 rows into traffic_speed_latest","logger":"lta_common","filename":"lta_common.py","lineno":388}
{"timestamp":"2026-04-15T12:30:37.371445Z","level":"info","event":"[SAVE START] inserting 500 rows into traffic_speed_recent","logger":"lta_common","filename":"lta_common.py","lineno":319}
{"timestamp":"2026-04-15T12:30:37.836151Z","level":"info","event":"[SAVE DONE] inserted=500 rows into traffic_speed_recent","logger":"lta_common","filename":"lta_common.py","lineno":337}
{"timestamp":"2026-04-15T12:30:37.836817Z","level":"info","event":"STEP 6: page saved skip=16000 | pages=33 | latest_rows=16500 | recent_rows=16500","logger":"2_refresh_traffic_speed","filename":"2_refresh_traffic_speed.py","lineno":56}
{"timestamp":"2026-04-15T12:30:37.837036Z","level":"info","event":"========== PAGE START ==========","logger":"lta_common","filename":"lta_common.py","lineno":53}
{"timestamp":"2026-04-15T12:30:37.837181Z","level":"info","event":"[FETCH] requesting rows 16500–16999","logger":"lta_common","filename":"lta_common.py","lineno":54}
{"timestamp":"2026-04-15T12:30:37.837364Z","level":"info","event":"Fetching page from LTA: skip=16500","logger":"lta_common","filename":"lta_common.py","lineno":36}
{"timestamp":"2026-04-15T12:30:38.118192Z","level":"info","event":"Retrieved 500 rows from LTA at skip=16500","logger":"lta_common","filename":"lta_common.py","lineno":44}
{"timestamp":"2026-04-15T12:30:38.124066Z","level":"info","event":"[FETCH DONE] retrieved=500 rows at skip=16500","logger":"lta_common","filename":"lta_common.py","lineno":59}
{"timestamp":"2026-04-15T12:30:38.125598Z","level":"info","event":"STEP 4: processing page skip=16500 rows=500","logger":"2_refresh_traffic_speed","filename":"2_refresh_traffic_speed.py","lineno":41}
{"timestamp":"2026-04-15T12:30:38.144998Z","level":"warning","event":"[SANITIZE] link_id=24851 field=maximum_speed suspicious sentinel value=999 -> NULL","logger":"lta_common","filename":"lta_common.py","lineno":143}
{"timestamp":"2026-04-15T12:30:38.145146Z","level":"warning","event":"[SANITIZE] link_id=24852 field=maximum_speed suspicious sentinel value=999 -> NULL","logger":"lta_common","filename":"lta_common.py","lineno":143}
{"timestamp":"2026-04-15T12:30:38.145467Z","level":"warning","event":"[SANITIZE] link_id=24907 field=maximum_speed suspicious sentinel value=999 -> NULL","logger":"lta_common","filename":"lta_common.py","lineno":143}
{"timestamp":"2026-04-15T12:30:38.146027Z","level":"warning","event":"[SANITIZE] link_id=25001 field=maximum_speed suspicious sentinel value=999 -> NULL","logger":"lta_common","filename":"lta_common.py","lineno":143}
{"timestamp":"2026-04-15T12:30:38.146085Z","level":"warning","event":"[SANITIZE] link_id=25005 field=maximum_speed suspicious sentinel value=999 -> NULL","logger":"lta_common","filename":"lta_common.py","lineno":143}
{"timestamp":"2026-04-15T12:30:38.146123Z","level":"warning","event":"[SANITIZE] link_id=25006 field=maximum_speed suspicious sentinel value=999 -> NULL","logger":"lta_common","filename":"lta_common.py","lineno":143}
{"timestamp":"2026-04-15T12:30:38.146184Z","level":"warning","event":"[SANITIZE] link_id=25015 field=maximum_speed suspicious sentinel value=999 -> NULL","logger":"lta_common","filename":"lta_common.py","lineno":143}
{"timestamp":"2026-04-15T12:30:38.146242Z","level":"warning","event":"[SANITIZE] link_id=25019 field=maximum_speed suspicious sentinel value=999 -> NULL","logger":"lta_common","filename":"lta_common.py","lineno":143}
{"timestamp":"2026-04-15T12:30:38.146279Z","level":"warning","event":"[SANITIZE] link_id=25020 field=maximum_speed suspicious sentinel value=999 -> NULL","logger":"lta_common","filename":"lta_common.py","lineno":143}
{"timestamp":"2026-04-15T12:30:38.146315Z","level":"warning","event":"[SANITIZE] link_id=25021 field=maximum_speed suspicious sentinel value=999 -> NULL","logger":"lta_common","filename":"lta_common.py","lineno":143}
{"timestamp":"2026-04-15T12:30:38.146395Z","level":"warning","event":"[SANITIZE] link_id=25022 field=maximum_speed suspicious sentinel value=999 -> NULL","logger":"lta_common","filename":"lta_common.py","lineno":143}
{"timestamp":"2026-04-15T12:30:38.146497Z","level":"warning","event":"[SANITIZE] link_id=25023 field=maximum_speed suspicious sentinel value=999 -> NULL","logger":"lta_common","filename":"lta_common.py","lineno":143}
{"timestamp":"2026-04-15T12:30:38.146856Z","level":"warning","event":"[SANITIZE] link_id=25065 field=maximum_speed suspicious sentinel value=999 -> NULL","logger":"lta_common","filename":"lta_common.py","lineno":143}
{"timestamp":"2026-04-15T12:30:38.146908Z","level":"warning","event":"[SANITIZE] link_id=25066 field=maximum_speed suspicious sentinel value=999 -> NULL","logger":"lta_common","filename":"lta_common.py","lineno":143}
{"timestamp":"2026-04-15T12:30:38.147533Z","level":"warning","event":"[SANITIZE] link_id=25163 field=maximum_speed suspicious sentinel value=999 -> NULL","logger":"lta_common","filename":"lta_common.py","lineno":143}
{"timestamp":"2026-04-15T12:30:38.147812Z","level":"warning","event":"[SANITIZE] link_id=25168 field=maximum_speed suspicious sentinel value=999 -> NULL","logger":"lta_common","filename":"lta_common.py","lineno":143}
{"timestamp":"2026-04-15T12:30:38.147930Z","level":"warning","event":"[SANITIZE] link_id=25173 field=maximum_speed suspicious sentinel value=999 -> NULL","logger":"lta_common","filename":"lta_common.py","lineno":143}
{"timestamp":"2026-04-15T12:30:38.148077Z","level":"warning","event":"[SANITIZE] link_id=25202 field=maximum_speed suspicious sentinel value=999 -> NULL","logger":"lta_common","filename":"lta_common.py","lineno":143}
{"timestamp":"2026-04-15T12:30:38.149152Z","level":"warning","event":"[SANITIZE] link_id=25420 field=maximum_speed suspicious sentinel value=999 -> NULL","logger":"lta_common","filename":"lta_common.py","lineno":143}
{"timestamp":"2026-04-15T12:30:38.150039Z","level":"info","event":"[CLEAN DONE] rows=500 | null_speed_band=0 | null_minimum_speed=0 | null_maximum_speed=19","logger":"lta_common","filename":"lta_common.py","lineno":238}
{"timestamp":"2026-04-15T12:30:38.151774Z","level":"info","event":"STEP 5: built cleaned snapshot dataframe rows=500","logger":"2_refresh_traffic_speed","filename":"2_refresh_traffic_speed.py","lineno":44}
{"timestamp":"2026-04-15T12:30:38.152327Z","level":"info","event":"[LATEST PREP] rows=500 | missing_measurement_rows=0","logger":"lta_common","filename":"lta_common.py","lineno":271}
{"timestamp":"2026-04-15T12:30:38.152751Z","level":"info","event":"[UPSERT START] upserting 500 rows into traffic_speed_latest","logger":"lta_common","filename":"lta_common.py","lineno":348}
{"timestamp":"2026-04-15T12:30:38.153442Z","level":"info","event":"[UPSERT DEBUG] max_link_id=25421 | min_link_id=24844 | max_speed_band=8 | min_speed_band=1 | max_minimum_speed=70 | min_minimum_speed=0 | max_maximum_speed=69.0 | min_maximum_speed=9.0","logger":"lta_common","filename":"lta_common.py","lineno":350}
{"timestamp":"2026-04-15T12:30:38.513964Z","level":"info","event":"[UPSERT DONE] upserted=500 rows into traffic_speed_latest","logger":"lta_common","filename":"lta_common.py","lineno":388}
{"timestamp":"2026-04-15T12:30:38.516023Z","level":"info","event":"[SAVE START] inserting 500 rows into traffic_speed_recent","logger":"lta_common","filename":"lta_common.py","lineno":319}
{"timestamp":"2026-04-15T12:30:38.859196Z","level":"info","event":"[SAVE DONE] inserted=500 rows into traffic_speed_recent","logger":"lta_common","filename":"lta_common.py","lineno":337}
{"timestamp":"2026-04-15T12:30:38.859860Z","level":"info","event":"STEP 6: page saved skip=16500 | pages=34 | latest_rows=17000 | recent_rows=17000","logger":"2_refresh_traffic_speed","filename":"2_refresh_traffic_speed.py","lineno":56}
{"timestamp":"2026-04-15T12:30:38.860122Z","level":"info","event":"========== PAGE START ==========","logger":"lta_common","filename":"lta_common.py","lineno":53}
{"timestamp":"2026-04-15T12:30:38.860350Z","level":"info","event":"[FETCH] requesting rows 17000–17499","logger":"lta_common","filename":"lta_common.py","lineno":54}
{"timestamp":"2026-04-15T12:30:38.860578Z","level":"info","event":"Fetching page from LTA: skip=17000","logger":"lta_common","filename":"lta_common.py","lineno":36}
{"timestamp":"2026-04-15T12:30:39.135104Z","level":"info","event":"Retrieved 500 rows from LTA at skip=17000","logger":"lta_common","filename":"lta_common.py","lineno":44}
{"timestamp":"2026-04-15T12:30:39.140881Z","level":"info","event":"[FETCH DONE] retrieved=500 rows at skip=17000","logger":"lta_common","filename":"lta_common.py","lineno":59}
{"timestamp":"2026-04-15T12:30:39.142240Z","level":"info","event":"STEP 4: processing page skip=17000 rows=500","logger":"2_refresh_traffic_speed","filename":"2_refresh_traffic_speed.py","lineno":41}
{"timestamp":"2026-04-15T12:30:39.160275Z","level":"warning","event":"[SANITIZE] link_id=25727 field=maximum_speed suspicious sentinel value=999 -> NULL","logger":"lta_common","filename":"lta_common.py","lineno":143}
{"timestamp":"2026-04-15T12:30:39.162494Z","level":"info","event":"[CLEAN DONE] rows=500 | null_speed_band=0 | null_minimum_speed=1 | null_maximum_speed=2","logger":"lta_common","filename":"lta_common.py","lineno":238}
{"timestamp":"2026-04-15T12:30:39.164389Z","level":"info","event":"STEP 5: built cleaned snapshot dataframe rows=500","logger":"2_refresh_traffic_speed","filename":"2_refresh_traffic_speed.py","lineno":44}
{"timestamp":"2026-04-15T12:30:39.165135Z","level":"info","event":"[LATEST PREP] rows=500 | missing_measurement_rows=1","logger":"lta_common","filename":"lta_common.py","lineno":271}
{"timestamp":"2026-04-15T12:30:39.165570Z","level":"info","event":"[UPSERT START] upserting 500 rows into traffic_speed_latest","logger":"lta_common","filename":"lta_common.py","lineno":348}
{"timestamp":"2026-04-15T12:30:39.166223Z","level":"info","event":"[UPSERT DEBUG] max_link_id=25962 | min_link_id=25422 | max_speed_band=8 | min_speed_band=1 | max_minimum_speed=70.0 | min_minimum_speed=0.0 | max_maximum_speed=69.0 | min_maximum_speed=9.0","logger":"lta_common","filename":"lta_common.py","lineno":350}
{"timestamp":"2026-04-15T12:30:39.532547Z","level":"info","event":"[UPSERT DONE] upserted=500 rows into traffic_speed_latest","logger":"lta_common","filename":"lta_common.py","lineno":388}
{"timestamp":"2026-04-15T12:30:39.533327Z","level":"info","event":"[SAVE START] inserting 500 rows into traffic_speed_recent","logger":"lta_common","filename":"lta_common.py","lineno":319}
{"timestamp":"2026-04-15T12:30:39.885206Z","level":"info","event":"[SAVE DONE] inserted=500 rows into traffic_speed_recent","logger":"lta_common","filename":"lta_common.py","lineno":337}
{"timestamp":"2026-04-15T12:30:39.885700Z","level":"info","event":"STEP 6: page saved skip=17000 | pages=35 | latest_rows=17500 | recent_rows=17500","logger":"2_refresh_traffic_speed","filename":"2_refresh_traffic_speed.py","lineno":56}
{"timestamp":"2026-04-15T12:30:39.885833Z","level":"info","event":"========== PAGE START ==========","logger":"lta_common","filename":"lta_common.py","lineno":53}
{"timestamp":"2026-04-15T12:30:39.885926Z","level":"info","event":"[FETCH] requesting rows 17500–17999","logger":"lta_common","filename":"lta_common.py","lineno":54}
{"timestamp":"2026-04-15T12:30:39.886043Z","level":"info","event":"Fetching page from LTA: skip=17500","logger":"lta_common","filename":"lta_common.py","lineno":36}
{"timestamp":"2026-04-15T12:30:40.186060Z","level":"info","event":"Retrieved 500 rows from LTA at skip=17500","logger":"lta_common","filename":"lta_common.py","lineno":44}
{"timestamp":"2026-04-15T12:30:40.190918Z","level":"info","event":"[FETCH DONE] retrieved=500 rows at skip=17500","logger":"lta_common","filename":"lta_common.py","lineno":59}
{"timestamp":"2026-04-15T12:30:40.191480Z","level":"info","event":"STEP 4: processing page skip=17500 rows=500","logger":"2_refresh_traffic_speed","filename":"2_refresh_traffic_speed.py","lineno":41}
{"timestamp":"2026-04-15T12:30:40.203965Z","level":"warning","event":"[SANITIZE] link_id=26515 field=maximum_speed suspicious sentinel value=999 -> NULL","logger":"lta_common","filename":"lta_common.py","lineno":143}
{"timestamp":"2026-04-15T12:30:40.204166Z","level":"warning","event":"[SANITIZE] link_id=26572 field=maximum_speed suspicious sentinel value=999 -> NULL","logger":"lta_common","filename":"lta_common.py","lineno":143}
{"timestamp":"2026-04-15T12:30:40.204289Z","level":"warning","event":"[SANITIZE] link_id=26635 field=maximum_speed suspicious sentinel value=999 -> NULL","logger":"lta_common","filename":"lta_common.py","lineno":143}
{"timestamp":"2026-04-15T12:30:40.204934Z","level":"info","event":"[CLEAN DONE] rows=500 | null_speed_band=0 | null_minimum_speed=0 | null_maximum_speed=3","logger":"lta_common","filename":"lta_common.py","lineno":238}
{"timestamp":"2026-04-15T12:30:40.206185Z","level":"info","event":"STEP 5: built cleaned snapshot dataframe rows=500","logger":"2_refresh_traffic_speed","filename":"2_refresh_traffic_speed.py","lineno":44}
{"timestamp":"2026-04-15T12:30:40.206549Z","level":"info","event":"[LATEST PREP] rows=500 | missing_measurement_rows=0","logger":"lta_common","filename":"lta_common.py","lineno":271}
{"timestamp":"2026-04-15T12:30:40.206922Z","level":"info","event":"[UPSERT START] upserting 500 rows into traffic_speed_latest","logger":"lta_common","filename":"lta_common.py","lineno":348}
{"timestamp":"2026-04-15T12:30:40.207258Z","level":"info","event":"[UPSERT DEBUG] max_link_id=26731 | min_link_id=25963 | max_speed_band=8 | min_speed_band=1 | max_minimum_speed=70 | min_minimum_speed=0 | max_maximum_speed=69.0 | min_maximum_speed=9.0","logger":"lta_common","filename":"lta_common.py","lineno":350}
{"timestamp":"2026-04-15T12:30:40.551120Z","level":"info","event":"[UPSERT DONE] upserted=500 rows into traffic_speed_latest","logger":"lta_common","filename":"lta_common.py","lineno":388}
{"timestamp":"2026-04-15T12:30:40.551519Z","level":"info","event":"[SAVE START] inserting 500 rows into traffic_speed_recent","logger":"lta_common","filename":"lta_common.py","lineno":319}
{"timestamp":"2026-04-15T12:30:40.913991Z","level":"info","event":"[SAVE DONE] inserted=500 rows into traffic_speed_recent","logger":"lta_common","filename":"lta_common.py","lineno":337}
{"timestamp":"2026-04-15T12:30:40.914138Z","level":"info","event":"STEP 6: page saved skip=17500 | pages=36 | latest_rows=18000 | recent_rows=18000","logger":"2_refresh_traffic_speed","filename":"2_refresh_traffic_speed.py","lineno":56}
{"timestamp":"2026-04-15T12:30:40.914180Z","level":"info","event":"========== PAGE START ==========","logger":"lta_common","filename":"lta_common.py","lineno":53}
{"timestamp":"2026-04-15T12:30:40.914216Z","level":"info","event":"[FETCH] requesting rows 18000–18499","logger":"lta_common","filename":"lta_common.py","lineno":54}
{"timestamp":"2026-04-15T12:30:40.914258Z","level":"info","event":"Fetching page from LTA: skip=18000","logger":"lta_common","filename":"lta_common.py","lineno":36}
{"timestamp":"2026-04-15T12:30:41.219926Z","level":"info","event":"Retrieved 500 rows from LTA at skip=18000","logger":"lta_common","filename":"lta_common.py","lineno":44}
{"timestamp":"2026-04-15T12:30:41.221640Z","level":"info","event":"[FETCH DONE] retrieved=500 rows at skip=18000","logger":"lta_common","filename":"lta_common.py","lineno":59}
{"timestamp":"2026-04-15T12:30:41.221914Z","level":"info","event":"STEP 4: processing page skip=18000 rows=500","logger":"2_refresh_traffic_speed","filename":"2_refresh_traffic_speed.py","lineno":41}
{"timestamp":"2026-04-15T12:30:41.228573Z","level":"warning","event":"[SANITIZE] link_id=26761 field=maximum_speed suspicious sentinel value=999 -> NULL","logger":"lta_common","filename":"lta_common.py","lineno":143}
{"timestamp":"2026-04-15T12:30:41.228742Z","level":"warning","event":"[SANITIZE] link_id=26827 field=maximum_speed suspicious sentinel value=999 -> NULL","logger":"lta_common","filename":"lta_common.py","lineno":143}
{"timestamp":"2026-04-15T12:30:41.228850Z","level":"warning","event":"[SANITIZE] link_id=26886 field=maximum_speed suspicious sentinel value=999 -> NULL","logger":"lta_common","filename":"lta_common.py","lineno":143}
{"timestamp":"2026-04-15T12:30:41.228881Z","level":"warning","event":"[SANITIZE] link_id=26888 field=maximum_speed suspicious sentinel value=999 -> NULL","logger":"lta_common","filename":"lta_common.py","lineno":143}
{"timestamp":"2026-04-15T12:30:41.229135Z","level":"warning","event":"[SANITIZE] link_id=27122 field=maximum_speed suspicious sentinel value=999 -> NULL","logger":"lta_common","filename":"lta_common.py","lineno":143}
{"timestamp":"2026-04-15T12:30:41.229411Z","level":"warning","event":"[SANITIZE] link_id=27467 field=maximum_speed suspicious sentinel value=999 -> NULL","logger":"lta_common","filename":"lta_common.py","lineno":143}
{"timestamp":"2026-04-15T12:30:41.229587Z","level":"warning","event":"[SANITIZE] link_id=27632 field=maximum_speed suspicious sentinel value=999 -> NULL","logger":"lta_common","filename":"lta_common.py","lineno":143}
{"timestamp":"2026-04-15T12:30:41.229776Z","level":"warning","event":"[SANITIZE] link_id=27767 field=maximum_speed suspicious sentinel value=999 -> NULL","logger":"lta_common","filename":"lta_common.py","lineno":143}
{"timestamp":"2026-04-15T12:30:41.230044Z","level":"warning","event":"[SANITIZE] link_id=27870 field=maximum_speed suspicious sentinel value=999 -> NULL","logger":"lta_common","filename":"lta_common.py","lineno":143}
{"timestamp":"2026-04-15T12:30:41.230446Z","level":"info","event":"[CLEAN DONE] rows=500 | null_speed_band=0 | null_minimum_speed=0 | null_maximum_speed=9","logger":"lta_common","filename":"lta_common.py","lineno":238}
{"timestamp":"2026-04-15T12:30:41.231405Z","level":"info","event":"STEP 5: built cleaned snapshot dataframe rows=500","logger":"2_refresh_traffic_speed","filename":"2_refresh_traffic_speed.py","lineno":44}
{"timestamp":"2026-04-15T12:30:41.231730Z","level":"info","event":"[LATEST PREP] rows=500 | missing_measurement_rows=0","logger":"lta_common","filename":"lta_common.py","lineno":271}
{"timestamp":"2026-04-15T12:30:41.231980Z","level":"info","event":"[UPSERT START] upserting 500 rows into traffic_speed_latest","logger":"lta_common","filename":"lta_common.py","lineno":348}
{"timestamp":"2026-04-15T12:30:41.232287Z","level":"info","event":"[UPSERT DEBUG] max_link_id=27885 | min_link_id=26734 | max_speed_band=8 | min_speed_band=1 | max_minimum_speed=70 | min_minimum_speed=0 | max_maximum_speed=69.0 | min_maximum_speed=9.0","logger":"lta_common","filename":"lta_common.py","lineno":350}
{"timestamp":"2026-04-15T12:30:41.587110Z","level":"info","event":"[UPSERT DONE] upserted=500 rows into traffic_speed_latest","logger":"lta_common","filename":"lta_common.py","lineno":388}
{"timestamp":"2026-04-15T12:30:41.587738Z","level":"info","event":"[SAVE START] inserting 500 rows into traffic_speed_recent","logger":"lta_common","filename":"lta_common.py","lineno":319}
{"timestamp":"2026-04-15T12:30:41.959071Z","level":"info","event":"[SAVE DONE] inserted=500 rows into traffic_speed_recent","logger":"lta_common","filename":"lta_common.py","lineno":337}
{"timestamp":"2026-04-15T12:30:41.959187Z","level":"info","event":"STEP 6: page saved skip=18000 | pages=37 | latest_rows=18500 | recent_rows=18500","logger":"2_refresh_traffic_speed","filename":"2_refresh_traffic_speed.py","lineno":56}
{"timestamp":"2026-04-15T12:30:41.959223Z","level":"info","event":"========== PAGE START ==========","logger":"lta_common","filename":"lta_common.py","lineno":53}
{"timestamp":"2026-04-15T12:30:41.959246Z","level":"info","event":"[FETCH] requesting rows 18500–18999","logger":"lta_common","filename":"lta_common.py","lineno":54}
{"timestamp":"2026-04-15T12:30:41.959292Z","level":"info","event":"Fetching page from LTA: skip=18500","logger":"lta_common","filename":"lta_common.py","lineno":36}
{"timestamp":"2026-04-15T12:30:42.297947Z","level":"info","event":"Retrieved 500 rows from LTA at skip=18500","logger":"lta_common","filename":"lta_common.py","lineno":44}
{"timestamp":"2026-04-15T12:30:42.301461Z","level":"info","event":"[FETCH DONE] retrieved=500 rows at skip=18500","logger":"lta_common","filename":"lta_common.py","lineno":59}
{"timestamp":"2026-04-15T12:30:42.301800Z","level":"info","event":"STEP 4: processing page skip=18500 rows=500","logger":"2_refresh_traffic_speed","filename":"2_refresh_traffic_speed.py","lineno":41}
{"timestamp":"2026-04-15T12:30:42.313510Z","level":"warning","event":"[SANITIZE] link_id=27946 field=maximum_speed suspicious sentinel value=999 -> NULL","logger":"lta_common","filename":"lta_common.py","lineno":143}
{"timestamp":"2026-04-15T12:30:42.314136Z","level":"warning","event":"[SANITIZE] link_id=28053 field=maximum_speed suspicious sentinel value=999 -> NULL","logger":"lta_common","filename":"lta_common.py","lineno":143}
{"timestamp":"2026-04-15T12:30:42.315204Z","level":"warning","event":"[SANITIZE] link_id=28274 field=maximum_speed suspicious sentinel value=999 -> NULL","logger":"lta_common","filename":"lta_common.py","lineno":143}
{"timestamp":"2026-04-15T12:30:42.315491Z","level":"warning","event":"[SANITIZE] link_id=28324 field=maximum_speed suspicious sentinel value=999 -> NULL","logger":"lta_common","filename":"lta_common.py","lineno":143}
{"timestamp":"2026-04-15T12:30:42.316420Z","level":"info","event":"[CLEAN DONE] rows=500 | null_speed_band=0 | null_minimum_speed=1 | null_maximum_speed=5","logger":"lta_common","filename":"lta_common.py","lineno":238}
{"timestamp":"2026-04-15T12:30:42.317831Z","level":"info","event":"STEP 5: built cleaned snapshot dataframe rows=500","logger":"2_refresh_traffic_speed","filename":"2_refresh_traffic_speed.py","lineno":44}
{"timestamp":"2026-04-15T12:30:42.318322Z","level":"info","event":"[LATEST PREP] rows=500 | missing_measurement_rows=1","logger":"lta_common","filename":"lta_common.py","lineno":271}
{"timestamp":"2026-04-15T12:30:42.318694Z","level":"info","event":"[UPSERT START] upserting 500 rows into traffic_speed_latest","logger":"lta_common","filename":"lta_common.py","lineno":348}
{"timestamp":"2026-04-15T12:30:42.319089Z","level":"info","event":"[UPSERT DEBUG] max_link_id=28391 | min_link_id=27886 | max_speed_band=8 | min_speed_band=1 | max_minimum_speed=70.0 | min_minimum_speed=0.0 | max_maximum_speed=69.0 | min_maximum_speed=9.0","logger":"lta_common","filename":"lta_common.py","lineno":350}
{"timestamp":"2026-04-15T12:30:42.725988Z","level":"info","event":"[UPSERT DONE] upserted=500 rows into traffic_speed_latest","logger":"lta_common","filename":"lta_common.py","lineno":388}
{"timestamp":"2026-04-15T12:30:42.727582Z","level":"info","event":"[SAVE START] inserting 500 rows into traffic_speed_recent","logger":"lta_common","filename":"lta_common.py","lineno":319}
{"timestamp":"2026-04-15T12:30:43.107712Z","level":"info","event":"[SAVE DONE] inserted=500 rows into traffic_speed_recent","logger":"lta_common","filename":"lta_common.py","lineno":337}
{"timestamp":"2026-04-15T12:30:43.107823Z","level":"info","event":"STEP 6: page saved skip=18500 | pages=38 | latest_rows=19000 | recent_rows=19000","logger":"2_refresh_traffic_speed","filename":"2_refresh_traffic_speed.py","lineno":56}
{"timestamp":"2026-04-15T12:30:43.107861Z","level":"info","event":"========== PAGE START ==========","logger":"lta_common","filename":"lta_common.py","lineno":53}
{"timestamp":"2026-04-15T12:30:43.107886Z","level":"info","event":"[FETCH] requesting rows 19000–19499","logger":"lta_common","filename":"lta_common.py","lineno":54}
{"timestamp":"2026-04-15T12:30:43.107916Z","level":"info","event":"Fetching page from LTA: skip=19000","logger":"lta_common","filename":"lta_common.py","lineno":36}
{"timestamp":"2026-04-15T12:30:43.409967Z","level":"info","event":"Retrieved 500 rows from LTA at skip=19000","logger":"lta_common","filename":"lta_common.py","lineno":44}
{"timestamp":"2026-04-15T12:30:43.411249Z","level":"info","event":"[FETCH DONE] retrieved=500 rows at skip=19000","logger":"lta_common","filename":"lta_common.py","lineno":59}
{"timestamp":"2026-04-15T12:30:43.411503Z","level":"info","event":"STEP 4: processing page skip=19000 rows=500","logger":"2_refresh_traffic_speed","filename":"2_refresh_traffic_speed.py","lineno":41}
{"timestamp":"2026-04-15T12:30:43.418665Z","level":"warning","event":"[SANITIZE] link_id=28894 field=maximum_speed suspicious sentinel value=999 -> NULL","logger":"lta_common","filename":"lta_common.py","lineno":143}
{"timestamp":"2026-04-15T12:30:43.419285Z","level":"info","event":"[CLEAN DONE] rows=500 | null_speed_band=0 | null_minimum_speed=1 | null_maximum_speed=2","logger":"lta_common","filename":"lta_common.py","lineno":238}
{"timestamp":"2026-04-15T12:30:43.420273Z","level":"info","event":"STEP 5: built cleaned snapshot dataframe rows=500","logger":"2_refresh_traffic_speed","filename":"2_refresh_traffic_speed.py","lineno":44}
{"timestamp":"2026-04-15T12:30:43.420678Z","level":"info","event":"[LATEST PREP] rows=500 | missing_measurement_rows=1","logger":"lta_common","filename":"lta_common.py","lineno":271}
{"timestamp":"2026-04-15T12:30:43.420922Z","level":"info","event":"[UPSERT START] upserting 500 rows into traffic_speed_latest","logger":"lta_common","filename":"lta_common.py","lineno":348}
{"timestamp":"2026-04-15T12:30:43.421431Z","level":"info","event":"[UPSERT DEBUG] max_link_id=29059 | min_link_id=28392 | max_speed_band=8 | min_speed_band=1 | max_minimum_speed=70.0 | min_minimum_speed=0.0 | max_maximum_speed=69.0 | min_maximum_speed=9.0","logger":"lta_common","filename":"lta_common.py","lineno":350}
{"timestamp":"2026-04-15T12:30:43.759067Z","level":"info","event":"[UPSERT DONE] upserted=500 rows into traffic_speed_latest","logger":"lta_common","filename":"lta_common.py","lineno":388}
{"timestamp":"2026-04-15T12:30:43.759458Z","level":"info","event":"[SAVE START] inserting 500 rows into traffic_speed_recent","logger":"lta_common","filename":"lta_common.py","lineno":319}
{"timestamp":"2026-04-15T12:30:44.102097Z","level":"info","event":"[SAVE DONE] inserted=500 rows into traffic_speed_recent","logger":"lta_common","filename":"lta_common.py","lineno":337}
{"timestamp":"2026-04-15T12:30:44.102271Z","level":"info","event":"STEP 6: page saved skip=19000 | pages=39 | latest_rows=19500 | recent_rows=19500","logger":"2_refresh_traffic_speed","filename":"2_refresh_traffic_speed.py","lineno":56}
{"timestamp":"2026-04-15T12:30:44.102324Z","level":"info","event":"========== PAGE START ==========","logger":"lta_common","filename":"lta_common.py","lineno":53}
{"timestamp":"2026-04-15T12:30:44.102362Z","level":"info","event":"[FETCH] requesting rows 19500–19999","logger":"lta_common","filename":"lta_common.py","lineno":54}
{"timestamp":"2026-04-15T12:30:44.102410Z","level":"info","event":"Fetching page from LTA: skip=19500","logger":"lta_common","filename":"lta_common.py","lineno":36}
{"timestamp":"2026-04-15T12:30:44.396486Z","level":"info","event":"Retrieved 500 rows from LTA at skip=19500","logger":"lta_common","filename":"lta_common.py","lineno":44}
{"timestamp":"2026-04-15T12:30:44.398871Z","level":"info","event":"[FETCH DONE] retrieved=500 rows at skip=19500","logger":"lta_common","filename":"lta_common.py","lineno":59}
{"timestamp":"2026-04-15T12:30:44.399282Z","level":"info","event":"STEP 4: processing page skip=19500 rows=500","logger":"2_refresh_traffic_speed","filename":"2_refresh_traffic_speed.py","lineno":41}
{"timestamp":"2026-04-15T12:30:44.410722Z","level":"warning","event":"[SANITIZE] link_id=29568 field=maximum_speed suspicious sentinel value=999 -> NULL","logger":"lta_common","filename":"lta_common.py","lineno":143}
{"timestamp":"2026-04-15T12:30:44.410958Z","level":"warning","event":"[SANITIZE] link_id=29625 field=maximum_speed suspicious sentinel value=999 -> NULL","logger":"lta_common","filename":"lta_common.py","lineno":143}
{"timestamp":"2026-04-15T12:30:44.411683Z","level":"warning","event":"[SANITIZE] link_id=29951 field=maximum_speed suspicious sentinel value=999 -> NULL","logger":"lta_common","filename":"lta_common.py","lineno":143}
{"timestamp":"2026-04-15T12:30:44.411771Z","level":"warning","event":"[SANITIZE] link_id=29963 field=maximum_speed suspicious sentinel value=999 -> NULL","logger":"lta_common","filename":"lta_common.py","lineno":143}
{"timestamp":"2026-04-15T12:30:44.411888Z","level":"warning","event":"[SANITIZE] link_id=29982 field=maximum_speed suspicious sentinel value=999 -> NULL","logger":"lta_common","filename":"lta_common.py","lineno":143}
{"timestamp":"2026-04-15T12:30:44.412048Z","level":"warning","event":"[SANITIZE] link_id=30016 field=maximum_speed suspicious sentinel value=999 -> NULL","logger":"lta_common","filename":"lta_common.py","lineno":143}
{"timestamp":"2026-04-15T12:30:44.412182Z","level":"warning","event":"[SANITIZE] link_id=30036 field=maximum_speed suspicious sentinel value=999 -> NULL","logger":"lta_common","filename":"lta_common.py","lineno":143}
{"timestamp":"2026-04-15T12:30:44.412895Z","level":"info","event":"[CLEAN DONE] rows=500 | null_speed_band=0 | null_minimum_speed=1 | null_maximum_speed=8","logger":"lta_common","filename":"lta_common.py","lineno":238}
{"timestamp":"2026-04-15T12:30:44.414055Z","level":"info","event":"STEP 5: built cleaned snapshot dataframe rows=500","logger":"2_refresh_traffic_speed","filename":"2_refresh_traffic_speed.py","lineno":44}
{"timestamp":"2026-04-15T12:30:44.414461Z","level":"info","event":"[LATEST PREP] rows=500 | missing_measurement_rows=1","logger":"lta_common","filename":"lta_common.py","lineno":271}
{"timestamp":"2026-04-15T12:30:44.414806Z","level":"info","event":"[UPSERT START] upserting 500 rows into traffic_speed_latest","logger":"lta_common","filename":"lta_common.py","lineno":348}
{"timestamp":"2026-04-15T12:30:44.415199Z","level":"info","event":"[UPSERT DEBUG] max_link_id=30110 | min_link_id=29060 | max_speed_band=8 | min_speed_band=1 | max_minimum_speed=70.0 | min_minimum_speed=0.0 | max_maximum_speed=69.0 | min_maximum_speed=9.0","logger":"lta_common","filename":"lta_common.py","lineno":350}
{"timestamp":"2026-04-15T12:30:44.771582Z","level":"info","event":"[UPSERT DONE] upserted=500 rows into traffic_speed_latest","logger":"lta_common","filename":"lta_common.py","lineno":388}
{"timestamp":"2026-04-15T12:30:44.772875Z","level":"info","event":"[SAVE START] inserting 500 rows into traffic_speed_recent","logger":"lta_common","filename":"lta_common.py","lineno":319}
{"timestamp":"2026-04-15T12:30:45.164100Z","level":"info","event":"[SAVE DONE] inserted=500 rows into traffic_speed_recent","logger":"lta_common","filename":"lta_common.py","lineno":337}
{"timestamp":"2026-04-15T12:30:45.165533Z","level":"info","event":"STEP 6: page saved skip=19500 | pages=40 | latest_rows=20000 | recent_rows=20000","logger":"2_refresh_traffic_speed","filename":"2_refresh_traffic_speed.py","lineno":56}
{"timestamp":"2026-04-15T12:30:45.166226Z","level":"info","event":"========== PAGE START ==========","logger":"lta_common","filename":"lta_common.py","lineno":53}
{"timestamp":"2026-04-15T12:30:45.166864Z","level":"info","event":"[FETCH] requesting rows 20000–20499","logger":"lta_common","filename":"lta_common.py","lineno":54}
{"timestamp":"2026-04-15T12:30:45.167084Z","level":"info","event":"Fetching page from LTA: skip=20000","logger":"lta_common","filename":"lta_common.py","lineno":36}
{"timestamp":"2026-04-15T12:30:45.573821Z","level":"info","event":"Retrieved 500 rows from LTA at skip=20000","logger":"lta_common","filename":"lta_common.py","lineno":44}
{"timestamp":"2026-04-15T12:30:45.575409Z","level":"info","event":"[FETCH DONE] retrieved=500 rows at skip=20000","logger":"lta_common","filename":"lta_common.py","lineno":59}
{"timestamp":"2026-04-15T12:30:45.575525Z","level":"info","event":"STEP 4: processing page skip=20000 rows=500","logger":"2_refresh_traffic_speed","filename":"2_refresh_traffic_speed.py","lineno":41}
{"timestamp":"2026-04-15T12:30:45.583946Z","level":"info","event":"[CLEAN DONE] rows=500 | null_speed_band=0 | null_minimum_speed=0 | null_maximum_speed=0","logger":"lta_common","filename":"lta_common.py","lineno":238}
{"timestamp":"2026-04-15T12:30:45.584808Z","level":"info","event":"STEP 5: built cleaned snapshot dataframe rows=500","logger":"2_refresh_traffic_speed","filename":"2_refresh_traffic_speed.py","lineno":44}
{"timestamp":"2026-04-15T12:30:45.585190Z","level":"info","event":"[LATEST PREP] rows=500 | missing_measurement_rows=0","logger":"lta_common","filename":"lta_common.py","lineno":271}
{"timestamp":"2026-04-15T12:30:45.585431Z","level":"info","event":"[UPSERT START] upserting 500 rows into traffic_speed_latest","logger":"lta_common","filename":"lta_common.py","lineno":348}
{"timestamp":"2026-04-15T12:30:45.585721Z","level":"info","event":"[UPSERT DEBUG] max_link_id=30857 | min_link_id=30117 | max_speed_band=7 | min_speed_band=1 | max_minimum_speed=60 | min_minimum_speed=0 | max_maximum_speed=69 | min_maximum_speed=9","logger":"lta_common","filename":"lta_common.py","lineno":350}
{"timestamp":"2026-04-15T12:30:45.940484Z","level":"info","event":"[UPSERT DONE] upserted=500 rows into traffic_speed_latest","logger":"lta_common","filename":"lta_common.py","lineno":388}
{"timestamp":"2026-04-15T12:30:45.940869Z","level":"info","event":"[SAVE START] inserting 500 rows into traffic_speed_recent","logger":"lta_common","filename":"lta_common.py","lineno":319}
{"timestamp":"2026-04-15T12:30:46.276506Z","level":"info","event":"[SAVE DONE] inserted=500 rows into traffic_speed_recent","logger":"lta_common","filename":"lta_common.py","lineno":337}
{"timestamp":"2026-04-15T12:30:46.276617Z","level":"info","event":"STEP 6: page saved skip=20000 | pages=41 | latest_rows=20500 | recent_rows=20500","logger":"2_refresh_traffic_speed","filename":"2_refresh_traffic_speed.py","lineno":56}
{"timestamp":"2026-04-15T12:30:46.276657Z","level":"info","event":"========== PAGE START ==========","logger":"lta_common","filename":"lta_common.py","lineno":53}
{"timestamp":"2026-04-15T12:30:46.276686Z","level":"info","event":"[FETCH] requesting rows 20500–20999","logger":"lta_common","filename":"lta_common.py","lineno":54}
{"timestamp":"2026-04-15T12:30:46.276720Z","level":"info","event":"Fetching page from LTA: skip=20500","logger":"lta_common","filename":"lta_common.py","lineno":36}
{"timestamp":"2026-04-15T12:30:46.569180Z","level":"info","event":"Retrieved 500 rows from LTA at skip=20500","logger":"lta_common","filename":"lta_common.py","lineno":44}
{"timestamp":"2026-04-15T12:30:46.570470Z","level":"info","event":"[FETCH DONE] retrieved=500 rows at skip=20500","logger":"lta_common","filename":"lta_common.py","lineno":59}
{"timestamp":"2026-04-15T12:30:46.570728Z","level":"info","event":"STEP 4: processing page skip=20500 rows=500","logger":"2_refresh_traffic_speed","filename":"2_refresh_traffic_speed.py","lineno":41}
{"timestamp":"2026-04-15T12:30:46.579055Z","level":"info","event":"[CLEAN DONE] rows=500 | null_speed_band=0 | null_minimum_speed=0 | null_maximum_speed=0","logger":"lta_common","filename":"lta_common.py","lineno":238}
{"timestamp":"2026-04-15T12:30:46.579908Z","level":"info","event":"STEP 5: built cleaned snapshot dataframe rows=500","logger":"2_refresh_traffic_speed","filename":"2_refresh_traffic_speed.py","lineno":44}
{"timestamp":"2026-04-15T12:30:46.580239Z","level":"info","event":"[LATEST PREP] rows=500 | missing_measurement_rows=0","logger":"lta_common","filename":"lta_common.py","lineno":271}
{"timestamp":"2026-04-15T12:30:46.580473Z","level":"info","event":"[UPSERT START] upserting 500 rows into traffic_speed_latest","logger":"lta_common","filename":"lta_common.py","lineno":348}
{"timestamp":"2026-04-15T12:30:46.580756Z","level":"info","event":"[UPSERT DEBUG] max_link_id=31655 | min_link_id=30858 | max_speed_band=6 | min_speed_band=1 | max_minimum_speed=50 | min_minimum_speed=0 | max_maximum_speed=59 | min_maximum_speed=9","logger":"lta_common","filename":"lta_common.py","lineno":350}
{"timestamp":"2026-04-15T12:30:46.919642Z","level":"info","event":"[UPSERT DONE] upserted=500 rows into traffic_speed_latest","logger":"lta_common","filename":"lta_common.py","lineno":388}
{"timestamp":"2026-04-15T12:30:46.920503Z","level":"info","event":"[SAVE START] inserting 500 rows into traffic_speed_recent","logger":"lta_common","filename":"lta_common.py","lineno":319}
{"timestamp":"2026-04-15T12:30:47.361468Z","level":"info","event":"[SAVE DONE] inserted=500 rows into traffic_speed_recent","logger":"lta_common","filename":"lta_common.py","lineno":337}
{"timestamp":"2026-04-15T12:30:47.362926Z","level":"info","event":"STEP 6: page saved skip=20500 | pages=42 | latest_rows=21000 | recent_rows=21000","logger":"2_refresh_traffic_speed","filename":"2_refresh_traffic_speed.py","lineno":56}
{"timestamp":"2026-04-15T12:30:47.363602Z","level":"info","event":"========== PAGE START ==========","logger":"lta_common","filename":"lta_common.py","lineno":53}
{"timestamp":"2026-04-15T12:30:47.363832Z","level":"info","event":"[FETCH] requesting rows 21000–21499","logger":"lta_common","filename":"lta_common.py","lineno":54}
{"timestamp":"2026-04-15T12:30:47.364052Z","level":"info","event":"Fetching page from LTA: skip=21000","logger":"lta_common","filename":"lta_common.py","lineno":36}
{"timestamp":"2026-04-15T12:30:47.642315Z","level":"info","event":"Retrieved 500 rows from LTA at skip=21000","logger":"lta_common","filename":"lta_common.py","lineno":44}
{"timestamp":"2026-04-15T12:30:47.647946Z","level":"info","event":"[FETCH DONE] retrieved=500 rows at skip=21000","logger":"lta_common","filename":"lta_common.py","lineno":59}
{"timestamp":"2026-04-15T12:30:47.648859Z","level":"info","event":"STEP 4: processing page skip=21000 rows=500","logger":"2_refresh_traffic_speed","filename":"2_refresh_traffic_speed.py","lineno":41}
{"timestamp":"2026-04-15T12:30:47.668199Z","level":"info","event":"[CLEAN DONE] rows=500 | null_speed_band=0 | null_minimum_speed=0 | null_maximum_speed=0","logger":"lta_common","filename":"lta_common.py","lineno":238}
{"timestamp":"2026-04-15T12:30:47.670657Z","level":"info","event":"STEP 5: built cleaned snapshot dataframe rows=500","logger":"2_refresh_traffic_speed","filename":"2_refresh_traffic_speed.py","lineno":44}
{"timestamp":"2026-04-15T12:30:47.671638Z","level":"info","event":"[LATEST PREP] rows=500 | missing_measurement_rows=0","logger":"lta_common","filename":"lta_common.py","lineno":271}
{"timestamp":"2026-04-15T12:30:47.672208Z","level":"info","event":"[UPSERT START] upserting 500 rows into traffic_speed_latest","logger":"lta_common","filename":"lta_common.py","lineno":348}
{"timestamp":"2026-04-15T12:30:47.672862Z","level":"info","event":"[UPSERT DEBUG] max_link_id=32473 | min_link_id=31656 | max_speed_band=7 | min_speed_band=1 | max_minimum_speed=60 | min_minimum_speed=0 | max_maximum_speed=69 | min_maximum_speed=9","logger":"lta_common","filename":"lta_common.py","lineno":350}
{"timestamp":"2026-04-15T12:30:48.020704Z","level":"info","event":"[UPSERT DONE] upserted=500 rows into traffic_speed_latest","logger":"lta_common","filename":"lta_common.py","lineno":388}
{"timestamp":"2026-04-15T12:30:48.021292Z","level":"info","event":"[SAVE START] inserting 500 rows into traffic_speed_recent","logger":"lta_common","filename":"lta_common.py","lineno":319}
{"timestamp":"2026-04-15T12:30:48.361355Z","level":"info","event":"[SAVE DONE] inserted=500 rows into traffic_speed_recent","logger":"lta_common","filename":"lta_common.py","lineno":337}
{"timestamp":"2026-04-15T12:30:48.361589Z","level":"info","event":"STEP 6: page saved skip=21000 | pages=43 | latest_rows=21500 | recent_rows=21500","logger":"2_refresh_traffic_speed","filename":"2_refresh_traffic_speed.py","lineno":56}
{"timestamp":"2026-04-15T12:30:48.361655Z","level":"info","event":"========== PAGE START ==========","logger":"lta_common","filename":"lta_common.py","lineno":53}
{"timestamp":"2026-04-15T12:30:48.361704Z","level":"info","event":"[FETCH] requesting rows 21500–21999","logger":"lta_common","filename":"lta_common.py","lineno":54}
{"timestamp":"2026-04-15T12:30:48.361793Z","level":"info","event":"Fetching page from LTA: skip=21500","logger":"lta_common","filename":"lta_common.py","lineno":36}
{"timestamp":"2026-04-15T12:30:48.633798Z","level":"info","event":"Retrieved 500 rows from LTA at skip=21500","logger":"lta_common","filename":"lta_common.py","lineno":44}
{"timestamp":"2026-04-15T12:30:48.638920Z","level":"info","event":"[FETCH DONE] retrieved=500 rows at skip=21500","logger":"lta_common","filename":"lta_common.py","lineno":59}
{"timestamp":"2026-04-15T12:30:48.639340Z","level":"info","event":"STEP 4: processing page skip=21500 rows=500","logger":"2_refresh_traffic_speed","filename":"2_refresh_traffic_speed.py","lineno":41}
{"timestamp":"2026-04-15T12:30:48.650333Z","level":"info","event":"[CLEAN DONE] rows=500 | null_speed_band=0 | null_minimum_speed=0 | null_maximum_speed=0","logger":"lta_common","filename":"lta_common.py","lineno":238}
{"timestamp":"2026-04-15T12:30:48.651300Z","level":"info","event":"STEP 5: built cleaned snapshot dataframe rows=500","logger":"2_refresh_traffic_speed","filename":"2_refresh_traffic_speed.py","lineno":44}
{"timestamp":"2026-04-15T12:30:48.651720Z","level":"info","event":"[LATEST PREP] rows=500 | missing_measurement_rows=0","logger":"lta_common","filename":"lta_common.py","lineno":271}
{"timestamp":"2026-04-15T12:30:48.652122Z","level":"info","event":"[UPSERT START] upserting 500 rows into traffic_speed_latest","logger":"lta_common","filename":"lta_common.py","lineno":348}
{"timestamp":"2026-04-15T12:30:48.652506Z","level":"info","event":"[UPSERT DEBUG] max_link_id=33321 | min_link_id=32474 | max_speed_band=6 | min_speed_band=1 | max_minimum_speed=50 | min_minimum_speed=0 | max_maximum_speed=59 | min_maximum_speed=9","logger":"lta_common","filename":"lta_common.py","lineno":350}
{"timestamp":"2026-04-15T12:30:49.371587Z","level":"info","event":"[UPSERT DONE] upserted=500 rows into traffic_speed_latest","logger":"lta_common","filename":"lta_common.py","lineno":388}
{"timestamp":"2026-04-15T12:30:49.374240Z","level":"info","event":"[SAVE START] inserting 500 rows into traffic_speed_recent","logger":"lta_common","filename":"lta_common.py","lineno":319}
{"timestamp":"2026-04-15T12:30:50.112762Z","level":"info","event":"[SAVE DONE] inserted=500 rows into traffic_speed_recent","logger":"lta_common","filename":"lta_common.py","lineno":337}
{"timestamp":"2026-04-15T12:30:50.112869Z","level":"info","event":"STEP 6: page saved skip=21500 | pages=44 | latest_rows=22000 | recent_rows=22000","logger":"2_refresh_traffic_speed","filename":"2_refresh_traffic_speed.py","lineno":56}
{"timestamp":"2026-04-15T12:30:50.112900Z","level":"info","event":"========== PAGE START ==========","logger":"lta_common","filename":"lta_common.py","lineno":53}
{"timestamp":"2026-04-15T12:30:50.112922Z","level":"info","event":"[FETCH] requesting rows 22000–22499","logger":"lta_common","filename":"lta_common.py","lineno":54}
{"timestamp":"2026-04-15T12:30:50.112950Z","level":"info","event":"Fetching page from LTA: skip=22000","logger":"lta_common","filename":"lta_common.py","lineno":36}
{"timestamp":"2026-04-15T12:30:50.361831Z","level":"info","event":"Retrieved 500 rows from LTA at skip=22000","logger":"lta_common","filename":"lta_common.py","lineno":44}
{"timestamp":"2026-04-15T12:30:50.363021Z","level":"info","event":"[FETCH DONE] retrieved=500 rows at skip=22000","logger":"lta_common","filename":"lta_common.py","lineno":59}
{"timestamp":"2026-04-15T12:30:50.363248Z","level":"info","event":"STEP 4: processing page skip=22000 rows=500","logger":"2_refresh_traffic_speed","filename":"2_refresh_traffic_speed.py","lineno":41}
{"timestamp":"2026-04-15T12:30:50.370564Z","level":"info","event":"[CLEAN DONE] rows=500 | null_speed_band=0 | null_minimum_speed=0 | null_maximum_speed=0","logger":"lta_common","filename":"lta_common.py","lineno":238}
{"timestamp":"2026-04-15T12:30:50.371279Z","level":"info","event":"STEP 5: built cleaned snapshot dataframe rows=500","logger":"2_refresh_traffic_speed","filename":"2_refresh_traffic_speed.py","lineno":44}
{"timestamp":"2026-04-15T12:30:50.371568Z","level":"info","event":"[LATEST PREP] rows=500 | missing_measurement_rows=0","logger":"lta_common","filename":"lta_common.py","lineno":271}
{"timestamp":"2026-04-15T12:30:50.371794Z","level":"info","event":"[UPSERT START] upserting 500 rows into traffic_speed_latest","logger":"lta_common","filename":"lta_common.py","lineno":348}
{"timestamp":"2026-04-15T12:30:50.372078Z","level":"info","event":"[UPSERT DEBUG] max_link_id=34215 | min_link_id=33323 | max_speed_band=7 | min_speed_band=1 | max_minimum_speed=60 | min_minimum_speed=0 | max_maximum_speed=69 | min_maximum_speed=9","logger":"lta_common","filename":"lta_common.py","lineno":350}
{"timestamp":"2026-04-15T12:30:50.928912Z","level":"info","event":"[UPSERT DONE] upserted=500 rows into traffic_speed_latest","logger":"lta_common","filename":"lta_common.py","lineno":388}
{"timestamp":"2026-04-15T12:30:50.929358Z","level":"info","event":"[SAVE START] inserting 500 rows into traffic_speed_recent","logger":"lta_common","filename":"lta_common.py","lineno":319}
{"timestamp":"2026-04-15T12:30:51.397704Z","level":"info","event":"[SAVE DONE] inserted=500 rows into traffic_speed_recent","logger":"lta_common","filename":"lta_common.py","lineno":337}
{"timestamp":"2026-04-15T12:30:51.398184Z","level":"info","event":"STEP 6: page saved skip=22000 | pages=45 | latest_rows=22500 | recent_rows=22500","logger":"2_refresh_traffic_speed","filename":"2_refresh_traffic_speed.py","lineno":56}
{"timestamp":"2026-04-15T12:30:51.398304Z","level":"info","event":"========== PAGE START ==========","logger":"lta_common","filename":"lta_common.py","lineno":53}
{"timestamp":"2026-04-15T12:30:51.398369Z","level":"info","event":"[FETCH] requesting rows 22500–22999","logger":"lta_common","filename":"lta_common.py","lineno":54}
{"timestamp":"2026-04-15T12:30:51.398457Z","level":"info","event":"Fetching page from LTA: skip=22500","logger":"lta_common","filename":"lta_common.py","lineno":36}
{"timestamp":"2026-04-15T12:30:51.693379Z","level":"info","event":"Retrieved 500 rows from LTA at skip=22500","logger":"lta_common","filename":"lta_common.py","lineno":44}
{"timestamp":"2026-04-15T12:30:51.699249Z","level":"info","event":"[FETCH DONE] retrieved=500 rows at skip=22500","logger":"lta_common","filename":"lta_common.py","lineno":59}
{"timestamp":"2026-04-15T12:30:51.700370Z","level":"info","event":"STEP 4: processing page skip=22500 rows=500","logger":"2_refresh_traffic_speed","filename":"2_refresh_traffic_speed.py","lineno":41}
{"timestamp":"2026-04-15T12:30:51.719892Z","level":"info","event":"[CLEAN DONE] rows=500 | null_speed_band=0 | null_minimum_speed=0 | null_maximum_speed=0","logger":"lta_common","filename":"lta_common.py","lineno":238}
{"timestamp":"2026-04-15T12:30:51.721842Z","level":"info","event":"STEP 5: built cleaned snapshot dataframe rows=500","logger":"2_refresh_traffic_speed","filename":"2_refresh_traffic_speed.py","lineno":44}
{"timestamp":"2026-04-15T12:30:51.722615Z","level":"info","event":"[LATEST PREP] rows=500 | missing_measurement_rows=0","logger":"lta_common","filename":"lta_common.py","lineno":271}
{"timestamp":"2026-04-15T12:30:51.723234Z","level":"info","event":"[UPSERT START] upserting 500 rows into traffic_speed_latest","logger":"lta_common","filename":"lta_common.py","lineno":348}
{"timestamp":"2026-04-15T12:30:51.723811Z","level":"info","event":"[UPSERT DEBUG] max_link_id=34774 | min_link_id=34217 | max_speed_band=7 | min_speed_band=1 | max_minimum_speed=60 | min_minimum_speed=0 | max_maximum_speed=69 | min_maximum_speed=9","logger":"lta_common","filename":"lta_common.py","lineno":350}
{"timestamp":"2026-04-15T12:30:52.310806Z","level":"info","event":"[UPSERT DONE] upserted=500 rows into traffic_speed_latest","logger":"lta_common","filename":"lta_common.py","lineno":388}
{"timestamp":"2026-04-15T12:30:52.312950Z","level":"info","event":"[SAVE START] inserting 500 rows into traffic_speed_recent","logger":"lta_common","filename":"lta_common.py","lineno":319}
{"timestamp":"2026-04-15T12:30:52.807548Z","level":"info","event":"[SAVE DONE] inserted=500 rows into traffic_speed_recent","logger":"lta_common","filename":"lta_common.py","lineno":337}
{"timestamp":"2026-04-15T12:30:52.807844Z","level":"info","event":"STEP 6: page saved skip=22500 | pages=46 | latest_rows=23000 | recent_rows=23000","logger":"2_refresh_traffic_speed","filename":"2_refresh_traffic_speed.py","lineno":56}
{"timestamp":"2026-04-15T12:30:52.807917Z","level":"info","event":"========== PAGE START ==========","logger":"lta_common","filename":"lta_common.py","lineno":53}
{"timestamp":"2026-04-15T12:30:52.807970Z","level":"info","event":"[FETCH] requesting rows 23000–23499","logger":"lta_common","filename":"lta_common.py","lineno":54}
{"timestamp":"2026-04-15T12:30:52.808185Z","level":"info","event":"Fetching page from LTA: skip=23000","logger":"lta_common","filename":"lta_common.py","lineno":36}
{"timestamp":"2026-04-15T12:30:53.101691Z","level":"info","event":"Retrieved 500 rows from LTA at skip=23000","logger":"lta_common","filename":"lta_common.py","lineno":44}
{"timestamp":"2026-04-15T12:30:53.102871Z","level":"info","event":"[FETCH DONE] retrieved=500 rows at skip=23000","logger":"lta_common","filename":"lta_common.py","lineno":59}
{"timestamp":"2026-04-15T12:30:53.103113Z","level":"info","event":"STEP 4: processing page skip=23000 rows=500","logger":"2_refresh_traffic_speed","filename":"2_refresh_traffic_speed.py","lineno":41}
{"timestamp":"2026-04-15T12:30:53.110872Z","level":"info","event":"[CLEAN DONE] rows=500 | null_speed_band=0 | null_minimum_speed=0 | null_maximum_speed=0","logger":"lta_common","filename":"lta_common.py","lineno":238}
{"timestamp":"2026-04-15T12:30:53.111715Z","level":"info","event":"STEP 5: built cleaned snapshot dataframe rows=500","logger":"2_refresh_traffic_speed","filename":"2_refresh_traffic_speed.py","lineno":44}
{"timestamp":"2026-04-15T12:30:53.112047Z","level":"info","event":"[LATEST PREP] rows=500 | missing_measurement_rows=0","logger":"lta_common","filename":"lta_common.py","lineno":271}
{"timestamp":"2026-04-15T12:30:53.112288Z","level":"info","event":"[UPSERT START] upserting 500 rows into traffic_speed_latest","logger":"lta_common","filename":"lta_common.py","lineno":348}
{"timestamp":"2026-04-15T12:30:53.112574Z","level":"info","event":"[UPSERT DEBUG] max_link_id=35364 | min_link_id=34775 | max_speed_band=7 | min_speed_band=1 | max_minimum_speed=60 | min_minimum_speed=0 | max_maximum_speed=69 | min_maximum_speed=9","logger":"lta_common","filename":"lta_common.py","lineno":350}
{"timestamp":"2026-04-15T12:30:53.577824Z","level":"info","event":"[UPSERT DONE] upserted=500 rows into traffic_speed_latest","logger":"lta_common","filename":"lta_common.py","lineno":388}
{"timestamp":"2026-04-15T12:30:53.578253Z","level":"info","event":"[SAVE START] inserting 500 rows into traffic_speed_recent","logger":"lta_common","filename":"lta_common.py","lineno":319}
{"timestamp":"2026-04-15T12:30:54.020024Z","level":"info","event":"[SAVE DONE] inserted=500 rows into traffic_speed_recent","logger":"lta_common","filename":"lta_common.py","lineno":337}
{"timestamp":"2026-04-15T12:30:54.020172Z","level":"info","event":"STEP 6: page saved skip=23000 | pages=47 | latest_rows=23500 | recent_rows=23500","logger":"2_refresh_traffic_speed","filename":"2_refresh_traffic_speed.py","lineno":56}
{"timestamp":"2026-04-15T12:30:54.020208Z","level":"info","event":"========== PAGE START ==========","logger":"lta_common","filename":"lta_common.py","lineno":53}
{"timestamp":"2026-04-15T12:30:54.020234Z","level":"info","event":"[FETCH] requesting rows 23500–23999","logger":"lta_common","filename":"lta_common.py","lineno":54}
{"timestamp":"2026-04-15T12:30:54.020266Z","level":"info","event":"Fetching page from LTA: skip=23500","logger":"lta_common","filename":"lta_common.py","lineno":36}
{"timestamp":"2026-04-15T12:30:54.262001Z","level":"info","event":"Retrieved 500 rows from LTA at skip=23500","logger":"lta_common","filename":"lta_common.py","lineno":44}
{"timestamp":"2026-04-15T12:30:54.263174Z","level":"info","event":"[FETCH DONE] retrieved=500 rows at skip=23500","logger":"lta_common","filename":"lta_common.py","lineno":59}
{"timestamp":"2026-04-15T12:30:54.263385Z","level":"info","event":"STEP 4: processing page skip=23500 rows=500","logger":"2_refresh_traffic_speed","filename":"2_refresh_traffic_speed.py","lineno":41}
{"timestamp":"2026-04-15T12:30:54.271166Z","level":"info","event":"[CLEAN DONE] rows=500 | null_speed_band=0 | null_minimum_speed=0 | null_maximum_speed=0","logger":"lta_common","filename":"lta_common.py","lineno":238}
{"timestamp":"2026-04-15T12:30:54.272095Z","level":"info","event":"STEP 5: built cleaned snapshot dataframe rows=500","logger":"2_refresh_traffic_speed","filename":"2_refresh_traffic_speed.py","lineno":44}
{"timestamp":"2026-04-15T12:30:54.272440Z","level":"info","event":"[LATEST PREP] rows=500 | missing_measurement_rows=0","logger":"lta_common","filename":"lta_common.py","lineno":271}
{"timestamp":"2026-04-15T12:30:54.272675Z","level":"info","event":"[UPSERT START] upserting 500 rows into traffic_speed_latest","logger":"lta_common","filename":"lta_common.py","lineno":348}
{"timestamp":"2026-04-15T12:30:54.272954Z","level":"info","event":"[UPSERT DEBUG] max_link_id=35912 | min_link_id=35365 | max_speed_band=7 | min_speed_band=1 | max_minimum_speed=60 | min_minimum_speed=0 | max_maximum_speed=69 | min_maximum_speed=9","logger":"lta_common","filename":"lta_common.py","lineno":350}
{"timestamp":"2026-04-15T12:30:54.713660Z","level":"info","event":"[UPSERT DONE] upserted=500 rows into traffic_speed_latest","logger":"lta_common","filename":"lta_common.py","lineno":388}
{"timestamp":"2026-04-15T12:30:54.714076Z","level":"info","event":"[SAVE START] inserting 500 rows into traffic_speed_recent","logger":"lta_common","filename":"lta_common.py","lineno":319}
{"timestamp":"2026-04-15T12:30:55.080951Z","level":"info","event":"[SAVE DONE] inserted=500 rows into traffic_speed_recent","logger":"lta_common","filename":"lta_common.py","lineno":337}
{"timestamp":"2026-04-15T12:30:55.081074Z","level":"info","event":"STEP 6: page saved skip=23500 | pages=48 | latest_rows=24000 | recent_rows=24000","logger":"2_refresh_traffic_speed","filename":"2_refresh_traffic_speed.py","lineno":56}
{"timestamp":"2026-04-15T12:30:55.081106Z","level":"info","event":"========== PAGE START ==========","logger":"lta_common","filename":"lta_common.py","lineno":53}
{"timestamp":"2026-04-15T12:30:55.081129Z","level":"info","event":"[FETCH] requesting rows 24000–24499","logger":"lta_common","filename":"lta_common.py","lineno":54}
{"timestamp":"2026-04-15T12:30:55.081159Z","level":"info","event":"Fetching page from LTA: skip=24000","logger":"lta_common","filename":"lta_common.py","lineno":36}
{"timestamp":"2026-04-15T12:30:55.348395Z","level":"info","event":"Retrieved 500 rows from LTA at skip=24000","logger":"lta_common","filename":"lta_common.py","lineno":44}
{"timestamp":"2026-04-15T12:30:55.349516Z","level":"info","event":"[FETCH DONE] retrieved=500 rows at skip=24000","logger":"lta_common","filename":"lta_common.py","lineno":59}
{"timestamp":"2026-04-15T12:30:55.349674Z","level":"info","event":"STEP 4: processing page skip=24000 rows=500","logger":"2_refresh_traffic_speed","filename":"2_refresh_traffic_speed.py","lineno":41}
{"timestamp":"2026-04-15T12:30:55.355948Z","level":"warning","event":"[SANITIZE] link_id=36040 field=maximum_speed suspicious sentinel value=999 -> NULL","logger":"lta_common","filename":"lta_common.py","lineno":143}
{"timestamp":"2026-04-15T12:30:55.357385Z","level":"info","event":"[CLEAN DONE] rows=500 | null_speed_band=0 | null_minimum_speed=0 | null_maximum_speed=1","logger":"lta_common","filename":"lta_common.py","lineno":238}
{"timestamp":"2026-04-15T12:30:55.358283Z","level":"info","event":"STEP 5: built cleaned snapshot dataframe rows=500","logger":"2_refresh_traffic_speed","filename":"2_refresh_traffic_speed.py","lineno":44}
{"timestamp":"2026-04-15T12:30:55.358613Z","level":"info","event":"[LATEST PREP] rows=500 | missing_measurement_rows=0","logger":"lta_common","filename":"lta_common.py","lineno":271}
{"timestamp":"2026-04-15T12:30:55.358853Z","level":"info","event":"[UPSERT START] upserting 500 rows into traffic_speed_latest","logger":"lta_common","filename":"lta_common.py","lineno":348}
{"timestamp":"2026-04-15T12:30:55.359147Z","level":"info","event":"[UPSERT DEBUG] max_link_id=36489 | min_link_id=35913 | max_speed_band=8 | min_speed_band=1 | max_minimum_speed=70 | min_minimum_speed=0 | max_maximum_speed=69.0 | min_maximum_speed=9.0","logger":"lta_common","filename":"lta_common.py","lineno":350}
{"timestamp":"2026-04-15T12:30:55.809882Z","level":"info","event":"[UPSERT DONE] upserted=500 rows into traffic_speed_latest","logger":"lta_common","filename":"lta_common.py","lineno":388}
{"timestamp":"2026-04-15T12:30:55.811653Z","level":"info","event":"[SAVE START] inserting 500 rows into traffic_speed_recent","logger":"lta_common","filename":"lta_common.py","lineno":319}
{"timestamp":"2026-04-15T12:30:56.160076Z","level":"info","event":"[SAVE DONE] inserted=500 rows into traffic_speed_recent","logger":"lta_common","filename":"lta_common.py","lineno":337}
{"timestamp":"2026-04-15T12:30:56.160656Z","level":"info","event":"STEP 6: page saved skip=24000 | pages=49 | latest_rows=24500 | recent_rows=24500","logger":"2_refresh_traffic_speed","filename":"2_refresh_traffic_speed.py","lineno":56}
{"timestamp":"2026-04-15T12:30:56.160879Z","level":"info","event":"========== PAGE START ==========","logger":"lta_common","filename":"lta_common.py","lineno":53}
{"timestamp":"2026-04-15T12:30:56.161100Z","level":"info","event":"[FETCH] requesting rows 24500–24999","logger":"lta_common","filename":"lta_common.py","lineno":54}
{"timestamp":"2026-04-15T12:30:56.161328Z","level":"info","event":"Fetching page from LTA: skip=24500","logger":"lta_common","filename":"lta_common.py","lineno":36}
{"timestamp":"2026-04-15T12:30:56.516302Z","level":"info","event":"Retrieved 500 rows from LTA at skip=24500","logger":"lta_common","filename":"lta_common.py","lineno":44}
{"timestamp":"2026-04-15T12:30:56.520097Z","level":"info","event":"[FETCH DONE] retrieved=500 rows at skip=24500","logger":"lta_common","filename":"lta_common.py","lineno":59}
{"timestamp":"2026-04-15T12:30:56.520411Z","level":"info","event":"STEP 4: processing page skip=24500 rows=500","logger":"2_refresh_traffic_speed","filename":"2_refresh_traffic_speed.py","lineno":41}
{"timestamp":"2026-04-15T12:30:56.536376Z","level":"info","event":"[CLEAN DONE] rows=500 | null_speed_band=0 | null_minimum_speed=0 | null_maximum_speed=0","logger":"lta_common","filename":"lta_common.py","lineno":238}
{"timestamp":"2026-04-15T12:30:56.537673Z","level":"info","event":"STEP 5: built cleaned snapshot dataframe rows=500","logger":"2_refresh_traffic_speed","filename":"2_refresh_traffic_speed.py","lineno":44}
{"timestamp":"2026-04-15T12:30:56.538198Z","level":"info","event":"[LATEST PREP] rows=500 | missing_measurement_rows=0","logger":"lta_common","filename":"lta_common.py","lineno":271}
{"timestamp":"2026-04-15T12:30:56.538586Z","level":"info","event":"[UPSERT START] upserting 500 rows into traffic_speed_latest","logger":"lta_common","filename":"lta_common.py","lineno":348}
{"timestamp":"2026-04-15T12:30:56.539062Z","level":"info","event":"[UPSERT DEBUG] max_link_id=37408 | min_link_id=36492 | max_speed_band=6 | min_speed_band=1 | max_minimum_speed=50 | min_minimum_speed=0 | max_maximum_speed=59 | min_maximum_speed=9","logger":"lta_common","filename":"lta_common.py","lineno":350}
{"timestamp":"2026-04-15T12:30:56.890415Z","level":"info","event":"[UPSERT DONE] upserted=500 rows into traffic_speed_latest","logger":"lta_common","filename":"lta_common.py","lineno":388}
{"timestamp":"2026-04-15T12:30:56.892472Z","level":"info","event":"[SAVE START] inserting 500 rows into traffic_speed_recent","logger":"lta_common","filename":"lta_common.py","lineno":319}
{"timestamp":"2026-04-15T12:30:57.261828Z","level":"info","event":"[SAVE DONE] inserted=500 rows into traffic_speed_recent","logger":"lta_common","filename":"lta_common.py","lineno":337}
{"timestamp":"2026-04-15T12:30:57.262601Z","level":"info","event":"STEP 6: page saved skip=24500 | pages=50 | latest_rows=25000 | recent_rows=25000","logger":"2_refresh_traffic_speed","filename":"2_refresh_traffic_speed.py","lineno":56}
{"timestamp":"2026-04-15T12:30:57.262848Z","level":"info","event":"========== PAGE START ==========","logger":"lta_common","filename":"lta_common.py","lineno":53}
{"timestamp":"2026-04-15T12:30:57.263042Z","level":"info","event":"[FETCH] requesting rows 25000–25499","logger":"lta_common","filename":"lta_common.py","lineno":54}
{"timestamp":"2026-04-15T12:30:57.263219Z","level":"info","event":"Fetching page from LTA: skip=25000","logger":"lta_common","filename":"lta_common.py","lineno":36}
{"timestamp":"2026-04-15T12:30:57.545400Z","level":"info","event":"Retrieved 500 rows from LTA at skip=25000","logger":"lta_common","filename":"lta_common.py","lineno":44}
{"timestamp":"2026-04-15T12:30:57.549213Z","level":"info","event":"[FETCH DONE] retrieved=500 rows at skip=25000","logger":"lta_common","filename":"lta_common.py","lineno":59}
{"timestamp":"2026-04-15T12:30:57.549789Z","level":"info","event":"STEP 4: processing page skip=25000 rows=500","logger":"2_refresh_traffic_speed","filename":"2_refresh_traffic_speed.py","lineno":41}
{"timestamp":"2026-04-15T12:30:57.561967Z","level":"warning","event":"[SANITIZE] link_id=38143 field=maximum_speed suspicious sentinel value=999 -> NULL","logger":"lta_common","filename":"lta_common.py","lineno":143}
{"timestamp":"2026-04-15T12:30:57.562766Z","level":"info","event":"[CLEAN DONE] rows=500 | null_speed_band=0 | null_minimum_speed=0 | null_maximum_speed=1","logger":"lta_common","filename":"lta_common.py","lineno":238}
{"timestamp":"2026-04-15T12:30:57.563642Z","level":"info","event":"STEP 5: built cleaned snapshot dataframe rows=500","logger":"2_refresh_traffic_speed","filename":"2_refresh_traffic_speed.py","lineno":44}
{"timestamp":"2026-04-15T12:30:57.564002Z","level":"info","event":"[LATEST PREP] rows=500 | missing_measurement_rows=0","logger":"lta_common","filename":"lta_common.py","lineno":271}
{"timestamp":"2026-04-15T12:30:57.564249Z","level":"info","event":"[UPSERT START] upserting 500 rows into traffic_speed_latest","logger":"lta_common","filename":"lta_common.py","lineno":348}
{"timestamp":"2026-04-15T12:30:57.564516Z","level":"info","event":"[UPSERT DEBUG] max_link_id=38298 | min_link_id=37409 | max_speed_band=8 | min_speed_band=1 | max_minimum_speed=70 | min_minimum_speed=0 | max_maximum_speed=69.0 | min_maximum_speed=9.0","logger":"lta_common","filename":"lta_common.py","lineno":350}
{"timestamp":"2026-04-15T12:30:57.919825Z","level":"info","event":"[UPSERT DONE] upserted=500 rows into traffic_speed_latest","logger":"lta_common","filename":"lta_common.py","lineno":388}
{"timestamp":"2026-04-15T12:30:57.922130Z","level":"info","event":"[SAVE START] inserting 500 rows into traffic_speed_recent","logger":"lta_common","filename":"lta_common.py","lineno":319}
{"timestamp":"2026-04-15T12:30:58.285387Z","level":"info","event":"[SAVE DONE] inserted=500 rows into traffic_speed_recent","logger":"lta_common","filename":"lta_common.py","lineno":337}
{"timestamp":"2026-04-15T12:30:58.285974Z","level":"info","event":"STEP 6: page saved skip=25000 | pages=51 | latest_rows=25500 | recent_rows=25500","logger":"2_refresh_traffic_speed","filename":"2_refresh_traffic_speed.py","lineno":56}
{"timestamp":"2026-04-15T12:30:58.286217Z","level":"info","event":"========== PAGE START ==========","logger":"lta_common","filename":"lta_common.py","lineno":53}
{"timestamp":"2026-04-15T12:30:58.286367Z","level":"info","event":"[FETCH] requesting rows 25500–25999","logger":"lta_common","filename":"lta_common.py","lineno":54}
{"timestamp":"2026-04-15T12:30:58.286551Z","level":"info","event":"Fetching page from LTA: skip=25500","logger":"lta_common","filename":"lta_common.py","lineno":36}
{"timestamp":"2026-04-15T12:30:58.573940Z","level":"info","event":"Retrieved 500 rows from LTA at skip=25500","logger":"lta_common","filename":"lta_common.py","lineno":44}
{"timestamp":"2026-04-15T12:30:58.578877Z","level":"info","event":"[FETCH DONE] retrieved=500 rows at skip=25500","logger":"lta_common","filename":"lta_common.py","lineno":59}
{"timestamp":"2026-04-15T12:30:58.579854Z","level":"info","event":"STEP 4: processing page skip=25500 rows=500","logger":"2_refresh_traffic_speed","filename":"2_refresh_traffic_speed.py","lineno":41}
{"timestamp":"2026-04-15T12:30:58.597583Z","level":"warning","event":"[SANITIZE] link_id=38575 field=maximum_speed suspicious sentinel value=999 -> NULL","logger":"lta_common","filename":"lta_common.py","lineno":143}
{"timestamp":"2026-04-15T12:30:58.597993Z","level":"warning","event":"[SANITIZE] link_id=38643 field=maximum_speed suspicious sentinel value=999 -> NULL","logger":"lta_common","filename":"lta_common.py","lineno":143}
{"timestamp":"2026-04-15T12:30:58.598782Z","level":"warning","event":"[SANITIZE] link_id=38817 field=maximum_speed suspicious sentinel value=999 -> NULL","logger":"lta_common","filename":"lta_common.py","lineno":143}
{"timestamp":"2026-04-15T12:30:58.599809Z","level":"info","event":"[CLEAN DONE] rows=500 | null_speed_band=0 | null_minimum_speed=0 | null_maximum_speed=3","logger":"lta_common","filename":"lta_common.py","lineno":238}
{"timestamp":"2026-04-15T12:30:58.601374Z","level":"info","event":"STEP 5: built cleaned snapshot dataframe rows=500","logger":"2_refresh_traffic_speed","filename":"2_refresh_traffic_speed.py","lineno":44}
{"timestamp":"2026-04-15T12:30:58.601956Z","level":"info","event":"[LATEST PREP] rows=500 | missing_measurement_rows=0","logger":"lta_common","filename":"lta_common.py","lineno":271}
{"timestamp":"2026-04-15T12:30:58.602360Z","level":"info","event":"[UPSERT START] upserting 500 rows into traffic_speed_latest","logger":"lta_common","filename":"lta_common.py","lineno":348}
{"timestamp":"2026-04-15T12:30:58.602813Z","level":"info","event":"[UPSERT DEBUG] max_link_id=38908 | min_link_id=38299 | max_speed_band=8 | min_speed_band=1 | max_minimum_speed=70 | min_minimum_speed=0 | max_maximum_speed=69.0 | min_maximum_speed=9.0","logger":"lta_common","filename":"lta_common.py","lineno":350}
{"timestamp":"2026-04-15T12:30:58.973064Z","level":"info","event":"[UPSERT DONE] upserted=500 rows into traffic_speed_latest","logger":"lta_common","filename":"lta_common.py","lineno":388}
{"timestamp":"2026-04-15T12:30:58.973463Z","level":"info","event":"[SAVE START] inserting 500 rows into traffic_speed_recent","logger":"lta_common","filename":"lta_common.py","lineno":319}
{"timestamp":"2026-04-15T12:30:59.383853Z","level":"info","event":"[SAVE DONE] inserted=500 rows into traffic_speed_recent","logger":"lta_common","filename":"lta_common.py","lineno":337}
{"timestamp":"2026-04-15T12:30:59.383960Z","level":"info","event":"STEP 6: page saved skip=25500 | pages=52 | latest_rows=26000 | recent_rows=26000","logger":"2_refresh_traffic_speed","filename":"2_refresh_traffic_speed.py","lineno":56}
{"timestamp":"2026-04-15T12:30:59.383999Z","level":"info","event":"========== PAGE START ==========","logger":"lta_common","filename":"lta_common.py","lineno":53}
{"timestamp":"2026-04-15T12:30:59.384023Z","level":"info","event":"[FETCH] requesting rows 26000–26499","logger":"lta_common","filename":"lta_common.py","lineno":54}
{"timestamp":"2026-04-15T12:30:59.384052Z","level":"info","event":"Fetching page from LTA: skip=26000","logger":"lta_common","filename":"lta_common.py","lineno":36}
{"timestamp":"2026-04-15T12:30:59.626915Z","level":"info","event":"Retrieved 500 rows from LTA at skip=26000","logger":"lta_common","filename":"lta_common.py","lineno":44}
{"timestamp":"2026-04-15T12:30:59.628025Z","level":"info","event":"[FETCH DONE] retrieved=500 rows at skip=26000","logger":"lta_common","filename":"lta_common.py","lineno":59}
{"timestamp":"2026-04-15T12:30:59.628233Z","level":"info","event":"STEP 4: processing page skip=26000 rows=500","logger":"2_refresh_traffic_speed","filename":"2_refresh_traffic_speed.py","lineno":41}
{"timestamp":"2026-04-15T12:30:59.634473Z","level":"warning","event":"[SANITIZE] link_id=39021 field=maximum_speed suspicious sentinel value=999 -> NULL","logger":"lta_common","filename":"lta_common.py","lineno":143}
{"timestamp":"2026-04-15T12:30:59.634741Z","level":"warning","event":"[SANITIZE] link_id=39170 field=maximum_speed suspicious sentinel value=999 -> NULL","logger":"lta_common","filename":"lta_common.py","lineno":143}
{"timestamp":"2026-04-15T12:30:59.636124Z","level":"info","event":"[CLEAN DONE] rows=500 | null_speed_band=0 | null_minimum_speed=0 | null_maximum_speed=2","logger":"lta_common","filename":"lta_common.py","lineno":238}
{"timestamp":"2026-04-15T12:30:59.636878Z","level":"info","event":"STEP 5: built cleaned snapshot dataframe rows=500","logger":"2_refresh_traffic_speed","filename":"2_refresh_traffic_speed.py","lineno":44}
{"timestamp":"2026-04-15T12:30:59.637206Z","level":"info","event":"[LATEST PREP] rows=500 | missing_measurement_rows=0","logger":"lta_common","filename":"lta_common.py","lineno":271}
{"timestamp":"2026-04-15T12:30:59.637451Z","level":"info","event":"[UPSERT START] upserting 500 rows into traffic_speed_latest","logger":"lta_common","filename":"lta_common.py","lineno":348}
{"timestamp":"2026-04-15T12:30:59.637720Z","level":"info","event":"[UPSERT DEBUG] max_link_id=39873 | min_link_id=38909 | max_speed_band=8 | min_speed_band=1 | max_minimum_speed=70 | min_minimum_speed=0 | max_maximum_speed=69.0 | min_maximum_speed=9.0","logger":"lta_common","filename":"lta_common.py","lineno":350}
{"timestamp":"2026-04-15T12:31:00.061360Z","level":"info","event":"[UPSERT DONE] upserted=500 rows into traffic_speed_latest","logger":"lta_common","filename":"lta_common.py","lineno":388}
{"timestamp":"2026-04-15T12:31:00.061899Z","level":"info","event":"[SAVE START] inserting 500 rows into traffic_speed_recent","logger":"lta_common","filename":"lta_common.py","lineno":319}
{"timestamp":"2026-04-15T12:31:00.430154Z","level":"info","event":"[SAVE DONE] inserted=500 rows into traffic_speed_recent","logger":"lta_common","filename":"lta_common.py","lineno":337}
{"timestamp":"2026-04-15T12:31:00.430824Z","level":"info","event":"STEP 6: page saved skip=26000 | pages=53 | latest_rows=26500 | recent_rows=26500","logger":"2_refresh_traffic_speed","filename":"2_refresh_traffic_speed.py","lineno":56}
{"timestamp":"2026-04-15T12:31:00.431061Z","level":"info","event":"========== PAGE START ==========","logger":"lta_common","filename":"lta_common.py","lineno":53}
{"timestamp":"2026-04-15T12:31:00.431186Z","level":"info","event":"[FETCH] requesting rows 26500–26999","logger":"lta_common","filename":"lta_common.py","lineno":54}
{"timestamp":"2026-04-15T12:31:00.431314Z","level":"info","event":"Fetching page from LTA: skip=26500","logger":"lta_common","filename":"lta_common.py","lineno":36}
{"timestamp":"2026-04-15T12:31:00.773876Z","level":"info","event":"Retrieved 500 rows from LTA at skip=26500","logger":"lta_common","filename":"lta_common.py","lineno":44}
{"timestamp":"2026-04-15T12:31:00.779224Z","level":"info","event":"[FETCH DONE] retrieved=500 rows at skip=26500","logger":"lta_common","filename":"lta_common.py","lineno":59}
{"timestamp":"2026-04-15T12:31:00.780510Z","level":"info","event":"STEP 4: processing page skip=26500 rows=500","logger":"2_refresh_traffic_speed","filename":"2_refresh_traffic_speed.py","lineno":41}
{"timestamp":"2026-04-15T12:31:00.797460Z","level":"warning","event":"[SANITIZE] link_id=39900 field=maximum_speed suspicious sentinel value=999 -> NULL","logger":"lta_common","filename":"lta_common.py","lineno":143}
{"timestamp":"2026-04-15T12:31:00.797660Z","level":"warning","event":"[SANITIZE] link_id=39901 field=maximum_speed suspicious sentinel value=999 -> NULL","logger":"lta_common","filename":"lta_common.py","lineno":143}
{"timestamp":"2026-04-15T12:31:00.800834Z","level":"info","event":"[CLEAN DONE] rows=500 | null_speed_band=0 | null_minimum_speed=0 | null_maximum_speed=2","logger":"lta_common","filename":"lta_common.py","lineno":238}
{"timestamp":"2026-04-15T12:31:00.802487Z","level":"info","event":"STEP 5: built cleaned snapshot dataframe rows=500","logger":"2_refresh_traffic_speed","filename":"2_refresh_traffic_speed.py","lineno":44}
{"timestamp":"2026-04-15T12:31:00.803143Z","level":"info","event":"[LATEST PREP] rows=500 | missing_measurement_rows=0","logger":"lta_common","filename":"lta_common.py","lineno":271}
{"timestamp":"2026-04-15T12:31:00.803629Z","level":"info","event":"[UPSERT START] upserting 500 rows into traffic_speed_latest","logger":"lta_common","filename":"lta_common.py","lineno":348}
{"timestamp":"2026-04-15T12:31:00.804113Z","level":"info","event":"[UPSERT DEBUG] max_link_id=40419 | min_link_id=39874 | max_speed_band=8 | min_speed_band=1 | max_minimum_speed=70 | min_minimum_speed=0 | max_maximum_speed=69.0 | min_maximum_speed=9.0","logger":"lta_common","filename":"lta_common.py","lineno":350}
{"timestamp":"2026-04-15T12:31:01.173199Z","level":"info","event":"[UPSERT DONE] upserted=500 rows into traffic_speed_latest","logger":"lta_common","filename":"lta_common.py","lineno":388}
{"timestamp":"2026-04-15T12:31:01.174497Z","level":"info","event":"[SAVE START] inserting 500 rows into traffic_speed_recent","logger":"lta_common","filename":"lta_common.py","lineno":319}
{"timestamp":"2026-04-15T12:31:01.553538Z","level":"info","event":"[SAVE DONE] inserted=500 rows into traffic_speed_recent","logger":"lta_common","filename":"lta_common.py","lineno":337}
{"timestamp":"2026-04-15T12:31:01.554069Z","level":"info","event":"STEP 6: page saved skip=26500 | pages=54 | latest_rows=27000 | recent_rows=27000","logger":"2_refresh_traffic_speed","filename":"2_refresh_traffic_speed.py","lineno":56}
{"timestamp":"2026-04-15T12:31:01.554217Z","level":"info","event":"========== PAGE START ==========","logger":"lta_common","filename":"lta_common.py","lineno":53}
{"timestamp":"2026-04-15T12:31:01.554325Z","level":"info","event":"[FETCH] requesting rows 27000–27499","logger":"lta_common","filename":"lta_common.py","lineno":54}
{"timestamp":"2026-04-15T12:31:01.554457Z","level":"info","event":"Fetching page from LTA: skip=27000","logger":"lta_common","filename":"lta_common.py","lineno":36}
{"timestamp":"2026-04-15T12:31:01.858064Z","level":"info","event":"Retrieved 500 rows from LTA at skip=27000","logger":"lta_common","filename":"lta_common.py","lineno":44}
{"timestamp":"2026-04-15T12:31:01.864384Z","level":"info","event":"[FETCH DONE] retrieved=500 rows at skip=27000","logger":"lta_common","filename":"lta_common.py","lineno":59}
{"timestamp":"2026-04-15T12:31:01.865132Z","level":"info","event":"STEP 4: processing page skip=27000 rows=500","logger":"2_refresh_traffic_speed","filename":"2_refresh_traffic_speed.py","lineno":41}
{"timestamp":"2026-04-15T12:31:01.883756Z","level":"warning","event":"[SANITIZE] link_id=40437 field=maximum_speed suspicious sentinel value=999 -> NULL","logger":"lta_common","filename":"lta_common.py","lineno":143}
{"timestamp":"2026-04-15T12:31:01.887299Z","level":"info","event":"[CLEAN DONE] rows=500 | null_speed_band=0 | null_minimum_speed=0 | null_maximum_speed=1","logger":"lta_common","filename":"lta_common.py","lineno":238}
{"timestamp":"2026-04-15T12:31:01.888974Z","level":"info","event":"STEP 5: built cleaned snapshot dataframe rows=500","logger":"2_refresh_traffic_speed","filename":"2_refresh_traffic_speed.py","lineno":44}
{"timestamp":"2026-04-15T12:31:01.889626Z","level":"info","event":"[LATEST PREP] rows=500 | missing_measurement_rows=0","logger":"lta_common","filename":"lta_common.py","lineno":271}
{"timestamp":"2026-04-15T12:31:01.890126Z","level":"info","event":"[UPSERT START] upserting 500 rows into traffic_speed_latest","logger":"lta_common","filename":"lta_common.py","lineno":348}
{"timestamp":"2026-04-15T12:31:01.890672Z","level":"info","event":"[UPSERT DEBUG] max_link_id=41139 | min_link_id=40420 | max_speed_band=8 | min_speed_band=1 | max_minimum_speed=70 | min_minimum_speed=0 | max_maximum_speed=69.0 | min_maximum_speed=9.0","logger":"lta_common","filename":"lta_common.py","lineno":350}
{"timestamp":"2026-04-15T12:31:02.236301Z","level":"info","event":"[UPSERT DONE] upserted=500 rows into traffic_speed_latest","logger":"lta_common","filename":"lta_common.py","lineno":388}
{"timestamp":"2026-04-15T12:31:02.237778Z","level":"info","event":"[SAVE START] inserting 500 rows into traffic_speed_recent","logger":"lta_common","filename":"lta_common.py","lineno":319}
{"timestamp":"2026-04-15T12:31:02.613587Z","level":"info","event":"[SAVE DONE] inserted=500 rows into traffic_speed_recent","logger":"lta_common","filename":"lta_common.py","lineno":337}
{"timestamp":"2026-04-15T12:31:02.614245Z","level":"info","event":"STEP 6: page saved skip=27000 | pages=55 | latest_rows=27500 | recent_rows=27500","logger":"2_refresh_traffic_speed","filename":"2_refresh_traffic_speed.py","lineno":56}
{"timestamp":"2026-04-15T12:31:02.614449Z","level":"info","event":"========== PAGE START ==========","logger":"lta_common","filename":"lta_common.py","lineno":53}
{"timestamp":"2026-04-15T12:31:02.614650Z","level":"info","event":"[FETCH] requesting rows 27500–27999","logger":"lta_common","filename":"lta_common.py","lineno":54}
{"timestamp":"2026-04-15T12:31:02.614900Z","level":"info","event":"Fetching page from LTA: skip=27500","logger":"lta_common","filename":"lta_common.py","lineno":36}
{"timestamp":"2026-04-15T12:31:02.940076Z","level":"info","event":"Retrieved 500 rows from LTA at skip=27500","logger":"lta_common","filename":"lta_common.py","lineno":44}
{"timestamp":"2026-04-15T12:31:02.945324Z","level":"info","event":"[FETCH DONE] retrieved=500 rows at skip=27500","logger":"lta_common","filename":"lta_common.py","lineno":59}
{"timestamp":"2026-04-15T12:31:02.946334Z","level":"info","event":"STEP 4: processing page skip=27500 rows=500","logger":"2_refresh_traffic_speed","filename":"2_refresh_traffic_speed.py","lineno":41}
{"timestamp":"2026-04-15T12:31:02.964215Z","level":"warning","event":"[SANITIZE] link_id=41529 field=maximum_speed suspicious sentinel value=999 -> NULL","logger":"lta_common","filename":"lta_common.py","lineno":143}
{"timestamp":"2026-04-15T12:31:02.966587Z","level":"info","event":"[CLEAN DONE] rows=500 | null_speed_band=0 | null_minimum_speed=1 | null_maximum_speed=2","logger":"lta_common","filename":"lta_common.py","lineno":238}
{"timestamp":"2026-04-15T12:31:02.968254Z","level":"info","event":"STEP 5: built cleaned snapshot dataframe rows=500","logger":"2_refresh_traffic_speed","filename":"2_refresh_traffic_speed.py","lineno":44}
{"timestamp":"2026-04-15T12:31:02.968833Z","level":"info","event":"[LATEST PREP] rows=500 | missing_measurement_rows=1","logger":"lta_common","filename":"lta_common.py","lineno":271}
{"timestamp":"2026-04-15T12:31:02.969276Z","level":"info","event":"[UPSERT START] upserting 500 rows into traffic_speed_latest","logger":"lta_common","filename":"lta_common.py","lineno":348}
{"timestamp":"2026-04-15T12:31:02.969780Z","level":"info","event":"[UPSERT DEBUG] max_link_id=41954 | min_link_id=41140 | max_speed_band=8 | min_speed_band=1 | max_minimum_speed=70.0 | min_minimum_speed=0.0 | max_maximum_speed=69.0 | min_maximum_speed=9.0","logger":"lta_common","filename":"lta_common.py","lineno":350}
{"timestamp":"2026-04-15T12:31:03.361079Z","level":"info","event":"[UPSERT DONE] upserted=500 rows into traffic_speed_latest","logger":"lta_common","filename":"lta_common.py","lineno":388}
{"timestamp":"2026-04-15T12:31:03.361523Z","level":"info","event":"[SAVE START] inserting 500 rows into traffic_speed_recent","logger":"lta_common","filename":"lta_common.py","lineno":319}
{"timestamp":"2026-04-15T12:31:03.770307Z","level":"info","event":"[SAVE DONE] inserted=500 rows into traffic_speed_recent","logger":"lta_common","filename":"lta_common.py","lineno":337}
{"timestamp":"2026-04-15T12:31:03.770408Z","level":"info","event":"STEP 6: page saved skip=27500 | pages=56 | latest_rows=28000 | recent_rows=28000","logger":"2_refresh_traffic_speed","filename":"2_refresh_traffic_speed.py","lineno":56}
{"timestamp":"2026-04-15T12:31:03.770446Z","level":"info","event":"========== PAGE START ==========","logger":"lta_common","filename":"lta_common.py","lineno":53}
{"timestamp":"2026-04-15T12:31:03.770470Z","level":"info","event":"[FETCH] requesting rows 28000–28499","logger":"lta_common","filename":"lta_common.py","lineno":54}
{"timestamp":"2026-04-15T12:31:03.770499Z","level":"info","event":"Fetching page from LTA: skip=28000","logger":"lta_common","filename":"lta_common.py","lineno":36}
{"timestamp":"2026-04-15T12:31:04.035093Z","level":"info","event":"Retrieved 500 rows from LTA at skip=28000","logger":"lta_common","filename":"lta_common.py","lineno":44}
{"timestamp":"2026-04-15T12:31:04.036277Z","level":"info","event":"[FETCH DONE] retrieved=500 rows at skip=28000","logger":"lta_common","filename":"lta_common.py","lineno":59}
{"timestamp":"2026-04-15T12:31:04.036417Z","level":"info","event":"STEP 4: processing page skip=28000 rows=500","logger":"2_refresh_traffic_speed","filename":"2_refresh_traffic_speed.py","lineno":41}
{"timestamp":"2026-04-15T12:31:04.043904Z","level":"info","event":"[CLEAN DONE] rows=500 | null_speed_band=0 | null_minimum_speed=0 | null_maximum_speed=0","logger":"lta_common","filename":"lta_common.py","lineno":238}
{"timestamp":"2026-04-15T12:31:04.044665Z","level":"info","event":"STEP 5: built cleaned snapshot dataframe rows=500","logger":"2_refresh_traffic_speed","filename":"2_refresh_traffic_speed.py","lineno":44}
{"timestamp":"2026-04-15T12:31:04.044967Z","level":"info","event":"[LATEST PREP] rows=500 | missing_measurement_rows=0","logger":"lta_common","filename":"lta_common.py","lineno":271}
{"timestamp":"2026-04-15T12:31:04.045203Z","level":"info","event":"[UPSERT START] upserting 500 rows into traffic_speed_latest","logger":"lta_common","filename":"lta_common.py","lineno":348}
{"timestamp":"2026-04-15T12:31:04.045483Z","level":"info","event":"[UPSERT DEBUG] max_link_id=42931 | min_link_id=41955 | max_speed_band=7 | min_speed_band=1 | max_minimum_speed=60 | min_minimum_speed=0 | max_maximum_speed=69 | min_maximum_speed=9","logger":"lta_common","filename":"lta_common.py","lineno":350}
{"timestamp":"2026-04-15T12:31:04.403065Z","level":"info","event":"[UPSERT DONE] upserted=500 rows into traffic_speed_latest","logger":"lta_common","filename":"lta_common.py","lineno":388}
{"timestamp":"2026-04-15T12:31:04.403466Z","level":"info","event":"[SAVE START] inserting 500 rows into traffic_speed_recent","logger":"lta_common","filename":"lta_common.py","lineno":319}
{"timestamp":"2026-04-15T12:31:04.784920Z","level":"info","event":"[SAVE DONE] inserted=500 rows into traffic_speed_recent","logger":"lta_common","filename":"lta_common.py","lineno":337}
{"timestamp":"2026-04-15T12:31:04.785537Z","level":"info","event":"STEP 6: page saved skip=28000 | pages=57 | latest_rows=28500 | recent_rows=28500","logger":"2_refresh_traffic_speed","filename":"2_refresh_traffic_speed.py","lineno":56}
{"timestamp":"2026-04-15T12:31:04.785637Z","level":"info","event":"========== PAGE START ==========","logger":"lta_common","filename":"lta_common.py","lineno":53}
{"timestamp":"2026-04-15T12:31:04.785697Z","level":"info","event":"[FETCH] requesting rows 28500–28999","logger":"lta_common","filename":"lta_common.py","lineno":54}
{"timestamp":"2026-04-15T12:31:04.785807Z","level":"info","event":"Fetching page from LTA: skip=28500","logger":"lta_common","filename":"lta_common.py","lineno":36}
{"timestamp":"2026-04-15T12:31:05.126358Z","level":"info","event":"Retrieved 500 rows from LTA at skip=28500","logger":"lta_common","filename":"lta_common.py","lineno":44}
{"timestamp":"2026-04-15T12:31:05.129786Z","level":"info","event":"[FETCH DONE] retrieved=500 rows at skip=28500","logger":"lta_common","filename":"lta_common.py","lineno":59}
{"timestamp":"2026-04-15T12:31:05.130429Z","level":"info","event":"STEP 4: processing page skip=28500 rows=500","logger":"2_refresh_traffic_speed","filename":"2_refresh_traffic_speed.py","lineno":41}
{"timestamp":"2026-04-15T12:31:05.143651Z","level":"warning","event":"[SANITIZE] link_id=43285 field=maximum_speed suspicious sentinel value=999 -> NULL","logger":"lta_common","filename":"lta_common.py","lineno":143}
{"timestamp":"2026-04-15T12:31:05.143785Z","level":"warning","event":"[SANITIZE] link_id=43312 field=maximum_speed suspicious sentinel value=999 -> NULL","logger":"lta_common","filename":"lta_common.py","lineno":143}
{"timestamp":"2026-04-15T12:31:05.143868Z","level":"warning","event":"[SANITIZE] link_id=43343 field=maximum_speed suspicious sentinel value=999 -> NULL","logger":"lta_common","filename":"lta_common.py","lineno":143}
{"timestamp":"2026-04-15T12:31:05.144942Z","level":"info","event":"[CLEAN DONE] rows=500 | null_speed_band=0 | null_minimum_speed=0 | null_maximum_speed=3","logger":"lta_common","filename":"lta_common.py","lineno":238}
{"timestamp":"2026-04-15T12:31:05.145825Z","level":"info","event":"STEP 5: built cleaned snapshot dataframe rows=500","logger":"2_refresh_traffic_speed","filename":"2_refresh_traffic_speed.py","lineno":44}
{"timestamp":"2026-04-15T12:31:05.146159Z","level":"info","event":"[LATEST PREP] rows=500 | missing_measurement_rows=0","logger":"lta_common","filename":"lta_common.py","lineno":271}
{"timestamp":"2026-04-15T12:31:05.146408Z","level":"info","event":"[UPSERT START] upserting 500 rows into traffic_speed_latest","logger":"lta_common","filename":"lta_common.py","lineno":348}
{"timestamp":"2026-04-15T12:31:05.146702Z","level":"info","event":"[UPSERT DEBUG] max_link_id=43721 | min_link_id=42932 | max_speed_band=8 | min_speed_band=1 | max_minimum_speed=70 | min_minimum_speed=0 | max_maximum_speed=69.0 | min_maximum_speed=9.0","logger":"lta_common","filename":"lta_common.py","lineno":350}
{"timestamp":"2026-04-15T12:31:05.514631Z","level":"info","event":"[UPSERT DONE] upserted=500 rows into traffic_speed_latest","logger":"lta_common","filename":"lta_common.py","lineno":388}
{"timestamp":"2026-04-15T12:31:05.517147Z","level":"info","event":"[SAVE START] inserting 500 rows into traffic_speed_recent","logger":"lta_common","filename":"lta_common.py","lineno":319}
{"timestamp":"2026-04-15T12:31:05.884782Z","level":"info","event":"[SAVE DONE] inserted=500 rows into traffic_speed_recent","logger":"lta_common","filename":"lta_common.py","lineno":337}
{"timestamp":"2026-04-15T12:31:05.885187Z","level":"info","event":"STEP 6: page saved skip=28500 | pages=58 | latest_rows=29000 | recent_rows=29000","logger":"2_refresh_traffic_speed","filename":"2_refresh_traffic_speed.py","lineno":56}
{"timestamp":"2026-04-15T12:31:05.885296Z","level":"info","event":"========== PAGE START ==========","logger":"lta_common","filename":"lta_common.py","lineno":53}
{"timestamp":"2026-04-15T12:31:05.885426Z","level":"info","event":"[FETCH] requesting rows 29000–29499","logger":"lta_common","filename":"lta_common.py","lineno":54}
{"timestamp":"2026-04-15T12:31:05.885590Z","level":"info","event":"Fetching page from LTA: skip=29000","logger":"lta_common","filename":"lta_common.py","lineno":36}
{"timestamp":"2026-04-15T12:31:06.171237Z","level":"info","event":"Retrieved 500 rows from LTA at skip=29000","logger":"lta_common","filename":"lta_common.py","lineno":44}
{"timestamp":"2026-04-15T12:31:06.176288Z","level":"info","event":"[FETCH DONE] retrieved=500 rows at skip=29000","logger":"lta_common","filename":"lta_common.py","lineno":59}
{"timestamp":"2026-04-15T12:31:06.176872Z","level":"info","event":"STEP 4: processing page skip=29000 rows=500","logger":"2_refresh_traffic_speed","filename":"2_refresh_traffic_speed.py","lineno":41}
{"timestamp":"2026-04-15T12:31:06.193873Z","level":"warning","event":"[SANITIZE] link_id=44081 field=maximum_speed suspicious sentinel value=999 -> NULL","logger":"lta_common","filename":"lta_common.py","lineno":143}
{"timestamp":"2026-04-15T12:31:06.194283Z","level":"warning","event":"[SANITIZE] link_id=44147 field=maximum_speed suspicious sentinel value=999 -> NULL","logger":"lta_common","filename":"lta_common.py","lineno":143}
{"timestamp":"2026-04-15T12:31:06.195615Z","level":"warning","event":"[SANITIZE] link_id=44647 field=maximum_speed suspicious sentinel value=999 -> NULL","logger":"lta_common","filename":"lta_common.py","lineno":143}
{"timestamp":"2026-04-15T12:31:06.195738Z","level":"warning","event":"[SANITIZE] link_id=44650 field=maximum_speed suspicious sentinel value=999 -> NULL","logger":"lta_common","filename":"lta_common.py","lineno":143}
{"timestamp":"2026-04-15T12:31:06.195805Z","level":"warning","event":"[SANITIZE] link_id=44652 field=maximum_speed suspicious sentinel value=999 -> NULL","logger":"lta_common","filename":"lta_common.py","lineno":143}
{"timestamp":"2026-04-15T12:31:06.196657Z","level":"info","event":"[CLEAN DONE] rows=500 | null_speed_band=0 | null_minimum_speed=0 | null_maximum_speed=5","logger":"lta_common","filename":"lta_common.py","lineno":238}
{"timestamp":"2026-04-15T12:31:06.198297Z","level":"info","event":"STEP 5: built cleaned snapshot dataframe rows=500","logger":"2_refresh_traffic_speed","filename":"2_refresh_traffic_speed.py","lineno":44}
{"timestamp":"2026-04-15T12:31:06.198894Z","level":"info","event":"[LATEST PREP] rows=500 | missing_measurement_rows=0","logger":"lta_common","filename":"lta_common.py","lineno":271}
{"timestamp":"2026-04-15T12:31:06.199346Z","level":"info","event":"[UPSERT START] upserting 500 rows into traffic_speed_latest","logger":"lta_common","filename":"lta_common.py","lineno":348}
{"timestamp":"2026-04-15T12:31:06.199799Z","level":"info","event":"[UPSERT DEBUG] max_link_id=44654 | min_link_id=43722 | max_speed_band=8 | min_speed_band=1 | max_minimum_speed=70 | min_minimum_speed=0 | max_maximum_speed=69.0 | min_maximum_speed=9.0","logger":"lta_common","filename":"lta_common.py","lineno":350}
{"timestamp":"2026-04-15T12:31:06.580704Z","level":"info","event":"[UPSERT DONE] upserted=500 rows into traffic_speed_latest","logger":"lta_common","filename":"lta_common.py","lineno":388}
{"timestamp":"2026-04-15T12:31:06.582336Z","level":"info","event":"[SAVE START] inserting 500 rows into traffic_speed_recent","logger":"lta_common","filename":"lta_common.py","lineno":319}
{"timestamp":"2026-04-15T12:31:06.952742Z","level":"info","event":"[SAVE DONE] inserted=500 rows into traffic_speed_recent","logger":"lta_common","filename":"lta_common.py","lineno":337}
{"timestamp":"2026-04-15T12:31:06.953423Z","level":"info","event":"STEP 6: page saved skip=29000 | pages=59 | latest_rows=29500 | recent_rows=29500","logger":"2_refresh_traffic_speed","filename":"2_refresh_traffic_speed.py","lineno":56}
{"timestamp":"2026-04-15T12:31:06.953567Z","level":"info","event":"========== PAGE START ==========","logger":"lta_common","filename":"lta_common.py","lineno":53}
{"timestamp":"2026-04-15T12:31:06.953648Z","level":"info","event":"[FETCH] requesting rows 29500–29999","logger":"lta_common","filename":"lta_common.py","lineno":54}
{"timestamp":"2026-04-15T12:31:06.953750Z","level":"info","event":"Fetching page from LTA: skip=29500","logger":"lta_common","filename":"lta_common.py","lineno":36}
{"timestamp":"2026-04-15T12:31:07.257418Z","level":"info","event":"Retrieved 500 rows from LTA at skip=29500","logger":"lta_common","filename":"lta_common.py","lineno":44}
{"timestamp":"2026-04-15T12:31:07.260485Z","level":"info","event":"[FETCH DONE] retrieved=500 rows at skip=29500","logger":"lta_common","filename":"lta_common.py","lineno":59}
{"timestamp":"2026-04-15T12:31:07.261136Z","level":"info","event":"STEP 4: processing page skip=29500 rows=500","logger":"2_refresh_traffic_speed","filename":"2_refresh_traffic_speed.py","lineno":41}
{"timestamp":"2026-04-15T12:31:07.273762Z","level":"warning","event":"[SANITIZE] link_id=44669 field=maximum_speed suspicious sentinel value=999 -> NULL","logger":"lta_common","filename":"lta_common.py","lineno":143}
{"timestamp":"2026-04-15T12:31:07.273887Z","level":"warning","event":"[SANITIZE] link_id=44671 field=maximum_speed suspicious sentinel value=999 -> NULL","logger":"lta_common","filename":"lta_common.py","lineno":143}
{"timestamp":"2026-04-15T12:31:07.273946Z","level":"warning","event":"[SANITIZE] link_id=44672 field=maximum_speed suspicious sentinel value=999 -> NULL","logger":"lta_common","filename":"lta_common.py","lineno":143}
{"timestamp":"2026-04-15T12:31:07.274009Z","level":"warning","event":"[SANITIZE] link_id=44673 field=maximum_speed suspicious sentinel value=999 -> NULL","logger":"lta_common","filename":"lta_common.py","lineno":143}
{"timestamp":"2026-04-15T12:31:07.274098Z","level":"warning","event":"[SANITIZE] link_id=44676 field=maximum_speed suspicious sentinel value=999 -> NULL","logger":"lta_common","filename":"lta_common.py","lineno":143}
{"timestamp":"2026-04-15T12:31:07.274165Z","level":"warning","event":"[SANITIZE] link_id=44678 field=maximum_speed suspicious sentinel value=999 -> NULL","logger":"lta_common","filename":"lta_common.py","lineno":143}
{"timestamp":"2026-04-15T12:31:07.274225Z","level":"warning","event":"[SANITIZE] link_id=44680 field=maximum_speed suspicious sentinel value=999 -> NULL","logger":"lta_common","filename":"lta_common.py","lineno":143}
{"timestamp":"2026-04-15T12:31:07.274279Z","level":"warning","event":"[SANITIZE] link_id=44682 field=maximum_speed suspicious sentinel value=999 -> NULL","logger":"lta_common","filename":"lta_common.py","lineno":143}
{"timestamp":"2026-04-15T12:31:07.274317Z","level":"warning","event":"[SANITIZE] link_id=44683 field=maximum_speed suspicious sentinel value=999 -> NULL","logger":"lta_common","filename":"lta_common.py","lineno":143}
{"timestamp":"2026-04-15T12:31:07.274354Z","level":"warning","event":"[SANITIZE] link_id=44684 field=maximum_speed suspicious sentinel value=999 -> NULL","logger":"lta_common","filename":"lta_common.py","lineno":143}
{"timestamp":"2026-04-15T12:31:07.274389Z","level":"warning","event":"[SANITIZE] link_id=44685 field=maximum_speed suspicious sentinel value=999 -> NULL","logger":"lta_common","filename":"lta_common.py","lineno":143}
{"timestamp":"2026-04-15T12:31:07.274426Z","level":"warning","event":"[SANITIZE] link_id=44686 field=maximum_speed suspicious sentinel value=999 -> NULL","logger":"lta_common","filename":"lta_common.py","lineno":143}
{"timestamp":"2026-04-15T12:31:07.274462Z","level":"warning","event":"[SANITIZE] link_id=44687 field=maximum_speed suspicious sentinel value=999 -> NULL","logger":"lta_common","filename":"lta_common.py","lineno":143}
{"timestamp":"2026-04-15T12:31:07.274624Z","level":"warning","event":"[SANITIZE] link_id=44712 field=maximum_speed suspicious sentinel value=999 -> NULL","logger":"lta_common","filename":"lta_common.py","lineno":143}
{"timestamp":"2026-04-15T12:31:07.274669Z","level":"warning","event":"[SANITIZE] link_id=44713 field=maximum_speed suspicious sentinel value=999 -> NULL","logger":"lta_common","filename":"lta_common.py","lineno":143}
{"timestamp":"2026-04-15T12:31:07.274704Z","level":"warning","event":"[SANITIZE] link_id=44714 field=maximum_speed suspicious sentinel value=999 -> NULL","logger":"lta_common","filename":"lta_common.py","lineno":143}
{"timestamp":"2026-04-15T12:31:07.274758Z","level":"warning","event":"[SANITIZE] link_id=44719 field=maximum_speed suspicious sentinel value=999 -> NULL","logger":"lta_common","filename":"lta_common.py","lineno":143}
{"timestamp":"2026-04-15T12:31:07.274862Z","level":"warning","event":"[SANITIZE] link_id=44737 field=maximum_speed suspicious sentinel value=999 -> NULL","logger":"lta_common","filename":"lta_common.py","lineno":143}
{"timestamp":"2026-04-15T12:31:07.274901Z","level":"warning","event":"[SANITIZE] link_id=44739 field=maximum_speed suspicious sentinel value=999 -> NULL","logger":"lta_common","filename":"lta_common.py","lineno":143}
{"timestamp":"2026-04-15T12:31:07.274936Z","level":"warning","event":"[SANITIZE] link_id=44740 field=maximum_speed suspicious sentinel value=999 -> NULL","logger":"lta_common","filename":"lta_common.py","lineno":143}
{"timestamp":"2026-04-15T12:31:07.275049Z","level":"warning","event":"[SANITIZE] link_id=44755 field=maximum_speed suspicious sentinel value=999 -> NULL","logger":"lta_common","filename":"lta_common.py","lineno":143}
{"timestamp":"2026-04-15T12:31:07.275088Z","level":"warning","event":"[SANITIZE] link_id=44756 field=maximum_speed suspicious sentinel value=999 -> NULL","logger":"lta_common","filename":"lta_common.py","lineno":143}
{"timestamp":"2026-04-15T12:31:07.275141Z","level":"warning","event":"[SANITIZE] link_id=44761 field=maximum_speed suspicious sentinel value=999 -> NULL","logger":"lta_common","filename":"lta_common.py","lineno":143}
{"timestamp":"2026-04-15T12:31:07.275214Z","level":"warning","event":"[SANITIZE] link_id=44771 field=maximum_speed suspicious sentinel value=999 -> NULL","logger":"lta_common","filename":"lta_common.py","lineno":143}
{"timestamp":"2026-04-15T12:31:07.275250Z","level":"warning","event":"[SANITIZE] link_id=44772 field=maximum_speed suspicious sentinel value=999 -> NULL","logger":"lta_common","filename":"lta_common.py","lineno":143}
{"timestamp":"2026-04-15T12:31:07.275286Z","level":"warning","event":"[SANITIZE] link_id=44773 field=maximum_speed suspicious sentinel value=999 -> NULL","logger":"lta_common","filename":"lta_common.py","lineno":143}
{"timestamp":"2026-04-15T12:31:07.275348Z","level":"warning","event":"[SANITIZE] link_id=44774 field=maximum_speed suspicious sentinel value=999 -> NULL","logger":"lta_common","filename":"lta_common.py","lineno":143}
{"timestamp":"2026-04-15T12:31:07.275400Z","level":"warning","event":"[SANITIZE] link_id=44775 field=maximum_speed suspicious sentinel value=999 -> NULL","logger":"lta_common","filename":"lta_common.py","lineno":143}
{"timestamp":"2026-04-15T12:31:07.275483Z","level":"warning","event":"[SANITIZE] link_id=44788 field=maximum_speed suspicious sentinel value=999 -> NULL","logger":"lta_common","filename":"lta_common.py","lineno":143}
{"timestamp":"2026-04-15T12:31:07.275521Z","level":"warning","event":"[SANITIZE] link_id=44789 field=maximum_speed suspicious sentinel value=999 -> NULL","logger":"lta_common","filename":"lta_common.py","lineno":143}
{"timestamp":"2026-04-15T12:31:07.275563Z","level":"warning","event":"[SANITIZE] link_id=44790 field=maximum_speed suspicious sentinel value=999 -> NULL","logger":"lta_common","filename":"lta_common.py","lineno":143}
{"timestamp":"2026-04-15T12:31:07.275634Z","level":"warning","event":"[SANITIZE] link_id=44799 field=maximum_speed suspicious sentinel value=999 -> NULL","logger":"lta_common","filename":"lta_common.py","lineno":143}
{"timestamp":"2026-04-15T12:31:07.275669Z","level":"warning","event":"[SANITIZE] link_id=44800 field=maximum_speed suspicious sentinel value=999 -> NULL","logger":"lta_common","filename":"lta_common.py","lineno":143}
{"timestamp":"2026-04-15T12:31:07.275726Z","level":"warning","event":"[SANITIZE] link_id=44806 field=maximum_speed suspicious sentinel value=999 -> NULL","logger":"lta_common","filename":"lta_common.py","lineno":143}
{"timestamp":"2026-04-15T12:31:07.275770Z","level":"warning","event":"[SANITIZE] link_id=44811 field=maximum_speed suspicious sentinel value=999 -> NULL","logger":"lta_common","filename":"lta_common.py","lineno":143}
{"timestamp":"2026-04-15T12:31:07.275804Z","level":"warning","event":"[SANITIZE] link_id=44812 field=maximum_speed suspicious sentinel value=999 -> NULL","logger":"lta_common","filename":"lta_common.py","lineno":143}
{"timestamp":"2026-04-15T12:31:07.275839Z","level":"warning","event":"[SANITIZE] link_id=44813 field=maximum_speed suspicious sentinel value=999 -> NULL","logger":"lta_common","filename":"lta_common.py","lineno":143}
{"timestamp":"2026-04-15T12:31:07.275873Z","level":"warning","event":"[SANITIZE] link_id=44814 field=maximum_speed suspicious sentinel value=999 -> NULL","logger":"lta_common","filename":"lta_common.py","lineno":143}
{"timestamp":"2026-04-15T12:31:07.275907Z","level":"warning","event":"[SANITIZE] link_id=44815 field=maximum_speed suspicious sentinel value=999 -> NULL","logger":"lta_common","filename":"lta_common.py","lineno":143}
{"timestamp":"2026-04-15T12:31:07.275942Z","level":"warning","event":"[SANITIZE] link_id=44816 field=maximum_speed suspicious sentinel value=999 -> NULL","logger":"lta_common","filename":"lta_common.py","lineno":143}
{"timestamp":"2026-04-15T12:31:07.275976Z","level":"warning","event":"[SANITIZE] link_id=44817 field=maximum_speed suspicious sentinel value=999 -> NULL","logger":"lta_common","filename":"lta_common.py","lineno":143}
{"timestamp":"2026-04-15T12:31:07.276072Z","level":"warning","event":"[SANITIZE] link_id=44818 field=maximum_speed suspicious sentinel value=999 -> NULL","logger":"lta_common","filename":"lta_common.py","lineno":143}
{"timestamp":"2026-04-15T12:31:07.276108Z","level":"warning","event":"[SANITIZE] link_id=44819 field=maximum_speed suspicious sentinel value=999 -> NULL","logger":"lta_common","filename":"lta_common.py","lineno":143}
{"timestamp":"2026-04-15T12:31:07.276143Z","level":"warning","event":"[SANITIZE] link_id=44820 field=maximum_speed suspicious sentinel value=999 -> NULL","logger":"lta_common","filename":"lta_common.py","lineno":143}
{"timestamp":"2026-04-15T12:31:07.276179Z","level":"warning","event":"[SANITIZE] link_id=44821 field=maximum_speed suspicious sentinel value=999 -> NULL","logger":"lta_common","filename":"lta_common.py","lineno":143}
{"timestamp":"2026-04-15T12:31:07.276214Z","level":"warning","event":"[SANITIZE] link_id=44822 field=maximum_speed suspicious sentinel value=999 -> NULL","logger":"lta_common","filename":"lta_common.py","lineno":143}
{"timestamp":"2026-04-15T12:31:07.276249Z","level":"warning","event":"[SANITIZE] link_id=44823 field=maximum_speed suspicious sentinel value=999 -> NULL","logger":"lta_common","filename":"lta_common.py","lineno":143}
{"timestamp":"2026-04-15T12:31:07.276284Z","level":"warning","event":"[SANITIZE] link_id=44824 field=maximum_speed suspicious sentinel value=999 -> NULL","logger":"lta_common","filename":"lta_common.py","lineno":143}
{"timestamp":"2026-04-15T12:31:07.276323Z","level":"warning","event":"[SANITIZE] link_id=44826 field=maximum_speed suspicious sentinel value=999 -> NULL","logger":"lta_common","filename":"lta_common.py","lineno":143}
{"timestamp":"2026-04-15T12:31:07.276455Z","level":"warning","event":"[SANITIZE] link_id=44849 field=maximum_speed suspicious sentinel value=999 -> NULL","logger":"lta_common","filename":"lta_common.py","lineno":143}
{"timestamp":"2026-04-15T12:31:07.276517Z","level":"warning","event":"[SANITIZE] link_id=44856 field=maximum_speed suspicious sentinel value=999 -> NULL","logger":"lta_common","filename":"lta_common.py","lineno":143}
{"timestamp":"2026-04-15T12:31:07.276552Z","level":"warning","event":"[SANITIZE] link_id=44857 field=maximum_speed suspicious sentinel value=999 -> NULL","logger":"lta_common","filename":"lta_common.py","lineno":143}
{"timestamp":"2026-04-15T12:31:07.276604Z","level":"warning","event":"[SANITIZE] link_id=44862 field=maximum_speed suspicious sentinel value=999 -> NULL","logger":"lta_common","filename":"lta_common.py","lineno":143}
{"timestamp":"2026-04-15T12:31:07.276702Z","level":"warning","event":"[SANITIZE] link_id=44876 field=maximum_speed suspicious sentinel value=999 -> NULL","logger":"lta_common","filename":"lta_common.py","lineno":143}
{"timestamp":"2026-04-15T12:31:07.276744Z","level":"warning","event":"[SANITIZE] link_id=44877 field=maximum_speed suspicious sentinel value=999 -> NULL","logger":"lta_common","filename":"lta_common.py","lineno":143}
{"timestamp":"2026-04-15T12:31:07.276804Z","level":"warning","event":"[SANITIZE] link_id=44878 field=maximum_speed suspicious sentinel value=999 -> NULL","logger":"lta_common","filename":"lta_common.py","lineno":143}
{"timestamp":"2026-04-15T12:31:07.276851Z","level":"warning","event":"[SANITIZE] link_id=44880 field=maximum_speed suspicious sentinel value=999 -> NULL","logger":"lta_common","filename":"lta_common.py","lineno":143}
{"timestamp":"2026-04-15T12:31:07.276885Z","level":"warning","event":"[SANITIZE] link_id=44881 field=maximum_speed suspicious sentinel value=999 -> NULL","logger":"lta_common","filename":"lta_common.py","lineno":143}
{"timestamp":"2026-04-15T12:31:07.276921Z","level":"warning","event":"[SANITIZE] link_id=44882 field=maximum_speed suspicious sentinel value=999 -> NULL","logger":"lta_common","filename":"lta_common.py","lineno":143}
{"timestamp":"2026-04-15T12:31:07.276961Z","level":"warning","event":"[SANITIZE] link_id=44884 field=maximum_speed suspicious sentinel value=999 -> NULL","logger":"lta_common","filename":"lta_common.py","lineno":143}
{"timestamp":"2026-04-15T12:31:07.277094Z","level":"warning","event":"[SANITIZE] link_id=44900 field=maximum_speed suspicious sentinel value=999 -> NULL","logger":"lta_common","filename":"lta_common.py","lineno":143}
{"timestamp":"2026-04-15T12:31:07.277137Z","level":"warning","event":"[SANITIZE] link_id=44901 field=maximum_speed suspicious sentinel value=999 -> NULL","logger":"lta_common","filename":"lta_common.py","lineno":143}
{"timestamp":"2026-04-15T12:31:07.277172Z","level":"warning","event":"[SANITIZE] link_id=44902 field=maximum_speed suspicious sentinel value=999 -> NULL","logger":"lta_common","filename":"lta_common.py","lineno":143}
{"timestamp":"2026-04-15T12:31:07.277207Z","level":"warning","event":"[SANITIZE] link_id=44903 field=maximum_speed suspicious sentinel value=999 -> NULL","logger":"lta_common","filename":"lta_common.py","lineno":143}
{"timestamp":"2026-04-15T12:31:07.277255Z","level":"warning","event":"[SANITIZE] link_id=44904 field=maximum_speed suspicious sentinel value=999 -> NULL","logger":"lta_common","filename":"lta_common.py","lineno":143}
{"timestamp":"2026-04-15T12:31:07.277326Z","level":"warning","event":"[SANITIZE] link_id=44905 field=maximum_speed suspicious sentinel value=999 -> NULL","logger":"lta_common","filename":"lta_common.py","lineno":143}
{"timestamp":"2026-04-15T12:31:07.277372Z","level":"warning","event":"[SANITIZE] link_id=44907 field=maximum_speed suspicious sentinel value=999 -> NULL","logger":"lta_common","filename":"lta_common.py","lineno":143}
{"timestamp":"2026-04-15T12:31:07.277406Z","level":"warning","event":"[SANITIZE] link_id=44908 field=maximum_speed suspicious sentinel value=999 -> NULL","logger":"lta_common","filename":"lta_common.py","lineno":143}
{"timestamp":"2026-04-15T12:31:07.277441Z","level":"warning","event":"[SANITIZE] link_id=44909 field=maximum_speed suspicious sentinel value=999 -> NULL","logger":"lta_common","filename":"lta_common.py","lineno":143}
{"timestamp":"2026-04-15T12:31:07.277475Z","level":"warning","event":"[SANITIZE] link_id=44910 field=maximum_speed suspicious sentinel value=999 -> NULL","logger":"lta_common","filename":"lta_common.py","lineno":143}
{"timestamp":"2026-04-15T12:31:07.277518Z","level":"warning","event":"[SANITIZE] link_id=44913 field=maximum_speed suspicious sentinel value=999 -> NULL","logger":"lta_common","filename":"lta_common.py","lineno":143}
{"timestamp":"2026-04-15T12:31:07.277553Z","level":"warning","event":"[SANITIZE] link_id=44914 field=maximum_speed suspicious sentinel value=999 -> NULL","logger":"lta_common","filename":"lta_common.py","lineno":143}
{"timestamp":"2026-04-15T12:31:07.277587Z","level":"warning","event":"[SANITIZE] link_id=44915 field=maximum_speed suspicious sentinel value=999 -> NULL","logger":"lta_common","filename":"lta_common.py","lineno":143}
{"timestamp":"2026-04-15T12:31:07.277621Z","level":"warning","event":"[SANITIZE] link_id=44916 field=maximum_speed suspicious sentinel value=999 -> NULL","logger":"lta_common","filename":"lta_common.py","lineno":143}
{"timestamp":"2026-04-15T12:31:07.277656Z","level":"warning","event":"[SANITIZE] link_id=44917 field=maximum_speed suspicious sentinel value=999 -> NULL","logger":"lta_common","filename":"lta_common.py","lineno":143}
{"timestamp":"2026-04-15T12:31:07.277705Z","level":"warning","event":"[SANITIZE] link_id=44921 field=maximum_speed suspicious sentinel value=999 -> NULL","logger":"lta_common","filename":"lta_common.py","lineno":143}
{"timestamp":"2026-04-15T12:31:07.277741Z","level":"warning","event":"[SANITIZE] link_id=44922 field=maximum_speed suspicious sentinel value=999 -> NULL","logger":"lta_common","filename":"lta_common.py","lineno":143}
{"timestamp":"2026-04-15T12:31:07.277776Z","level":"warning","event":"[SANITIZE] link_id=44923 field=maximum_speed suspicious sentinel value=999 -> NULL","logger":"lta_common","filename":"lta_common.py","lineno":143}
{"timestamp":"2026-04-15T12:31:07.277810Z","level":"warning","event":"[SANITIZE] link_id=44924 field=maximum_speed suspicious sentinel value=999 -> NULL","logger":"lta_common","filename":"lta_common.py","lineno":143}
{"timestamp":"2026-04-15T12:31:07.277849Z","level":"warning","event":"[SANITIZE] link_id=44926 field=maximum_speed suspicious sentinel value=999 -> NULL","logger":"lta_common","filename":"lta_common.py","lineno":143}
{"timestamp":"2026-04-15T12:31:07.277883Z","level":"warning","event":"[SANITIZE] link_id=44927 field=maximum_speed suspicious sentinel value=999 -> NULL","logger":"lta_common","filename":"lta_common.py","lineno":143}
{"timestamp":"2026-04-15T12:31:07.277918Z","level":"warning","event":"[SANITIZE] link_id=44928 field=maximum_speed suspicious sentinel value=999 -> NULL","logger":"lta_common","filename":"lta_common.py","lineno":143}
{"timestamp":"2026-04-15T12:31:07.277958Z","level":"warning","event":"[SANITIZE] link_id=44930 field=maximum_speed suspicious sentinel value=999 -> NULL","logger":"lta_common","filename":"lta_common.py","lineno":143}
{"timestamp":"2026-04-15T12:31:07.278043Z","level":"warning","event":"[SANITIZE] link_id=44932 field=maximum_speed suspicious sentinel value=999 -> NULL","logger":"lta_common","filename":"lta_common.py","lineno":143}
{"timestamp":"2026-04-15T12:31:07.278103Z","level":"warning","event":"[SANITIZE] link_id=44934 field=maximum_speed suspicious sentinel value=999 -> NULL","logger":"lta_common","filename":"lta_common.py","lineno":143}
{"timestamp":"2026-04-15T12:31:07.278146Z","level":"warning","event":"[SANITIZE] link_id=44935 field=maximum_speed suspicious sentinel value=999 -> NULL","logger":"lta_common","filename":"lta_common.py","lineno":143}
{"timestamp":"2026-04-15T12:31:07.278181Z","level":"warning","event":"[SANITIZE] link_id=44936 field=maximum_speed suspicious sentinel value=999 -> NULL","logger":"lta_common","filename":"lta_common.py","lineno":143}
{"timestamp":"2026-04-15T12:31:07.278215Z","level":"warning","event":"[SANITIZE] link_id=44937 field=maximum_speed suspicious sentinel value=999 -> NULL","logger":"lta_common","filename":"lta_common.py","lineno":143}
{"timestamp":"2026-04-15T12:31:07.278249Z","level":"warning","event":"[SANITIZE] link_id=44938 field=maximum_speed suspicious sentinel value=999 -> NULL","logger":"lta_common","filename":"lta_common.py","lineno":143}
{"timestamp":"2026-04-15T12:31:07.278284Z","level":"warning","event":"[SANITIZE] link_id=44939 field=maximum_speed suspicious sentinel value=999 -> NULL","logger":"lta_common","filename":"lta_common.py","lineno":143}
{"timestamp":"2026-04-15T12:31:07.278318Z","level":"warning","event":"[SANITIZE] link_id=44940 field=maximum_speed suspicious sentinel value=999 -> NULL","logger":"lta_common","filename":"lta_common.py","lineno":143}
{"timestamp":"2026-04-15T12:31:07.278352Z","level":"warning","event":"[SANITIZE] link_id=44941 field=maximum_speed suspicious sentinel value=999 -> NULL","logger":"lta_common","filename":"lta_common.py","lineno":143}
{"timestamp":"2026-04-15T12:31:07.278387Z","level":"warning","event":"[SANITIZE] link_id=44942 field=maximum_speed suspicious sentinel value=999 -> NULL","logger":"lta_common","filename":"lta_common.py","lineno":143}
{"timestamp":"2026-04-15T12:31:07.278421Z","level":"warning","event":"[SANITIZE] link_id=44943 field=maximum_speed suspicious sentinel value=999 -> NULL","logger":"lta_common","filename":"lta_common.py","lineno":143}
{"timestamp":"2026-04-15T12:31:07.278456Z","level":"warning","event":"[SANITIZE] link_id=44944 field=maximum_speed suspicious sentinel value=999 -> NULL","logger":"lta_common","filename":"lta_common.py","lineno":143}
{"timestamp":"2026-04-15T12:31:07.278490Z","level":"warning","event":"[SANITIZE] link_id=44945 field=maximum_speed suspicious sentinel value=999 -> NULL","logger":"lta_common","filename":"lta_common.py","lineno":143}
{"timestamp":"2026-04-15T12:31:07.278525Z","level":"warning","event":"[SANITIZE] link_id=44946 field=maximum_speed suspicious sentinel value=999 -> NULL","logger":"lta_common","filename":"lta_common.py","lineno":143}
{"timestamp":"2026-04-15T12:31:07.278559Z","level":"warning","event":"[SANITIZE] link_id=44947 field=maximum_speed suspicious sentinel value=999 -> NULL","logger":"lta_common","filename":"lta_common.py","lineno":143}
{"timestamp":"2026-04-15T12:31:07.278593Z","level":"warning","event":"[SANITIZE] link_id=44948 field=maximum_speed suspicious sentinel value=999 -> NULL","logger":"lta_common","filename":"lta_common.py","lineno":143}
{"timestamp":"2026-04-15T12:31:07.278640Z","level":"warning","event":"[SANITIZE] link_id=44952 field=maximum_speed suspicious sentinel value=999 -> NULL","logger":"lta_common","filename":"lta_common.py","lineno":143}
{"timestamp":"2026-04-15T12:31:07.278675Z","level":"warning","event":"[SANITIZE] link_id=44953 field=maximum_speed suspicious sentinel value=999 -> NULL","logger":"lta_common","filename":"lta_common.py","lineno":143}
{"timestamp":"2026-04-15T12:31:07.278718Z","level":"warning","event":"[SANITIZE] link_id=44956 field=maximum_speed suspicious sentinel value=999 -> NULL","logger":"lta_common","filename":"lta_common.py","lineno":143}
{"timestamp":"2026-04-15T12:31:07.278753Z","level":"warning","event":"[SANITIZE] link_id=44957 field=maximum_speed suspicious sentinel value=999 -> NULL","logger":"lta_common","filename":"lta_common.py","lineno":143}
{"timestamp":"2026-04-15T12:31:07.278787Z","level":"warning","event":"[SANITIZE] link_id=44958 field=maximum_speed suspicious sentinel value=999 -> NULL","logger":"lta_common","filename":"lta_common.py","lineno":143}
{"timestamp":"2026-04-15T12:31:07.278821Z","level":"warning","event":"[SANITIZE] link_id=44959 field=maximum_speed suspicious sentinel value=999 -> NULL","logger":"lta_common","filename":"lta_common.py","lineno":143}
{"timestamp":"2026-04-15T12:31:07.278872Z","level":"warning","event":"[SANITIZE] link_id=44960 field=maximum_speed suspicious sentinel value=999 -> NULL","logger":"lta_common","filename":"lta_common.py","lineno":143}
{"timestamp":"2026-04-15T12:31:07.278964Z","level":"warning","event":"[SANITIZE] link_id=44975 field=maximum_speed suspicious sentinel value=999 -> NULL","logger":"lta_common","filename":"lta_common.py","lineno":143}
{"timestamp":"2026-04-15T12:31:07.279018Z","level":"warning","event":"[SANITIZE] link_id=44979 field=maximum_speed suspicious sentinel value=999 -> NULL","logger":"lta_common","filename":"lta_common.py","lineno":143}
{"timestamp":"2026-04-15T12:31:07.279061Z","level":"warning","event":"[SANITIZE] link_id=44983 field=maximum_speed suspicious sentinel value=999 -> NULL","logger":"lta_common","filename":"lta_common.py","lineno":143}
{"timestamp":"2026-04-15T12:31:07.279097Z","level":"warning","event":"[SANITIZE] link_id=44985 field=maximum_speed suspicious sentinel value=999 -> NULL","logger":"lta_common","filename":"lta_common.py","lineno":143}
{"timestamp":"2026-04-15T12:31:07.279141Z","level":"warning","event":"[SANITIZE] link_id=44986 field=maximum_speed suspicious sentinel value=999 -> NULL","logger":"lta_common","filename":"lta_common.py","lineno":143}
{"timestamp":"2026-04-15T12:31:07.279243Z","level":"warning","event":"[SANITIZE] link_id=45003 field=maximum_speed suspicious sentinel value=999 -> NULL","logger":"lta_common","filename":"lta_common.py","lineno":143}
{"timestamp":"2026-04-15T12:31:07.279281Z","level":"warning","event":"[SANITIZE] link_id=45004 field=maximum_speed suspicious sentinel value=999 -> NULL","logger":"lta_common","filename":"lta_common.py","lineno":143}
{"timestamp":"2026-04-15T12:31:07.279313Z","level":"warning","event":"[SANITIZE] link_id=45005 field=maximum_speed suspicious sentinel value=999 -> NULL","logger":"lta_common","filename":"lta_common.py","lineno":143}
{"timestamp":"2026-04-15T12:31:07.279343Z","level":"warning","event":"[SANITIZE] link_id=45006 field=maximum_speed suspicious sentinel value=999 -> NULL","logger":"lta_common","filename":"lta_common.py","lineno":143}
{"timestamp":"2026-04-15T12:31:07.279374Z","level":"warning","event":"[SANITIZE] link_id=45007 field=maximum_speed suspicious sentinel value=999 -> NULL","logger":"lta_common","filename":"lta_common.py","lineno":143}
{"timestamp":"2026-04-15T12:31:07.279407Z","level":"warning","event":"[SANITIZE] link_id=45008 field=maximum_speed suspicious sentinel value=999 -> NULL","logger":"lta_common","filename":"lta_common.py","lineno":143}
{"timestamp":"2026-04-15T12:31:07.279520Z","level":"warning","event":"[SANITIZE] link_id=45030 field=maximum_speed suspicious sentinel value=999 -> NULL","logger":"lta_common","filename":"lta_common.py","lineno":143}
{"timestamp":"2026-04-15T12:31:07.279670Z","level":"warning","event":"[SANITIZE] link_id=45064 field=maximum_speed suspicious sentinel value=999 -> NULL","logger":"lta_common","filename":"lta_common.py","lineno":143}
{"timestamp":"2026-04-15T12:31:07.279759Z","level":"warning","event":"[SANITIZE] link_id=45081 field=maximum_speed suspicious sentinel value=999 -> NULL","logger":"lta_common","filename":"lta_common.py","lineno":143}
{"timestamp":"2026-04-15T12:31:07.279833Z","level":"warning","event":"[SANITIZE] link_id=45093 field=maximum_speed suspicious sentinel value=999 -> NULL","logger":"lta_common","filename":"lta_common.py","lineno":143}
{"timestamp":"2026-04-15T12:31:07.279864Z","level":"warning","event":"[SANITIZE] link_id=45094 field=maximum_speed suspicious sentinel value=999 -> NULL","logger":"lta_common","filename":"lta_common.py","lineno":143}
{"timestamp":"2026-04-15T12:31:07.279933Z","level":"warning","event":"[SANITIZE] link_id=45105 field=maximum_speed suspicious sentinel value=999 -> NULL","logger":"lta_common","filename":"lta_common.py","lineno":143}
{"timestamp":"2026-04-15T12:31:07.279993Z","level":"warning","event":"[SANITIZE] link_id=45111 field=maximum_speed suspicious sentinel value=999 -> NULL","logger":"lta_common","filename":"lta_common.py","lineno":143}
{"timestamp":"2026-04-15T12:31:07.280034Z","level":"warning","event":"[SANITIZE] link_id=45115 field=maximum_speed suspicious sentinel value=999 -> NULL","logger":"lta_common","filename":"lta_common.py","lineno":143}
{"timestamp":"2026-04-15T12:31:07.280093Z","level":"warning","event":"[SANITIZE] link_id=45124 field=maximum_speed suspicious sentinel value=999 -> NULL","logger":"lta_common","filename":"lta_common.py","lineno":143}
{"timestamp":"2026-04-15T12:31:07.280168Z","level":"warning","event":"[SANITIZE] link_id=45134 field=maximum_speed suspicious sentinel value=999 -> NULL","logger":"lta_common","filename":"lta_common.py","lineno":143}
{"timestamp":"2026-04-15T12:31:07.280199Z","level":"warning","event":"[SANITIZE] link_id=45135 field=maximum_speed suspicious sentinel value=999 -> NULL","logger":"lta_common","filename":"lta_common.py","lineno":143}
{"timestamp":"2026-04-15T12:31:07.280230Z","level":"warning","event":"[SANITIZE] link_id=45137 field=maximum_speed suspicious sentinel value=999 -> NULL","logger":"lta_common","filename":"lta_common.py","lineno":143}
{"timestamp":"2026-04-15T12:31:07.280260Z","level":"warning","event":"[SANITIZE] link_id=45138 field=maximum_speed suspicious sentinel value=999 -> NULL","logger":"lta_common","filename":"lta_common.py","lineno":143}
{"timestamp":"2026-04-15T12:31:07.280303Z","level":"warning","event":"[SANITIZE] link_id=45142 field=maximum_speed suspicious sentinel value=999 -> NULL","logger":"lta_common","filename":"lta_common.py","lineno":143}
{"timestamp":"2026-04-15T12:31:07.280334Z","level":"warning","event":"[SANITIZE] link_id=45143 field=maximum_speed suspicious sentinel value=999 -> NULL","logger":"lta_common","filename":"lta_common.py","lineno":143}
{"timestamp":"2026-04-15T12:31:07.280384Z","level":"warning","event":"[SANITIZE] link_id=45150 field=maximum_speed suspicious sentinel value=999 -> NULL","logger":"lta_common","filename":"lta_common.py","lineno":143}
{"timestamp":"2026-04-15T12:31:07.280466Z","level":"warning","event":"[SANITIZE] link_id=45167 field=maximum_speed suspicious sentinel value=999 -> NULL","logger":"lta_common","filename":"lta_common.py","lineno":143}
{"timestamp":"2026-04-15T12:31:07.280501Z","level":"warning","event":"[SANITIZE] link_id=45169 field=maximum_speed suspicious sentinel value=999 -> NULL","logger":"lta_common","filename":"lta_common.py","lineno":143}
{"timestamp":"2026-04-15T12:31:07.280531Z","level":"warning","event":"[SANITIZE] link_id=45170 field=maximum_speed suspicious sentinel value=999 -> NULL","logger":"lta_common","filename":"lta_common.py","lineno":143}
{"timestamp":"2026-04-15T12:31:07.280562Z","level":"warning","event":"[SANITIZE] link_id=45171 field=maximum_speed suspicious sentinel value=999 -> NULL","logger":"lta_common","filename":"lta_common.py","lineno":143}
{"timestamp":"2026-04-15T12:31:07.280593Z","level":"warning","event":"[SANITIZE] link_id=45172 field=maximum_speed suspicious sentinel value=999 -> NULL","logger":"lta_common","filename":"lta_common.py","lineno":143}
{"timestamp":"2026-04-15T12:31:07.280632Z","level":"warning","event":"[SANITIZE] link_id=45175 field=maximum_speed suspicious sentinel value=999 -> NULL","logger":"lta_common","filename":"lta_common.py","lineno":143}
{"timestamp":"2026-04-15T12:31:07.281144Z","level":"info","event":"[CLEAN DONE] rows=500 | null_speed_band=0 | null_minimum_speed=0 | null_maximum_speed=139","logger":"lta_common","filename":"lta_common.py","lineno":238}
{"timestamp":"2026-04-15T12:31:07.282455Z","level":"info","event":"STEP 5: built cleaned snapshot dataframe rows=500","logger":"2_refresh_traffic_speed","filename":"2_refresh_traffic_speed.py","lineno":44}
{"timestamp":"2026-04-15T12:31:07.282890Z","level":"info","event":"[LATEST PREP] rows=500 | missing_measurement_rows=0","logger":"lta_common","filename":"lta_common.py","lineno":271}
{"timestamp":"2026-04-15T12:31:07.283264Z","level":"info","event":"[UPSERT START] upserting 500 rows into traffic_speed_latest","logger":"lta_common","filename":"lta_common.py","lineno":348}
{"timestamp":"2026-04-15T12:31:07.283692Z","level":"info","event":"[UPSERT DEBUG] max_link_id=45175 | min_link_id=44655 | max_speed_band=8 | min_speed_band=2 | max_minimum_speed=70 | min_minimum_speed=10 | max_maximum_speed=69.0 | min_maximum_speed=19.0","logger":"lta_common","filename":"lta_common.py","lineno":350}
{"timestamp":"2026-04-15T12:31:07.641932Z","level":"info","event":"[UPSERT DONE] upserted=500 rows into traffic_speed_latest","logger":"lta_common","filename":"lta_common.py","lineno":388}
{"timestamp":"2026-04-15T12:31:07.642351Z","level":"info","event":"[SAVE START] inserting 500 rows into traffic_speed_recent","logger":"lta_common","filename":"lta_common.py","lineno":319}
{"timestamp":"2026-04-15T12:31:08.002379Z","level":"info","event":"[SAVE DONE] inserted=500 rows into traffic_speed_recent","logger":"lta_common","filename":"lta_common.py","lineno":337}
{"timestamp":"2026-04-15T12:31:08.002505Z","level":"info","event":"STEP 6: page saved skip=29500 | pages=60 | latest_rows=30000 | recent_rows=30000","logger":"2_refresh_traffic_speed","filename":"2_refresh_traffic_speed.py","lineno":56}
{"timestamp":"2026-04-15T12:31:08.002539Z","level":"info","event":"========== PAGE START ==========","logger":"lta_common","filename":"lta_common.py","lineno":53}
{"timestamp":"2026-04-15T12:31:08.002561Z","level":"info","event":"[FETCH] requesting rows 30000–30499","logger":"lta_common","filename":"lta_common.py","lineno":54}
{"timestamp":"2026-04-15T12:31:08.002592Z","level":"info","event":"Fetching page from LTA: skip=30000","logger":"lta_common","filename":"lta_common.py","lineno":36}
{"timestamp":"2026-04-15T12:31:08.276546Z","level":"info","event":"Retrieved 500 rows from LTA at skip=30000","logger":"lta_common","filename":"lta_common.py","lineno":44}
{"timestamp":"2026-04-15T12:31:08.277611Z","level":"info","event":"[FETCH DONE] retrieved=500 rows at skip=30000","logger":"lta_common","filename":"lta_common.py","lineno":59}
{"timestamp":"2026-04-15T12:31:08.277809Z","level":"info","event":"STEP 4: processing page skip=30000 rows=500","logger":"2_refresh_traffic_speed","filename":"2_refresh_traffic_speed.py","lineno":41}
{"timestamp":"2026-04-15T12:31:08.283533Z","level":"warning","event":"[SANITIZE] link_id=45176 field=maximum_speed suspicious sentinel value=999 -> NULL","logger":"lta_common","filename":"lta_common.py","lineno":143}
{"timestamp":"2026-04-15T12:31:08.283581Z","level":"warning","event":"[SANITIZE] link_id=45177 field=maximum_speed suspicious sentinel value=999 -> NULL","logger":"lta_common","filename":"lta_common.py","lineno":143}
{"timestamp":"2026-04-15T12:31:08.283607Z","level":"warning","event":"[SANITIZE] link_id=45178 field=maximum_speed suspicious sentinel value=999 -> NULL","logger":"lta_common","filename":"lta_common.py","lineno":143}
{"timestamp":"2026-04-15T12:31:08.283630Z","level":"warning","event":"[SANITIZE] link_id=45179 field=maximum_speed suspicious sentinel value=999 -> NULL","logger":"lta_common","filename":"lta_common.py","lineno":143}
{"timestamp":"2026-04-15T12:31:08.283655Z","level":"warning","event":"[SANITIZE] link_id=45180 field=maximum_speed suspicious sentinel value=999 -> NULL","logger":"lta_common","filename":"lta_common.py","lineno":143}
{"timestamp":"2026-04-15T12:31:08.283676Z","level":"warning","event":"[SANITIZE] link_id=45181 field=maximum_speed suspicious sentinel value=999 -> NULL","logger":"lta_common","filename":"lta_common.py","lineno":143}
{"timestamp":"2026-04-15T12:31:08.283703Z","level":"warning","event":"[SANITIZE] link_id=45185 field=maximum_speed suspicious sentinel value=999 -> NULL","logger":"lta_common","filename":"lta_common.py","lineno":143}
{"timestamp":"2026-04-15T12:31:08.283728Z","level":"warning","event":"[SANITIZE] link_id=45188 field=maximum_speed suspicious sentinel value=999 -> NULL","logger":"lta_common","filename":"lta_common.py","lineno":143}
{"timestamp":"2026-04-15T12:31:08.283795Z","level":"warning","event":"[SANITIZE] link_id=45205 field=maximum_speed suspicious sentinel value=999 -> NULL","logger":"lta_common","filename":"lta_common.py","lineno":143}
{"timestamp":"2026-04-15T12:31:08.283827Z","level":"warning","event":"[SANITIZE] link_id=45211 field=maximum_speed suspicious sentinel value=999 -> NULL","logger":"lta_common","filename":"lta_common.py","lineno":143}
{"timestamp":"2026-04-15T12:31:08.283865Z","level":"warning","event":"[SANITIZE] link_id=45225 field=maximum_speed suspicious sentinel value=999 -> NULL","logger":"lta_common","filename":"lta_common.py","lineno":143}
{"timestamp":"2026-04-15T12:31:08.283885Z","level":"warning","event":"[SANITIZE] link_id=45226 field=maximum_speed suspicious sentinel value=999 -> NULL","logger":"lta_common","filename":"lta_common.py","lineno":143}
{"timestamp":"2026-04-15T12:31:08.283908Z","level":"warning","event":"[SANITIZE] link_id=45228 field=maximum_speed suspicious sentinel value=999 -> NULL","logger":"lta_common","filename":"lta_common.py","lineno":143}
{"timestamp":"2026-04-15T12:31:08.283930Z","level":"warning","event":"[SANITIZE] link_id=45230 field=maximum_speed suspicious sentinel value=999 -> NULL","logger":"lta_common","filename":"lta_common.py","lineno":143}
{"timestamp":"2026-04-15T12:31:08.283953Z","level":"warning","event":"[SANITIZE] link_id=45232 field=maximum_speed suspicious sentinel value=999 -> NULL","logger":"lta_common","filename":"lta_common.py","lineno":143}
{"timestamp":"2026-04-15T12:31:08.283975Z","level":"warning","event":"[SANITIZE] link_id=45237 field=maximum_speed suspicious sentinel value=999 -> NULL","logger":"lta_common","filename":"lta_common.py","lineno":143}
{"timestamp":"2026-04-15T12:31:08.284006Z","level":"warning","event":"[SANITIZE] link_id=45240 field=maximum_speed suspicious sentinel value=999 -> NULL","logger":"lta_common","filename":"lta_common.py","lineno":143}
{"timestamp":"2026-04-15T12:31:08.284031Z","level":"warning","event":"[SANITIZE] link_id=45243 field=maximum_speed suspicious sentinel value=999 -> NULL","logger":"lta_common","filename":"lta_common.py","lineno":143}
{"timestamp":"2026-04-15T12:31:08.284056Z","level":"warning","event":"[SANITIZE] link_id=45246 field=maximum_speed suspicious sentinel value=999 -> NULL","logger":"lta_common","filename":"lta_common.py","lineno":143}
{"timestamp":"2026-04-15T12:31:08.284113Z","level":"warning","event":"[SANITIZE] link_id=45265 field=maximum_speed suspicious sentinel value=999 -> NULL","logger":"lta_common","filename":"lta_common.py","lineno":143}
{"timestamp":"2026-04-15T12:31:08.284212Z","level":"warning","event":"[SANITIZE] link_id=45302 field=maximum_speed suspicious sentinel value=999 -> NULL","logger":"lta_common","filename":"lta_common.py","lineno":143}
{"timestamp":"2026-04-15T12:31:08.284232Z","level":"warning","event":"[SANITIZE] link_id=45303 field=maximum_speed suspicious sentinel value=999 -> NULL","logger":"lta_common","filename":"lta_common.py","lineno":143}
{"timestamp":"2026-04-15T12:31:08.284299Z","level":"warning","event":"[SANITIZE] link_id=45324 field=maximum_speed suspicious sentinel value=999 -> NULL","logger":"lta_common","filename":"lta_common.py","lineno":143}
{"timestamp":"2026-04-15T12:31:08.284319Z","level":"warning","event":"[SANITIZE] link_id=45325 field=maximum_speed suspicious sentinel value=999 -> NULL","logger":"lta_common","filename":"lta_common.py","lineno":143}
{"timestamp":"2026-04-15T12:31:08.284341Z","level":"warning","event":"[SANITIZE] link_id=45327 field=maximum_speed suspicious sentinel value=999 -> NULL","logger":"lta_common","filename":"lta_common.py","lineno":143}
{"timestamp":"2026-04-15T12:31:08.284363Z","level":"warning","event":"[SANITIZE] link_id=45329 field=maximum_speed suspicious sentinel value=999 -> NULL","logger":"lta_common","filename":"lta_common.py","lineno":143}
{"timestamp":"2026-04-15T12:31:08.284383Z","level":"warning","event":"[SANITIZE] link_id=45330 field=maximum_speed suspicious sentinel value=999 -> NULL","logger":"lta_common","filename":"lta_common.py","lineno":143}
{"timestamp":"2026-04-15T12:31:08.284405Z","level":"warning","event":"[SANITIZE] link_id=45332 field=maximum_speed suspicious sentinel value=999 -> NULL","logger":"lta_common","filename":"lta_common.py","lineno":143}
{"timestamp":"2026-04-15T12:31:08.284424Z","level":"warning","event":"[SANITIZE] link_id=45333 field=maximum_speed suspicious sentinel value=999 -> NULL","logger":"lta_common","filename":"lta_common.py","lineno":143}
{"timestamp":"2026-04-15T12:31:08.284444Z","level":"warning","event":"[SANITIZE] link_id=45334 field=maximum_speed suspicious sentinel value=999 -> NULL","logger":"lta_common","filename":"lta_common.py","lineno":143}
{"timestamp":"2026-04-15T12:31:08.284464Z","level":"warning","event":"[SANITIZE] link_id=45335 field=maximum_speed suspicious sentinel value=999 -> NULL","logger":"lta_common","filename":"lta_common.py","lineno":143}
{"timestamp":"2026-04-15T12:31:08.284483Z","level":"warning","event":"[SANITIZE] link_id=45336 field=maximum_speed suspicious sentinel value=999 -> NULL","logger":"lta_common","filename":"lta_common.py","lineno":143}
{"timestamp":"2026-04-15T12:31:08.284505Z","level":"warning","event":"[SANITIZE] link_id=45338 field=maximum_speed suspicious sentinel value=999 -> NULL","logger":"lta_common","filename":"lta_common.py","lineno":143}
{"timestamp":"2026-04-15T12:31:08.284525Z","level":"warning","event":"[SANITIZE] link_id=45339 field=maximum_speed suspicious sentinel value=999 -> NULL","logger":"lta_common","filename":"lta_common.py","lineno":143}
{"timestamp":"2026-04-15T12:31:08.284545Z","level":"warning","event":"[SANITIZE] link_id=45340 field=maximum_speed suspicious sentinel value=999 -> NULL","logger":"lta_common","filename":"lta_common.py","lineno":143}
{"timestamp":"2026-04-15T12:31:08.284564Z","level":"warning","event":"[SANITIZE] link_id=45341 field=maximum_speed suspicious sentinel value=999 -> NULL","logger":"lta_common","filename":"lta_common.py","lineno":143}
{"timestamp":"2026-04-15T12:31:08.284612Z","level":"warning","event":"[SANITIZE] link_id=45353 field=maximum_speed suspicious sentinel value=999 -> NULL","logger":"lta_common","filename":"lta_common.py","lineno":143}
{"timestamp":"2026-04-15T12:31:08.284632Z","level":"warning","event":"[SANITIZE] link_id=45354 field=maximum_speed suspicious sentinel value=999 -> NULL","logger":"lta_common","filename":"lta_common.py","lineno":143}
{"timestamp":"2026-04-15T12:31:08.284651Z","level":"warning","event":"[SANITIZE] link_id=45355 field=maximum_speed suspicious sentinel value=999 -> NULL","logger":"lta_common","filename":"lta_common.py","lineno":143}
{"timestamp":"2026-04-15T12:31:08.284671Z","level":"warning","event":"[SANITIZE] link_id=45356 field=maximum_speed suspicious sentinel value=999 -> NULL","logger":"lta_common","filename":"lta_common.py","lineno":143}
{"timestamp":"2026-04-15T12:31:08.284696Z","level":"warning","event":"[SANITIZE] link_id=45359 field=maximum_speed suspicious sentinel value=999 -> NULL","logger":"lta_common","filename":"lta_common.py","lineno":143}
{"timestamp":"2026-04-15T12:31:08.284715Z","level":"warning","event":"[SANITIZE] link_id=45360 field=maximum_speed suspicious sentinel value=999 -> NULL","logger":"lta_common","filename":"lta_common.py","lineno":143}
{"timestamp":"2026-04-15T12:31:08.284734Z","level":"warning","event":"[SANITIZE] link_id=45361 field=maximum_speed suspicious sentinel value=999 -> NULL","logger":"lta_common","filename":"lta_common.py","lineno":143}
{"timestamp":"2026-04-15T12:31:08.284754Z","level":"warning","event":"[SANITIZE] link_id=45362 field=maximum_speed suspicious sentinel value=999 -> NULL","logger":"lta_common","filename":"lta_common.py","lineno":143}
{"timestamp":"2026-04-15T12:31:08.284784Z","level":"warning","event":"[SANITIZE] link_id=45367 field=maximum_speed suspicious sentinel value=999 -> NULL","logger":"lta_common","filename":"lta_common.py","lineno":143}
{"timestamp":"2026-04-15T12:31:08.284805Z","level":"warning","event":"[SANITIZE] link_id=45368 field=maximum_speed suspicious sentinel value=999 -> NULL","logger":"lta_common","filename":"lta_common.py","lineno":143}
{"timestamp":"2026-04-15T12:31:08.284827Z","level":"warning","event":"[SANITIZE] link_id=45370 field=maximum_speed suspicious sentinel value=999 -> NULL","logger":"lta_common","filename":"lta_common.py","lineno":143}
{"timestamp":"2026-04-15T12:31:08.284846Z","level":"warning","event":"[SANITIZE] link_id=45371 field=maximum_speed suspicious sentinel value=999 -> NULL","logger":"lta_common","filename":"lta_common.py","lineno":143}
{"timestamp":"2026-04-15T12:31:08.284866Z","level":"warning","event":"[SANITIZE] link_id=45372 field=maximum_speed suspicious sentinel value=999 -> NULL","logger":"lta_common","filename":"lta_common.py","lineno":143}
{"timestamp":"2026-04-15T12:31:08.284887Z","level":"warning","event":"[SANITIZE] link_id=45373 field=maximum_speed suspicious sentinel value=999 -> NULL","logger":"lta_common","filename":"lta_common.py","lineno":143}
{"timestamp":"2026-04-15T12:31:08.284915Z","level":"warning","event":"[SANITIZE] link_id=45377 field=maximum_speed suspicious sentinel value=999 -> NULL","logger":"lta_common","filename":"lta_common.py","lineno":143}
{"timestamp":"2026-04-15T12:31:08.284940Z","level":"warning","event":"[SANITIZE] link_id=45380 field=maximum_speed suspicious sentinel value=999 -> NULL","logger":"lta_common","filename":"lta_common.py","lineno":143}
{"timestamp":"2026-04-15T12:31:08.284960Z","level":"warning","event":"[SANITIZE] link_id=45381 field=maximum_speed suspicious sentinel value=999 -> NULL","logger":"lta_common","filename":"lta_common.py","lineno":143}
{"timestamp":"2026-04-15T12:31:08.284979Z","level":"warning","event":"[SANITIZE] link_id=45382 field=maximum_speed suspicious sentinel value=999 -> NULL","logger":"lta_common","filename":"lta_common.py","lineno":143}
{"timestamp":"2026-04-15T12:31:08.285007Z","level":"warning","event":"[SANITIZE] link_id=45383 field=maximum_speed suspicious sentinel value=999 -> NULL","logger":"lta_common","filename":"lta_common.py","lineno":143}
{"timestamp":"2026-04-15T12:31:08.285042Z","level":"warning","event":"[SANITIZE] link_id=45384 field=maximum_speed suspicious sentinel value=999 -> NULL","logger":"lta_common","filename":"lta_common.py","lineno":143}
{"timestamp":"2026-04-15T12:31:08.285080Z","level":"warning","event":"[SANITIZE] link_id=45386 field=maximum_speed suspicious sentinel value=999 -> NULL","logger":"lta_common","filename":"lta_common.py","lineno":143}
{"timestamp":"2026-04-15T12:31:08.285106Z","level":"warning","event":"[SANITIZE] link_id=45387 field=maximum_speed suspicious sentinel value=999 -> NULL","logger":"lta_common","filename":"lta_common.py","lineno":143}
{"timestamp":"2026-04-15T12:31:08.285127Z","level":"warning","event":"[SANITIZE] link_id=45388 field=maximum_speed suspicious sentinel value=999 -> NULL","logger":"lta_common","filename":"lta_common.py","lineno":143}
{"timestamp":"2026-04-15T12:31:08.285146Z","level":"warning","event":"[SANITIZE] link_id=45389 field=maximum_speed suspicious sentinel value=999 -> NULL","logger":"lta_common","filename":"lta_common.py","lineno":143}
{"timestamp":"2026-04-15T12:31:08.285167Z","level":"warning","event":"[SANITIZE] link_id=45390 field=maximum_speed suspicious sentinel value=999 -> NULL","logger":"lta_common","filename":"lta_common.py","lineno":143}
{"timestamp":"2026-04-15T12:31:08.285195Z","level":"warning","event":"[SANITIZE] link_id=45393 field=maximum_speed suspicious sentinel value=999 -> NULL","logger":"lta_common","filename":"lta_common.py","lineno":143}
{"timestamp":"2026-04-15T12:31:08.285217Z","level":"warning","event":"[SANITIZE] link_id=45394 field=maximum_speed suspicious sentinel value=999 -> NULL","logger":"lta_common","filename":"lta_common.py","lineno":143}
{"timestamp":"2026-04-15T12:31:08.285241Z","level":"warning","event":"[SANITIZE] link_id=45395 field=maximum_speed suspicious sentinel value=999 -> NULL","logger":"lta_common","filename":"lta_common.py","lineno":143}
{"timestamp":"2026-04-15T12:31:08.285260Z","level":"warning","event":"[SANITIZE] link_id=45396 field=maximum_speed suspicious sentinel value=999 -> NULL","logger":"lta_common","filename":"lta_common.py","lineno":143}
{"timestamp":"2026-04-15T12:31:08.285281Z","level":"warning","event":"[SANITIZE] link_id=45398 field=maximum_speed suspicious sentinel value=999 -> NULL","logger":"lta_common","filename":"lta_common.py","lineno":143}
{"timestamp":"2026-04-15T12:31:08.285304Z","level":"warning","event":"[SANITIZE] link_id=45399 field=maximum_speed suspicious sentinel value=999 -> NULL","logger":"lta_common","filename":"lta_common.py","lineno":143}
{"timestamp":"2026-04-15T12:31:08.285324Z","level":"warning","event":"[SANITIZE] link_id=45400 field=maximum_speed suspicious sentinel value=999 -> NULL","logger":"lta_common","filename":"lta_common.py","lineno":143}
{"timestamp":"2026-04-15T12:31:08.285348Z","level":"warning","event":"[SANITIZE] link_id=45401 field=maximum_speed suspicious sentinel value=999 -> NULL","logger":"lta_common","filename":"lta_common.py","lineno":143}
{"timestamp":"2026-04-15T12:31:08.285369Z","level":"warning","event":"[SANITIZE] link_id=45402 field=maximum_speed suspicious sentinel value=999 -> NULL","logger":"lta_common","filename":"lta_common.py","lineno":143}
{"timestamp":"2026-04-15T12:31:08.285392Z","level":"warning","event":"[SANITIZE] link_id=45403 field=maximum_speed suspicious sentinel value=999 -> NULL","logger":"lta_common","filename":"lta_common.py","lineno":143}
{"timestamp":"2026-04-15T12:31:08.285414Z","level":"warning","event":"[SANITIZE] link_id=45404 field=maximum_speed suspicious sentinel value=999 -> NULL","logger":"lta_common","filename":"lta_common.py","lineno":143}
{"timestamp":"2026-04-15T12:31:08.285445Z","level":"warning","event":"[SANITIZE] link_id=45408 field=maximum_speed suspicious sentinel value=999 -> NULL","logger":"lta_common","filename":"lta_common.py","lineno":143}
{"timestamp":"2026-04-15T12:31:08.285468Z","level":"warning","event":"[SANITIZE] link_id=45409 field=maximum_speed suspicious sentinel value=999 -> NULL","logger":"lta_common","filename":"lta_common.py","lineno":143}
{"timestamp":"2026-04-15T12:31:08.285490Z","level":"warning","event":"[SANITIZE] link_id=45410 field=maximum_speed suspicious sentinel value=999 -> NULL","logger":"lta_common","filename":"lta_common.py","lineno":143}
{"timestamp":"2026-04-15T12:31:08.285516Z","level":"warning","event":"[SANITIZE] link_id=45412 field=maximum_speed suspicious sentinel value=999 -> NULL","logger":"lta_common","filename":"lta_common.py","lineno":143}
{"timestamp":"2026-04-15T12:31:08.285537Z","level":"warning","event":"[SANITIZE] link_id=45413 field=maximum_speed suspicious sentinel value=999 -> NULL","logger":"lta_common","filename":"lta_common.py","lineno":143}
{"timestamp":"2026-04-15T12:31:08.285560Z","level":"warning","event":"[SANITIZE] link_id=45414 field=maximum_speed suspicious sentinel value=999 -> NULL","logger":"lta_common","filename":"lta_common.py","lineno":143}
{"timestamp":"2026-04-15T12:31:08.285606Z","level":"warning","event":"[SANITIZE] link_id=45424 field=maximum_speed suspicious sentinel value=999 -> NULL","logger":"lta_common","filename":"lta_common.py","lineno":143}
{"timestamp":"2026-04-15T12:31:08.285627Z","level":"warning","event":"[SANITIZE] link_id=45425 field=maximum_speed suspicious sentinel value=999 -> NULL","logger":"lta_common","filename":"lta_common.py","lineno":143}
{"timestamp":"2026-04-15T12:31:08.285650Z","level":"warning","event":"[SANITIZE] link_id=45426 field=maximum_speed suspicious sentinel value=999 -> NULL","logger":"lta_common","filename":"lta_common.py","lineno":143}
{"timestamp":"2026-04-15T12:31:08.285671Z","level":"warning","event":"[SANITIZE] link_id=45427 field=maximum_speed suspicious sentinel value=999 -> NULL","logger":"lta_common","filename":"lta_common.py","lineno":143}
{"timestamp":"2026-04-15T12:31:08.285693Z","level":"warning","event":"[SANITIZE] link_id=45428 field=maximum_speed suspicious sentinel value=999 -> NULL","logger":"lta_common","filename":"lta_common.py","lineno":143}
{"timestamp":"2026-04-15T12:31:08.285749Z","level":"warning","event":"[SANITIZE] link_id=45441 field=maximum_speed suspicious sentinel value=999 -> NULL","logger":"lta_common","filename":"lta_common.py","lineno":143}
{"timestamp":"2026-04-15T12:31:08.285772Z","level":"warning","event":"[SANITIZE] link_id=45442 field=maximum_speed suspicious sentinel value=999 -> NULL","logger":"lta_common","filename":"lta_common.py","lineno":143}
{"timestamp":"2026-04-15T12:31:08.285794Z","level":"warning","event":"[SANITIZE] link_id=45443 field=maximum_speed suspicious sentinel value=999 -> NULL","logger":"lta_common","filename":"lta_common.py","lineno":143}
{"timestamp":"2026-04-15T12:31:08.285841Z","level":"warning","event":"[SANITIZE] link_id=45454 field=maximum_speed suspicious sentinel value=999 -> NULL","logger":"lta_common","filename":"lta_common.py","lineno":143}
{"timestamp":"2026-04-15T12:31:08.285867Z","level":"warning","event":"[SANITIZE] link_id=45456 field=maximum_speed suspicious sentinel value=999 -> NULL","logger":"lta_common","filename":"lta_common.py","lineno":143}
{"timestamp":"2026-04-15T12:31:08.285891Z","level":"warning","event":"[SANITIZE] link_id=45458 field=maximum_speed suspicious sentinel value=999 -> NULL","logger":"lta_common","filename":"lta_common.py","lineno":143}
{"timestamp":"2026-04-15T12:31:08.285927Z","level":"warning","event":"[SANITIZE] link_id=45464 field=maximum_speed suspicious sentinel value=999 -> NULL","logger":"lta_common","filename":"lta_common.py","lineno":143}
{"timestamp":"2026-04-15T12:31:08.285950Z","level":"warning","event":"[SANITIZE] link_id=45465 field=maximum_speed suspicious sentinel value=999 -> NULL","logger":"lta_common","filename":"lta_common.py","lineno":143}
{"timestamp":"2026-04-15T12:31:08.285974Z","level":"warning","event":"[SANITIZE] link_id=45466 field=maximum_speed suspicious sentinel value=999 -> NULL","logger":"lta_common","filename":"lta_common.py","lineno":143}
{"timestamp":"2026-04-15T12:31:08.286014Z","level":"warning","event":"[SANITIZE] link_id=45471 field=maximum_speed suspicious sentinel value=999 -> NULL","logger":"lta_common","filename":"lta_common.py","lineno":143}
{"timestamp":"2026-04-15T12:31:08.286041Z","level":"warning","event":"[SANITIZE] link_id=45473 field=maximum_speed suspicious sentinel value=999 -> NULL","logger":"lta_common","filename":"lta_common.py","lineno":143}
{"timestamp":"2026-04-15T12:31:08.286062Z","level":"warning","event":"[SANITIZE] link_id=45474 field=maximum_speed suspicious sentinel value=999 -> NULL","logger":"lta_common","filename":"lta_common.py","lineno":143}
{"timestamp":"2026-04-15T12:31:08.286085Z","level":"warning","event":"[SANITIZE] link_id=45476 field=maximum_speed suspicious sentinel value=999 -> NULL","logger":"lta_common","filename":"lta_common.py","lineno":143}
{"timestamp":"2026-04-15T12:31:08.286104Z","level":"warning","event":"[SANITIZE] link_id=45477 field=maximum_speed suspicious sentinel value=999 -> NULL","logger":"lta_common","filename":"lta_common.py","lineno":143}
{"timestamp":"2026-04-15T12:31:08.286126Z","level":"warning","event":"[SANITIZE] link_id=45478 field=maximum_speed suspicious sentinel value=999 -> NULL","logger":"lta_common","filename":"lta_common.py","lineno":143}
{"timestamp":"2026-04-15T12:31:08.286148Z","level":"warning","event":"[SANITIZE] link_id=45479 field=maximum_speed suspicious sentinel value=999 -> NULL","logger":"lta_common","filename":"lta_common.py","lineno":143}
{"timestamp":"2026-04-15T12:31:08.286169Z","level":"warning","event":"[SANITIZE] link_id=45480 field=maximum_speed suspicious sentinel value=999 -> NULL","logger":"lta_common","filename":"lta_common.py","lineno":143}
{"timestamp":"2026-04-15T12:31:08.286192Z","level":"warning","event":"[SANITIZE] link_id=45481 field=maximum_speed suspicious sentinel value=999 -> NULL","logger":"lta_common","filename":"lta_common.py","lineno":143}
{"timestamp":"2026-04-15T12:31:08.286213Z","level":"warning","event":"[SANITIZE] link_id=45482 field=maximum_speed suspicious sentinel value=999 -> NULL","logger":"lta_common","filename":"lta_common.py","lineno":143}
{"timestamp":"2026-04-15T12:31:08.286235Z","level":"warning","event":"[SANITIZE] link_id=45483 field=maximum_speed suspicious sentinel value=999 -> NULL","logger":"lta_common","filename":"lta_common.py","lineno":143}
{"timestamp":"2026-04-15T12:31:08.286270Z","level":"warning","event":"[SANITIZE] link_id=45494 field=maximum_speed suspicious sentinel value=999 -> NULL","logger":"lta_common","filename":"lta_common.py","lineno":143}
{"timestamp":"2026-04-15T12:31:08.286291Z","level":"warning","event":"[SANITIZE] link_id=45495 field=maximum_speed suspicious sentinel value=999 -> NULL","logger":"lta_common","filename":"lta_common.py","lineno":143}
{"timestamp":"2026-04-15T12:31:08.286315Z","level":"warning","event":"[SANITIZE] link_id=45496 field=maximum_speed suspicious sentinel value=999 -> NULL","logger":"lta_common","filename":"lta_common.py","lineno":143}
{"timestamp":"2026-04-15T12:31:08.286336Z","level":"warning","event":"[SANITIZE] link_id=45497 field=maximum_speed suspicious sentinel value=999 -> NULL","logger":"lta_common","filename":"lta_common.py","lineno":143}
{"timestamp":"2026-04-15T12:31:08.286375Z","level":"warning","event":"[SANITIZE] link_id=45504 field=maximum_speed suspicious sentinel value=999 -> NULL","logger":"lta_common","filename":"lta_common.py","lineno":143}
{"timestamp":"2026-04-15T12:31:08.286398Z","level":"warning","event":"[SANITIZE] link_id=45505 field=maximum_speed suspicious sentinel value=999 -> NULL","logger":"lta_common","filename":"lta_common.py","lineno":143}
{"timestamp":"2026-04-15T12:31:08.286422Z","level":"warning","event":"[SANITIZE] link_id=45507 field=maximum_speed suspicious sentinel value=999 -> NULL","logger":"lta_common","filename":"lta_common.py","lineno":143}
{"timestamp":"2026-04-15T12:31:08.286444Z","level":"warning","event":"[SANITIZE] link_id=45508 field=maximum_speed suspicious sentinel value=999 -> NULL","logger":"lta_common","filename":"lta_common.py","lineno":143}
{"timestamp":"2026-04-15T12:31:08.286466Z","level":"warning","event":"[SANITIZE] link_id=45509 field=maximum_speed suspicious sentinel value=999 -> NULL","logger":"lta_common","filename":"lta_common.py","lineno":143}
{"timestamp":"2026-04-15T12:31:08.286488Z","level":"warning","event":"[SANITIZE] link_id=45510 field=maximum_speed suspicious sentinel value=999 -> NULL","logger":"lta_common","filename":"lta_common.py","lineno":143}
{"timestamp":"2026-04-15T12:31:08.286509Z","level":"warning","event":"[SANITIZE] link_id=45511 field=maximum_speed suspicious sentinel value=999 -> NULL","logger":"lta_common","filename":"lta_common.py","lineno":143}
{"timestamp":"2026-04-15T12:31:08.286532Z","level":"warning","event":"[SANITIZE] link_id=45512 field=maximum_speed suspicious sentinel value=999 -> NULL","logger":"lta_common","filename":"lta_common.py","lineno":143}
{"timestamp":"2026-04-15T12:31:08.286554Z","level":"warning","event":"[SANITIZE] link_id=45513 field=maximum_speed suspicious sentinel value=999 -> NULL","logger":"lta_common","filename":"lta_common.py","lineno":143}
{"timestamp":"2026-04-15T12:31:08.286574Z","level":"warning","event":"[SANITIZE] link_id=45514 field=maximum_speed suspicious sentinel value=999 -> NULL","logger":"lta_common","filename":"lta_common.py","lineno":143}
{"timestamp":"2026-04-15T12:31:08.286596Z","level":"warning","event":"[SANITIZE] link_id=45515 field=maximum_speed suspicious sentinel value=999 -> NULL","logger":"lta_common","filename":"lta_common.py","lineno":143}
{"timestamp":"2026-04-15T12:31:08.286619Z","level":"warning","event":"[SANITIZE] link_id=45516 field=maximum_speed suspicious sentinel value=999 -> NULL","logger":"lta_common","filename":"lta_common.py","lineno":143}
{"timestamp":"2026-04-15T12:31:08.286639Z","level":"warning","event":"[SANITIZE] link_id=45517 field=maximum_speed suspicious sentinel value=999 -> NULL","logger":"lta_common","filename":"lta_common.py","lineno":143}
{"timestamp":"2026-04-15T12:31:08.286681Z","level":"warning","event":"[SANITIZE] link_id=45525 field=maximum_speed suspicious sentinel value=999 -> NULL","logger":"lta_common","filename":"lta_common.py","lineno":143}
{"timestamp":"2026-04-15T12:31:08.286702Z","level":"warning","event":"[SANITIZE] link_id=45526 field=maximum_speed suspicious sentinel value=999 -> NULL","logger":"lta_common","filename":"lta_common.py","lineno":143}
{"timestamp":"2026-04-15T12:31:08.286724Z","level":"warning","event":"[SANITIZE] link_id=45528 field=maximum_speed suspicious sentinel value=999 -> NULL","logger":"lta_common","filename":"lta_common.py","lineno":143}
{"timestamp":"2026-04-15T12:31:08.286745Z","level":"warning","event":"[SANITIZE] link_id=45530 field=maximum_speed suspicious sentinel value=999 -> NULL","logger":"lta_common","filename":"lta_common.py","lineno":143}
{"timestamp":"2026-04-15T12:31:08.286768Z","level":"warning","event":"[SANITIZE] link_id=45531 field=maximum_speed suspicious sentinel value=999 -> NULL","logger":"lta_common","filename":"lta_common.py","lineno":143}
{"timestamp":"2026-04-15T12:31:08.286789Z","level":"warning","event":"[SANITIZE] link_id=45532 field=maximum_speed suspicious sentinel value=999 -> NULL","logger":"lta_common","filename":"lta_common.py","lineno":143}
{"timestamp":"2026-04-15T12:31:08.286811Z","level":"warning","event":"[SANITIZE] link_id=45533 field=maximum_speed suspicious sentinel value=999 -> NULL","logger":"lta_common","filename":"lta_common.py","lineno":143}
{"timestamp":"2026-04-15T12:31:08.286832Z","level":"warning","event":"[SANITIZE] link_id=45534 field=maximum_speed suspicious sentinel value=999 -> NULL","logger":"lta_common","filename":"lta_common.py","lineno":143}
{"timestamp":"2026-04-15T12:31:08.286854Z","level":"warning","event":"[SANITIZE] link_id=45535 field=maximum_speed suspicious sentinel value=999 -> NULL","logger":"lta_common","filename":"lta_common.py","lineno":143}
{"timestamp":"2026-04-15T12:31:08.286875Z","level":"warning","event":"[SANITIZE] link_id=45536 field=maximum_speed suspicious sentinel value=999 -> NULL","logger":"lta_common","filename":"lta_common.py","lineno":143}
{"timestamp":"2026-04-15T12:31:08.286898Z","level":"warning","event":"[SANITIZE] link_id=45537 field=maximum_speed suspicious sentinel value=999 -> NULL","logger":"lta_common","filename":"lta_common.py","lineno":143}
{"timestamp":"2026-04-15T12:31:08.286917Z","level":"warning","event":"[SANITIZE] link_id=45538 field=maximum_speed suspicious sentinel value=999 -> NULL","logger":"lta_common","filename":"lta_common.py","lineno":143}
{"timestamp":"2026-04-15T12:31:08.286936Z","level":"warning","event":"[SANITIZE] link_id=45539 field=maximum_speed suspicious sentinel value=999 -> NULL","logger":"lta_common","filename":"lta_common.py","lineno":143}
{"timestamp":"2026-04-15T12:31:08.286955Z","level":"warning","event":"[SANITIZE] link_id=45540 field=maximum_speed suspicious sentinel value=999 -> NULL","logger":"lta_common","filename":"lta_common.py","lineno":143}
{"timestamp":"2026-04-15T12:31:08.286975Z","level":"warning","event":"[SANITIZE] link_id=45541 field=maximum_speed suspicious sentinel value=999 -> NULL","logger":"lta_common","filename":"lta_common.py","lineno":143}
{"timestamp":"2026-04-15T12:31:08.287000Z","level":"warning","event":"[SANITIZE] link_id=45542 field=maximum_speed suspicious sentinel value=999 -> NULL","logger":"lta_common","filename":"lta_common.py","lineno":143}
{"timestamp":"2026-04-15T12:31:08.287030Z","level":"warning","event":"[SANITIZE] link_id=45547 field=maximum_speed suspicious sentinel value=999 -> NULL","logger":"lta_common","filename":"lta_common.py","lineno":143}
{"timestamp":"2026-04-15T12:31:08.287049Z","level":"warning","event":"[SANITIZE] link_id=45548 field=maximum_speed suspicious sentinel value=999 -> NULL","logger":"lta_common","filename":"lta_common.py","lineno":143}
{"timestamp":"2026-04-15T12:31:08.287068Z","level":"warning","event":"[SANITIZE] link_id=45549 field=maximum_speed suspicious sentinel value=999 -> NULL","logger":"lta_common","filename":"lta_common.py","lineno":143}
{"timestamp":"2026-04-15T12:31:08.287091Z","level":"warning","event":"[SANITIZE] link_id=45551 field=maximum_speed suspicious sentinel value=999 -> NULL","logger":"lta_common","filename":"lta_common.py","lineno":143}
{"timestamp":"2026-04-15T12:31:08.287111Z","level":"warning","event":"[SANITIZE] link_id=45552 field=maximum_speed suspicious sentinel value=999 -> NULL","logger":"lta_common","filename":"lta_common.py","lineno":143}
{"timestamp":"2026-04-15T12:31:08.287130Z","level":"warning","event":"[SANITIZE] link_id=45553 field=maximum_speed suspicious sentinel value=999 -> NULL","logger":"lta_common","filename":"lta_common.py","lineno":143}
{"timestamp":"2026-04-15T12:31:08.287149Z","level":"warning","event":"[SANITIZE] link_id=45554 field=maximum_speed suspicious sentinel value=999 -> NULL","logger":"lta_common","filename":"lta_common.py","lineno":143}
{"timestamp":"2026-04-15T12:31:08.287168Z","level":"warning","event":"[SANITIZE] link_id=45555 field=maximum_speed suspicious sentinel value=999 -> NULL","logger":"lta_common","filename":"lta_common.py","lineno":143}
{"timestamp":"2026-04-15T12:31:08.287187Z","level":"warning","event":"[SANITIZE] link_id=45556 field=maximum_speed suspicious sentinel value=999 -> NULL","logger":"lta_common","filename":"lta_common.py","lineno":143}
{"timestamp":"2026-04-15T12:31:08.287206Z","level":"warning","event":"[SANITIZE] link_id=45557 field=maximum_speed suspicious sentinel value=999 -> NULL","logger":"lta_common","filename":"lta_common.py","lineno":143}
{"timestamp":"2026-04-15T12:31:08.287225Z","level":"warning","event":"[SANITIZE] link_id=45558 field=maximum_speed suspicious sentinel value=999 -> NULL","logger":"lta_common","filename":"lta_common.py","lineno":143}
{"timestamp":"2026-04-15T12:31:08.287244Z","level":"warning","event":"[SANITIZE] link_id=45559 field=maximum_speed suspicious sentinel value=999 -> NULL","logger":"lta_common","filename":"lta_common.py","lineno":143}
{"timestamp":"2026-04-15T12:31:08.287263Z","level":"warning","event":"[SANITIZE] link_id=45560 field=maximum_speed suspicious sentinel value=999 -> NULL","logger":"lta_common","filename":"lta_common.py","lineno":143}
{"timestamp":"2026-04-15T12:31:08.287282Z","level":"warning","event":"[SANITIZE] link_id=45561 field=maximum_speed suspicious sentinel value=999 -> NULL","logger":"lta_common","filename":"lta_common.py","lineno":143}
{"timestamp":"2026-04-15T12:31:08.287301Z","level":"warning","event":"[SANITIZE] link_id=45562 field=maximum_speed suspicious sentinel value=999 -> NULL","logger":"lta_common","filename":"lta_common.py","lineno":143}
{"timestamp":"2026-04-15T12:31:08.287320Z","level":"warning","event":"[SANITIZE] link_id=45563 field=maximum_speed suspicious sentinel value=999 -> NULL","logger":"lta_common","filename":"lta_common.py","lineno":143}
{"timestamp":"2026-04-15T12:31:08.287339Z","level":"warning","event":"[SANITIZE] link_id=45564 field=maximum_speed suspicious sentinel value=999 -> NULL","logger":"lta_common","filename":"lta_common.py","lineno":143}
{"timestamp":"2026-04-15T12:31:08.287359Z","level":"warning","event":"[SANITIZE] link_id=45565 field=maximum_speed suspicious sentinel value=999 -> NULL","logger":"lta_common","filename":"lta_common.py","lineno":143}
{"timestamp":"2026-04-15T12:31:08.287378Z","level":"warning","event":"[SANITIZE] link_id=45566 field=maximum_speed suspicious sentinel value=999 -> NULL","logger":"lta_common","filename":"lta_common.py","lineno":143}
{"timestamp":"2026-04-15T12:31:08.287400Z","level":"warning","event":"[SANITIZE] link_id=45568 field=maximum_speed suspicious sentinel value=999 -> NULL","logger":"lta_common","filename":"lta_common.py","lineno":143}
{"timestamp":"2026-04-15T12:31:08.287420Z","level":"warning","event":"[SANITIZE] link_id=45569 field=maximum_speed suspicious sentinel value=999 -> NULL","logger":"lta_common","filename":"lta_common.py","lineno":143}
{"timestamp":"2026-04-15T12:31:08.287439Z","level":"warning","event":"[SANITIZE] link_id=45570 field=maximum_speed suspicious sentinel value=999 -> NULL","logger":"lta_common","filename":"lta_common.py","lineno":143}
{"timestamp":"2026-04-15T12:31:08.287458Z","level":"warning","event":"[SANITIZE] link_id=45571 field=maximum_speed suspicious sentinel value=999 -> NULL","logger":"lta_common","filename":"lta_common.py","lineno":143}
{"timestamp":"2026-04-15T12:31:08.287477Z","level":"warning","event":"[SANITIZE] link_id=45572 field=maximum_speed suspicious sentinel value=999 -> NULL","logger":"lta_common","filename":"lta_common.py","lineno":143}
{"timestamp":"2026-04-15T12:31:08.287507Z","level":"warning","event":"[SANITIZE] link_id=45579 field=maximum_speed suspicious sentinel value=999 -> NULL","logger":"lta_common","filename":"lta_common.py","lineno":143}
{"timestamp":"2026-04-15T12:31:08.287531Z","level":"warning","event":"[SANITIZE] link_id=45582 field=maximum_speed suspicious sentinel value=999 -> NULL","logger":"lta_common","filename":"lta_common.py","lineno":143}
{"timestamp":"2026-04-15T12:31:08.287598Z","level":"warning","event":"[SANITIZE] link_id=45605 field=maximum_speed suspicious sentinel value=999 -> NULL","logger":"lta_common","filename":"lta_common.py","lineno":143}
{"timestamp":"2026-04-15T12:31:08.287618Z","level":"warning","event":"[SANITIZE] link_id=45606 field=maximum_speed suspicious sentinel value=999 -> NULL","logger":"lta_common","filename":"lta_common.py","lineno":143}
{"timestamp":"2026-04-15T12:31:08.287637Z","level":"warning","event":"[SANITIZE] link_id=45608 field=maximum_speed suspicious sentinel value=999 -> NULL","logger":"lta_common","filename":"lta_common.py","lineno":143}
{"timestamp":"2026-04-15T12:31:08.287697Z","level":"warning","event":"[SANITIZE] link_id=45625 field=maximum_speed suspicious sentinel value=999 -> NULL","logger":"lta_common","filename":"lta_common.py","lineno":143}
{"timestamp":"2026-04-15T12:31:08.287774Z","level":"warning","event":"[SANITIZE] link_id=45652 field=maximum_speed suspicious sentinel value=999 -> NULL","logger":"lta_common","filename":"lta_common.py","lineno":143}
{"timestamp":"2026-04-15T12:31:08.287807Z","level":"warning","event":"[SANITIZE] link_id=45660 field=maximum_speed suspicious sentinel value=999 -> NULL","logger":"lta_common","filename":"lta_common.py","lineno":143}
{"timestamp":"2026-04-15T12:31:08.287826Z","level":"warning","event":"[SANITIZE] link_id=45661 field=maximum_speed suspicious sentinel value=999 -> NULL","logger":"lta_common","filename":"lta_common.py","lineno":143}
{"timestamp":"2026-04-15T12:31:08.287845Z","level":"warning","event":"[SANITIZE] link_id=45662 field=maximum_speed suspicious sentinel value=999 -> NULL","logger":"lta_common","filename":"lta_common.py","lineno":143}
{"timestamp":"2026-04-15T12:31:08.287865Z","level":"warning","event":"[SANITIZE] link_id=45663 field=maximum_speed suspicious sentinel value=999 -> NULL","logger":"lta_common","filename":"lta_common.py","lineno":143}
{"timestamp":"2026-04-15T12:31:08.287884Z","level":"warning","event":"[SANITIZE] link_id=45664 field=maximum_speed suspicious sentinel value=999 -> NULL","logger":"lta_common","filename":"lta_common.py","lineno":143}
{"timestamp":"2026-04-15T12:31:08.287959Z","level":"warning","event":"[SANITIZE] link_id=45687 field=maximum_speed suspicious sentinel value=999 -> NULL","logger":"lta_common","filename":"lta_common.py","lineno":143}
{"timestamp":"2026-04-15T12:31:08.287981Z","level":"warning","event":"[SANITIZE] link_id=45689 field=maximum_speed suspicious sentinel value=999 -> NULL","logger":"lta_common","filename":"lta_common.py","lineno":143}
{"timestamp":"2026-04-15T12:31:08.288014Z","level":"warning","event":"[SANITIZE] link_id=45694 field=maximum_speed suspicious sentinel value=999 -> NULL","logger":"lta_common","filename":"lta_common.py","lineno":143}
{"timestamp":"2026-04-15T12:31:08.288036Z","level":"warning","event":"[SANITIZE] link_id=45695 field=maximum_speed suspicious sentinel value=999 -> NULL","logger":"lta_common","filename":"lta_common.py","lineno":143}
{"timestamp":"2026-04-15T12:31:08.288059Z","level":"warning","event":"[SANITIZE] link_id=45696 field=maximum_speed suspicious sentinel value=999 -> NULL","logger":"lta_common","filename":"lta_common.py","lineno":143}
{"timestamp":"2026-04-15T12:31:08.288079Z","level":"warning","event":"[SANITIZE] link_id=45697 field=maximum_speed suspicious sentinel value=999 -> NULL","logger":"lta_common","filename":"lta_common.py","lineno":143}
{"timestamp":"2026-04-15T12:31:08.288100Z","level":"warning","event":"[SANITIZE] link_id=45698 field=maximum_speed suspicious sentinel value=999 -> NULL","logger":"lta_common","filename":"lta_common.py","lineno":143}
{"timestamp":"2026-04-15T12:31:08.288136Z","level":"warning","event":"[SANITIZE] link_id=45704 field=maximum_speed suspicious sentinel value=999 -> NULL","logger":"lta_common","filename":"lta_common.py","lineno":143}
{"timestamp":"2026-04-15T12:31:08.288178Z","level":"warning","event":"[SANITIZE] link_id=45713 field=maximum_speed suspicious sentinel value=999 -> NULL","logger":"lta_common","filename":"lta_common.py","lineno":143}
{"timestamp":"2026-04-15T12:31:08.288201Z","level":"warning","event":"[SANITIZE] link_id=45714 field=maximum_speed suspicious sentinel value=999 -> NULL","logger":"lta_common","filename":"lta_common.py","lineno":143}
{"timestamp":"2026-04-15T12:31:08.288222Z","level":"warning","event":"[SANITIZE] link_id=45715 field=maximum_speed suspicious sentinel value=999 -> NULL","logger":"lta_common","filename":"lta_common.py","lineno":143}
{"timestamp":"2026-04-15T12:31:08.288245Z","level":"warning","event":"[SANITIZE] link_id=45716 field=maximum_speed suspicious sentinel value=999 -> NULL","logger":"lta_common","filename":"lta_common.py","lineno":143}
{"timestamp":"2026-04-15T12:31:08.288266Z","level":"warning","event":"[SANITIZE] link_id=45717 field=maximum_speed suspicious sentinel value=999 -> NULL","logger":"lta_common","filename":"lta_common.py","lineno":143}
{"timestamp":"2026-04-15T12:31:08.288626Z","level":"info","event":"[CLEAN DONE] rows=500 | null_speed_band=0 | null_minimum_speed=0 | null_maximum_speed=185","logger":"lta_common","filename":"lta_common.py","lineno":238}
{"timestamp":"2026-04-15T12:31:08.289454Z","level":"info","event":"STEP 5: built cleaned snapshot dataframe rows=500","logger":"2_refresh_traffic_speed","filename":"2_refresh_traffic_speed.py","lineno":44}
{"timestamp":"2026-04-15T12:31:08.289730Z","level":"info","event":"[LATEST PREP] rows=500 | missing_measurement_rows=0","logger":"lta_common","filename":"lta_common.py","lineno":271}
{"timestamp":"2026-04-15T12:31:08.289950Z","level":"info","event":"[UPSERT START] upserting 500 rows into traffic_speed_latest","logger":"lta_common","filename":"lta_common.py","lineno":348}
{"timestamp":"2026-04-15T12:31:08.290207Z","level":"info","event":"[UPSERT DEBUG] max_link_id=45721 | min_link_id=45176 | max_speed_band=8 | min_speed_band=1 | max_minimum_speed=70 | min_minimum_speed=0 | max_maximum_speed=69.0 | min_maximum_speed=9.0","logger":"lta_common","filename":"lta_common.py","lineno":350}
{"timestamp":"2026-04-15T12:31:08.633789Z","level":"info","event":"[UPSERT DONE] upserted=500 rows into traffic_speed_latest","logger":"lta_common","filename":"lta_common.py","lineno":388}
{"timestamp":"2026-04-15T12:31:08.634241Z","level":"info","event":"[SAVE START] inserting 500 rows into traffic_speed_recent","logger":"lta_common","filename":"lta_common.py","lineno":319}
{"timestamp":"2026-04-15T12:31:09.004742Z","level":"info","event":"[SAVE DONE] inserted=500 rows into traffic_speed_recent","logger":"lta_common","filename":"lta_common.py","lineno":337}
{"timestamp":"2026-04-15T12:31:09.004936Z","level":"info","event":"STEP 6: page saved skip=30000 | pages=61 | latest_rows=30500 | recent_rows=30500","logger":"2_refresh_traffic_speed","filename":"2_refresh_traffic_speed.py","lineno":56}
{"timestamp":"2026-04-15T12:31:09.005019Z","level":"info","event":"========== PAGE START ==========","logger":"lta_common","filename":"lta_common.py","lineno":53}
{"timestamp":"2026-04-15T12:31:09.005074Z","level":"info","event":"[FETCH] requesting rows 30500–30999","logger":"lta_common","filename":"lta_common.py","lineno":54}
{"timestamp":"2026-04-15T12:31:09.005130Z","level":"info","event":"Fetching page from LTA: skip=30500","logger":"lta_common","filename":"lta_common.py","lineno":36}
{"timestamp":"2026-04-15T12:31:09.292760Z","level":"info","event":"Retrieved 500 rows from LTA at skip=30500","logger":"lta_common","filename":"lta_common.py","lineno":44}
{"timestamp":"2026-04-15T12:31:09.295685Z","level":"info","event":"[FETCH DONE] retrieved=500 rows at skip=30500","logger":"lta_common","filename":"lta_common.py","lineno":59}
{"timestamp":"2026-04-15T12:31:09.296249Z","level":"info","event":"STEP 4: processing page skip=30500 rows=500","logger":"2_refresh_traffic_speed","filename":"2_refresh_traffic_speed.py","lineno":41}
{"timestamp":"2026-04-15T12:31:09.308077Z","level":"warning","event":"[SANITIZE] link_id=45730 field=maximum_speed suspicious sentinel value=999 -> NULL","logger":"lta_common","filename":"lta_common.py","lineno":143}
{"timestamp":"2026-04-15T12:31:09.308160Z","level":"warning","event":"[SANITIZE] link_id=45731 field=maximum_speed suspicious sentinel value=999 -> NULL","logger":"lta_common","filename":"lta_common.py","lineno":143}
{"timestamp":"2026-04-15T12:31:09.308209Z","level":"warning","event":"[SANITIZE] link_id=45732 field=maximum_speed suspicious sentinel value=999 -> NULL","logger":"lta_common","filename":"lta_common.py","lineno":143}
{"timestamp":"2026-04-15T12:31:09.308270Z","level":"warning","event":"[SANITIZE] link_id=45736 field=maximum_speed suspicious sentinel value=999 -> NULL","logger":"lta_common","filename":"lta_common.py","lineno":143}
{"timestamp":"2026-04-15T12:31:09.308319Z","level":"warning","event":"[SANITIZE] link_id=45738 field=maximum_speed suspicious sentinel value=999 -> NULL","logger":"lta_common","filename":"lta_common.py","lineno":143}
{"timestamp":"2026-04-15T12:31:09.308357Z","level":"warning","event":"[SANITIZE] link_id=45739 field=maximum_speed suspicious sentinel value=999 -> NULL","logger":"lta_common","filename":"lta_common.py","lineno":143}
{"timestamp":"2026-04-15T12:31:09.308394Z","level":"warning","event":"[SANITIZE] link_id=45740 field=maximum_speed suspicious sentinel value=999 -> NULL","logger":"lta_common","filename":"lta_common.py","lineno":143}
{"timestamp":"2026-04-15T12:31:09.308482Z","level":"warning","event":"[SANITIZE] link_id=45754 field=maximum_speed suspicious sentinel value=999 -> NULL","logger":"lta_common","filename":"lta_common.py","lineno":143}
{"timestamp":"2026-04-15T12:31:09.308627Z","level":"warning","event":"[SANITIZE] link_id=45785 field=maximum_speed suspicious sentinel value=999 -> NULL","logger":"lta_common","filename":"lta_common.py","lineno":143}
{"timestamp":"2026-04-15T12:31:09.308663Z","level":"warning","event":"[SANITIZE] link_id=45786 field=maximum_speed suspicious sentinel value=999 -> NULL","logger":"lta_common","filename":"lta_common.py","lineno":143}
{"timestamp":"2026-04-15T12:31:09.308697Z","level":"warning","event":"[SANITIZE] link_id=45787 field=maximum_speed suspicious sentinel value=999 -> NULL","logger":"lta_common","filename":"lta_common.py","lineno":143}
{"timestamp":"2026-04-15T12:31:09.308733Z","level":"warning","event":"[SANITIZE] link_id=45788 field=maximum_speed suspicious sentinel value=999 -> NULL","logger":"lta_common","filename":"lta_common.py","lineno":143}
{"timestamp":"2026-04-15T12:31:09.308767Z","level":"warning","event":"[SANITIZE] link_id=45789 field=maximum_speed suspicious sentinel value=999 -> NULL","logger":"lta_common","filename":"lta_common.py","lineno":143}
{"timestamp":"2026-04-15T12:31:09.308802Z","level":"warning","event":"[SANITIZE] link_id=45790 field=maximum_speed suspicious sentinel value=999 -> NULL","logger":"lta_common","filename":"lta_common.py","lineno":143}
{"timestamp":"2026-04-15T12:31:09.308841Z","level":"warning","event":"[SANITIZE] link_id=45795 field=maximum_speed suspicious sentinel value=999 -> NULL","logger":"lta_common","filename":"lta_common.py","lineno":143}
{"timestamp":"2026-04-15T12:31:09.308876Z","level":"warning","event":"[SANITIZE] link_id=45798 field=maximum_speed suspicious sentinel value=999 -> NULL","logger":"lta_common","filename":"lta_common.py","lineno":143}
{"timestamp":"2026-04-15T12:31:09.308910Z","level":"warning","event":"[SANITIZE] link_id=45799 field=maximum_speed suspicious sentinel value=999 -> NULL","logger":"lta_common","filename":"lta_common.py","lineno":143}
{"timestamp":"2026-04-15T12:31:09.308944Z","level":"warning","event":"[SANITIZE] link_id=45800 field=maximum_speed suspicious sentinel value=999 -> NULL","logger":"lta_common","filename":"lta_common.py","lineno":143}
{"timestamp":"2026-04-15T12:31:09.308979Z","level":"warning","event":"[SANITIZE] link_id=45801 field=maximum_speed suspicious sentinel value=999 -> NULL","logger":"lta_common","filename":"lta_common.py","lineno":143}
{"timestamp":"2026-04-15T12:31:09.309044Z","level":"warning","event":"[SANITIZE] link_id=45803 field=maximum_speed suspicious sentinel value=999 -> NULL","logger":"lta_common","filename":"lta_common.py","lineno":143}
{"timestamp":"2026-04-15T12:31:09.309104Z","level":"warning","event":"[SANITIZE] link_id=45804 field=maximum_speed suspicious sentinel value=999 -> NULL","logger":"lta_common","filename":"lta_common.py","lineno":143}
{"timestamp":"2026-04-15T12:31:09.309145Z","level":"warning","event":"[SANITIZE] link_id=45805 field=maximum_speed suspicious sentinel value=999 -> NULL","logger":"lta_common","filename":"lta_common.py","lineno":143}
{"timestamp":"2026-04-15T12:31:09.309202Z","level":"warning","event":"[SANITIZE] link_id=45807 field=maximum_speed suspicious sentinel value=999 -> NULL","logger":"lta_common","filename":"lta_common.py","lineno":143}
{"timestamp":"2026-04-15T12:31:09.309238Z","level":"warning","event":"[SANITIZE] link_id=45808 field=maximum_speed suspicious sentinel value=999 -> NULL","logger":"lta_common","filename":"lta_common.py","lineno":143}
{"timestamp":"2026-04-15T12:31:09.309272Z","level":"warning","event":"[SANITIZE] link_id=45809 field=maximum_speed suspicious sentinel value=999 -> NULL","logger":"lta_common","filename":"lta_common.py","lineno":143}
{"timestamp":"2026-04-15T12:31:09.309307Z","level":"warning","event":"[SANITIZE] link_id=45810 field=maximum_speed suspicious sentinel value=999 -> NULL","logger":"lta_common","filename":"lta_common.py","lineno":143}
{"timestamp":"2026-04-15T12:31:09.309342Z","level":"warning","event":"[SANITIZE] link_id=45811 field=maximum_speed suspicious sentinel value=999 -> NULL","logger":"lta_common","filename":"lta_common.py","lineno":143}
{"timestamp":"2026-04-15T12:31:09.309376Z","level":"warning","event":"[SANITIZE] link_id=45812 field=maximum_speed suspicious sentinel value=999 -> NULL","logger":"lta_common","filename":"lta_common.py","lineno":143}
{"timestamp":"2026-04-15T12:31:09.309424Z","level":"warning","event":"[SANITIZE] link_id=45816 field=maximum_speed suspicious sentinel value=999 -> NULL","logger":"lta_common","filename":"lta_common.py","lineno":143}
{"timestamp":"2026-04-15T12:31:09.309458Z","level":"warning","event":"[SANITIZE] link_id=45817 field=maximum_speed suspicious sentinel value=999 -> NULL","logger":"lta_common","filename":"lta_common.py","lineno":143}
{"timestamp":"2026-04-15T12:31:09.309492Z","level":"warning","event":"[SANITIZE] link_id=45818 field=maximum_speed suspicious sentinel value=999 -> NULL","logger":"lta_common","filename":"lta_common.py","lineno":143}
{"timestamp":"2026-04-15T12:31:09.309526Z","level":"warning","event":"[SANITIZE] link_id=45819 field=maximum_speed suspicious sentinel value=999 -> NULL","logger":"lta_common","filename":"lta_common.py","lineno":143}
{"timestamp":"2026-04-15T12:31:09.309560Z","level":"warning","event":"[SANITIZE] link_id=45820 field=maximum_speed suspicious sentinel value=999 -> NULL","logger":"lta_common","filename":"lta_common.py","lineno":143}
{"timestamp":"2026-04-15T12:31:09.309593Z","level":"warning","event":"[SANITIZE] link_id=45821 field=maximum_speed suspicious sentinel value=999 -> NULL","logger":"lta_common","filename":"lta_common.py","lineno":143}
{"timestamp":"2026-04-15T12:31:09.309628Z","level":"warning","event":"[SANITIZE] link_id=45822 field=maximum_speed suspicious sentinel value=999 -> NULL","logger":"lta_common","filename":"lta_common.py","lineno":143}
{"timestamp":"2026-04-15T12:31:09.309662Z","level":"warning","event":"[SANITIZE] link_id=45823 field=maximum_speed suspicious sentinel value=999 -> NULL","logger":"lta_common","filename":"lta_common.py","lineno":143}
{"timestamp":"2026-04-15T12:31:09.309695Z","level":"warning","event":"[SANITIZE] link_id=45824 field=maximum_speed suspicious sentinel value=999 -> NULL","logger":"lta_common","filename":"lta_common.py","lineno":143}
{"timestamp":"2026-04-15T12:31:09.309730Z","level":"warning","event":"[SANITIZE] link_id=45825 field=maximum_speed suspicious sentinel value=999 -> NULL","logger":"lta_common","filename":"lta_common.py","lineno":143}
{"timestamp":"2026-04-15T12:31:09.309764Z","level":"warning","event":"[SANITIZE] link_id=45826 field=maximum_speed suspicious sentinel value=999 -> NULL","logger":"lta_common","filename":"lta_common.py","lineno":143}
{"timestamp":"2026-04-15T12:31:09.309798Z","level":"warning","event":"[SANITIZE] link_id=45827 field=maximum_speed suspicious sentinel value=999 -> NULL","logger":"lta_common","filename":"lta_common.py","lineno":143}
{"timestamp":"2026-04-15T12:31:09.309833Z","level":"warning","event":"[SANITIZE] link_id=45828 field=maximum_speed suspicious sentinel value=999 -> NULL","logger":"lta_common","filename":"lta_common.py","lineno":143}
{"timestamp":"2026-04-15T12:31:09.309869Z","level":"warning","event":"[SANITIZE] link_id=45829 field=maximum_speed suspicious sentinel value=999 -> NULL","logger":"lta_common","filename":"lta_common.py","lineno":143}
{"timestamp":"2026-04-15T12:31:09.309904Z","level":"warning","event":"[SANITIZE] link_id=45830 field=maximum_speed suspicious sentinel value=999 -> NULL","logger":"lta_common","filename":"lta_common.py","lineno":143}
{"timestamp":"2026-04-15T12:31:09.309939Z","level":"warning","event":"[SANITIZE] link_id=45831 field=maximum_speed suspicious sentinel value=999 -> NULL","logger":"lta_common","filename":"lta_common.py","lineno":143}
{"timestamp":"2026-04-15T12:31:09.309974Z","level":"warning","event":"[SANITIZE] link_id=45832 field=maximum_speed suspicious sentinel value=999 -> NULL","logger":"lta_common","filename":"lta_common.py","lineno":143}
{"timestamp":"2026-04-15T12:31:09.310034Z","level":"warning","event":"[SANITIZE] link_id=45833 field=maximum_speed suspicious sentinel value=999 -> NULL","logger":"lta_common","filename":"lta_common.py","lineno":143}
{"timestamp":"2026-04-15T12:31:09.310073Z","level":"warning","event":"[SANITIZE] link_id=45834 field=maximum_speed suspicious sentinel value=999 -> NULL","logger":"lta_common","filename":"lta_common.py","lineno":143}
{"timestamp":"2026-04-15T12:31:09.310126Z","level":"warning","event":"[SANITIZE] link_id=45835 field=maximum_speed suspicious sentinel value=999 -> NULL","logger":"lta_common","filename":"lta_common.py","lineno":143}
{"timestamp":"2026-04-15T12:31:09.310160Z","level":"warning","event":"[SANITIZE] link_id=45836 field=maximum_speed suspicious sentinel value=999 -> NULL","logger":"lta_common","filename":"lta_common.py","lineno":143}
{"timestamp":"2026-04-15T12:31:09.310195Z","level":"warning","event":"[SANITIZE] link_id=45837 field=maximum_speed suspicious sentinel value=999 -> NULL","logger":"lta_common","filename":"lta_common.py","lineno":143}
{"timestamp":"2026-04-15T12:31:09.310230Z","level":"warning","event":"[SANITIZE] link_id=45838 field=maximum_speed suspicious sentinel value=999 -> NULL","logger":"lta_common","filename":"lta_common.py","lineno":143}
{"timestamp":"2026-04-15T12:31:09.310264Z","level":"warning","event":"[SANITIZE] link_id=45839 field=maximum_speed suspicious sentinel value=999 -> NULL","logger":"lta_common","filename":"lta_common.py","lineno":143}
{"timestamp":"2026-04-15T12:31:09.310298Z","level":"warning","event":"[SANITIZE] link_id=45840 field=maximum_speed suspicious sentinel value=999 -> NULL","logger":"lta_common","filename":"lta_common.py","lineno":143}
{"timestamp":"2026-04-15T12:31:09.310354Z","level":"warning","event":"[SANITIZE] link_id=45842 field=maximum_speed suspicious sentinel value=999 -> NULL","logger":"lta_common","filename":"lta_common.py","lineno":143}
{"timestamp":"2026-04-15T12:31:09.310390Z","level":"warning","event":"[SANITIZE] link_id=45843 field=maximum_speed suspicious sentinel value=999 -> NULL","logger":"lta_common","filename":"lta_common.py","lineno":143}
{"timestamp":"2026-04-15T12:31:09.310424Z","level":"warning","event":"[SANITIZE] link_id=45844 field=maximum_speed suspicious sentinel value=999 -> NULL","logger":"lta_common","filename":"lta_common.py","lineno":143}
{"timestamp":"2026-04-15T12:31:09.310464Z","level":"warning","event":"[SANITIZE] link_id=45846 field=maximum_speed suspicious sentinel value=999 -> NULL","logger":"lta_common","filename":"lta_common.py","lineno":143}
{"timestamp":"2026-04-15T12:31:09.310499Z","level":"warning","event":"[SANITIZE] link_id=45847 field=maximum_speed suspicious sentinel value=999 -> NULL","logger":"lta_common","filename":"lta_common.py","lineno":143}
{"timestamp":"2026-04-15T12:31:09.310533Z","level":"warning","event":"[SANITIZE] link_id=45848 field=maximum_speed suspicious sentinel value=999 -> NULL","logger":"lta_common","filename":"lta_common.py","lineno":143}
{"timestamp":"2026-04-15T12:31:09.310567Z","level":"warning","event":"[SANITIZE] link_id=45849 field=maximum_speed suspicious sentinel value=999 -> NULL","logger":"lta_common","filename":"lta_common.py","lineno":143}
{"timestamp":"2026-04-15T12:31:09.310620Z","level":"warning","event":"[SANITIZE] link_id=45856 field=maximum_speed suspicious sentinel value=999 -> NULL","logger":"lta_common","filename":"lta_common.py","lineno":143}
{"timestamp":"2026-04-15T12:31:09.310654Z","level":"warning","event":"[SANITIZE] link_id=45857 field=maximum_speed suspicious sentinel value=999 -> NULL","logger":"lta_common","filename":"lta_common.py","lineno":143}
{"timestamp":"2026-04-15T12:31:09.310687Z","level":"warning","event":"[SANITIZE] link_id=45858 field=maximum_speed suspicious sentinel value=999 -> NULL","logger":"lta_common","filename":"lta_common.py","lineno":143}
{"timestamp":"2026-04-15T12:31:09.310725Z","level":"warning","event":"[SANITIZE] link_id=45859 field=maximum_speed suspicious sentinel value=999 -> NULL","logger":"lta_common","filename":"lta_common.py","lineno":143}
{"timestamp":"2026-04-15T12:31:09.310759Z","level":"warning","event":"[SANITIZE] link_id=45861 field=maximum_speed suspicious sentinel value=999 -> NULL","logger":"lta_common","filename":"lta_common.py","lineno":143}
{"timestamp":"2026-04-15T12:31:09.310793Z","level":"warning","event":"[SANITIZE] link_id=45862 field=maximum_speed suspicious sentinel value=999 -> NULL","logger":"lta_common","filename":"lta_common.py","lineno":143}
{"timestamp":"2026-04-15T12:31:09.310827Z","level":"warning","event":"[SANITIZE] link_id=45863 field=maximum_speed suspicious sentinel value=999 -> NULL","logger":"lta_common","filename":"lta_common.py","lineno":143}
{"timestamp":"2026-04-15T12:31:09.310874Z","level":"warning","event":"[SANITIZE] link_id=45867 field=maximum_speed suspicious sentinel value=999 -> NULL","logger":"lta_common","filename":"lta_common.py","lineno":143}
{"timestamp":"2026-04-15T12:31:09.310921Z","level":"warning","event":"[SANITIZE] link_id=45871 field=maximum_speed suspicious sentinel value=999 -> NULL","logger":"lta_common","filename":"lta_common.py","lineno":143}
{"timestamp":"2026-04-15T12:31:09.310955Z","level":"warning","event":"[SANITIZE] link_id=45872 field=maximum_speed suspicious sentinel value=999 -> NULL","logger":"lta_common","filename":"lta_common.py","lineno":143}
{"timestamp":"2026-04-15T12:31:09.311010Z","level":"warning","event":"[SANITIZE] link_id=45873 field=maximum_speed suspicious sentinel value=999 -> NULL","logger":"lta_common","filename":"lta_common.py","lineno":143}
{"timestamp":"2026-04-15T12:31:09.311064Z","level":"warning","event":"[SANITIZE] link_id=45874 field=maximum_speed suspicious sentinel value=999 -> NULL","logger":"lta_common","filename":"lta_common.py","lineno":143}
{"timestamp":"2026-04-15T12:31:09.311117Z","level":"warning","event":"[SANITIZE] link_id=45878 field=maximum_speed suspicious sentinel value=999 -> NULL","logger":"lta_common","filename":"lta_common.py","lineno":143}
{"timestamp":"2026-04-15T12:31:09.311157Z","level":"warning","event":"[SANITIZE] link_id=45880 field=maximum_speed suspicious sentinel value=999 -> NULL","logger":"lta_common","filename":"lta_common.py","lineno":143}
{"timestamp":"2026-04-15T12:31:09.311225Z","level":"warning","event":"[SANITIZE] link_id=45890 field=maximum_speed suspicious sentinel value=999 -> NULL","logger":"lta_common","filename":"lta_common.py","lineno":143}
{"timestamp":"2026-04-15T12:31:09.311315Z","level":"warning","event":"[SANITIZE] link_id=45906 field=maximum_speed suspicious sentinel value=999 -> NULL","logger":"lta_common","filename":"lta_common.py","lineno":143}
{"timestamp":"2026-04-15T12:31:09.311349Z","level":"warning","event":"[SANITIZE] link_id=45907 field=maximum_speed suspicious sentinel value=999 -> NULL","logger":"lta_common","filename":"lta_common.py","lineno":143}
{"timestamp":"2026-04-15T12:31:09.311396Z","level":"warning","event":"[SANITIZE] link_id=45912 field=maximum_speed suspicious sentinel value=999 -> NULL","logger":"lta_common","filename":"lta_common.py","lineno":143}
{"timestamp":"2026-04-15T12:31:09.311466Z","level":"warning","event":"[SANITIZE] link_id=45928 field=maximum_speed suspicious sentinel value=999 -> NULL","logger":"lta_common","filename":"lta_common.py","lineno":143}
{"timestamp":"2026-04-15T12:31:09.311513Z","level":"warning","event":"[SANITIZE] link_id=45932 field=maximum_speed suspicious sentinel value=999 -> NULL","logger":"lta_common","filename":"lta_common.py","lineno":143}
{"timestamp":"2026-04-15T12:31:09.311547Z","level":"warning","event":"[SANITIZE] link_id=45933 field=maximum_speed suspicious sentinel value=999 -> NULL","logger":"lta_common","filename":"lta_common.py","lineno":143}
{"timestamp":"2026-04-15T12:31:09.311603Z","level":"warning","event":"[SANITIZE] link_id=45943 field=maximum_speed suspicious sentinel value=999 -> NULL","logger":"lta_common","filename":"lta_common.py","lineno":143}
{"timestamp":"2026-04-15T12:31:09.311663Z","level":"warning","event":"[SANITIZE] link_id=45950 field=maximum_speed suspicious sentinel value=999 -> NULL","logger":"lta_common","filename":"lta_common.py","lineno":143}
{"timestamp":"2026-04-15T12:31:09.311702Z","level":"warning","event":"[SANITIZE] link_id=45952 field=maximum_speed suspicious sentinel value=999 -> NULL","logger":"lta_common","filename":"lta_common.py","lineno":143}
{"timestamp":"2026-04-15T12:31:09.311740Z","level":"warning","event":"[SANITIZE] link_id=45954 field=maximum_speed suspicious sentinel value=999 -> NULL","logger":"lta_common","filename":"lta_common.py","lineno":143}
{"timestamp":"2026-04-15T12:31:09.311774Z","level":"warning","event":"[SANITIZE] link_id=45955 field=maximum_speed suspicious sentinel value=999 -> NULL","logger":"lta_common","filename":"lta_common.py","lineno":143}
{"timestamp":"2026-04-15T12:31:09.311809Z","level":"warning","event":"[SANITIZE] link_id=45956 field=maximum_speed suspicious sentinel value=999 -> NULL","logger":"lta_common","filename":"lta_common.py","lineno":143}
{"timestamp":"2026-04-15T12:31:09.311843Z","level":"warning","event":"[SANITIZE] link_id=45957 field=maximum_speed suspicious sentinel value=999 -> NULL","logger":"lta_common","filename":"lta_common.py","lineno":143}
{"timestamp":"2026-04-15T12:31:09.311890Z","level":"warning","event":"[SANITIZE] link_id=45963 field=maximum_speed suspicious sentinel value=999 -> NULL","logger":"lta_common","filename":"lta_common.py","lineno":143}
{"timestamp":"2026-04-15T12:31:09.311967Z","level":"warning","event":"[SANITIZE] link_id=45974 field=maximum_speed suspicious sentinel value=999 -> NULL","logger":"lta_common","filename":"lta_common.py","lineno":143}
{"timestamp":"2026-04-15T12:31:09.312025Z","level":"warning","event":"[SANITIZE] link_id=45975 field=maximum_speed suspicious sentinel value=999 -> NULL","logger":"lta_common","filename":"lta_common.py","lineno":143}
{"timestamp":"2026-04-15T12:31:09.312066Z","level":"warning","event":"[SANITIZE] link_id=45976 field=maximum_speed suspicious sentinel value=999 -> NULL","logger":"lta_common","filename":"lta_common.py","lineno":143}
{"timestamp":"2026-04-15T12:31:09.312100Z","level":"warning","event":"[SANITIZE] link_id=45977 field=maximum_speed suspicious sentinel value=999 -> NULL","logger":"lta_common","filename":"lta_common.py","lineno":143}
{"timestamp":"2026-04-15T12:31:09.312151Z","level":"warning","event":"[SANITIZE] link_id=45979 field=maximum_speed suspicious sentinel value=999 -> NULL","logger":"lta_common","filename":"lta_common.py","lineno":143}
{"timestamp":"2026-04-15T12:31:09.312195Z","level":"warning","event":"[SANITIZE] link_id=45981 field=maximum_speed suspicious sentinel value=999 -> NULL","logger":"lta_common","filename":"lta_common.py","lineno":143}
{"timestamp":"2026-04-15T12:31:09.312246Z","level":"warning","event":"[SANITIZE] link_id=45986 field=maximum_speed suspicious sentinel value=999 -> NULL","logger":"lta_common","filename":"lta_common.py","lineno":143}
{"timestamp":"2026-04-15T12:31:09.312280Z","level":"warning","event":"[SANITIZE] link_id=45987 field=maximum_speed suspicious sentinel value=999 -> NULL","logger":"lta_common","filename":"lta_common.py","lineno":143}
{"timestamp":"2026-04-15T12:31:09.312314Z","level":"warning","event":"[SANITIZE] link_id=45988 field=maximum_speed suspicious sentinel value=999 -> NULL","logger":"lta_common","filename":"lta_common.py","lineno":143}
{"timestamp":"2026-04-15T12:31:09.312353Z","level":"warning","event":"[SANITIZE] link_id=45990 field=maximum_speed suspicious sentinel value=999 -> NULL","logger":"lta_common","filename":"lta_common.py","lineno":143}
{"timestamp":"2026-04-15T12:31:09.312386Z","level":"warning","event":"[SANITIZE] link_id=45991 field=maximum_speed suspicious sentinel value=999 -> NULL","logger":"lta_common","filename":"lta_common.py","lineno":143}
{"timestamp":"2026-04-15T12:31:09.312429Z","level":"warning","event":"[SANITIZE] link_id=45995 field=maximum_speed suspicious sentinel value=999 -> NULL","logger":"lta_common","filename":"lta_common.py","lineno":143}
{"timestamp":"2026-04-15T12:31:09.312467Z","level":"warning","event":"[SANITIZE] link_id=45997 field=maximum_speed suspicious sentinel value=999 -> NULL","logger":"lta_common","filename":"lta_common.py","lineno":143}
{"timestamp":"2026-04-15T12:31:09.312507Z","level":"warning","event":"[SANITIZE] link_id=45999 field=maximum_speed suspicious sentinel value=999 -> NULL","logger":"lta_common","filename":"lta_common.py","lineno":143}
{"timestamp":"2026-04-15T12:31:09.312549Z","level":"warning","event":"[SANITIZE] link_id=46002 field=maximum_speed suspicious sentinel value=999 -> NULL","logger":"lta_common","filename":"lta_common.py","lineno":143}
{"timestamp":"2026-04-15T12:31:09.312592Z","level":"warning","event":"[SANITIZE] link_id=46006 field=maximum_speed suspicious sentinel value=999 -> NULL","logger":"lta_common","filename":"lta_common.py","lineno":143}
{"timestamp":"2026-04-15T12:31:09.312626Z","level":"warning","event":"[SANITIZE] link_id=46007 field=maximum_speed suspicious sentinel value=999 -> NULL","logger":"lta_common","filename":"lta_common.py","lineno":143}
{"timestamp":"2026-04-15T12:31:09.312660Z","level":"warning","event":"[SANITIZE] link_id=46008 field=maximum_speed suspicious sentinel value=999 -> NULL","logger":"lta_common","filename":"lta_common.py","lineno":143}
{"timestamp":"2026-04-15T12:31:09.312701Z","level":"warning","event":"[SANITIZE] link_id=46009 field=maximum_speed suspicious sentinel value=999 -> NULL","logger":"lta_common","filename":"lta_common.py","lineno":143}
{"timestamp":"2026-04-15T12:31:09.312744Z","level":"warning","event":"[SANITIZE] link_id=46012 field=maximum_speed suspicious sentinel value=999 -> NULL","logger":"lta_common","filename":"lta_common.py","lineno":143}
{"timestamp":"2026-04-15T12:31:09.312782Z","level":"warning","event":"[SANITIZE] link_id=46014 field=maximum_speed suspicious sentinel value=999 -> NULL","logger":"lta_common","filename":"lta_common.py","lineno":143}
{"timestamp":"2026-04-15T12:31:09.312815Z","level":"warning","event":"[SANITIZE] link_id=46015 field=maximum_speed suspicious sentinel value=999 -> NULL","logger":"lta_common","filename":"lta_common.py","lineno":143}
{"timestamp":"2026-04-15T12:31:09.312850Z","level":"warning","event":"[SANITIZE] link_id=46016 field=maximum_speed suspicious sentinel value=999 -> NULL","logger":"lta_common","filename":"lta_common.py","lineno":143}
{"timestamp":"2026-04-15T12:31:09.313150Z","level":"warning","event":"[SANITIZE] link_id=46083 field=maximum_speed suspicious sentinel value=999 -> NULL","logger":"lta_common","filename":"lta_common.py","lineno":143}
{"timestamp":"2026-04-15T12:31:09.313191Z","level":"warning","event":"[SANITIZE] link_id=46084 field=maximum_speed suspicious sentinel value=999 -> NULL","logger":"lta_common","filename":"lta_common.py","lineno":143}
{"timestamp":"2026-04-15T12:31:09.313240Z","level":"warning","event":"[SANITIZE] link_id=46085 field=maximum_speed suspicious sentinel value=999 -> NULL","logger":"lta_common","filename":"lta_common.py","lineno":143}
{"timestamp":"2026-04-15T12:31:09.313286Z","level":"warning","event":"[SANITIZE] link_id=46088 field=maximum_speed suspicious sentinel value=999 -> NULL","logger":"lta_common","filename":"lta_common.py","lineno":143}
{"timestamp":"2026-04-15T12:31:09.313320Z","level":"warning","event":"[SANITIZE] link_id=46089 field=maximum_speed suspicious sentinel value=999 -> NULL","logger":"lta_common","filename":"lta_common.py","lineno":143}
{"timestamp":"2026-04-15T12:31:09.313354Z","level":"warning","event":"[SANITIZE] link_id=46090 field=maximum_speed suspicious sentinel value=999 -> NULL","logger":"lta_common","filename":"lta_common.py","lineno":143}
{"timestamp":"2026-04-15T12:31:09.313387Z","level":"warning","event":"[SANITIZE] link_id=46091 field=maximum_speed suspicious sentinel value=999 -> NULL","logger":"lta_common","filename":"lta_common.py","lineno":143}
{"timestamp":"2026-04-15T12:31:09.313420Z","level":"warning","event":"[SANITIZE] link_id=46092 field=maximum_speed suspicious sentinel value=999 -> NULL","logger":"lta_common","filename":"lta_common.py","lineno":143}
{"timestamp":"2026-04-15T12:31:09.313454Z","level":"warning","event":"[SANITIZE] link_id=46093 field=maximum_speed suspicious sentinel value=999 -> NULL","logger":"lta_common","filename":"lta_common.py","lineno":143}
{"timestamp":"2026-04-15T12:31:09.313496Z","level":"warning","event":"[SANITIZE] link_id=46096 field=maximum_speed suspicious sentinel value=999 -> NULL","logger":"lta_common","filename":"lta_common.py","lineno":143}
{"timestamp":"2026-04-15T12:31:09.313533Z","level":"warning","event":"[SANITIZE] link_id=46098 field=maximum_speed suspicious sentinel value=999 -> NULL","logger":"lta_common","filename":"lta_common.py","lineno":143}
{"timestamp":"2026-04-15T12:31:09.313567Z","level":"warning","event":"[SANITIZE] link_id=46099 field=maximum_speed suspicious sentinel value=999 -> NULL","logger":"lta_common","filename":"lta_common.py","lineno":143}
{"timestamp":"2026-04-15T12:31:09.313609Z","level":"warning","event":"[SANITIZE] link_id=46102 field=maximum_speed suspicious sentinel value=999 -> NULL","logger":"lta_common","filename":"lta_common.py","lineno":143}
{"timestamp":"2026-04-15T12:31:09.313648Z","level":"warning","event":"[SANITIZE] link_id=46104 field=maximum_speed suspicious sentinel value=999 -> NULL","logger":"lta_common","filename":"lta_common.py","lineno":143}
{"timestamp":"2026-04-15T12:31:09.313727Z","level":"warning","event":"[SANITIZE] link_id=46115 field=maximum_speed suspicious sentinel value=999 -> NULL","logger":"lta_common","filename":"lta_common.py","lineno":143}
{"timestamp":"2026-04-15T12:31:09.313769Z","level":"warning","event":"[SANITIZE] link_id=46118 field=maximum_speed suspicious sentinel value=999 -> NULL","logger":"lta_common","filename":"lta_common.py","lineno":143}
{"timestamp":"2026-04-15T12:31:09.314035Z","level":"warning","event":"[SANITIZE] link_id=46168 field=maximum_speed suspicious sentinel value=999 -> NULL","logger":"lta_common","filename":"lta_common.py","lineno":143}
{"timestamp":"2026-04-15T12:31:09.314070Z","level":"warning","event":"[SANITIZE] link_id=46169 field=maximum_speed suspicious sentinel value=999 -> NULL","logger":"lta_common","filename":"lta_common.py","lineno":143}
{"timestamp":"2026-04-15T12:31:09.314104Z","level":"warning","event":"[SANITIZE] link_id=46170 field=maximum_speed suspicious sentinel value=999 -> NULL","logger":"lta_common","filename":"lta_common.py","lineno":143}
{"timestamp":"2026-04-15T12:31:09.314141Z","level":"warning","event":"[SANITIZE] link_id=46172 field=maximum_speed suspicious sentinel value=999 -> NULL","logger":"lta_common","filename":"lta_common.py","lineno":143}
{"timestamp":"2026-04-15T12:31:09.314175Z","level":"warning","event":"[SANITIZE] link_id=46173 field=maximum_speed suspicious sentinel value=999 -> NULL","logger":"lta_common","filename":"lta_common.py","lineno":143}
{"timestamp":"2026-04-15T12:31:09.314209Z","level":"warning","event":"[SANITIZE] link_id=46174 field=maximum_speed suspicious sentinel value=999 -> NULL","logger":"lta_common","filename":"lta_common.py","lineno":143}
{"timestamp":"2026-04-15T12:31:09.314246Z","level":"warning","event":"[SANITIZE] link_id=46175 field=maximum_speed suspicious sentinel value=999 -> NULL","logger":"lta_common","filename":"lta_common.py","lineno":143}
{"timestamp":"2026-04-15T12:31:09.314276Z","level":"warning","event":"[SANITIZE] link_id=46176 field=maximum_speed suspicious sentinel value=999 -> NULL","logger":"lta_common","filename":"lta_common.py","lineno":143}
{"timestamp":"2026-04-15T12:31:09.314322Z","level":"warning","event":"[SANITIZE] link_id=46181 field=maximum_speed suspicious sentinel value=999 -> NULL","logger":"lta_common","filename":"lta_common.py","lineno":143}
{"timestamp":"2026-04-15T12:31:09.314352Z","level":"warning","event":"[SANITIZE] link_id=46182 field=maximum_speed suspicious sentinel value=999 -> NULL","logger":"lta_common","filename":"lta_common.py","lineno":143}
{"timestamp":"2026-04-15T12:31:09.314383Z","level":"warning","event":"[SANITIZE] link_id=46183 field=maximum_speed suspicious sentinel value=999 -> NULL","logger":"lta_common","filename":"lta_common.py","lineno":143}
{"timestamp":"2026-04-15T12:31:09.314413Z","level":"warning","event":"[SANITIZE] link_id=46184 field=maximum_speed suspicious sentinel value=999 -> NULL","logger":"lta_common","filename":"lta_common.py","lineno":143}
{"timestamp":"2026-04-15T12:31:09.314443Z","level":"warning","event":"[SANITIZE] link_id=46185 field=maximum_speed suspicious sentinel value=999 -> NULL","logger":"lta_common","filename":"lta_common.py","lineno":143}
{"timestamp":"2026-04-15T12:31:09.314473Z","level":"warning","event":"[SANITIZE] link_id=46186 field=maximum_speed suspicious sentinel value=999 -> NULL","logger":"lta_common","filename":"lta_common.py","lineno":143}
{"timestamp":"2026-04-15T12:31:09.314502Z","level":"warning","event":"[SANITIZE] link_id=46187 field=maximum_speed suspicious sentinel value=999 -> NULL","logger":"lta_common","filename":"lta_common.py","lineno":143}
{"timestamp":"2026-04-15T12:31:09.314541Z","level":"warning","event":"[SANITIZE] link_id=46190 field=maximum_speed suspicious sentinel value=999 -> NULL","logger":"lta_common","filename":"lta_common.py","lineno":143}
{"timestamp":"2026-04-15T12:31:09.314570Z","level":"warning","event":"[SANITIZE] link_id=46191 field=maximum_speed suspicious sentinel value=999 -> NULL","logger":"lta_common","filename":"lta_common.py","lineno":143}
{"timestamp":"2026-04-15T12:31:09.314608Z","level":"warning","event":"[SANITIZE] link_id=46194 field=maximum_speed suspicious sentinel value=999 -> NULL","logger":"lta_common","filename":"lta_common.py","lineno":143}
{"timestamp":"2026-04-15T12:31:09.314643Z","level":"warning","event":"[SANITIZE] link_id=46196 field=maximum_speed suspicious sentinel value=999 -> NULL","logger":"lta_common","filename":"lta_common.py","lineno":143}
{"timestamp":"2026-04-15T12:31:09.314673Z","level":"warning","event":"[SANITIZE] link_id=46197 field=maximum_speed suspicious sentinel value=999 -> NULL","logger":"lta_common","filename":"lta_common.py","lineno":143}
{"timestamp":"2026-04-15T12:31:09.314703Z","level":"warning","event":"[SANITIZE] link_id=46198 field=maximum_speed suspicious sentinel value=999 -> NULL","logger":"lta_common","filename":"lta_common.py","lineno":143}
{"timestamp":"2026-04-15T12:31:09.314733Z","level":"warning","event":"[SANITIZE] link_id=46199 field=maximum_speed suspicious sentinel value=999 -> NULL","logger":"lta_common","filename":"lta_common.py","lineno":143}
{"timestamp":"2026-04-15T12:31:09.314771Z","level":"warning","event":"[SANITIZE] link_id=46202 field=maximum_speed suspicious sentinel value=999 -> NULL","logger":"lta_common","filename":"lta_common.py","lineno":143}
{"timestamp":"2026-04-15T12:31:09.314820Z","level":"warning","event":"[SANITIZE] link_id=46208 field=maximum_speed suspicious sentinel value=999 -> NULL","logger":"lta_common","filename":"lta_common.py","lineno":143}
{"timestamp":"2026-04-15T12:31:09.314858Z","level":"warning","event":"[SANITIZE] link_id=46211 field=maximum_speed suspicious sentinel value=999 -> NULL","logger":"lta_common","filename":"lta_common.py","lineno":143}
{"timestamp":"2026-04-15T12:31:09.314889Z","level":"warning","event":"[SANITIZE] link_id=46212 field=maximum_speed suspicious sentinel value=999 -> NULL","logger":"lta_common","filename":"lta_common.py","lineno":143}
{"timestamp":"2026-04-15T12:31:09.314930Z","level":"warning","event":"[SANITIZE] link_id=46217 field=maximum_speed suspicious sentinel value=999 -> NULL","logger":"lta_common","filename":"lta_common.py","lineno":143}
{"timestamp":"2026-04-15T12:31:09.314961Z","level":"warning","event":"[SANITIZE] link_id=46218 field=maximum_speed suspicious sentinel value=999 -> NULL","logger":"lta_common","filename":"lta_common.py","lineno":143}
{"timestamp":"2026-04-15T12:31:09.315007Z","level":"warning","event":"[SANITIZE] link_id=46219 field=maximum_speed suspicious sentinel value=999 -> NULL","logger":"lta_common","filename":"lta_common.py","lineno":143}
{"timestamp":"2026-04-15T12:31:09.315047Z","level":"warning","event":"[SANITIZE] link_id=46220 field=maximum_speed suspicious sentinel value=999 -> NULL","logger":"lta_common","filename":"lta_common.py","lineno":143}
{"timestamp":"2026-04-15T12:31:09.315093Z","level":"warning","event":"[SANITIZE] link_id=46223 field=maximum_speed suspicious sentinel value=999 -> NULL","logger":"lta_common","filename":"lta_common.py","lineno":143}
{"timestamp":"2026-04-15T12:31:09.315125Z","level":"warning","event":"[SANITIZE] link_id=46224 field=maximum_speed suspicious sentinel value=999 -> NULL","logger":"lta_common","filename":"lta_common.py","lineno":143}
{"timestamp":"2026-04-15T12:31:09.315175Z","level":"warning","event":"[SANITIZE] link_id=46230 field=maximum_speed suspicious sentinel value=999 -> NULL","logger":"lta_common","filename":"lta_common.py","lineno":143}
{"timestamp":"2026-04-15T12:31:09.315209Z","level":"warning","event":"[SANITIZE] link_id=46232 field=maximum_speed suspicious sentinel value=999 -> NULL","logger":"lta_common","filename":"lta_common.py","lineno":143}
{"timestamp":"2026-04-15T12:31:09.315313Z","level":"warning","event":"[SANITIZE] link_id=46254 field=maximum_speed suspicious sentinel value=999 -> NULL","logger":"lta_common","filename":"lta_common.py","lineno":143}
{"timestamp":"2026-04-15T12:31:09.315343Z","level":"warning","event":"[SANITIZE] link_id=46255 field=maximum_speed suspicious sentinel value=999 -> NULL","logger":"lta_common","filename":"lta_common.py","lineno":143}
{"timestamp":"2026-04-15T12:31:09.315394Z","level":"warning","event":"[SANITIZE] link_id=46263 field=maximum_speed suspicious sentinel value=999 -> NULL","logger":"lta_common","filename":"lta_common.py","lineno":143}
{"timestamp":"2026-04-15T12:31:09.315424Z","level":"warning","event":"[SANITIZE] link_id=46264 field=maximum_speed suspicious sentinel value=999 -> NULL","logger":"lta_common","filename":"lta_common.py","lineno":143}
{"timestamp":"2026-04-15T12:31:09.315454Z","level":"warning","event":"[SANITIZE] link_id=46265 field=maximum_speed suspicious sentinel value=999 -> NULL","logger":"lta_common","filename":"lta_common.py","lineno":143}
{"timestamp":"2026-04-15T12:31:09.315484Z","level":"warning","event":"[SANITIZE] link_id=46266 field=maximum_speed suspicious sentinel value=999 -> NULL","logger":"lta_common","filename":"lta_common.py","lineno":143}
{"timestamp":"2026-04-15T12:31:09.316013Z","level":"info","event":"[CLEAN DONE] rows=500 | null_speed_band=0 | null_minimum_speed=0 | null_maximum_speed=168","logger":"lta_common","filename":"lta_common.py","lineno":238}
{"timestamp":"2026-04-15T12:31:09.317230Z","level":"info","event":"STEP 5: built cleaned snapshot dataframe rows=500","logger":"2_refresh_traffic_speed","filename":"2_refresh_traffic_speed.py","lineno":44}
{"timestamp":"2026-04-15T12:31:09.317688Z","level":"info","event":"[LATEST PREP] rows=500 | missing_measurement_rows=0","logger":"lta_common","filename":"lta_common.py","lineno":271}
{"timestamp":"2026-04-15T12:31:09.318045Z","level":"info","event":"[UPSERT START] upserting 500 rows into traffic_speed_latest","logger":"lta_common","filename":"lta_common.py","lineno":348}
{"timestamp":"2026-04-15T12:31:09.318453Z","level":"info","event":"[UPSERT DEBUG] max_link_id=46279 | min_link_id=45722 | max_speed_band=8 | min_speed_band=1 | max_minimum_speed=70 | min_minimum_speed=0 | max_maximum_speed=69.0 | min_maximum_speed=9.0","logger":"lta_common","filename":"lta_common.py","lineno":350}
{"timestamp":"2026-04-15T12:31:09.662516Z","level":"info","event":"[UPSERT DONE] upserted=500 rows into traffic_speed_latest","logger":"lta_common","filename":"lta_common.py","lineno":388}
{"timestamp":"2026-04-15T12:31:09.665090Z","level":"info","event":"[SAVE START] inserting 500 rows into traffic_speed_recent","logger":"lta_common","filename":"lta_common.py","lineno":319}
{"timestamp":"2026-04-15T12:31:10.040685Z","level":"info","event":"[SAVE DONE] inserted=500 rows into traffic_speed_recent","logger":"lta_common","filename":"lta_common.py","lineno":337}
{"timestamp":"2026-04-15T12:31:10.041353Z","level":"info","event":"STEP 6: page saved skip=30500 | pages=62 | latest_rows=31000 | recent_rows=31000","logger":"2_refresh_traffic_speed","filename":"2_refresh_traffic_speed.py","lineno":56}
{"timestamp":"2026-04-15T12:31:10.041545Z","level":"info","event":"========== PAGE START ==========","logger":"lta_common","filename":"lta_common.py","lineno":53}
{"timestamp":"2026-04-15T12:31:10.041664Z","level":"info","event":"[FETCH] requesting rows 31000–31499","logger":"lta_common","filename":"lta_common.py","lineno":54}
{"timestamp":"2026-04-15T12:31:10.041761Z","level":"info","event":"Fetching page from LTA: skip=31000","logger":"lta_common","filename":"lta_common.py","lineno":36}
{"timestamp":"2026-04-15T12:31:10.313668Z","level":"info","event":"Retrieved 500 rows from LTA at skip=31000","logger":"lta_common","filename":"lta_common.py","lineno":44}
{"timestamp":"2026-04-15T12:31:10.316755Z","level":"info","event":"[FETCH DONE] retrieved=500 rows at skip=31000","logger":"lta_common","filename":"lta_common.py","lineno":59}
{"timestamp":"2026-04-15T12:31:10.317364Z","level":"info","event":"STEP 4: processing page skip=31000 rows=500","logger":"2_refresh_traffic_speed","filename":"2_refresh_traffic_speed.py","lineno":41}
{"timestamp":"2026-04-15T12:31:10.329922Z","level":"warning","event":"[SANITIZE] link_id=46298 field=maximum_speed suspicious sentinel value=999 -> NULL","logger":"lta_common","filename":"lta_common.py","lineno":143}
{"timestamp":"2026-04-15T12:31:10.330031Z","level":"warning","event":"[SANITIZE] link_id=46299 field=maximum_speed suspicious sentinel value=999 -> NULL","logger":"lta_common","filename":"lta_common.py","lineno":143}
{"timestamp":"2026-04-15T12:31:10.330082Z","level":"warning","event":"[SANITIZE] link_id=46300 field=maximum_speed suspicious sentinel value=999 -> NULL","logger":"lta_common","filename":"lta_common.py","lineno":143}
{"timestamp":"2026-04-15T12:31:10.330130Z","level":"warning","event":"[SANITIZE] link_id=46303 field=maximum_speed suspicious sentinel value=999 -> NULL","logger":"lta_common","filename":"lta_common.py","lineno":143}
{"timestamp":"2026-04-15T12:31:10.330191Z","level":"warning","event":"[SANITIZE] link_id=46306 field=maximum_speed suspicious sentinel value=999 -> NULL","logger":"lta_common","filename":"lta_common.py","lineno":143}
{"timestamp":"2026-04-15T12:31:10.330234Z","level":"warning","event":"[SANITIZE] link_id=46308 field=maximum_speed suspicious sentinel value=999 -> NULL","logger":"lta_common","filename":"lta_common.py","lineno":143}
{"timestamp":"2026-04-15T12:31:10.330270Z","level":"warning","event":"[SANITIZE] link_id=46309 field=maximum_speed suspicious sentinel value=999 -> NULL","logger":"lta_common","filename":"lta_common.py","lineno":143}
{"timestamp":"2026-04-15T12:31:10.330310Z","level":"warning","event":"[SANITIZE] link_id=46311 field=maximum_speed suspicious sentinel value=999 -> NULL","logger":"lta_common","filename":"lta_common.py","lineno":143}
{"timestamp":"2026-04-15T12:31:10.330346Z","level":"warning","event":"[SANITIZE] link_id=46312 field=maximum_speed suspicious sentinel value=999 -> NULL","logger":"lta_common","filename":"lta_common.py","lineno":143}
{"timestamp":"2026-04-15T12:31:10.330403Z","level":"warning","event":"[SANITIZE] link_id=46318 field=maximum_speed suspicious sentinel value=999 -> NULL","logger":"lta_common","filename":"lta_common.py","lineno":143}
{"timestamp":"2026-04-15T12:31:10.330438Z","level":"warning","event":"[SANITIZE] link_id=46319 field=maximum_speed suspicious sentinel value=999 -> NULL","logger":"lta_common","filename":"lta_common.py","lineno":143}
{"timestamp":"2026-04-15T12:31:10.330490Z","level":"warning","event":"[SANITIZE] link_id=46324 field=maximum_speed suspicious sentinel value=999 -> NULL","logger":"lta_common","filename":"lta_common.py","lineno":143}
{"timestamp":"2026-04-15T12:31:10.330525Z","level":"warning","event":"[SANITIZE] link_id=46325 field=maximum_speed suspicious sentinel value=999 -> NULL","logger":"lta_common","filename":"lta_common.py","lineno":143}
{"timestamp":"2026-04-15T12:31:10.330559Z","level":"warning","event":"[SANITIZE] link_id=46326 field=maximum_speed suspicious sentinel value=999 -> NULL","logger":"lta_common","filename":"lta_common.py","lineno":143}
{"timestamp":"2026-04-15T12:31:10.330595Z","level":"warning","event":"[SANITIZE] link_id=46327 field=maximum_speed suspicious sentinel value=999 -> NULL","logger":"lta_common","filename":"lta_common.py","lineno":143}
{"timestamp":"2026-04-15T12:31:10.330629Z","level":"warning","event":"[SANITIZE] link_id=46328 field=maximum_speed suspicious sentinel value=999 -> NULL","logger":"lta_common","filename":"lta_common.py","lineno":143}
{"timestamp":"2026-04-15T12:31:10.330662Z","level":"warning","event":"[SANITIZE] link_id=46331 field=maximum_speed suspicious sentinel value=999 -> NULL","logger":"lta_common","filename":"lta_common.py","lineno":143}
{"timestamp":"2026-04-15T12:31:10.330702Z","level":"warning","event":"[SANITIZE] link_id=46333 field=maximum_speed suspicious sentinel value=999 -> NULL","logger":"lta_common","filename":"lta_common.py","lineno":143}
{"timestamp":"2026-04-15T12:31:10.330737Z","level":"warning","event":"[SANITIZE] link_id=46334 field=maximum_speed suspicious sentinel value=999 -> NULL","logger":"lta_common","filename":"lta_common.py","lineno":143}
{"timestamp":"2026-04-15T12:31:10.330793Z","level":"warning","event":"[SANITIZE] link_id=46340 field=maximum_speed suspicious sentinel value=999 -> NULL","logger":"lta_common","filename":"lta_common.py","lineno":143}
{"timestamp":"2026-04-15T12:31:10.330827Z","level":"warning","event":"[SANITIZE] link_id=46341 field=maximum_speed suspicious sentinel value=999 -> NULL","logger":"lta_common","filename":"lta_common.py","lineno":143}
{"timestamp":"2026-04-15T12:31:10.330861Z","level":"warning","event":"[SANITIZE] link_id=46342 field=maximum_speed suspicious sentinel value=999 -> NULL","logger":"lta_common","filename":"lta_common.py","lineno":143}
{"timestamp":"2026-04-15T12:31:10.330900Z","level":"warning","event":"[SANITIZE] link_id=46347 field=maximum_speed suspicious sentinel value=999 -> NULL","logger":"lta_common","filename":"lta_common.py","lineno":143}
{"timestamp":"2026-04-15T12:31:10.330938Z","level":"warning","event":"[SANITIZE] link_id=46349 field=maximum_speed suspicious sentinel value=999 -> NULL","logger":"lta_common","filename":"lta_common.py","lineno":143}
{"timestamp":"2026-04-15T12:31:10.331018Z","level":"warning","event":"[SANITIZE] link_id=46356 field=maximum_speed suspicious sentinel value=999 -> NULL","logger":"lta_common","filename":"lta_common.py","lineno":143}
{"timestamp":"2026-04-15T12:31:10.331067Z","level":"warning","event":"[SANITIZE] link_id=46358 field=maximum_speed suspicious sentinel value=999 -> NULL","logger":"lta_common","filename":"lta_common.py","lineno":143}
{"timestamp":"2026-04-15T12:31:10.331110Z","level":"warning","event":"[SANITIZE] link_id=46361 field=maximum_speed suspicious sentinel value=999 -> NULL","logger":"lta_common","filename":"lta_common.py","lineno":143}
{"timestamp":"2026-04-15T12:31:10.331229Z","level":"warning","event":"[SANITIZE] link_id=46378 field=maximum_speed suspicious sentinel value=999 -> NULL","logger":"lta_common","filename":"lta_common.py","lineno":143}
{"timestamp":"2026-04-15T12:31:10.331266Z","level":"warning","event":"[SANITIZE] link_id=46379 field=maximum_speed suspicious sentinel value=999 -> NULL","logger":"lta_common","filename":"lta_common.py","lineno":143}
{"timestamp":"2026-04-15T12:31:10.331300Z","level":"warning","event":"[SANITIZE] link_id=46380 field=maximum_speed suspicious sentinel value=999 -> NULL","logger":"lta_common","filename":"lta_common.py","lineno":143}
{"timestamp":"2026-04-15T12:31:10.331334Z","level":"warning","event":"[SANITIZE] link_id=46381 field=maximum_speed suspicious sentinel value=999 -> NULL","logger":"lta_common","filename":"lta_common.py","lineno":143}
{"timestamp":"2026-04-15T12:31:10.331367Z","level":"warning","event":"[SANITIZE] link_id=46382 field=maximum_speed suspicious sentinel value=999 -> NULL","logger":"lta_common","filename":"lta_common.py","lineno":143}
{"timestamp":"2026-04-15T12:31:10.331419Z","level":"warning","event":"[SANITIZE] link_id=46390 field=maximum_speed suspicious sentinel value=999 -> NULL","logger":"lta_common","filename":"lta_common.py","lineno":143}
{"timestamp":"2026-04-15T12:31:10.331455Z","level":"warning","event":"[SANITIZE] link_id=46391 field=maximum_speed suspicious sentinel value=999 -> NULL","logger":"lta_common","filename":"lta_common.py","lineno":143}
{"timestamp":"2026-04-15T12:31:10.331510Z","level":"warning","event":"[SANITIZE] link_id=46398 field=maximum_speed suspicious sentinel value=999 -> NULL","logger":"lta_common","filename":"lta_common.py","lineno":143}
{"timestamp":"2026-04-15T12:31:10.331544Z","level":"warning","event":"[SANITIZE] link_id=46399 field=maximum_speed suspicious sentinel value=999 -> NULL","logger":"lta_common","filename":"lta_common.py","lineno":143}
{"timestamp":"2026-04-15T12:31:10.331586Z","level":"warning","event":"[SANITIZE] link_id=46402 field=maximum_speed suspicious sentinel value=999 -> NULL","logger":"lta_common","filename":"lta_common.py","lineno":143}
{"timestamp":"2026-04-15T12:31:10.331623Z","level":"warning","event":"[SANITIZE] link_id=46404 field=maximum_speed suspicious sentinel value=999 -> NULL","logger":"lta_common","filename":"lta_common.py","lineno":143}
{"timestamp":"2026-04-15T12:31:10.331656Z","level":"warning","event":"[SANITIZE] link_id=46405 field=maximum_speed suspicious sentinel value=999 -> NULL","logger":"lta_common","filename":"lta_common.py","lineno":143}
{"timestamp":"2026-04-15T12:31:10.331690Z","level":"warning","event":"[SANITIZE] link_id=46406 field=maximum_speed suspicious sentinel value=999 -> NULL","logger":"lta_common","filename":"lta_common.py","lineno":143}
{"timestamp":"2026-04-15T12:31:10.331736Z","level":"warning","event":"[SANITIZE] link_id=46410 field=maximum_speed suspicious sentinel value=999 -> NULL","logger":"lta_common","filename":"lta_common.py","lineno":143}
{"timestamp":"2026-04-15T12:31:10.331783Z","level":"warning","event":"[SANITIZE] link_id=46416 field=maximum_speed suspicious sentinel value=999 -> NULL","logger":"lta_common","filename":"lta_common.py","lineno":143}
{"timestamp":"2026-04-15T12:31:10.331817Z","level":"warning","event":"[SANITIZE] link_id=46418 field=maximum_speed suspicious sentinel value=999 -> NULL","logger":"lta_common","filename":"lta_common.py","lineno":143}
{"timestamp":"2026-04-15T12:31:10.331850Z","level":"warning","event":"[SANITIZE] link_id=46419 field=maximum_speed suspicious sentinel value=999 -> NULL","logger":"lta_common","filename":"lta_common.py","lineno":143}
{"timestamp":"2026-04-15T12:31:10.331883Z","level":"warning","event":"[SANITIZE] link_id=46420 field=maximum_speed suspicious sentinel value=999 -> NULL","logger":"lta_common","filename":"lta_common.py","lineno":143}
{"timestamp":"2026-04-15T12:31:10.331917Z","level":"warning","event":"[SANITIZE] link_id=46421 field=maximum_speed suspicious sentinel value=999 -> NULL","logger":"lta_common","filename":"lta_common.py","lineno":143}
{"timestamp":"2026-04-15T12:31:10.331952Z","level":"warning","event":"[SANITIZE] link_id=46422 field=maximum_speed suspicious sentinel value=999 -> NULL","logger":"lta_common","filename":"lta_common.py","lineno":143}
{"timestamp":"2026-04-15T12:31:10.331996Z","level":"warning","event":"[SANITIZE] link_id=46423 field=maximum_speed suspicious sentinel value=999 -> NULL","logger":"lta_common","filename":"lta_common.py","lineno":143}
{"timestamp":"2026-04-15T12:31:10.332069Z","level":"warning","event":"[SANITIZE] link_id=46429 field=maximum_speed suspicious sentinel value=999 -> NULL","logger":"lta_common","filename":"lta_common.py","lineno":143}
{"timestamp":"2026-04-15T12:31:10.332108Z","level":"warning","event":"[SANITIZE] link_id=46430 field=maximum_speed suspicious sentinel value=999 -> NULL","logger":"lta_common","filename":"lta_common.py","lineno":143}
{"timestamp":"2026-04-15T12:31:10.332142Z","level":"warning","event":"[SANITIZE] link_id=46431 field=maximum_speed suspicious sentinel value=999 -> NULL","logger":"lta_common","filename":"lta_common.py","lineno":143}
{"timestamp":"2026-04-15T12:31:10.332228Z","level":"warning","event":"[SANITIZE] link_id=46442 field=maximum_speed suspicious sentinel value=999 -> NULL","logger":"lta_common","filename":"lta_common.py","lineno":143}
{"timestamp":"2026-04-15T12:31:10.332272Z","level":"warning","event":"[SANITIZE] link_id=46446 field=maximum_speed suspicious sentinel value=999 -> NULL","logger":"lta_common","filename":"lta_common.py","lineno":143}
{"timestamp":"2026-04-15T12:31:10.332306Z","level":"warning","event":"[SANITIZE] link_id=46447 field=maximum_speed suspicious sentinel value=999 -> NULL","logger":"lta_common","filename":"lta_common.py","lineno":143}
{"timestamp":"2026-04-15T12:31:10.332355Z","level":"warning","event":"[SANITIZE] link_id=46448 field=maximum_speed suspicious sentinel value=999 -> NULL","logger":"lta_common","filename":"lta_common.py","lineno":143}
{"timestamp":"2026-04-15T12:31:10.332398Z","level":"warning","event":"[SANITIZE] link_id=46450 field=maximum_speed suspicious sentinel value=999 -> NULL","logger":"lta_common","filename":"lta_common.py","lineno":143}
{"timestamp":"2026-04-15T12:31:10.332432Z","level":"warning","event":"[SANITIZE] link_id=46451 field=maximum_speed suspicious sentinel value=999 -> NULL","logger":"lta_common","filename":"lta_common.py","lineno":143}
{"timestamp":"2026-04-15T12:31:10.332466Z","level":"warning","event":"[SANITIZE] link_id=46452 field=maximum_speed suspicious sentinel value=999 -> NULL","logger":"lta_common","filename":"lta_common.py","lineno":143}
{"timestamp":"2026-04-15T12:31:10.332500Z","level":"warning","event":"[SANITIZE] link_id=46453 field=maximum_speed suspicious sentinel value=999 -> NULL","logger":"lta_common","filename":"lta_common.py","lineno":143}
{"timestamp":"2026-04-15T12:31:10.332538Z","level":"warning","event":"[SANITIZE] link_id=46455 field=maximum_speed suspicious sentinel value=999 -> NULL","logger":"lta_common","filename":"lta_common.py","lineno":143}
{"timestamp":"2026-04-15T12:31:10.332572Z","level":"warning","event":"[SANITIZE] link_id=46456 field=maximum_speed suspicious sentinel value=999 -> NULL","logger":"lta_common","filename":"lta_common.py","lineno":143}
{"timestamp":"2026-04-15T12:31:10.332605Z","level":"warning","event":"[SANITIZE] link_id=46457 field=maximum_speed suspicious sentinel value=999 -> NULL","logger":"lta_common","filename":"lta_common.py","lineno":143}
{"timestamp":"2026-04-15T12:31:10.332644Z","level":"warning","event":"[SANITIZE] link_id=46460 field=maximum_speed suspicious sentinel value=999 -> NULL","logger":"lta_common","filename":"lta_common.py","lineno":143}
{"timestamp":"2026-04-15T12:31:10.332677Z","level":"warning","event":"[SANITIZE] link_id=46461 field=maximum_speed suspicious sentinel value=999 -> NULL","logger":"lta_common","filename":"lta_common.py","lineno":143}
{"timestamp":"2026-04-15T12:31:10.332711Z","level":"warning","event":"[SANITIZE] link_id=46462 field=maximum_speed suspicious sentinel value=999 -> NULL","logger":"lta_common","filename":"lta_common.py","lineno":143}
{"timestamp":"2026-04-15T12:31:10.332753Z","level":"warning","event":"[SANITIZE] link_id=46465 field=maximum_speed suspicious sentinel value=999 -> NULL","logger":"lta_common","filename":"lta_common.py","lineno":143}
{"timestamp":"2026-04-15T12:31:10.332786Z","level":"warning","event":"[SANITIZE] link_id=46466 field=maximum_speed suspicious sentinel value=999 -> NULL","logger":"lta_common","filename":"lta_common.py","lineno":143}
{"timestamp":"2026-04-15T12:31:10.332819Z","level":"warning","event":"[SANITIZE] link_id=46467 field=maximum_speed suspicious sentinel value=999 -> NULL","logger":"lta_common","filename":"lta_common.py","lineno":143}
{"timestamp":"2026-04-15T12:31:10.332853Z","level":"warning","event":"[SANITIZE] link_id=46468 field=maximum_speed suspicious sentinel value=999 -> NULL","logger":"lta_common","filename":"lta_common.py","lineno":143}
{"timestamp":"2026-04-15T12:31:10.332886Z","level":"warning","event":"[SANITIZE] link_id=46475 field=maximum_speed suspicious sentinel value=999 -> NULL","logger":"lta_common","filename":"lta_common.py","lineno":143}
{"timestamp":"2026-04-15T12:31:10.332919Z","level":"warning","event":"[SANITIZE] link_id=46476 field=maximum_speed suspicious sentinel value=999 -> NULL","logger":"lta_common","filename":"lta_common.py","lineno":143}
{"timestamp":"2026-04-15T12:31:10.332952Z","level":"warning","event":"[SANITIZE] link_id=46477 field=maximum_speed suspicious sentinel value=999 -> NULL","logger":"lta_common","filename":"lta_common.py","lineno":143}
{"timestamp":"2026-04-15T12:31:10.333000Z","level":"warning","event":"[SANITIZE] link_id=46478 field=maximum_speed suspicious sentinel value=999 -> NULL","logger":"lta_common","filename":"lta_common.py","lineno":143}
{"timestamp":"2026-04-15T12:31:10.333035Z","level":"warning","event":"[SANITIZE] link_id=46479 field=maximum_speed suspicious sentinel value=999 -> NULL","logger":"lta_common","filename":"lta_common.py","lineno":143}
{"timestamp":"2026-04-15T12:31:10.333069Z","level":"warning","event":"[SANITIZE] link_id=46480 field=maximum_speed suspicious sentinel value=999 -> NULL","logger":"lta_common","filename":"lta_common.py","lineno":143}
{"timestamp":"2026-04-15T12:31:10.333108Z","level":"warning","event":"[SANITIZE] link_id=46482 field=maximum_speed suspicious sentinel value=999 -> NULL","logger":"lta_common","filename":"lta_common.py","lineno":143}
{"timestamp":"2026-04-15T12:31:10.333152Z","level":"warning","event":"[SANITIZE] link_id=46497 field=maximum_speed suspicious sentinel value=999 -> NULL","logger":"lta_common","filename":"lta_common.py","lineno":143}
{"timestamp":"2026-04-15T12:31:10.333188Z","level":"warning","event":"[SANITIZE] link_id=46498 field=maximum_speed suspicious sentinel value=999 -> NULL","logger":"lta_common","filename":"lta_common.py","lineno":143}
{"timestamp":"2026-04-15T12:31:10.333221Z","level":"warning","event":"[SANITIZE] link_id=46502 field=maximum_speed suspicious sentinel value=999 -> NULL","logger":"lta_common","filename":"lta_common.py","lineno":143}
{"timestamp":"2026-04-15T12:31:10.333259Z","level":"warning","event":"[SANITIZE] link_id=46506 field=maximum_speed suspicious sentinel value=999 -> NULL","logger":"lta_common","filename":"lta_common.py","lineno":143}
{"timestamp":"2026-04-15T12:31:10.333304Z","level":"warning","event":"[SANITIZE] link_id=46509 field=maximum_speed suspicious sentinel value=999 -> NULL","logger":"lta_common","filename":"lta_common.py","lineno":143}
{"timestamp":"2026-04-15T12:31:10.333349Z","level":"warning","event":"[SANITIZE] link_id=46513 field=maximum_speed suspicious sentinel value=999 -> NULL","logger":"lta_common","filename":"lta_common.py","lineno":143}
{"timestamp":"2026-04-15T12:31:10.333382Z","level":"warning","event":"[SANITIZE] link_id=46514 field=maximum_speed suspicious sentinel value=999 -> NULL","logger":"lta_common","filename":"lta_common.py","lineno":143}
{"timestamp":"2026-04-15T12:31:10.333428Z","level":"warning","event":"[SANITIZE] link_id=46518 field=maximum_speed suspicious sentinel value=999 -> NULL","logger":"lta_common","filename":"lta_common.py","lineno":143}
{"timestamp":"2026-04-15T12:31:10.333462Z","level":"warning","event":"[SANITIZE] link_id=46519 field=maximum_speed suspicious sentinel value=999 -> NULL","logger":"lta_common","filename":"lta_common.py","lineno":143}
{"timestamp":"2026-04-15T12:31:10.333496Z","level":"warning","event":"[SANITIZE] link_id=46523 field=maximum_speed suspicious sentinel value=999 -> NULL","logger":"lta_common","filename":"lta_common.py","lineno":143}
{"timestamp":"2026-04-15T12:31:10.333529Z","level":"warning","event":"[SANITIZE] link_id=46525 field=maximum_speed suspicious sentinel value=999 -> NULL","logger":"lta_common","filename":"lta_common.py","lineno":143}
{"timestamp":"2026-04-15T12:31:10.333562Z","level":"warning","event":"[SANITIZE] link_id=46526 field=maximum_speed suspicious sentinel value=999 -> NULL","logger":"lta_common","filename":"lta_common.py","lineno":143}
{"timestamp":"2026-04-15T12:31:10.333595Z","level":"warning","event":"[SANITIZE] link_id=46527 field=maximum_speed suspicious sentinel value=999 -> NULL","logger":"lta_common","filename":"lta_common.py","lineno":143}
{"timestamp":"2026-04-15T12:31:10.333628Z","level":"warning","event":"[SANITIZE] link_id=46528 field=maximum_speed suspicious sentinel value=999 -> NULL","logger":"lta_common","filename":"lta_common.py","lineno":143}
{"timestamp":"2026-04-15T12:31:10.333661Z","level":"warning","event":"[SANITIZE] link_id=46529 field=maximum_speed suspicious sentinel value=999 -> NULL","logger":"lta_common","filename":"lta_common.py","lineno":143}
{"timestamp":"2026-04-15T12:31:10.333694Z","level":"warning","event":"[SANITIZE] link_id=46530 field=maximum_speed suspicious sentinel value=999 -> NULL","logger":"lta_common","filename":"lta_common.py","lineno":143}
{"timestamp":"2026-04-15T12:31:10.333727Z","level":"warning","event":"[SANITIZE] link_id=46531 field=maximum_speed suspicious sentinel value=999 -> NULL","logger":"lta_common","filename":"lta_common.py","lineno":143}
{"timestamp":"2026-04-15T12:31:10.333760Z","level":"warning","event":"[SANITIZE] link_id=46532 field=maximum_speed suspicious sentinel value=999 -> NULL","logger":"lta_common","filename":"lta_common.py","lineno":143}
{"timestamp":"2026-04-15T12:31:10.333793Z","level":"warning","event":"[SANITIZE] link_id=46533 field=maximum_speed suspicious sentinel value=999 -> NULL","logger":"lta_common","filename":"lta_common.py","lineno":143}
{"timestamp":"2026-04-15T12:31:10.333826Z","level":"warning","event":"[SANITIZE] link_id=46534 field=maximum_speed suspicious sentinel value=999 -> NULL","logger":"lta_common","filename":"lta_common.py","lineno":143}
{"timestamp":"2026-04-15T12:31:10.333859Z","level":"warning","event":"[SANITIZE] link_id=46535 field=maximum_speed suspicious sentinel value=999 -> NULL","logger":"lta_common","filename":"lta_common.py","lineno":143}
{"timestamp":"2026-04-15T12:31:10.333897Z","level":"warning","event":"[SANITIZE] link_id=46537 field=maximum_speed suspicious sentinel value=999 -> NULL","logger":"lta_common","filename":"lta_common.py","lineno":143}
{"timestamp":"2026-04-15T12:31:10.333947Z","level":"warning","event":"[SANITIZE] link_id=46545 field=maximum_speed suspicious sentinel value=999 -> NULL","logger":"lta_common","filename":"lta_common.py","lineno":143}
{"timestamp":"2026-04-15T12:31:10.334002Z","level":"warning","event":"[SANITIZE] link_id=46546 field=maximum_speed suspicious sentinel value=999 -> NULL","logger":"lta_common","filename":"lta_common.py","lineno":143}
{"timestamp":"2026-04-15T12:31:10.334070Z","level":"warning","event":"[SANITIZE] link_id=46547 field=maximum_speed suspicious sentinel value=999 -> NULL","logger":"lta_common","filename":"lta_common.py","lineno":143}
{"timestamp":"2026-04-15T12:31:10.334129Z","level":"warning","event":"[SANITIZE] link_id=46548 field=maximum_speed suspicious sentinel value=999 -> NULL","logger":"lta_common","filename":"lta_common.py","lineno":143}
{"timestamp":"2026-04-15T12:31:10.334183Z","level":"warning","event":"[SANITIZE] link_id=46549 field=maximum_speed suspicious sentinel value=999 -> NULL","logger":"lta_common","filename":"lta_common.py","lineno":143}
{"timestamp":"2026-04-15T12:31:10.334224Z","level":"warning","event":"[SANITIZE] link_id=46551 field=maximum_speed suspicious sentinel value=999 -> NULL","logger":"lta_common","filename":"lta_common.py","lineno":143}
{"timestamp":"2026-04-15T12:31:10.334279Z","level":"warning","event":"[SANITIZE] link_id=46557 field=maximum_speed suspicious sentinel value=999 -> NULL","logger":"lta_common","filename":"lta_common.py","lineno":143}
{"timestamp":"2026-04-15T12:31:10.334321Z","level":"warning","event":"[SANITIZE] link_id=46560 field=maximum_speed suspicious sentinel value=999 -> NULL","logger":"lta_common","filename":"lta_common.py","lineno":143}
{"timestamp":"2026-04-15T12:31:10.334363Z","level":"warning","event":"[SANITIZE] link_id=46565 field=maximum_speed suspicious sentinel value=999 -> NULL","logger":"lta_common","filename":"lta_common.py","lineno":143}
{"timestamp":"2026-04-15T12:31:10.334396Z","level":"warning","event":"[SANITIZE] link_id=46566 field=maximum_speed suspicious sentinel value=999 -> NULL","logger":"lta_common","filename":"lta_common.py","lineno":143}
{"timestamp":"2026-04-15T12:31:10.334438Z","level":"warning","event":"[SANITIZE] link_id=46569 field=maximum_speed suspicious sentinel value=999 -> NULL","logger":"lta_common","filename":"lta_common.py","lineno":143}
{"timestamp":"2026-04-15T12:31:10.334476Z","level":"warning","event":"[SANITIZE] link_id=46571 field=maximum_speed suspicious sentinel value=999 -> NULL","logger":"lta_common","filename":"lta_common.py","lineno":143}
{"timestamp":"2026-04-15T12:31:10.334514Z","level":"warning","event":"[SANITIZE] link_id=46573 field=maximum_speed suspicious sentinel value=999 -> NULL","logger":"lta_common","filename":"lta_common.py","lineno":143}
{"timestamp":"2026-04-15T12:31:10.334547Z","level":"warning","event":"[SANITIZE] link_id=46574 field=maximum_speed suspicious sentinel value=999 -> NULL","logger":"lta_common","filename":"lta_common.py","lineno":143}
{"timestamp":"2026-04-15T12:31:10.334731Z","level":"warning","event":"[SANITIZE] link_id=46620 field=maximum_speed suspicious sentinel value=999 -> NULL","logger":"lta_common","filename":"lta_common.py","lineno":143}
{"timestamp":"2026-04-15T12:31:10.334851Z","level":"warning","event":"[SANITIZE] link_id=46647 field=maximum_speed suspicious sentinel value=999 -> NULL","logger":"lta_common","filename":"lta_common.py","lineno":143}
{"timestamp":"2026-04-15T12:31:10.334911Z","level":"warning","event":"[SANITIZE] link_id=46660 field=maximum_speed suspicious sentinel value=999 -> NULL","logger":"lta_common","filename":"lta_common.py","lineno":143}
{"timestamp":"2026-04-15T12:31:10.334945Z","level":"warning","event":"[SANITIZE] link_id=46661 field=maximum_speed suspicious sentinel value=999 -> NULL","logger":"lta_common","filename":"lta_common.py","lineno":143}
{"timestamp":"2026-04-15T12:31:10.334993Z","level":"warning","event":"[SANITIZE] link_id=46663 field=maximum_speed suspicious sentinel value=999 -> NULL","logger":"lta_common","filename":"lta_common.py","lineno":143}
{"timestamp":"2026-04-15T12:31:10.335028Z","level":"warning","event":"[SANITIZE] link_id=46664 field=maximum_speed suspicious sentinel value=999 -> NULL","logger":"lta_common","filename":"lta_common.py","lineno":143}
{"timestamp":"2026-04-15T12:31:10.335061Z","level":"warning","event":"[SANITIZE] link_id=46665 field=maximum_speed suspicious sentinel value=999 -> NULL","logger":"lta_common","filename":"lta_common.py","lineno":143}
{"timestamp":"2026-04-15T12:31:10.335094Z","level":"warning","event":"[SANITIZE] link_id=46666 field=maximum_speed suspicious sentinel value=999 -> NULL","logger":"lta_common","filename":"lta_common.py","lineno":143}
{"timestamp":"2026-04-15T12:31:10.335128Z","level":"warning","event":"[SANITIZE] link_id=46667 field=maximum_speed suspicious sentinel value=999 -> NULL","logger":"lta_common","filename":"lta_common.py","lineno":143}
{"timestamp":"2026-04-15T12:31:10.335161Z","level":"warning","event":"[SANITIZE] link_id=46668 field=maximum_speed suspicious sentinel value=999 -> NULL","logger":"lta_common","filename":"lta_common.py","lineno":143}
{"timestamp":"2026-04-15T12:31:10.335194Z","level":"warning","event":"[SANITIZE] link_id=46669 field=maximum_speed suspicious sentinel value=999 -> NULL","logger":"lta_common","filename":"lta_common.py","lineno":143}
{"timestamp":"2026-04-15T12:31:10.335227Z","level":"warning","event":"[SANITIZE] link_id=46671 field=maximum_speed suspicious sentinel value=999 -> NULL","logger":"lta_common","filename":"lta_common.py","lineno":143}
{"timestamp":"2026-04-15T12:31:10.335264Z","level":"warning","event":"[SANITIZE] link_id=46700 field=maximum_speed suspicious sentinel value=999 -> NULL","logger":"lta_common","filename":"lta_common.py","lineno":143}
{"timestamp":"2026-04-15T12:31:10.335298Z","level":"warning","event":"[SANITIZE] link_id=46701 field=maximum_speed suspicious sentinel value=999 -> NULL","logger":"lta_common","filename":"lta_common.py","lineno":143}
{"timestamp":"2026-04-15T12:31:10.335332Z","level":"warning","event":"[SANITIZE] link_id=46702 field=maximum_speed suspicious sentinel value=999 -> NULL","logger":"lta_common","filename":"lta_common.py","lineno":143}
{"timestamp":"2026-04-15T12:31:10.335366Z","level":"warning","event":"[SANITIZE] link_id=46703 field=maximum_speed suspicious sentinel value=999 -> NULL","logger":"lta_common","filename":"lta_common.py","lineno":143}
{"timestamp":"2026-04-15T12:31:10.335400Z","level":"warning","event":"[SANITIZE] link_id=46705 field=maximum_speed suspicious sentinel value=999 -> NULL","logger":"lta_common","filename":"lta_common.py","lineno":143}
{"timestamp":"2026-04-15T12:31:10.335433Z","level":"warning","event":"[SANITIZE] link_id=46706 field=maximum_speed suspicious sentinel value=999 -> NULL","logger":"lta_common","filename":"lta_common.py","lineno":143}
{"timestamp":"2026-04-15T12:31:10.335467Z","level":"warning","event":"[SANITIZE] link_id=46707 field=maximum_speed suspicious sentinel value=999 -> NULL","logger":"lta_common","filename":"lta_common.py","lineno":143}
{"timestamp":"2026-04-15T12:31:10.335505Z","level":"warning","event":"[SANITIZE] link_id=46709 field=maximum_speed suspicious sentinel value=999 -> NULL","logger":"lta_common","filename":"lta_common.py","lineno":143}
{"timestamp":"2026-04-15T12:31:10.335601Z","level":"warning","event":"[SANITIZE] link_id=46727 field=maximum_speed suspicious sentinel value=999 -> NULL","logger":"lta_common","filename":"lta_common.py","lineno":143}
{"timestamp":"2026-04-15T12:31:10.335630Z","level":"warning","event":"[SANITIZE] link_id=46728 field=maximum_speed suspicious sentinel value=999 -> NULL","logger":"lta_common","filename":"lta_common.py","lineno":143}
{"timestamp":"2026-04-15T12:31:10.335660Z","level":"warning","event":"[SANITIZE] link_id=46729 field=maximum_speed suspicious sentinel value=999 -> NULL","logger":"lta_common","filename":"lta_common.py","lineno":143}
{"timestamp":"2026-04-15T12:31:10.335689Z","level":"warning","event":"[SANITIZE] link_id=46730 field=maximum_speed suspicious sentinel value=999 -> NULL","logger":"lta_common","filename":"lta_common.py","lineno":143}
{"timestamp":"2026-04-15T12:31:10.335719Z","level":"warning","event":"[SANITIZE] link_id=46731 field=maximum_speed suspicious sentinel value=999 -> NULL","logger":"lta_common","filename":"lta_common.py","lineno":143}
{"timestamp":"2026-04-15T12:31:10.335751Z","level":"warning","event":"[SANITIZE] link_id=46732 field=maximum_speed suspicious sentinel value=999 -> NULL","logger":"lta_common","filename":"lta_common.py","lineno":143}
{"timestamp":"2026-04-15T12:31:10.335781Z","level":"warning","event":"[SANITIZE] link_id=46733 field=maximum_speed suspicious sentinel value=999 -> NULL","logger":"lta_common","filename":"lta_common.py","lineno":143}
{"timestamp":"2026-04-15T12:31:10.335810Z","level":"warning","event":"[SANITIZE] link_id=46734 field=maximum_speed suspicious sentinel value=999 -> NULL","logger":"lta_common","filename":"lta_common.py","lineno":143}
{"timestamp":"2026-04-15T12:31:10.335840Z","level":"warning","event":"[SANITIZE] link_id=46735 field=maximum_speed suspicious sentinel value=999 -> NULL","logger":"lta_common","filename":"lta_common.py","lineno":143}
{"timestamp":"2026-04-15T12:31:10.335869Z","level":"warning","event":"[SANITIZE] link_id=46736 field=maximum_speed suspicious sentinel value=999 -> NULL","logger":"lta_common","filename":"lta_common.py","lineno":143}
{"timestamp":"2026-04-15T12:31:10.335898Z","level":"warning","event":"[SANITIZE] link_id=46737 field=maximum_speed suspicious sentinel value=999 -> NULL","logger":"lta_common","filename":"lta_common.py","lineno":143}
{"timestamp":"2026-04-15T12:31:10.336058Z","level":"warning","event":"[SANITIZE] link_id=46748 field=maximum_speed suspicious sentinel value=999 -> NULL","logger":"lta_common","filename":"lta_common.py","lineno":143}
{"timestamp":"2026-04-15T12:31:10.336204Z","level":"warning","event":"[SANITIZE] link_id=46750 field=maximum_speed suspicious sentinel value=999 -> NULL","logger":"lta_common","filename":"lta_common.py","lineno":143}
{"timestamp":"2026-04-15T12:31:10.336297Z","level":"warning","event":"[SANITIZE] link_id=46753 field=maximum_speed suspicious sentinel value=999 -> NULL","logger":"lta_common","filename":"lta_common.py","lineno":143}
{"timestamp":"2026-04-15T12:31:10.336350Z","level":"warning","event":"[SANITIZE] link_id=46755 field=maximum_speed suspicious sentinel value=999 -> NULL","logger":"lta_common","filename":"lta_common.py","lineno":143}
{"timestamp":"2026-04-15T12:31:10.336388Z","level":"warning","event":"[SANITIZE] link_id=46756 field=maximum_speed suspicious sentinel value=999 -> NULL","logger":"lta_common","filename":"lta_common.py","lineno":143}
{"timestamp":"2026-04-15T12:31:10.336429Z","level":"warning","event":"[SANITIZE] link_id=46758 field=maximum_speed suspicious sentinel value=999 -> NULL","logger":"lta_common","filename":"lta_common.py","lineno":143}
{"timestamp":"2026-04-15T12:31:10.336476Z","level":"warning","event":"[SANITIZE] link_id=46762 field=maximum_speed suspicious sentinel value=999 -> NULL","logger":"lta_common","filename":"lta_common.py","lineno":143}
{"timestamp":"2026-04-15T12:31:10.336509Z","level":"warning","event":"[SANITIZE] link_id=46763 field=maximum_speed suspicious sentinel value=999 -> NULL","logger":"lta_common","filename":"lta_common.py","lineno":143}
{"timestamp":"2026-04-15T12:31:10.336547Z","level":"warning","event":"[SANITIZE] link_id=46765 field=maximum_speed suspicious sentinel value=999 -> NULL","logger":"lta_common","filename":"lta_common.py","lineno":143}
{"timestamp":"2026-04-15T12:31:10.336580Z","level":"warning","event":"[SANITIZE] link_id=46766 field=maximum_speed suspicious sentinel value=999 -> NULL","logger":"lta_common","filename":"lta_common.py","lineno":143}
{"timestamp":"2026-04-15T12:31:10.336665Z","level":"warning","event":"[SANITIZE] link_id=46782 field=maximum_speed suspicious sentinel value=999 -> NULL","logger":"lta_common","filename":"lta_common.py","lineno":143}
{"timestamp":"2026-04-15T12:31:10.336697Z","level":"warning","event":"[SANITIZE] link_id=46783 field=maximum_speed suspicious sentinel value=999 -> NULL","logger":"lta_common","filename":"lta_common.py","lineno":143}
{"timestamp":"2026-04-15T12:31:10.336730Z","level":"warning","event":"[SANITIZE] link_id=46784 field=maximum_speed suspicious sentinel value=999 -> NULL","logger":"lta_common","filename":"lta_common.py","lineno":143}
{"timestamp":"2026-04-15T12:31:10.336762Z","level":"warning","event":"[SANITIZE] link_id=46785 field=maximum_speed suspicious sentinel value=999 -> NULL","logger":"lta_common","filename":"lta_common.py","lineno":143}
{"timestamp":"2026-04-15T12:31:10.336831Z","level":"warning","event":"[SANITIZE] link_id=46804 field=maximum_speed suspicious sentinel value=999 -> NULL","logger":"lta_common","filename":"lta_common.py","lineno":143}
{"timestamp":"2026-04-15T12:31:10.336864Z","level":"warning","event":"[SANITIZE] link_id=46805 field=maximum_speed suspicious sentinel value=999 -> NULL","logger":"lta_common","filename":"lta_common.py","lineno":143}
{"timestamp":"2026-04-15T12:31:10.336897Z","level":"warning","event":"[SANITIZE] link_id=46806 field=maximum_speed suspicious sentinel value=999 -> NULL","logger":"lta_common","filename":"lta_common.py","lineno":143}
{"timestamp":"2026-04-15T12:31:10.336928Z","level":"warning","event":"[SANITIZE] link_id=46807 field=maximum_speed suspicious sentinel value=999 -> NULL","logger":"lta_common","filename":"lta_common.py","lineno":143}
{"timestamp":"2026-04-15T12:31:10.336959Z","level":"warning","event":"[SANITIZE] link_id=46808 field=maximum_speed suspicious sentinel value=999 -> NULL","logger":"lta_common","filename":"lta_common.py","lineno":143}
{"timestamp":"2026-04-15T12:31:10.337004Z","level":"warning","event":"[SANITIZE] link_id=46809 field=maximum_speed suspicious sentinel value=999 -> NULL","logger":"lta_common","filename":"lta_common.py","lineno":143}
{"timestamp":"2026-04-15T12:31:10.337036Z","level":"warning","event":"[SANITIZE] link_id=46810 field=maximum_speed suspicious sentinel value=999 -> NULL","logger":"lta_common","filename":"lta_common.py","lineno":143}
{"timestamp":"2026-04-15T12:31:10.337067Z","level":"warning","event":"[SANITIZE] link_id=46811 field=maximum_speed suspicious sentinel value=999 -> NULL","logger":"lta_common","filename":"lta_common.py","lineno":143}
{"timestamp":"2026-04-15T12:31:10.337098Z","level":"warning","event":"[SANITIZE] link_id=46812 field=maximum_speed suspicious sentinel value=999 -> NULL","logger":"lta_common","filename":"lta_common.py","lineno":143}
{"timestamp":"2026-04-15T12:31:10.337129Z","level":"warning","event":"[SANITIZE] link_id=46813 field=maximum_speed suspicious sentinel value=999 -> NULL","logger":"lta_common","filename":"lta_common.py","lineno":143}
{"timestamp":"2026-04-15T12:31:10.337160Z","level":"warning","event":"[SANITIZE] link_id=46814 field=maximum_speed suspicious sentinel value=999 -> NULL","logger":"lta_common","filename":"lta_common.py","lineno":143}
{"timestamp":"2026-04-15T12:31:10.337191Z","level":"warning","event":"[SANITIZE] link_id=46815 field=maximum_speed suspicious sentinel value=999 -> NULL","logger":"lta_common","filename":"lta_common.py","lineno":143}
{"timestamp":"2026-04-15T12:31:10.337222Z","level":"warning","event":"[SANITIZE] link_id=46816 field=maximum_speed suspicious sentinel value=999 -> NULL","logger":"lta_common","filename":"lta_common.py","lineno":143}
{"timestamp":"2026-04-15T12:31:10.337258Z","level":"warning","event":"[SANITIZE] link_id=46818 field=maximum_speed suspicious sentinel value=999 -> NULL","logger":"lta_common","filename":"lta_common.py","lineno":143}
{"timestamp":"2026-04-15T12:31:10.337297Z","level":"warning","event":"[SANITIZE] link_id=46821 field=maximum_speed suspicious sentinel value=999 -> NULL","logger":"lta_common","filename":"lta_common.py","lineno":143}
{"timestamp":"2026-04-15T12:31:10.337337Z","level":"warning","event":"[SANITIZE] link_id=46824 field=maximum_speed suspicious sentinel value=999 -> NULL","logger":"lta_common","filename":"lta_common.py","lineno":143}
{"timestamp":"2026-04-15T12:31:10.337368Z","level":"warning","event":"[SANITIZE] link_id=46825 field=maximum_speed suspicious sentinel value=999 -> NULL","logger":"lta_common","filename":"lta_common.py","lineno":143}
{"timestamp":"2026-04-15T12:31:10.337426Z","level":"warning","event":"[SANITIZE] link_id=46833 field=maximum_speed suspicious sentinel value=999 -> NULL","logger":"lta_common","filename":"lta_common.py","lineno":143}
{"timestamp":"2026-04-15T12:31:10.337458Z","level":"warning","event":"[SANITIZE] link_id=46834 field=maximum_speed suspicious sentinel value=999 -> NULL","logger":"lta_common","filename":"lta_common.py","lineno":143}
{"timestamp":"2026-04-15T12:31:10.337488Z","level":"warning","event":"[SANITIZE] link_id=46835 field=maximum_speed suspicious sentinel value=999 -> NULL","logger":"lta_common","filename":"lta_common.py","lineno":143}
{"timestamp":"2026-04-15T12:31:10.337519Z","level":"warning","event":"[SANITIZE] link_id=46836 field=maximum_speed suspicious sentinel value=999 -> NULL","logger":"lta_common","filename":"lta_common.py","lineno":143}
{"timestamp":"2026-04-15T12:31:10.337550Z","level":"warning","event":"[SANITIZE] link_id=46837 field=maximum_speed suspicious sentinel value=999 -> NULL","logger":"lta_common","filename":"lta_common.py","lineno":143}
{"timestamp":"2026-04-15T12:31:10.337581Z","level":"warning","event":"[SANITIZE] link_id=46838 field=maximum_speed suspicious sentinel value=999 -> NULL","logger":"lta_common","filename":"lta_common.py","lineno":143}
{"timestamp":"2026-04-15T12:31:10.337616Z","level":"warning","event":"[SANITIZE] link_id=46840 field=maximum_speed suspicious sentinel value=999 -> NULL","logger":"lta_common","filename":"lta_common.py","lineno":143}
{"timestamp":"2026-04-15T12:31:10.337651Z","level":"warning","event":"[SANITIZE] link_id=46842 field=maximum_speed suspicious sentinel value=999 -> NULL","logger":"lta_common","filename":"lta_common.py","lineno":143}
{"timestamp":"2026-04-15T12:31:10.337682Z","level":"warning","event":"[SANITIZE] link_id=46843 field=maximum_speed suspicious sentinel value=999 -> NULL","logger":"lta_common","filename":"lta_common.py","lineno":143}
{"timestamp":"2026-04-15T12:31:10.337713Z","level":"warning","event":"[SANITIZE] link_id=46844 field=maximum_speed suspicious sentinel value=999 -> NULL","logger":"lta_common","filename":"lta_common.py","lineno":143}
{"timestamp":"2026-04-15T12:31:10.337744Z","level":"warning","event":"[SANITIZE] link_id=46845 field=maximum_speed suspicious sentinel value=999 -> NULL","logger":"lta_common","filename":"lta_common.py","lineno":143}
{"timestamp":"2026-04-15T12:31:10.337774Z","level":"warning","event":"[SANITIZE] link_id=46846 field=maximum_speed suspicious sentinel value=999 -> NULL","logger":"lta_common","filename":"lta_common.py","lineno":143}
{"timestamp":"2026-04-15T12:31:10.337809Z","level":"warning","event":"[SANITIZE] link_id=46848 field=maximum_speed suspicious sentinel value=999 -> NULL","logger":"lta_common","filename":"lta_common.py","lineno":143}
{"timestamp":"2026-04-15T12:31:10.337856Z","level":"warning","event":"[SANITIZE] link_id=46853 field=maximum_speed suspicious sentinel value=999 -> NULL","logger":"lta_common","filename":"lta_common.py","lineno":143}
{"timestamp":"2026-04-15T12:31:10.337896Z","level":"warning","event":"[SANITIZE] link_id=46859 field=maximum_speed suspicious sentinel value=999 -> NULL","logger":"lta_common","filename":"lta_common.py","lineno":143}
{"timestamp":"2026-04-15T12:31:10.337967Z","level":"warning","event":"[SANITIZE] link_id=46874 field=maximum_speed suspicious sentinel value=999 -> NULL","logger":"lta_common","filename":"lta_common.py","lineno":143}
{"timestamp":"2026-04-15T12:31:10.338079Z","level":"warning","event":"[SANITIZE] link_id=46888 field=maximum_speed suspicious sentinel value=999 -> NULL","logger":"lta_common","filename":"lta_common.py","lineno":143}
{"timestamp":"2026-04-15T12:31:10.338122Z","level":"warning","event":"[SANITIZE] link_id=46890 field=maximum_speed suspicious sentinel value=999 -> NULL","logger":"lta_common","filename":"lta_common.py","lineno":143}
{"timestamp":"2026-04-15T12:31:10.338165Z","level":"warning","event":"[SANITIZE] link_id=46894 field=maximum_speed suspicious sentinel value=999 -> NULL","logger":"lta_common","filename":"lta_common.py","lineno":143}
{"timestamp":"2026-04-15T12:31:10.338205Z","level":"warning","event":"[SANITIZE] link_id=46897 field=maximum_speed suspicious sentinel value=999 -> NULL","logger":"lta_common","filename":"lta_common.py","lineno":143}
{"timestamp":"2026-04-15T12:31:10.338239Z","level":"warning","event":"[SANITIZE] link_id=46899 field=maximum_speed suspicious sentinel value=999 -> NULL","logger":"lta_common","filename":"lta_common.py","lineno":143}
{"timestamp":"2026-04-15T12:31:10.338270Z","level":"warning","event":"[SANITIZE] link_id=46900 field=maximum_speed suspicious sentinel value=999 -> NULL","logger":"lta_common","filename":"lta_common.py","lineno":143}
{"timestamp":"2026-04-15T12:31:10.338309Z","level":"warning","event":"[SANITIZE] link_id=46903 field=maximum_speed suspicious sentinel value=999 -> NULL","logger":"lta_common","filename":"lta_common.py","lineno":143}
{"timestamp":"2026-04-15T12:31:10.338340Z","level":"warning","event":"[SANITIZE] link_id=46904 field=maximum_speed suspicious sentinel value=999 -> NULL","logger":"lta_common","filename":"lta_common.py","lineno":143}
{"timestamp":"2026-04-15T12:31:10.338379Z","level":"warning","event":"[SANITIZE] link_id=46907 field=maximum_speed suspicious sentinel value=999 -> NULL","logger":"lta_common","filename":"lta_common.py","lineno":143}
{"timestamp":"2026-04-15T12:31:10.338414Z","level":"warning","event":"[SANITIZE] link_id=46909 field=maximum_speed suspicious sentinel value=999 -> NULL","logger":"lta_common","filename":"lta_common.py","lineno":143}
{"timestamp":"2026-04-15T12:31:10.338445Z","level":"warning","event":"[SANITIZE] link_id=46910 field=maximum_speed suspicious sentinel value=999 -> NULL","logger":"lta_common","filename":"lta_common.py","lineno":143}
{"timestamp":"2026-04-15T12:31:10.339068Z","level":"info","event":"[CLEAN DONE] rows=500 | null_speed_band=0 | null_minimum_speed=0 | null_maximum_speed=201","logger":"lta_common","filename":"lta_common.py","lineno":238}
{"timestamp":"2026-04-15T12:31:10.340298Z","level":"info","event":"STEP 5: built cleaned snapshot dataframe rows=500","logger":"2_refresh_traffic_speed","filename":"2_refresh_traffic_speed.py","lineno":44}
{"timestamp":"2026-04-15T12:31:10.340743Z","level":"info","event":"[LATEST PREP] rows=500 | missing_measurement_rows=0","logger":"lta_common","filename":"lta_common.py","lineno":271}
{"timestamp":"2026-04-15T12:31:10.341110Z","level":"info","event":"[UPSERT START] upserting 500 rows into traffic_speed_latest","logger":"lta_common","filename":"lta_common.py","lineno":348}
{"timestamp":"2026-04-15T12:31:10.341533Z","level":"info","event":"[UPSERT DEBUG] max_link_id=46910 | min_link_id=46281 | max_speed_band=8 | min_speed_band=1 | max_minimum_speed=70 | min_minimum_speed=0 | max_maximum_speed=69.0 | min_maximum_speed=9.0","logger":"lta_common","filename":"lta_common.py","lineno":350}
{"timestamp":"2026-04-15T12:31:10.703514Z","level":"info","event":"[UPSERT DONE] upserted=500 rows into traffic_speed_latest","logger":"lta_common","filename":"lta_common.py","lineno":388}
{"timestamp":"2026-04-15T12:31:10.705024Z","level":"info","event":"[SAVE START] inserting 500 rows into traffic_speed_recent","logger":"lta_common","filename":"lta_common.py","lineno":319}
{"timestamp":"2026-04-15T12:31:11.079653Z","level":"info","event":"[SAVE DONE] inserted=500 rows into traffic_speed_recent","logger":"lta_common","filename":"lta_common.py","lineno":337}
{"timestamp":"2026-04-15T12:31:11.079899Z","level":"info","event":"STEP 6: page saved skip=31000 | pages=63 | latest_rows=31500 | recent_rows=31500","logger":"2_refresh_traffic_speed","filename":"2_refresh_traffic_speed.py","lineno":56}
{"timestamp":"2026-04-15T12:31:11.079974Z","level":"info","event":"========== PAGE START ==========","logger":"lta_common","filename":"lta_common.py","lineno":53}
{"timestamp":"2026-04-15T12:31:11.080081Z","level":"info","event":"[FETCH] requesting rows 31500–31999","logger":"lta_common","filename":"lta_common.py","lineno":54}
{"timestamp":"2026-04-15T12:31:11.080163Z","level":"info","event":"Fetching page from LTA: skip=31500","logger":"lta_common","filename":"lta_common.py","lineno":36}
{"timestamp":"2026-04-15T12:31:11.369763Z","level":"info","event":"Retrieved 500 rows from LTA at skip=31500","logger":"lta_common","filename":"lta_common.py","lineno":44}
{"timestamp":"2026-04-15T12:31:11.372297Z","level":"info","event":"[FETCH DONE] retrieved=500 rows at skip=31500","logger":"lta_common","filename":"lta_common.py","lineno":59}
{"timestamp":"2026-04-15T12:31:11.372757Z","level":"info","event":"STEP 4: processing page skip=31500 rows=500","logger":"2_refresh_traffic_speed","filename":"2_refresh_traffic_speed.py","lineno":41}
{"timestamp":"2026-04-15T12:31:11.384629Z","level":"warning","event":"[SANITIZE] link_id=46916 field=maximum_speed suspicious sentinel value=999 -> NULL","logger":"lta_common","filename":"lta_common.py","lineno":143}
{"timestamp":"2026-04-15T12:31:11.384723Z","level":"warning","event":"[SANITIZE] link_id=46918 field=maximum_speed suspicious sentinel value=999 -> NULL","logger":"lta_common","filename":"lta_common.py","lineno":143}
{"timestamp":"2026-04-15T12:31:11.384783Z","level":"warning","event":"[SANITIZE] link_id=46921 field=maximum_speed suspicious sentinel value=999 -> NULL","logger":"lta_common","filename":"lta_common.py","lineno":143}
{"timestamp":"2026-04-15T12:31:11.384830Z","level":"warning","event":"[SANITIZE] link_id=46922 field=maximum_speed suspicious sentinel value=999 -> NULL","logger":"lta_common","filename":"lta_common.py","lineno":143}
{"timestamp":"2026-04-15T12:31:11.384888Z","level":"warning","event":"[SANITIZE] link_id=46923 field=maximum_speed suspicious sentinel value=999 -> NULL","logger":"lta_common","filename":"lta_common.py","lineno":143}
{"timestamp":"2026-04-15T12:31:11.384952Z","level":"warning","event":"[SANITIZE] link_id=46929 field=maximum_speed suspicious sentinel value=999 -> NULL","logger":"lta_common","filename":"lta_common.py","lineno":143}
{"timestamp":"2026-04-15T12:31:11.385054Z","level":"warning","event":"[SANITIZE] link_id=46937 field=maximum_speed suspicious sentinel value=999 -> NULL","logger":"lta_common","filename":"lta_common.py","lineno":143}
{"timestamp":"2026-04-15T12:31:11.385118Z","level":"warning","event":"[SANITIZE] link_id=46941 field=maximum_speed suspicious sentinel value=999 -> NULL","logger":"lta_common","filename":"lta_common.py","lineno":143}
{"timestamp":"2026-04-15T12:31:11.385159Z","level":"warning","event":"[SANITIZE] link_id=46942 field=maximum_speed suspicious sentinel value=999 -> NULL","logger":"lta_common","filename":"lta_common.py","lineno":143}
{"timestamp":"2026-04-15T12:31:11.385207Z","level":"warning","event":"[SANITIZE] link_id=46948 field=maximum_speed suspicious sentinel value=999 -> NULL","logger":"lta_common","filename":"lta_common.py","lineno":143}
{"timestamp":"2026-04-15T12:31:11.385241Z","level":"warning","event":"[SANITIZE] link_id=46949 field=maximum_speed suspicious sentinel value=999 -> NULL","logger":"lta_common","filename":"lta_common.py","lineno":143}
{"timestamp":"2026-04-15T12:31:11.385290Z","level":"warning","event":"[SANITIZE] link_id=46953 field=maximum_speed suspicious sentinel value=999 -> NULL","logger":"lta_common","filename":"lta_common.py","lineno":143}
{"timestamp":"2026-04-15T12:31:11.385333Z","level":"warning","event":"[SANITIZE] link_id=46965 field=maximum_speed suspicious sentinel value=999 -> NULL","logger":"lta_common","filename":"lta_common.py","lineno":143}
{"timestamp":"2026-04-15T12:31:11.385368Z","level":"warning","event":"[SANITIZE] link_id=46966 field=maximum_speed suspicious sentinel value=999 -> NULL","logger":"lta_common","filename":"lta_common.py","lineno":143}
{"timestamp":"2026-04-15T12:31:11.385417Z","level":"warning","event":"[SANITIZE] link_id=46970 field=maximum_speed suspicious sentinel value=999 -> NULL","logger":"lta_common","filename":"lta_common.py","lineno":143}
{"timestamp":"2026-04-15T12:31:11.385452Z","level":"warning","event":"[SANITIZE] link_id=46971 field=maximum_speed suspicious sentinel value=999 -> NULL","logger":"lta_common","filename":"lta_common.py","lineno":143}
{"timestamp":"2026-04-15T12:31:11.385597Z","level":"warning","event":"[SANITIZE] link_id=47006 field=maximum_speed suspicious sentinel value=999 -> NULL","logger":"lta_common","filename":"lta_common.py","lineno":143}
{"timestamp":"2026-04-15T12:31:11.385631Z","level":"warning","event":"[SANITIZE] link_id=47007 field=maximum_speed suspicious sentinel value=999 -> NULL","logger":"lta_common","filename":"lta_common.py","lineno":143}
{"timestamp":"2026-04-15T12:31:11.385690Z","level":"warning","event":"[SANITIZE] link_id=47014 field=maximum_speed suspicious sentinel value=999 -> NULL","logger":"lta_common","filename":"lta_common.py","lineno":143}
{"timestamp":"2026-04-15T12:31:11.385726Z","level":"warning","event":"[SANITIZE] link_id=47015 field=maximum_speed suspicious sentinel value=999 -> NULL","logger":"lta_common","filename":"lta_common.py","lineno":143}
{"timestamp":"2026-04-15T12:31:11.385760Z","level":"warning","event":"[SANITIZE] link_id=47016 field=maximum_speed suspicious sentinel value=999 -> NULL","logger":"lta_common","filename":"lta_common.py","lineno":143}
{"timestamp":"2026-04-15T12:31:11.386188Z","level":"warning","event":"[SANITIZE] link_id=47124 field=maximum_speed suspicious sentinel value=999 -> NULL","logger":"lta_common","filename":"lta_common.py","lineno":143}
{"timestamp":"2026-04-15T12:31:11.386230Z","level":"warning","event":"[SANITIZE] link_id=47125 field=maximum_speed suspicious sentinel value=999 -> NULL","logger":"lta_common","filename":"lta_common.py","lineno":143}
{"timestamp":"2026-04-15T12:31:11.386266Z","level":"warning","event":"[SANITIZE] link_id=47126 field=maximum_speed suspicious sentinel value=999 -> NULL","logger":"lta_common","filename":"lta_common.py","lineno":143}
{"timestamp":"2026-04-15T12:31:11.386301Z","level":"warning","event":"[SANITIZE] link_id=47127 field=maximum_speed suspicious sentinel value=999 -> NULL","logger":"lta_common","filename":"lta_common.py","lineno":143}
{"timestamp":"2026-04-15T12:31:11.386337Z","level":"warning","event":"[SANITIZE] link_id=47128 field=maximum_speed suspicious sentinel value=999 -> NULL","logger":"lta_common","filename":"lta_common.py","lineno":143}
{"timestamp":"2026-04-15T12:31:11.386371Z","level":"warning","event":"[SANITIZE] link_id=47129 field=maximum_speed suspicious sentinel value=999 -> NULL","logger":"lta_common","filename":"lta_common.py","lineno":143}
{"timestamp":"2026-04-15T12:31:11.386405Z","level":"warning","event":"[SANITIZE] link_id=47130 field=maximum_speed suspicious sentinel value=999 -> NULL","logger":"lta_common","filename":"lta_common.py","lineno":143}
{"timestamp":"2026-04-15T12:31:11.386440Z","level":"warning","event":"[SANITIZE] link_id=47131 field=maximum_speed suspicious sentinel value=999 -> NULL","logger":"lta_common","filename":"lta_common.py","lineno":143}
{"timestamp":"2026-04-15T12:31:11.386495Z","level":"warning","event":"[SANITIZE] link_id=47137 field=maximum_speed suspicious sentinel value=999 -> NULL","logger":"lta_common","filename":"lta_common.py","lineno":143}
{"timestamp":"2026-04-15T12:31:11.386529Z","level":"warning","event":"[SANITIZE] link_id=47138 field=maximum_speed suspicious sentinel value=999 -> NULL","logger":"lta_common","filename":"lta_common.py","lineno":143}
{"timestamp":"2026-04-15T12:31:11.386562Z","level":"warning","event":"[SANITIZE] link_id=47139 field=maximum_speed suspicious sentinel value=999 -> NULL","logger":"lta_common","filename":"lta_common.py","lineno":143}
{"timestamp":"2026-04-15T12:31:11.386639Z","level":"warning","event":"[SANITIZE] link_id=47152 field=maximum_speed suspicious sentinel value=999 -> NULL","logger":"lta_common","filename":"lta_common.py","lineno":143}
{"timestamp":"2026-04-15T12:31:11.386694Z","level":"warning","event":"[SANITIZE] link_id=47162 field=maximum_speed suspicious sentinel value=999 -> NULL","logger":"lta_common","filename":"lta_common.py","lineno":143}
{"timestamp":"2026-04-15T12:31:11.386736Z","level":"warning","event":"[SANITIZE] link_id=47166 field=maximum_speed suspicious sentinel value=999 -> NULL","logger":"lta_common","filename":"lta_common.py","lineno":143}
{"timestamp":"2026-04-15T12:31:11.386770Z","level":"warning","event":"[SANITIZE] link_id=47167 field=maximum_speed suspicious sentinel value=999 -> NULL","logger":"lta_common","filename":"lta_common.py","lineno":143}
{"timestamp":"2026-04-15T12:31:11.386804Z","level":"warning","event":"[SANITIZE] link_id=47168 field=maximum_speed suspicious sentinel value=999 -> NULL","logger":"lta_common","filename":"lta_common.py","lineno":143}
{"timestamp":"2026-04-15T12:31:11.386837Z","level":"warning","event":"[SANITIZE] link_id=47169 field=maximum_speed suspicious sentinel value=999 -> NULL","logger":"lta_common","filename":"lta_common.py","lineno":143}
{"timestamp":"2026-04-15T12:31:11.386910Z","level":"warning","event":"[SANITIZE] link_id=47186 field=maximum_speed suspicious sentinel value=999 -> NULL","logger":"lta_common","filename":"lta_common.py","lineno":143}
{"timestamp":"2026-04-15T12:31:11.386944Z","level":"warning","event":"[SANITIZE] link_id=47187 field=maximum_speed suspicious sentinel value=999 -> NULL","logger":"lta_common","filename":"lta_common.py","lineno":143}
{"timestamp":"2026-04-15T12:31:11.387028Z","level":"warning","event":"[SANITIZE] link_id=47196 field=maximum_speed suspicious sentinel value=999 -> NULL","logger":"lta_common","filename":"lta_common.py","lineno":143}
{"timestamp":"2026-04-15T12:31:11.387087Z","level":"warning","event":"[SANITIZE] link_id=47198 field=maximum_speed suspicious sentinel value=999 -> NULL","logger":"lta_common","filename":"lta_common.py","lineno":143}
{"timestamp":"2026-04-15T12:31:11.387153Z","level":"warning","event":"[SANITIZE] link_id=47205 field=maximum_speed suspicious sentinel value=999 -> NULL","logger":"lta_common","filename":"lta_common.py","lineno":143}
{"timestamp":"2026-04-15T12:31:11.387205Z","level":"warning","event":"[SANITIZE] link_id=47210 field=maximum_speed suspicious sentinel value=999 -> NULL","logger":"lta_common","filename":"lta_common.py","lineno":143}
{"timestamp":"2026-04-15T12:31:11.387248Z","level":"warning","event":"[SANITIZE] link_id=47215 field=maximum_speed suspicious sentinel value=999 -> NULL","logger":"lta_common","filename":"lta_common.py","lineno":143}
{"timestamp":"2026-04-15T12:31:11.387304Z","level":"warning","event":"[SANITIZE] link_id=47230 field=maximum_speed suspicious sentinel value=999 -> NULL","logger":"lta_common","filename":"lta_common.py","lineno":143}
{"timestamp":"2026-04-15T12:31:11.387337Z","level":"warning","event":"[SANITIZE] link_id=47231 field=maximum_speed suspicious sentinel value=999 -> NULL","logger":"lta_common","filename":"lta_common.py","lineno":143}
{"timestamp":"2026-04-15T12:31:11.387373Z","level":"warning","event":"[SANITIZE] link_id=47232 field=maximum_speed suspicious sentinel value=999 -> NULL","logger":"lta_common","filename":"lta_common.py","lineno":143}
{"timestamp":"2026-04-15T12:31:11.387411Z","level":"warning","event":"[SANITIZE] link_id=47234 field=maximum_speed suspicious sentinel value=999 -> NULL","logger":"lta_common","filename":"lta_common.py","lineno":143}
{"timestamp":"2026-04-15T12:31:11.387445Z","level":"warning","event":"[SANITIZE] link_id=47235 field=maximum_speed suspicious sentinel value=999 -> NULL","logger":"lta_common","filename":"lta_common.py","lineno":143}
{"timestamp":"2026-04-15T12:31:11.387496Z","level":"warning","event":"[SANITIZE] link_id=47240 field=maximum_speed suspicious sentinel value=999 -> NULL","logger":"lta_common","filename":"lta_common.py","lineno":143}
{"timestamp":"2026-04-15T12:31:11.387532Z","level":"warning","event":"[SANITIZE] link_id=47241 field=maximum_speed suspicious sentinel value=999 -> NULL","logger":"lta_common","filename":"lta_common.py","lineno":143}
{"timestamp":"2026-04-15T12:31:11.387570Z","level":"warning","event":"[SANITIZE] link_id=47243 field=maximum_speed suspicious sentinel value=999 -> NULL","logger":"lta_common","filename":"lta_common.py","lineno":143}
{"timestamp":"2026-04-15T12:31:11.387648Z","level":"warning","event":"[SANITIZE] link_id=47254 field=maximum_speed suspicious sentinel value=999 -> NULL","logger":"lta_common","filename":"lta_common.py","lineno":143}
{"timestamp":"2026-04-15T12:31:11.387683Z","level":"warning","event":"[SANITIZE] link_id=47255 field=maximum_speed suspicious sentinel value=999 -> NULL","logger":"lta_common","filename":"lta_common.py","lineno":143}
{"timestamp":"2026-04-15T12:31:11.387716Z","level":"warning","event":"[SANITIZE] link_id=47256 field=maximum_speed suspicious sentinel value=999 -> NULL","logger":"lta_common","filename":"lta_common.py","lineno":143}
{"timestamp":"2026-04-15T12:31:11.387750Z","level":"warning","event":"[SANITIZE] link_id=47257 field=maximum_speed suspicious sentinel value=999 -> NULL","logger":"lta_common","filename":"lta_common.py","lineno":143}
{"timestamp":"2026-04-15T12:31:11.387784Z","level":"warning","event":"[SANITIZE] link_id=47258 field=maximum_speed suspicious sentinel value=999 -> NULL","logger":"lta_common","filename":"lta_common.py","lineno":143}
{"timestamp":"2026-04-15T12:31:11.387832Z","level":"warning","event":"[SANITIZE] link_id=47263 field=maximum_speed suspicious sentinel value=999 -> NULL","logger":"lta_common","filename":"lta_common.py","lineno":143}
{"timestamp":"2026-04-15T12:31:11.387866Z","level":"warning","event":"[SANITIZE] link_id=47264 field=maximum_speed suspicious sentinel value=999 -> NULL","logger":"lta_common","filename":"lta_common.py","lineno":143}
{"timestamp":"2026-04-15T12:31:11.387899Z","level":"warning","event":"[SANITIZE] link_id=47265 field=maximum_speed suspicious sentinel value=999 -> NULL","logger":"lta_common","filename":"lta_common.py","lineno":143}
{"timestamp":"2026-04-15T12:31:11.387933Z","level":"warning","event":"[SANITIZE] link_id=47267 field=maximum_speed suspicious sentinel value=999 -> NULL","logger":"lta_common","filename":"lta_common.py","lineno":143}
{"timestamp":"2026-04-15T12:31:11.388017Z","level":"warning","event":"[SANITIZE] link_id=47276 field=maximum_speed suspicious sentinel value=999 -> NULL","logger":"lta_common","filename":"lta_common.py","lineno":143}
{"timestamp":"2026-04-15T12:31:11.388071Z","level":"warning","event":"[SANITIZE] link_id=47277 field=maximum_speed suspicious sentinel value=999 -> NULL","logger":"lta_common","filename":"lta_common.py","lineno":143}
{"timestamp":"2026-04-15T12:31:11.388120Z","level":"warning","event":"[SANITIZE] link_id=47280 field=maximum_speed suspicious sentinel value=999 -> NULL","logger":"lta_common","filename":"lta_common.py","lineno":143}
{"timestamp":"2026-04-15T12:31:11.388162Z","level":"warning","event":"[SANITIZE] link_id=47283 field=maximum_speed suspicious sentinel value=999 -> NULL","logger":"lta_common","filename":"lta_common.py","lineno":143}
{"timestamp":"2026-04-15T12:31:11.388198Z","level":"warning","event":"[SANITIZE] link_id=47284 field=maximum_speed suspicious sentinel value=999 -> NULL","logger":"lta_common","filename":"lta_common.py","lineno":143}
{"timestamp":"2026-04-15T12:31:11.388232Z","level":"warning","event":"[SANITIZE] link_id=47285 field=maximum_speed suspicious sentinel value=999 -> NULL","logger":"lta_common","filename":"lta_common.py","lineno":143}
{"timestamp":"2026-04-15T12:31:11.388275Z","level":"warning","event":"[SANITIZE] link_id=47288 field=maximum_speed suspicious sentinel value=999 -> NULL","logger":"lta_common","filename":"lta_common.py","lineno":143}
{"timestamp":"2026-04-15T12:31:11.388373Z","level":"warning","event":"[SANITIZE] link_id=47304 field=maximum_speed suspicious sentinel value=999 -> NULL","logger":"lta_common","filename":"lta_common.py","lineno":143}
{"timestamp":"2026-04-15T12:31:11.388421Z","level":"warning","event":"[SANITIZE] link_id=47308 field=maximum_speed suspicious sentinel value=999 -> NULL","logger":"lta_common","filename":"lta_common.py","lineno":143}
{"timestamp":"2026-04-15T12:31:11.388459Z","level":"warning","event":"[SANITIZE] link_id=47310 field=maximum_speed suspicious sentinel value=999 -> NULL","logger":"lta_common","filename":"lta_common.py","lineno":143}
{"timestamp":"2026-04-15T12:31:11.388506Z","level":"warning","event":"[SANITIZE] link_id=47320 field=maximum_speed suspicious sentinel value=999 -> NULL","logger":"lta_common","filename":"lta_common.py","lineno":143}
{"timestamp":"2026-04-15T12:31:11.388539Z","level":"warning","event":"[SANITIZE] link_id=47321 field=maximum_speed suspicious sentinel value=999 -> NULL","logger":"lta_common","filename":"lta_common.py","lineno":143}
{"timestamp":"2026-04-15T12:31:11.388574Z","level":"warning","event":"[SANITIZE] link_id=47322 field=maximum_speed suspicious sentinel value=999 -> NULL","logger":"lta_common","filename":"lta_common.py","lineno":143}
{"timestamp":"2026-04-15T12:31:11.388608Z","level":"warning","event":"[SANITIZE] link_id=47323 field=maximum_speed suspicious sentinel value=999 -> NULL","logger":"lta_common","filename":"lta_common.py","lineno":143}
{"timestamp":"2026-04-15T12:31:11.388642Z","level":"warning","event":"[SANITIZE] link_id=47324 field=maximum_speed suspicious sentinel value=999 -> NULL","logger":"lta_common","filename":"lta_common.py","lineno":143}
{"timestamp":"2026-04-15T12:31:11.388678Z","level":"warning","event":"[SANITIZE] link_id=47325 field=maximum_speed suspicious sentinel value=999 -> NULL","logger":"lta_common","filename":"lta_common.py","lineno":143}
{"timestamp":"2026-04-15T12:31:11.388712Z","level":"warning","event":"[SANITIZE] link_id=47326 field=maximum_speed suspicious sentinel value=999 -> NULL","logger":"lta_common","filename":"lta_common.py","lineno":143}
{"timestamp":"2026-04-15T12:31:11.388746Z","level":"warning","event":"[SANITIZE] link_id=47327 field=maximum_speed suspicious sentinel value=999 -> NULL","logger":"lta_common","filename":"lta_common.py","lineno":143}
{"timestamp":"2026-04-15T12:31:11.388780Z","level":"warning","event":"[SANITIZE] link_id=47328 field=maximum_speed suspicious sentinel value=999 -> NULL","logger":"lta_common","filename":"lta_common.py","lineno":143}
{"timestamp":"2026-04-15T12:31:11.388822Z","level":"warning","event":"[SANITIZE] link_id=47331 field=maximum_speed suspicious sentinel value=999 -> NULL","logger":"lta_common","filename":"lta_common.py","lineno":143}
{"timestamp":"2026-04-15T12:31:11.388855Z","level":"warning","event":"[SANITIZE] link_id=47332 field=maximum_speed suspicious sentinel value=999 -> NULL","logger":"lta_common","filename":"lta_common.py","lineno":143}
{"timestamp":"2026-04-15T12:31:11.388889Z","level":"warning","event":"[SANITIZE] link_id=47333 field=maximum_speed suspicious sentinel value=999 -> NULL","logger":"lta_common","filename":"lta_common.py","lineno":143}
{"timestamp":"2026-04-15T12:31:11.389024Z","level":"warning","event":"[SANITIZE] link_id=47334 field=maximum_speed suspicious sentinel value=999 -> NULL","logger":"lta_common","filename":"lta_common.py","lineno":143}
{"timestamp":"2026-04-15T12:31:11.389121Z","level":"warning","event":"[SANITIZE] link_id=47335 field=maximum_speed suspicious sentinel value=999 -> NULL","logger":"lta_common","filename":"lta_common.py","lineno":143}
{"timestamp":"2026-04-15T12:31:11.389177Z","level":"warning","event":"[SANITIZE] link_id=47336 field=maximum_speed suspicious sentinel value=999 -> NULL","logger":"lta_common","filename":"lta_common.py","lineno":143}
{"timestamp":"2026-04-15T12:31:11.389220Z","level":"warning","event":"[SANITIZE] link_id=47337 field=maximum_speed suspicious sentinel value=999 -> NULL","logger":"lta_common","filename":"lta_common.py","lineno":143}
{"timestamp":"2026-04-15T12:31:11.389259Z","level":"warning","event":"[SANITIZE] link_id=47338 field=maximum_speed suspicious sentinel value=999 -> NULL","logger":"lta_common","filename":"lta_common.py","lineno":143}
{"timestamp":"2026-04-15T12:31:11.389298Z","level":"warning","event":"[SANITIZE] link_id=47339 field=maximum_speed suspicious sentinel value=999 -> NULL","logger":"lta_common","filename":"lta_common.py","lineno":143}
{"timestamp":"2026-04-15T12:31:11.389335Z","level":"warning","event":"[SANITIZE] link_id=47340 field=maximum_speed suspicious sentinel value=999 -> NULL","logger":"lta_common","filename":"lta_common.py","lineno":143}
{"timestamp":"2026-04-15T12:31:11.389371Z","level":"warning","event":"[SANITIZE] link_id=47341 field=maximum_speed suspicious sentinel value=999 -> NULL","logger":"lta_common","filename":"lta_common.py","lineno":143}
{"timestamp":"2026-04-15T12:31:11.389407Z","level":"warning","event":"[SANITIZE] link_id=47342 field=maximum_speed suspicious sentinel value=999 -> NULL","logger":"lta_common","filename":"lta_common.py","lineno":143}
{"timestamp":"2026-04-15T12:31:11.389445Z","level":"warning","event":"[SANITIZE] link_id=47343 field=maximum_speed suspicious sentinel value=999 -> NULL","logger":"lta_common","filename":"lta_common.py","lineno":143}
{"timestamp":"2026-04-15T12:31:11.389481Z","level":"warning","event":"[SANITIZE] link_id=47344 field=maximum_speed suspicious sentinel value=999 -> NULL","logger":"lta_common","filename":"lta_common.py","lineno":143}
{"timestamp":"2026-04-15T12:31:11.389517Z","level":"warning","event":"[SANITIZE] link_id=47345 field=maximum_speed suspicious sentinel value=999 -> NULL","logger":"lta_common","filename":"lta_common.py","lineno":143}
{"timestamp":"2026-04-15T12:31:11.389567Z","level":"warning","event":"[SANITIZE] link_id=47349 field=maximum_speed suspicious sentinel value=999 -> NULL","logger":"lta_common","filename":"lta_common.py","lineno":143}
{"timestamp":"2026-04-15T12:31:11.389602Z","level":"warning","event":"[SANITIZE] link_id=47350 field=maximum_speed suspicious sentinel value=999 -> NULL","logger":"lta_common","filename":"lta_common.py","lineno":143}
{"timestamp":"2026-04-15T12:31:11.389637Z","level":"warning","event":"[SANITIZE] link_id=47351 field=maximum_speed suspicious sentinel value=999 -> NULL","logger":"lta_common","filename":"lta_common.py","lineno":143}
{"timestamp":"2026-04-15T12:31:11.389682Z","level":"warning","event":"[SANITIZE] link_id=47354 field=maximum_speed suspicious sentinel value=999 -> NULL","logger":"lta_common","filename":"lta_common.py","lineno":143}
{"timestamp":"2026-04-15T12:31:11.389750Z","level":"warning","event":"[SANITIZE] link_id=47363 field=maximum_speed suspicious sentinel value=999 -> NULL","logger":"lta_common","filename":"lta_common.py","lineno":143}
{"timestamp":"2026-04-15T12:31:11.389785Z","level":"warning","event":"[SANITIZE] link_id=47364 field=maximum_speed suspicious sentinel value=999 -> NULL","logger":"lta_common","filename":"lta_common.py","lineno":143}
{"timestamp":"2026-04-15T12:31:11.389821Z","level":"warning","event":"[SANITIZE] link_id=47365 field=maximum_speed suspicious sentinel value=999 -> NULL","logger":"lta_common","filename":"lta_common.py","lineno":143}
{"timestamp":"2026-04-15T12:31:11.389861Z","level":"warning","event":"[SANITIZE] link_id=47367 field=maximum_speed suspicious sentinel value=999 -> NULL","logger":"lta_common","filename":"lta_common.py","lineno":143}
{"timestamp":"2026-04-15T12:31:11.389895Z","level":"warning","event":"[SANITIZE] link_id=47368 field=maximum_speed suspicious sentinel value=999 -> NULL","logger":"lta_common","filename":"lta_common.py","lineno":143}
{"timestamp":"2026-04-15T12:31:11.389926Z","level":"warning","event":"[SANITIZE] link_id=47369 field=maximum_speed suspicious sentinel value=999 -> NULL","logger":"lta_common","filename":"lta_common.py","lineno":143}
{"timestamp":"2026-04-15T12:31:11.389958Z","level":"warning","event":"[SANITIZE] link_id=47370 field=maximum_speed suspicious sentinel value=999 -> NULL","logger":"lta_common","filename":"lta_common.py","lineno":143}
{"timestamp":"2026-04-15T12:31:11.390009Z","level":"warning","event":"[SANITIZE] link_id=47371 field=maximum_speed suspicious sentinel value=999 -> NULL","logger":"lta_common","filename":"lta_common.py","lineno":143}
{"timestamp":"2026-04-15T12:31:11.390064Z","level":"warning","event":"[SANITIZE] link_id=47372 field=maximum_speed suspicious sentinel value=999 -> NULL","logger":"lta_common","filename":"lta_common.py","lineno":143}
{"timestamp":"2026-04-15T12:31:11.390105Z","level":"warning","event":"[SANITIZE] link_id=47373 field=maximum_speed suspicious sentinel value=999 -> NULL","logger":"lta_common","filename":"lta_common.py","lineno":143}
{"timestamp":"2026-04-15T12:31:11.390136Z","level":"warning","event":"[SANITIZE] link_id=47374 field=maximum_speed suspicious sentinel value=999 -> NULL","logger":"lta_common","filename":"lta_common.py","lineno":143}
{"timestamp":"2026-04-15T12:31:11.390168Z","level":"warning","event":"[SANITIZE] link_id=47375 field=maximum_speed suspicious sentinel value=999 -> NULL","logger":"lta_common","filename":"lta_common.py","lineno":143}
{"timestamp":"2026-04-15T12:31:11.390199Z","level":"warning","event":"[SANITIZE] link_id=47376 field=maximum_speed suspicious sentinel value=999 -> NULL","logger":"lta_common","filename":"lta_common.py","lineno":143}
{"timestamp":"2026-04-15T12:31:11.390230Z","level":"warning","event":"[SANITIZE] link_id=47377 field=maximum_speed suspicious sentinel value=999 -> NULL","logger":"lta_common","filename":"lta_common.py","lineno":143}
{"timestamp":"2026-04-15T12:31:11.390262Z","level":"warning","event":"[SANITIZE] link_id=47378 field=maximum_speed suspicious sentinel value=999 -> NULL","logger":"lta_common","filename":"lta_common.py","lineno":143}
{"timestamp":"2026-04-15T12:31:11.390293Z","level":"warning","event":"[SANITIZE] link_id=47379 field=maximum_speed suspicious sentinel value=999 -> NULL","logger":"lta_common","filename":"lta_common.py","lineno":143}
{"timestamp":"2026-04-15T12:31:11.390325Z","level":"warning","event":"[SANITIZE] link_id=47380 field=maximum_speed suspicious sentinel value=999 -> NULL","logger":"lta_common","filename":"lta_common.py","lineno":143}
{"timestamp":"2026-04-15T12:31:11.390356Z","level":"warning","event":"[SANITIZE] link_id=47381 field=maximum_speed suspicious sentinel value=999 -> NULL","logger":"lta_common","filename":"lta_common.py","lineno":143}
{"timestamp":"2026-04-15T12:31:11.390388Z","level":"warning","event":"[SANITIZE] link_id=47382 field=maximum_speed suspicious sentinel value=999 -> NULL","logger":"lta_common","filename":"lta_common.py","lineno":143}
{"timestamp":"2026-04-15T12:31:11.390423Z","level":"warning","event":"[SANITIZE] link_id=47384 field=maximum_speed suspicious sentinel value=999 -> NULL","logger":"lta_common","filename":"lta_common.py","lineno":143}
{"timestamp":"2026-04-15T12:31:11.390467Z","level":"warning","event":"[SANITIZE] link_id=47391 field=maximum_speed suspicious sentinel value=999 -> NULL","logger":"lta_common","filename":"lta_common.py","lineno":143}
{"timestamp":"2026-04-15T12:31:11.390499Z","level":"warning","event":"[SANITIZE] link_id=47392 field=maximum_speed suspicious sentinel value=999 -> NULL","logger":"lta_common","filename":"lta_common.py","lineno":143}
{"timestamp":"2026-04-15T12:31:11.390530Z","level":"warning","event":"[SANITIZE] link_id=47393 field=maximum_speed suspicious sentinel value=999 -> NULL","logger":"lta_common","filename":"lta_common.py","lineno":143}
{"timestamp":"2026-04-15T12:31:11.390561Z","level":"warning","event":"[SANITIZE] link_id=47394 field=maximum_speed suspicious sentinel value=999 -> NULL","logger":"lta_common","filename":"lta_common.py","lineno":143}
{"timestamp":"2026-04-15T12:31:11.390593Z","level":"warning","event":"[SANITIZE] link_id=47395 field=maximum_speed suspicious sentinel value=999 -> NULL","logger":"lta_common","filename":"lta_common.py","lineno":143}
{"timestamp":"2026-04-15T12:31:11.390623Z","level":"warning","event":"[SANITIZE] link_id=47396 field=maximum_speed suspicious sentinel value=999 -> NULL","logger":"lta_common","filename":"lta_common.py","lineno":143}
{"timestamp":"2026-04-15T12:31:11.390655Z","level":"warning","event":"[SANITIZE] link_id=47397 field=maximum_speed suspicious sentinel value=999 -> NULL","logger":"lta_common","filename":"lta_common.py","lineno":143}
{"timestamp":"2026-04-15T12:31:11.390690Z","level":"warning","event":"[SANITIZE] link_id=47399 field=maximum_speed suspicious sentinel value=999 -> NULL","logger":"lta_common","filename":"lta_common.py","lineno":143}
{"timestamp":"2026-04-15T12:31:11.390722Z","level":"warning","event":"[SANITIZE] link_id=47400 field=maximum_speed suspicious sentinel value=999 -> NULL","logger":"lta_common","filename":"lta_common.py","lineno":143}
{"timestamp":"2026-04-15T12:31:11.390753Z","level":"warning","event":"[SANITIZE] link_id=47401 field=maximum_speed suspicious sentinel value=999 -> NULL","logger":"lta_common","filename":"lta_common.py","lineno":143}
{"timestamp":"2026-04-15T12:31:11.390784Z","level":"warning","event":"[SANITIZE] link_id=47402 field=maximum_speed suspicious sentinel value=999 -> NULL","logger":"lta_common","filename":"lta_common.py","lineno":143}
{"timestamp":"2026-04-15T12:31:11.390823Z","level":"warning","event":"[SANITIZE] link_id=47405 field=maximum_speed suspicious sentinel value=999 -> NULL","logger":"lta_common","filename":"lta_common.py","lineno":143}
{"timestamp":"2026-04-15T12:31:11.390853Z","level":"warning","event":"[SANITIZE] link_id=47406 field=maximum_speed suspicious sentinel value=999 -> NULL","logger":"lta_common","filename":"lta_common.py","lineno":143}
{"timestamp":"2026-04-15T12:31:11.390884Z","level":"warning","event":"[SANITIZE] link_id=47407 field=maximum_speed suspicious sentinel value=999 -> NULL","logger":"lta_common","filename":"lta_common.py","lineno":143}
{"timestamp":"2026-04-15T12:31:11.390915Z","level":"warning","event":"[SANITIZE] link_id=47408 field=maximum_speed suspicious sentinel value=999 -> NULL","logger":"lta_common","filename":"lta_common.py","lineno":143}
{"timestamp":"2026-04-15T12:31:11.390974Z","level":"warning","event":"[SANITIZE] link_id=47416 field=maximum_speed suspicious sentinel value=999 -> NULL","logger":"lta_common","filename":"lta_common.py","lineno":143}
{"timestamp":"2026-04-15T12:31:11.391040Z","level":"warning","event":"[SANITIZE] link_id=47421 field=maximum_speed suspicious sentinel value=999 -> NULL","logger":"lta_common","filename":"lta_common.py","lineno":143}
{"timestamp":"2026-04-15T12:31:11.391080Z","level":"warning","event":"[SANITIZE] link_id=47422 field=maximum_speed suspicious sentinel value=999 -> NULL","logger":"lta_common","filename":"lta_common.py","lineno":143}
{"timestamp":"2026-04-15T12:31:11.391127Z","level":"warning","event":"[SANITIZE] link_id=47427 field=maximum_speed suspicious sentinel value=999 -> NULL","logger":"lta_common","filename":"lta_common.py","lineno":143}
{"timestamp":"2026-04-15T12:31:11.391159Z","level":"warning","event":"[SANITIZE] link_id=47428 field=maximum_speed suspicious sentinel value=999 -> NULL","logger":"lta_common","filename":"lta_common.py","lineno":143}
{"timestamp":"2026-04-15T12:31:11.391190Z","level":"warning","event":"[SANITIZE] link_id=47429 field=maximum_speed suspicious sentinel value=999 -> NULL","logger":"lta_common","filename":"lta_common.py","lineno":143}
{"timestamp":"2026-04-15T12:31:11.391221Z","level":"warning","event":"[SANITIZE] link_id=47430 field=maximum_speed suspicious sentinel value=999 -> NULL","logger":"lta_common","filename":"lta_common.py","lineno":143}
{"timestamp":"2026-04-15T12:31:11.391253Z","level":"warning","event":"[SANITIZE] link_id=47431 field=maximum_speed suspicious sentinel value=999 -> NULL","logger":"lta_common","filename":"lta_common.py","lineno":143}
{"timestamp":"2026-04-15T12:31:11.391284Z","level":"warning","event":"[SANITIZE] link_id=47432 field=maximum_speed suspicious sentinel value=999 -> NULL","logger":"lta_common","filename":"lta_common.py","lineno":143}
{"timestamp":"2026-04-15T12:31:11.391314Z","level":"warning","event":"[SANITIZE] link_id=47433 field=maximum_speed suspicious sentinel value=999 -> NULL","logger":"lta_common","filename":"lta_common.py","lineno":143}
{"timestamp":"2026-04-15T12:31:11.391345Z","level":"warning","event":"[SANITIZE] link_id=47434 field=maximum_speed suspicious sentinel value=999 -> NULL","logger":"lta_common","filename":"lta_common.py","lineno":143}
{"timestamp":"2026-04-15T12:31:11.391389Z","level":"warning","event":"[SANITIZE] link_id=47438 field=maximum_speed suspicious sentinel value=999 -> NULL","logger":"lta_common","filename":"lta_common.py","lineno":143}
{"timestamp":"2026-04-15T12:31:11.391428Z","level":"warning","event":"[SANITIZE] link_id=47441 field=maximum_speed suspicious sentinel value=999 -> NULL","logger":"lta_common","filename":"lta_common.py","lineno":143}
{"timestamp":"2026-04-15T12:31:11.391458Z","level":"warning","event":"[SANITIZE] link_id=47442 field=maximum_speed suspicious sentinel value=999 -> NULL","logger":"lta_common","filename":"lta_common.py","lineno":143}
{"timestamp":"2026-04-15T12:31:11.391489Z","level":"warning","event":"[SANITIZE] link_id=47443 field=maximum_speed suspicious sentinel value=999 -> NULL","logger":"lta_common","filename":"lta_common.py","lineno":143}
{"timestamp":"2026-04-15T12:31:11.391520Z","level":"warning","event":"[SANITIZE] link_id=47444 field=maximum_speed suspicious sentinel value=999 -> NULL","logger":"lta_common","filename":"lta_common.py","lineno":143}
{"timestamp":"2026-04-15T12:31:11.391551Z","level":"warning","event":"[SANITIZE] link_id=47445 field=maximum_speed suspicious sentinel value=999 -> NULL","logger":"lta_common","filename":"lta_common.py","lineno":143}
{"timestamp":"2026-04-15T12:31:11.391582Z","level":"warning","event":"[SANITIZE] link_id=47446 field=maximum_speed suspicious sentinel value=999 -> NULL","logger":"lta_common","filename":"lta_common.py","lineno":143}
{"timestamp":"2026-04-15T12:31:11.391653Z","level":"warning","event":"[SANITIZE] link_id=47457 field=maximum_speed suspicious sentinel value=999 -> NULL","logger":"lta_common","filename":"lta_common.py","lineno":143}
{"timestamp":"2026-04-15T12:31:11.391696Z","level":"warning","event":"[SANITIZE] link_id=47461 field=maximum_speed suspicious sentinel value=999 -> NULL","logger":"lta_common","filename":"lta_common.py","lineno":143}
{"timestamp":"2026-04-15T12:31:11.391727Z","level":"warning","event":"[SANITIZE] link_id=47462 field=maximum_speed suspicious sentinel value=999 -> NULL","logger":"lta_common","filename":"lta_common.py","lineno":143}
{"timestamp":"2026-04-15T12:31:11.391758Z","level":"warning","event":"[SANITIZE] link_id=47463 field=maximum_speed suspicious sentinel value=999 -> NULL","logger":"lta_common","filename":"lta_common.py","lineno":143}
{"timestamp":"2026-04-15T12:31:11.391805Z","level":"warning","event":"[SANITIZE] link_id=47468 field=maximum_speed suspicious sentinel value=999 -> NULL","logger":"lta_common","filename":"lta_common.py","lineno":143}
{"timestamp":"2026-04-15T12:31:11.391836Z","level":"warning","event":"[SANITIZE] link_id=47469 field=maximum_speed suspicious sentinel value=999 -> NULL","logger":"lta_common","filename":"lta_common.py","lineno":143}
{"timestamp":"2026-04-15T12:31:11.391867Z","level":"warning","event":"[SANITIZE] link_id=47470 field=maximum_speed suspicious sentinel value=999 -> NULL","logger":"lta_common","filename":"lta_common.py","lineno":143}
{"timestamp":"2026-04-15T12:31:11.391897Z","level":"warning","event":"[SANITIZE] link_id=47471 field=maximum_speed suspicious sentinel value=999 -> NULL","logger":"lta_common","filename":"lta_common.py","lineno":143}
{"timestamp":"2026-04-15T12:31:11.391928Z","level":"warning","event":"[SANITIZE] link_id=47472 field=maximum_speed suspicious sentinel value=999 -> NULL","logger":"lta_common","filename":"lta_common.py","lineno":143}
{"timestamp":"2026-04-15T12:31:11.391958Z","level":"warning","event":"[SANITIZE] link_id=47473 field=maximum_speed suspicious sentinel value=999 -> NULL","logger":"lta_common","filename":"lta_common.py","lineno":143}
{"timestamp":"2026-04-15T12:31:11.392017Z","level":"warning","event":"[SANITIZE] link_id=47474 field=maximum_speed suspicious sentinel value=999 -> NULL","logger":"lta_common","filename":"lta_common.py","lineno":143}
{"timestamp":"2026-04-15T12:31:11.392081Z","level":"warning","event":"[SANITIZE] link_id=47475 field=maximum_speed suspicious sentinel value=999 -> NULL","logger":"lta_common","filename":"lta_common.py","lineno":143}
{"timestamp":"2026-04-15T12:31:11.392149Z","level":"warning","event":"[SANITIZE] link_id=47480 field=maximum_speed suspicious sentinel value=999 -> NULL","logger":"lta_common","filename":"lta_common.py","lineno":143}
{"timestamp":"2026-04-15T12:31:11.392187Z","level":"warning","event":"[SANITIZE] link_id=47481 field=maximum_speed suspicious sentinel value=999 -> NULL","logger":"lta_common","filename":"lta_common.py","lineno":143}
{"timestamp":"2026-04-15T12:31:11.392218Z","level":"warning","event":"[SANITIZE] link_id=47482 field=maximum_speed suspicious sentinel value=999 -> NULL","logger":"lta_common","filename":"lta_common.py","lineno":143}
{"timestamp":"2026-04-15T12:31:11.392249Z","level":"warning","event":"[SANITIZE] link_id=47483 field=maximum_speed suspicious sentinel value=999 -> NULL","logger":"lta_common","filename":"lta_common.py","lineno":143}
{"timestamp":"2026-04-15T12:31:11.392297Z","level":"warning","event":"[SANITIZE] link_id=47485 field=maximum_speed suspicious sentinel value=999 -> NULL","logger":"lta_common","filename":"lta_common.py","lineno":143}
{"timestamp":"2026-04-15T12:31:11.392336Z","level":"warning","event":"[SANITIZE] link_id=47486 field=maximum_speed suspicious sentinel value=999 -> NULL","logger":"lta_common","filename":"lta_common.py","lineno":143}
{"timestamp":"2026-04-15T12:31:11.392367Z","level":"warning","event":"[SANITIZE] link_id=47487 field=maximum_speed suspicious sentinel value=999 -> NULL","logger":"lta_common","filename":"lta_common.py","lineno":143}
{"timestamp":"2026-04-15T12:31:11.392398Z","level":"warning","event":"[SANITIZE] link_id=47488 field=maximum_speed suspicious sentinel value=999 -> NULL","logger":"lta_common","filename":"lta_common.py","lineno":143}
{"timestamp":"2026-04-15T12:31:11.392437Z","level":"warning","event":"[SANITIZE] link_id=47491 field=maximum_speed suspicious sentinel value=999 -> NULL","logger":"lta_common","filename":"lta_common.py","lineno":143}
{"timestamp":"2026-04-15T12:31:11.392468Z","level":"warning","event":"[SANITIZE] link_id=47492 field=maximum_speed suspicious sentinel value=999 -> NULL","logger":"lta_common","filename":"lta_common.py","lineno":143}
{"timestamp":"2026-04-15T12:31:11.392498Z","level":"warning","event":"[SANITIZE] link_id=47493 field=maximum_speed suspicious sentinel value=999 -> NULL","logger":"lta_common","filename":"lta_common.py","lineno":143}
{"timestamp":"2026-04-15T12:31:11.392529Z","level":"warning","event":"[SANITIZE] link_id=47494 field=maximum_speed suspicious sentinel value=999 -> NULL","logger":"lta_common","filename":"lta_common.py","lineno":143}
{"timestamp":"2026-04-15T12:31:11.392560Z","level":"warning","event":"[SANITIZE] link_id=47495 field=maximum_speed suspicious sentinel value=999 -> NULL","logger":"lta_common","filename":"lta_common.py","lineno":143}
{"timestamp":"2026-04-15T12:31:11.392591Z","level":"warning","event":"[SANITIZE] link_id=47496 field=maximum_speed suspicious sentinel value=999 -> NULL","logger":"lta_common","filename":"lta_common.py","lineno":143}
{"timestamp":"2026-04-15T12:31:11.392621Z","level":"warning","event":"[SANITIZE] link_id=47497 field=maximum_speed suspicious sentinel value=999 -> NULL","logger":"lta_common","filename":"lta_common.py","lineno":143}
{"timestamp":"2026-04-15T12:31:11.392656Z","level":"warning","event":"[SANITIZE] link_id=47499 field=maximum_speed suspicious sentinel value=999 -> NULL","logger":"lta_common","filename":"lta_common.py","lineno":143}
{"timestamp":"2026-04-15T12:31:11.392687Z","level":"warning","event":"[SANITIZE] link_id=47500 field=maximum_speed suspicious sentinel value=999 -> NULL","logger":"lta_common","filename":"lta_common.py","lineno":143}
{"timestamp":"2026-04-15T12:31:11.392718Z","level":"warning","event":"[SANITIZE] link_id=47501 field=maximum_speed suspicious sentinel value=999 -> NULL","logger":"lta_common","filename":"lta_common.py","lineno":143}
{"timestamp":"2026-04-15T12:31:11.393379Z","level":"info","event":"[CLEAN DONE] rows=500 | null_speed_band=0 | null_minimum_speed=0 | null_maximum_speed=183","logger":"lta_common","filename":"lta_common.py","lineno":238}
{"timestamp":"2026-04-15T12:31:11.394594Z","level":"info","event":"STEP 5: built cleaned snapshot dataframe rows=500","logger":"2_refresh_traffic_speed","filename":"2_refresh_traffic_speed.py","lineno":44}
{"timestamp":"2026-04-15T12:31:11.395050Z","level":"info","event":"[LATEST PREP] rows=500 | missing_measurement_rows=0","logger":"lta_common","filename":"lta_common.py","lineno":271}
{"timestamp":"2026-04-15T12:31:11.395418Z","level":"info","event":"[UPSERT START] upserting 500 rows into traffic_speed_latest","logger":"lta_common","filename":"lta_common.py","lineno":348}
{"timestamp":"2026-04-15T12:31:11.395858Z","level":"info","event":"[UPSERT DEBUG] max_link_id=47501 | min_link_id=46911 | max_speed_band=8 | min_speed_band=1 | max_minimum_speed=70 | min_minimum_speed=0 | max_maximum_speed=69.0 | min_maximum_speed=9.0","logger":"lta_common","filename":"lta_common.py","lineno":350}
{"timestamp":"2026-04-15T12:31:11.769667Z","level":"info","event":"[UPSERT DONE] upserted=500 rows into traffic_speed_latest","logger":"lta_common","filename":"lta_common.py","lineno":388}
{"timestamp":"2026-04-15T12:31:11.772042Z","level":"info","event":"[SAVE START] inserting 500 rows into traffic_speed_recent","logger":"lta_common","filename":"lta_common.py","lineno":319}
{"timestamp":"2026-04-15T12:31:12.131014Z","level":"info","event":"[SAVE DONE] inserted=500 rows into traffic_speed_recent","logger":"lta_common","filename":"lta_common.py","lineno":337}
{"timestamp":"2026-04-15T12:31:12.131117Z","level":"info","event":"STEP 6: page saved skip=31500 | pages=64 | latest_rows=32000 | recent_rows=32000","logger":"2_refresh_traffic_speed","filename":"2_refresh_traffic_speed.py","lineno":56}
{"timestamp":"2026-04-15T12:31:12.131146Z","level":"info","event":"========== PAGE START ==========","logger":"lta_common","filename":"lta_common.py","lineno":53}
{"timestamp":"2026-04-15T12:31:12.131168Z","level":"info","event":"[FETCH] requesting rows 32000–32499","logger":"lta_common","filename":"lta_common.py","lineno":54}
{"timestamp":"2026-04-15T12:31:12.131195Z","level":"info","event":"Fetching page from LTA: skip=32000","logger":"lta_common","filename":"lta_common.py","lineno":36}
{"timestamp":"2026-04-15T12:31:12.375750Z","level":"info","event":"Retrieved 500 rows from LTA at skip=32000","logger":"lta_common","filename":"lta_common.py","lineno":44}
{"timestamp":"2026-04-15T12:31:12.376860Z","level":"info","event":"[FETCH DONE] retrieved=500 rows at skip=32000","logger":"lta_common","filename":"lta_common.py","lineno":59}
{"timestamp":"2026-04-15T12:31:12.377050Z","level":"info","event":"STEP 4: processing page skip=32000 rows=500","logger":"2_refresh_traffic_speed","filename":"2_refresh_traffic_speed.py","lineno":41}
{"timestamp":"2026-04-15T12:31:12.382864Z","level":"warning","event":"[SANITIZE] link_id=47502 field=maximum_speed suspicious sentinel value=999 -> NULL","logger":"lta_common","filename":"lta_common.py","lineno":143}
{"timestamp":"2026-04-15T12:31:12.382912Z","level":"warning","event":"[SANITIZE] link_id=47503 field=maximum_speed suspicious sentinel value=999 -> NULL","logger":"lta_common","filename":"lta_common.py","lineno":143}
{"timestamp":"2026-04-15T12:31:12.382945Z","level":"warning","event":"[SANITIZE] link_id=47506 field=maximum_speed suspicious sentinel value=999 -> NULL","logger":"lta_common","filename":"lta_common.py","lineno":143}
{"timestamp":"2026-04-15T12:31:12.382977Z","level":"warning","event":"[SANITIZE] link_id=47509 field=maximum_speed suspicious sentinel value=999 -> NULL","logger":"lta_common","filename":"lta_common.py","lineno":143}
{"timestamp":"2026-04-15T12:31:12.383039Z","level":"warning","event":"[SANITIZE] link_id=47522 field=maximum_speed suspicious sentinel value=999 -> NULL","logger":"lta_common","filename":"lta_common.py","lineno":143}
{"timestamp":"2026-04-15T12:31:12.383063Z","level":"warning","event":"[SANITIZE] link_id=47523 field=maximum_speed suspicious sentinel value=999 -> NULL","logger":"lta_common","filename":"lta_common.py","lineno":143}
{"timestamp":"2026-04-15T12:31:12.383097Z","level":"warning","event":"[SANITIZE] link_id=47527 field=maximum_speed suspicious sentinel value=999 -> NULL","logger":"lta_common","filename":"lta_common.py","lineno":143}
{"timestamp":"2026-04-15T12:31:12.383120Z","level":"warning","event":"[SANITIZE] link_id=47528 field=maximum_speed suspicious sentinel value=999 -> NULL","logger":"lta_common","filename":"lta_common.py","lineno":143}
{"timestamp":"2026-04-15T12:31:12.383144Z","level":"warning","event":"[SANITIZE] link_id=47529 field=maximum_speed suspicious sentinel value=999 -> NULL","logger":"lta_common","filename":"lta_common.py","lineno":143}
{"timestamp":"2026-04-15T12:31:12.383165Z","level":"warning","event":"[SANITIZE] link_id=47530 field=maximum_speed suspicious sentinel value=999 -> NULL","logger":"lta_common","filename":"lta_common.py","lineno":143}
{"timestamp":"2026-04-15T12:31:12.383189Z","level":"warning","event":"[SANITIZE] link_id=47531 field=maximum_speed suspicious sentinel value=999 -> NULL","logger":"lta_common","filename":"lta_common.py","lineno":143}
{"timestamp":"2026-04-15T12:31:12.383211Z","level":"warning","event":"[SANITIZE] link_id=47532 field=maximum_speed suspicious sentinel value=999 -> NULL","logger":"lta_common","filename":"lta_common.py","lineno":143}
{"timestamp":"2026-04-15T12:31:12.383232Z","level":"warning","event":"[SANITIZE] link_id=47533 field=maximum_speed suspicious sentinel value=999 -> NULL","logger":"lta_common","filename":"lta_common.py","lineno":143}
{"timestamp":"2026-04-15T12:31:12.383252Z","level":"warning","event":"[SANITIZE] link_id=47534 field=maximum_speed suspicious sentinel value=999 -> NULL","logger":"lta_common","filename":"lta_common.py","lineno":143}
{"timestamp":"2026-04-15T12:31:12.383307Z","level":"warning","event":"[SANITIZE] link_id=47548 field=maximum_speed suspicious sentinel value=999 -> NULL","logger":"lta_common","filename":"lta_common.py","lineno":143}
{"timestamp":"2026-04-15T12:31:12.383327Z","level":"warning","event":"[SANITIZE] link_id=47549 field=maximum_speed suspicious sentinel value=999 -> NULL","logger":"lta_common","filename":"lta_common.py","lineno":143}
{"timestamp":"2026-04-15T12:31:12.383348Z","level":"warning","event":"[SANITIZE] link_id=47550 field=maximum_speed suspicious sentinel value=999 -> NULL","logger":"lta_common","filename":"lta_common.py","lineno":143}
{"timestamp":"2026-04-15T12:31:12.383368Z","level":"warning","event":"[SANITIZE] link_id=47551 field=maximum_speed suspicious sentinel value=999 -> NULL","logger":"lta_common","filename":"lta_common.py","lineno":143}
{"timestamp":"2026-04-15T12:31:12.383411Z","level":"warning","event":"[SANITIZE] link_id=47561 field=maximum_speed suspicious sentinel value=999 -> NULL","logger":"lta_common","filename":"lta_common.py","lineno":143}
{"timestamp":"2026-04-15T12:31:12.383431Z","level":"warning","event":"[SANITIZE] link_id=47562 field=maximum_speed suspicious sentinel value=999 -> NULL","logger":"lta_common","filename":"lta_common.py","lineno":143}
{"timestamp":"2026-04-15T12:31:12.383490Z","level":"warning","event":"[SANITIZE] link_id=47582 field=maximum_speed suspicious sentinel value=999 -> NULL","logger":"lta_common","filename":"lta_common.py","lineno":143}
{"timestamp":"2026-04-15T12:31:12.383596Z","level":"warning","event":"[SANITIZE] link_id=47617 field=maximum_speed suspicious sentinel value=999 -> NULL","logger":"lta_common","filename":"lta_common.py","lineno":143}
{"timestamp":"2026-04-15T12:31:12.383616Z","level":"warning","event":"[SANITIZE] link_id=47618 field=maximum_speed suspicious sentinel value=999 -> NULL","logger":"lta_common","filename":"lta_common.py","lineno":143}
{"timestamp":"2026-04-15T12:31:12.383646Z","level":"warning","event":"[SANITIZE] link_id=47623 field=maximum_speed suspicious sentinel value=999 -> NULL","logger":"lta_common","filename":"lta_common.py","lineno":143}
{"timestamp":"2026-04-15T12:31:12.383669Z","level":"warning","event":"[SANITIZE] link_id=47625 field=maximum_speed suspicious sentinel value=999 -> NULL","logger":"lta_common","filename":"lta_common.py","lineno":143}
{"timestamp":"2026-04-15T12:31:12.383700Z","level":"warning","event":"[SANITIZE] link_id=47630 field=maximum_speed suspicious sentinel value=999 -> NULL","logger":"lta_common","filename":"lta_common.py","lineno":143}
{"timestamp":"2026-04-15T12:31:12.383750Z","level":"warning","event":"[SANITIZE] link_id=47643 field=maximum_speed suspicious sentinel value=999 -> NULL","logger":"lta_common","filename":"lta_common.py","lineno":143}
{"timestamp":"2026-04-15T12:31:12.383770Z","level":"warning","event":"[SANITIZE] link_id=47644 field=maximum_speed suspicious sentinel value=999 -> NULL","logger":"lta_common","filename":"lta_common.py","lineno":143}
{"timestamp":"2026-04-15T12:31:12.383803Z","level":"warning","event":"[SANITIZE] link_id=47650 field=maximum_speed suspicious sentinel value=999 -> NULL","logger":"lta_common","filename":"lta_common.py","lineno":143}
{"timestamp":"2026-04-15T12:31:12.383853Z","level":"warning","event":"[SANITIZE] link_id=47666 field=maximum_speed suspicious sentinel value=999 -> NULL","logger":"lta_common","filename":"lta_common.py","lineno":143}
{"timestamp":"2026-04-15T12:31:12.383903Z","level":"warning","event":"[SANITIZE] link_id=47679 field=maximum_speed suspicious sentinel value=999 -> NULL","logger":"lta_common","filename":"lta_common.py","lineno":143}
{"timestamp":"2026-04-15T12:31:12.383924Z","level":"warning","event":"[SANITIZE] link_id=47680 field=maximum_speed suspicious sentinel value=999 -> NULL","logger":"lta_common","filename":"lta_common.py","lineno":143}
{"timestamp":"2026-04-15T12:31:12.383944Z","level":"warning","event":"[SANITIZE] link_id=47681 field=maximum_speed suspicious sentinel value=999 -> NULL","logger":"lta_common","filename":"lta_common.py","lineno":143}
{"timestamp":"2026-04-15T12:31:12.383964Z","level":"warning","event":"[SANITIZE] link_id=47682 field=maximum_speed suspicious sentinel value=999 -> NULL","logger":"lta_common","filename":"lta_common.py","lineno":143}
{"timestamp":"2026-04-15T12:31:12.383990Z","level":"warning","event":"[SANITIZE] link_id=47683 field=maximum_speed suspicious sentinel value=999 -> NULL","logger":"lta_common","filename":"lta_common.py","lineno":143}
{"timestamp":"2026-04-15T12:31:12.384025Z","level":"warning","event":"[SANITIZE] link_id=47684 field=maximum_speed suspicious sentinel value=999 -> NULL","logger":"lta_common","filename":"lta_common.py","lineno":143}
{"timestamp":"2026-04-15T12:31:12.384049Z","level":"warning","event":"[SANITIZE] link_id=47685 field=maximum_speed suspicious sentinel value=999 -> NULL","logger":"lta_common","filename":"lta_common.py","lineno":143}
{"timestamp":"2026-04-15T12:31:12.384069Z","level":"warning","event":"[SANITIZE] link_id=47686 field=maximum_speed suspicious sentinel value=999 -> NULL","logger":"lta_common","filename":"lta_common.py","lineno":143}
{"timestamp":"2026-04-15T12:31:12.384090Z","level":"warning","event":"[SANITIZE] link_id=47687 field=maximum_speed suspicious sentinel value=999 -> NULL","logger":"lta_common","filename":"lta_common.py","lineno":143}
{"timestamp":"2026-04-15T12:31:12.384110Z","level":"warning","event":"[SANITIZE] link_id=47690 field=maximum_speed suspicious sentinel value=999 -> NULL","logger":"lta_common","filename":"lta_common.py","lineno":143}
{"timestamp":"2026-04-15T12:31:12.384131Z","level":"warning","event":"[SANITIZE] link_id=47691 field=maximum_speed suspicious sentinel value=999 -> NULL","logger":"lta_common","filename":"lta_common.py","lineno":143}
{"timestamp":"2026-04-15T12:31:12.384151Z","level":"warning","event":"[SANITIZE] link_id=47693 field=maximum_speed suspicious sentinel value=999 -> NULL","logger":"lta_common","filename":"lta_common.py","lineno":143}
{"timestamp":"2026-04-15T12:31:12.384171Z","level":"warning","event":"[SANITIZE] link_id=47694 field=maximum_speed suspicious sentinel value=999 -> NULL","logger":"lta_common","filename":"lta_common.py","lineno":143}
{"timestamp":"2026-04-15T12:31:12.384191Z","level":"warning","event":"[SANITIZE] link_id=47695 field=maximum_speed suspicious sentinel value=999 -> NULL","logger":"lta_common","filename":"lta_common.py","lineno":143}
{"timestamp":"2026-04-15T12:31:12.384214Z","level":"warning","event":"[SANITIZE] link_id=47697 field=maximum_speed suspicious sentinel value=999 -> NULL","logger":"lta_common","filename":"lta_common.py","lineno":143}
{"timestamp":"2026-04-15T12:31:12.384249Z","level":"warning","event":"[SANITIZE] link_id=47705 field=maximum_speed suspicious sentinel value=999 -> NULL","logger":"lta_common","filename":"lta_common.py","lineno":143}
{"timestamp":"2026-04-15T12:31:12.384279Z","level":"warning","event":"[SANITIZE] link_id=47710 field=maximum_speed suspicious sentinel value=999 -> NULL","logger":"lta_common","filename":"lta_common.py","lineno":143}
{"timestamp":"2026-04-15T12:31:12.384299Z","level":"warning","event":"[SANITIZE] link_id=47711 field=maximum_speed suspicious sentinel value=999 -> NULL","logger":"lta_common","filename":"lta_common.py","lineno":143}
{"timestamp":"2026-04-15T12:31:12.384374Z","level":"warning","event":"[SANITIZE] link_id=47736 field=maximum_speed suspicious sentinel value=999 -> NULL","logger":"lta_common","filename":"lta_common.py","lineno":143}
{"timestamp":"2026-04-15T12:31:12.384394Z","level":"warning","event":"[SANITIZE] link_id=47737 field=maximum_speed suspicious sentinel value=999 -> NULL","logger":"lta_common","filename":"lta_common.py","lineno":143}
{"timestamp":"2026-04-15T12:31:12.384414Z","level":"warning","event":"[SANITIZE] link_id=47738 field=maximum_speed suspicious sentinel value=999 -> NULL","logger":"lta_common","filename":"lta_common.py","lineno":143}
{"timestamp":"2026-04-15T12:31:12.384434Z","level":"warning","event":"[SANITIZE] link_id=47739 field=maximum_speed suspicious sentinel value=999 -> NULL","logger":"lta_common","filename":"lta_common.py","lineno":143}
{"timestamp":"2026-04-15T12:31:12.384457Z","level":"warning","event":"[SANITIZE] link_id=47741 field=maximum_speed suspicious sentinel value=999 -> NULL","logger":"lta_common","filename":"lta_common.py","lineno":143}
{"timestamp":"2026-04-15T12:31:12.384478Z","level":"warning","event":"[SANITIZE] link_id=47742 field=maximum_speed suspicious sentinel value=999 -> NULL","logger":"lta_common","filename":"lta_common.py","lineno":143}
{"timestamp":"2026-04-15T12:31:12.384498Z","level":"warning","event":"[SANITIZE] link_id=47743 field=maximum_speed suspicious sentinel value=999 -> NULL","logger":"lta_common","filename":"lta_common.py","lineno":143}
{"timestamp":"2026-04-15T12:31:12.384526Z","level":"warning","event":"[SANITIZE] link_id=47747 field=maximum_speed suspicious sentinel value=999 -> NULL","logger":"lta_common","filename":"lta_common.py","lineno":143}
{"timestamp":"2026-04-15T12:31:12.384546Z","level":"warning","event":"[SANITIZE] link_id=47748 field=maximum_speed suspicious sentinel value=999 -> NULL","logger":"lta_common","filename":"lta_common.py","lineno":143}
{"timestamp":"2026-04-15T12:31:12.384566Z","level":"warning","event":"[SANITIZE] link_id=47749 field=maximum_speed suspicious sentinel value=999 -> NULL","logger":"lta_common","filename":"lta_common.py","lineno":143}
{"timestamp":"2026-04-15T12:31:12.384587Z","level":"warning","event":"[SANITIZE] link_id=47750 field=maximum_speed suspicious sentinel value=999 -> NULL","logger":"lta_common","filename":"lta_common.py","lineno":143}
{"timestamp":"2026-04-15T12:31:12.384607Z","level":"warning","event":"[SANITIZE] link_id=47751 field=maximum_speed suspicious sentinel value=999 -> NULL","logger":"lta_common","filename":"lta_common.py","lineno":143}
{"timestamp":"2026-04-15T12:31:12.384626Z","level":"warning","event":"[SANITIZE] link_id=47752 field=maximum_speed suspicious sentinel value=999 -> NULL","logger":"lta_common","filename":"lta_common.py","lineno":143}
{"timestamp":"2026-04-15T12:31:12.384646Z","level":"warning","event":"[SANITIZE] link_id=47753 field=maximum_speed suspicious sentinel value=999 -> NULL","logger":"lta_common","filename":"lta_common.py","lineno":143}
{"timestamp":"2026-04-15T12:31:12.384666Z","level":"warning","event":"[SANITIZE] link_id=47754 field=maximum_speed suspicious sentinel value=999 -> NULL","logger":"lta_common","filename":"lta_common.py","lineno":143}
{"timestamp":"2026-04-15T12:31:12.384686Z","level":"warning","event":"[SANITIZE] link_id=47755 field=maximum_speed suspicious sentinel value=999 -> NULL","logger":"lta_common","filename":"lta_common.py","lineno":143}
{"timestamp":"2026-04-15T12:31:12.384732Z","level":"warning","event":"[SANITIZE] link_id=47774 field=maximum_speed suspicious sentinel value=999 -> NULL","logger":"lta_common","filename":"lta_common.py","lineno":143}
{"timestamp":"2026-04-15T12:31:12.384759Z","level":"warning","event":"[SANITIZE] link_id=47783 field=maximum_speed suspicious sentinel value=999 -> NULL","logger":"lta_common","filename":"lta_common.py","lineno":143}
{"timestamp":"2026-04-15T12:31:12.384779Z","level":"warning","event":"[SANITIZE] link_id=47784 field=maximum_speed suspicious sentinel value=999 -> NULL","logger":"lta_common","filename":"lta_common.py","lineno":143}
{"timestamp":"2026-04-15T12:31:12.384799Z","level":"warning","event":"[SANITIZE] link_id=47785 field=maximum_speed suspicious sentinel value=999 -> NULL","logger":"lta_common","filename":"lta_common.py","lineno":143}
{"timestamp":"2026-04-15T12:31:12.384819Z","level":"warning","event":"[SANITIZE] link_id=47786 field=maximum_speed suspicious sentinel value=999 -> NULL","logger":"lta_common","filename":"lta_common.py","lineno":143}
{"timestamp":"2026-04-15T12:31:12.384839Z","level":"warning","event":"[SANITIZE] link_id=47787 field=maximum_speed suspicious sentinel value=999 -> NULL","logger":"lta_common","filename":"lta_common.py","lineno":143}
{"timestamp":"2026-04-15T12:31:12.384859Z","level":"warning","event":"[SANITIZE] link_id=47788 field=maximum_speed suspicious sentinel value=999 -> NULL","logger":"lta_common","filename":"lta_common.py","lineno":143}
{"timestamp":"2026-04-15T12:31:12.384879Z","level":"warning","event":"[SANITIZE] link_id=47791 field=maximum_speed suspicious sentinel value=999 -> NULL","logger":"lta_common","filename":"lta_common.py","lineno":143}
{"timestamp":"2026-04-15T12:31:12.384899Z","level":"warning","event":"[SANITIZE] link_id=47792 field=maximum_speed suspicious sentinel value=999 -> NULL","logger":"lta_common","filename":"lta_common.py","lineno":143}
{"timestamp":"2026-04-15T12:31:12.384919Z","level":"warning","event":"[SANITIZE] link_id=47793 field=maximum_speed suspicious sentinel value=999 -> NULL","logger":"lta_common","filename":"lta_common.py","lineno":143}
{"timestamp":"2026-04-15T12:31:12.384952Z","level":"warning","event":"[SANITIZE] link_id=47800 field=maximum_speed suspicious sentinel value=999 -> NULL","logger":"lta_common","filename":"lta_common.py","lineno":143}
{"timestamp":"2026-04-15T12:31:12.384972Z","level":"warning","event":"[SANITIZE] link_id=47801 field=maximum_speed suspicious sentinel value=999 -> NULL","logger":"lta_common","filename":"lta_common.py","lineno":143}
{"timestamp":"2026-04-15T12:31:12.385002Z","level":"warning","event":"[SANITIZE] link_id=47802 field=maximum_speed suspicious sentinel value=999 -> NULL","logger":"lta_common","filename":"lta_common.py","lineno":143}
{"timestamp":"2026-04-15T12:31:12.385035Z","level":"warning","event":"[SANITIZE] link_id=47810 field=maximum_speed suspicious sentinel value=999 -> NULL","logger":"lta_common","filename":"lta_common.py","lineno":143}
{"timestamp":"2026-04-15T12:31:12.385060Z","level":"warning","event":"[SANITIZE] link_id=47813 field=maximum_speed suspicious sentinel value=999 -> NULL","logger":"lta_common","filename":"lta_common.py","lineno":143}
{"timestamp":"2026-04-15T12:31:12.385080Z","level":"warning","event":"[SANITIZE] link_id=47814 field=maximum_speed suspicious sentinel value=999 -> NULL","logger":"lta_common","filename":"lta_common.py","lineno":143}
{"timestamp":"2026-04-15T12:31:12.385100Z","level":"warning","event":"[SANITIZE] link_id=47815 field=maximum_speed suspicious sentinel value=999 -> NULL","logger":"lta_common","filename":"lta_common.py","lineno":143}
{"timestamp":"2026-04-15T12:31:12.385148Z","level":"warning","event":"[SANITIZE] link_id=47829 field=maximum_speed suspicious sentinel value=999 -> NULL","logger":"lta_common","filename":"lta_common.py","lineno":143}
{"timestamp":"2026-04-15T12:31:12.385169Z","level":"warning","event":"[SANITIZE] link_id=47830 field=maximum_speed suspicious sentinel value=999 -> NULL","logger":"lta_common","filename":"lta_common.py","lineno":143}
{"timestamp":"2026-04-15T12:31:12.385197Z","level":"warning","event":"[SANITIZE] link_id=47831 field=maximum_speed suspicious sentinel value=999 -> NULL","logger":"lta_common","filename":"lta_common.py","lineno":143}
{"timestamp":"2026-04-15T12:31:12.385230Z","level":"warning","event":"[SANITIZE] link_id=47837 field=maximum_speed suspicious sentinel value=999 -> NULL","logger":"lta_common","filename":"lta_common.py","lineno":143}
{"timestamp":"2026-04-15T12:31:12.385250Z","level":"warning","event":"[SANITIZE] link_id=47838 field=maximum_speed suspicious sentinel value=999 -> NULL","logger":"lta_common","filename":"lta_common.py","lineno":143}
{"timestamp":"2026-04-15T12:31:12.385271Z","level":"warning","event":"[SANITIZE] link_id=47839 field=maximum_speed suspicious sentinel value=999 -> NULL","logger":"lta_common","filename":"lta_common.py","lineno":143}
{"timestamp":"2026-04-15T12:31:12.385291Z","level":"warning","event":"[SANITIZE] link_id=47840 field=maximum_speed suspicious sentinel value=999 -> NULL","logger":"lta_common","filename":"lta_common.py","lineno":143}
{"timestamp":"2026-04-15T12:31:12.385312Z","level":"warning","event":"[SANITIZE] link_id=47841 field=maximum_speed suspicious sentinel value=999 -> NULL","logger":"lta_common","filename":"lta_common.py","lineno":143}
{"timestamp":"2026-04-15T12:31:12.385335Z","level":"warning","event":"[SANITIZE] link_id=47843 field=maximum_speed suspicious sentinel value=999 -> NULL","logger":"lta_common","filename":"lta_common.py","lineno":143}
{"timestamp":"2026-04-15T12:31:12.385355Z","level":"warning","event":"[SANITIZE] link_id=47844 field=maximum_speed suspicious sentinel value=999 -> NULL","logger":"lta_common","filename":"lta_common.py","lineno":143}
{"timestamp":"2026-04-15T12:31:12.385375Z","level":"warning","event":"[SANITIZE] link_id=47845 field=maximum_speed suspicious sentinel value=999 -> NULL","logger":"lta_common","filename":"lta_common.py","lineno":143}
{"timestamp":"2026-04-15T12:31:12.385394Z","level":"warning","event":"[SANITIZE] link_id=47846 field=maximum_speed suspicious sentinel value=999 -> NULL","logger":"lta_common","filename":"lta_common.py","lineno":143}
{"timestamp":"2026-04-15T12:31:12.385415Z","level":"warning","event":"[SANITIZE] link_id=47847 field=maximum_speed suspicious sentinel value=999 -> NULL","logger":"lta_common","filename":"lta_common.py","lineno":143}
{"timestamp":"2026-04-15T12:31:12.385450Z","level":"warning","event":"[SANITIZE] link_id=47856 field=maximum_speed suspicious sentinel value=999 -> NULL","logger":"lta_common","filename":"lta_common.py","lineno":143}
{"timestamp":"2026-04-15T12:31:12.385473Z","level":"warning","event":"[SANITIZE] link_id=47858 field=maximum_speed suspicious sentinel value=999 -> NULL","logger":"lta_common","filename":"lta_common.py","lineno":143}
{"timestamp":"2026-04-15T12:31:12.385493Z","level":"warning","event":"[SANITIZE] link_id=47859 field=maximum_speed suspicious sentinel value=999 -> NULL","logger":"lta_common","filename":"lta_common.py","lineno":143}
{"timestamp":"2026-04-15T12:31:12.385523Z","level":"warning","event":"[SANITIZE] link_id=47867 field=maximum_speed suspicious sentinel value=999 -> NULL","logger":"lta_common","filename":"lta_common.py","lineno":143}
{"timestamp":"2026-04-15T12:31:12.385544Z","level":"warning","event":"[SANITIZE] link_id=47868 field=maximum_speed suspicious sentinel value=999 -> NULL","logger":"lta_common","filename":"lta_common.py","lineno":143}
{"timestamp":"2026-04-15T12:31:12.385564Z","level":"warning","event":"[SANITIZE] link_id=47871 field=maximum_speed suspicious sentinel value=999 -> NULL","logger":"lta_common","filename":"lta_common.py","lineno":143}
{"timestamp":"2026-04-15T12:31:12.385584Z","level":"warning","event":"[SANITIZE] link_id=47872 field=maximum_speed suspicious sentinel value=999 -> NULL","logger":"lta_common","filename":"lta_common.py","lineno":143}
{"timestamp":"2026-04-15T12:31:12.385627Z","level":"warning","event":"[SANITIZE] link_id=47888 field=maximum_speed suspicious sentinel value=999 -> NULL","logger":"lta_common","filename":"lta_common.py","lineno":143}
{"timestamp":"2026-04-15T12:31:12.385647Z","level":"warning","event":"[SANITIZE] link_id=47890 field=maximum_speed suspicious sentinel value=999 -> NULL","logger":"lta_common","filename":"lta_common.py","lineno":143}
{"timestamp":"2026-04-15T12:31:12.385668Z","level":"warning","event":"[SANITIZE] link_id=47891 field=maximum_speed suspicious sentinel value=999 -> NULL","logger":"lta_common","filename":"lta_common.py","lineno":143}
{"timestamp":"2026-04-15T12:31:12.385688Z","level":"warning","event":"[SANITIZE] link_id=47892 field=maximum_speed suspicious sentinel value=999 -> NULL","logger":"lta_common","filename":"lta_common.py","lineno":143}
{"timestamp":"2026-04-15T12:31:12.385779Z","level":"warning","event":"[SANITIZE] link_id=47939 field=maximum_speed suspicious sentinel value=999 -> NULL","logger":"lta_common","filename":"lta_common.py","lineno":143}
{"timestamp":"2026-04-15T12:31:12.385809Z","level":"warning","event":"[SANITIZE] link_id=47944 field=maximum_speed suspicious sentinel value=999 -> NULL","logger":"lta_common","filename":"lta_common.py","lineno":143}
{"timestamp":"2026-04-15T12:31:12.385829Z","level":"warning","event":"[SANITIZE] link_id=47947 field=maximum_speed suspicious sentinel value=999 -> NULL","logger":"lta_common","filename":"lta_common.py","lineno":143}
{"timestamp":"2026-04-15T12:31:12.385857Z","level":"warning","event":"[SANITIZE] link_id=47952 field=maximum_speed suspicious sentinel value=999 -> NULL","logger":"lta_common","filename":"lta_common.py","lineno":143}
{"timestamp":"2026-04-15T12:31:12.385885Z","level":"warning","event":"[SANITIZE] link_id=47957 field=maximum_speed suspicious sentinel value=999 -> NULL","logger":"lta_common","filename":"lta_common.py","lineno":143}
{"timestamp":"2026-04-15T12:31:12.385909Z","level":"warning","event":"[SANITIZE] link_id=47960 field=maximum_speed suspicious sentinel value=999 -> NULL","logger":"lta_common","filename":"lta_common.py","lineno":143}
{"timestamp":"2026-04-15T12:31:12.385929Z","level":"warning","event":"[SANITIZE] link_id=47961 field=maximum_speed suspicious sentinel value=999 -> NULL","logger":"lta_common","filename":"lta_common.py","lineno":143}
{"timestamp":"2026-04-15T12:31:12.385949Z","level":"warning","event":"[SANITIZE] link_id=47962 field=maximum_speed suspicious sentinel value=999 -> NULL","logger":"lta_common","filename":"lta_common.py","lineno":143}
{"timestamp":"2026-04-15T12:31:12.385998Z","level":"warning","event":"[SANITIZE] link_id=47974 field=maximum_speed suspicious sentinel value=999 -> NULL","logger":"lta_common","filename":"lta_common.py","lineno":143}
{"timestamp":"2026-04-15T12:31:12.386018Z","level":"warning","event":"[SANITIZE] link_id=47975 field=maximum_speed suspicious sentinel value=999 -> NULL","logger":"lta_common","filename":"lta_common.py","lineno":143}
{"timestamp":"2026-04-15T12:31:12.386039Z","level":"warning","event":"[SANITIZE] link_id=47976 field=maximum_speed suspicious sentinel value=999 -> NULL","logger":"lta_common","filename":"lta_common.py","lineno":143}
{"timestamp":"2026-04-15T12:31:12.386063Z","level":"warning","event":"[SANITIZE] link_id=47977 field=maximum_speed suspicious sentinel value=999 -> NULL","logger":"lta_common","filename":"lta_common.py","lineno":143}
{"timestamp":"2026-04-15T12:31:12.386084Z","level":"warning","event":"[SANITIZE] link_id=47978 field=maximum_speed suspicious sentinel value=999 -> NULL","logger":"lta_common","filename":"lta_common.py","lineno":143}
{"timestamp":"2026-04-15T12:31:12.386107Z","level":"warning","event":"[SANITIZE] link_id=47980 field=maximum_speed suspicious sentinel value=999 -> NULL","logger":"lta_common","filename":"lta_common.py","lineno":143}
{"timestamp":"2026-04-15T12:31:12.386141Z","level":"warning","event":"[SANITIZE] link_id=47985 field=maximum_speed suspicious sentinel value=999 -> NULL","logger":"lta_common","filename":"lta_common.py","lineno":143}
{"timestamp":"2026-04-15T12:31:12.386162Z","level":"warning","event":"[SANITIZE] link_id=47986 field=maximum_speed suspicious sentinel value=999 -> NULL","logger":"lta_common","filename":"lta_common.py","lineno":143}
{"timestamp":"2026-04-15T12:31:12.386182Z","level":"warning","event":"[SANITIZE] link_id=47987 field=maximum_speed suspicious sentinel value=999 -> NULL","logger":"lta_common","filename":"lta_common.py","lineno":143}
{"timestamp":"2026-04-15T12:31:12.386205Z","level":"warning","event":"[SANITIZE] link_id=47988 field=maximum_speed suspicious sentinel value=999 -> NULL","logger":"lta_common","filename":"lta_common.py","lineno":143}
{"timestamp":"2026-04-15T12:31:12.386259Z","level":"warning","event":"[SANITIZE] link_id=48001 field=maximum_speed suspicious sentinel value=999 -> NULL","logger":"lta_common","filename":"lta_common.py","lineno":143}
{"timestamp":"2026-04-15T12:31:12.386290Z","level":"warning","event":"[SANITIZE] link_id=48005 field=maximum_speed suspicious sentinel value=999 -> NULL","logger":"lta_common","filename":"lta_common.py","lineno":143}
{"timestamp":"2026-04-15T12:31:12.386312Z","level":"warning","event":"[SANITIZE] link_id=48006 field=maximum_speed suspicious sentinel value=999 -> NULL","logger":"lta_common","filename":"lta_common.py","lineno":143}
{"timestamp":"2026-04-15T12:31:12.386335Z","level":"warning","event":"[SANITIZE] link_id=48008 field=maximum_speed suspicious sentinel value=999 -> NULL","logger":"lta_common","filename":"lta_common.py","lineno":143}
{"timestamp":"2026-04-15T12:31:12.386357Z","level":"warning","event":"[SANITIZE] link_id=48009 field=maximum_speed suspicious sentinel value=999 -> NULL","logger":"lta_common","filename":"lta_common.py","lineno":143}
{"timestamp":"2026-04-15T12:31:12.386380Z","level":"warning","event":"[SANITIZE] link_id=48010 field=maximum_speed suspicious sentinel value=999 -> NULL","logger":"lta_common","filename":"lta_common.py","lineno":143}
{"timestamp":"2026-04-15T12:31:12.386402Z","level":"warning","event":"[SANITIZE] link_id=48011 field=maximum_speed suspicious sentinel value=999 -> NULL","logger":"lta_common","filename":"lta_common.py","lineno":143}
{"timestamp":"2026-04-15T12:31:12.386425Z","level":"warning","event":"[SANITIZE] link_id=48012 field=maximum_speed suspicious sentinel value=999 -> NULL","logger":"lta_common","filename":"lta_common.py","lineno":143}
{"timestamp":"2026-04-15T12:31:12.386465Z","level":"warning","event":"[SANITIZE] link_id=48022 field=maximum_speed suspicious sentinel value=999 -> NULL","logger":"lta_common","filename":"lta_common.py","lineno":143}
{"timestamp":"2026-04-15T12:31:12.386487Z","level":"warning","event":"[SANITIZE] link_id=48023 field=maximum_speed suspicious sentinel value=999 -> NULL","logger":"lta_common","filename":"lta_common.py","lineno":143}
{"timestamp":"2026-04-15T12:31:12.386510Z","level":"warning","event":"[SANITIZE] link_id=48024 field=maximum_speed suspicious sentinel value=999 -> NULL","logger":"lta_common","filename":"lta_common.py","lineno":143}
{"timestamp":"2026-04-15T12:31:12.386533Z","level":"warning","event":"[SANITIZE] link_id=48025 field=maximum_speed suspicious sentinel value=999 -> NULL","logger":"lta_common","filename":"lta_common.py","lineno":143}
{"timestamp":"2026-04-15T12:31:12.386556Z","level":"warning","event":"[SANITIZE] link_id=48026 field=maximum_speed suspicious sentinel value=999 -> NULL","logger":"lta_common","filename":"lta_common.py","lineno":143}
{"timestamp":"2026-04-15T12:31:12.386589Z","level":"warning","event":"[SANITIZE] link_id=48030 field=maximum_speed suspicious sentinel value=999 -> NULL","logger":"lta_common","filename":"lta_common.py","lineno":143}
{"timestamp":"2026-04-15T12:31:12.386610Z","level":"warning","event":"[SANITIZE] link_id=48031 field=maximum_speed suspicious sentinel value=999 -> NULL","logger":"lta_common","filename":"lta_common.py","lineno":143}
{"timestamp":"2026-04-15T12:31:12.386633Z","level":"warning","event":"[SANITIZE] link_id=48032 field=maximum_speed suspicious sentinel value=999 -> NULL","logger":"lta_common","filename":"lta_common.py","lineno":143}
{"timestamp":"2026-04-15T12:31:12.386655Z","level":"warning","event":"[SANITIZE] link_id=48033 field=maximum_speed suspicious sentinel value=999 -> NULL","logger":"lta_common","filename":"lta_common.py","lineno":143}
{"timestamp":"2026-04-15T12:31:12.386675Z","level":"warning","event":"[SANITIZE] link_id=48034 field=maximum_speed suspicious sentinel value=999 -> NULL","logger":"lta_common","filename":"lta_common.py","lineno":143}
{"timestamp":"2026-04-15T12:31:12.386698Z","level":"warning","event":"[SANITIZE] link_id=48035 field=maximum_speed suspicious sentinel value=999 -> NULL","logger":"lta_common","filename":"lta_common.py","lineno":143}
{"timestamp":"2026-04-15T12:31:12.386719Z","level":"warning","event":"[SANITIZE] link_id=48036 field=maximum_speed suspicious sentinel value=999 -> NULL","logger":"lta_common","filename":"lta_common.py","lineno":143}
{"timestamp":"2026-04-15T12:31:12.386743Z","level":"warning","event":"[SANITIZE] link_id=48037 field=maximum_speed suspicious sentinel value=999 -> NULL","logger":"lta_common","filename":"lta_common.py","lineno":143}
{"timestamp":"2026-04-15T12:31:12.386764Z","level":"warning","event":"[SANITIZE] link_id=48038 field=maximum_speed suspicious sentinel value=999 -> NULL","logger":"lta_common","filename":"lta_common.py","lineno":143}
{"timestamp":"2026-04-15T12:31:12.386787Z","level":"warning","event":"[SANITIZE] link_id=48039 field=maximum_speed suspicious sentinel value=999 -> NULL","logger":"lta_common","filename":"lta_common.py","lineno":143}
{"timestamp":"2026-04-15T12:31:12.386809Z","level":"warning","event":"[SANITIZE] link_id=48043 field=maximum_speed suspicious sentinel value=999 -> NULL","logger":"lta_common","filename":"lta_common.py","lineno":143}
{"timestamp":"2026-04-15T12:31:12.386832Z","level":"warning","event":"[SANITIZE] link_id=48048 field=maximum_speed suspicious sentinel value=999 -> NULL","logger":"lta_common","filename":"lta_common.py","lineno":143}
{"timestamp":"2026-04-15T12:31:12.386854Z","level":"warning","event":"[SANITIZE] link_id=48049 field=maximum_speed suspicious sentinel value=999 -> NULL","logger":"lta_common","filename":"lta_common.py","lineno":143}
{"timestamp":"2026-04-15T12:31:12.386876Z","level":"warning","event":"[SANITIZE] link_id=48051 field=maximum_speed suspicious sentinel value=999 -> NULL","logger":"lta_common","filename":"lta_common.py","lineno":143}
{"timestamp":"2026-04-15T12:31:12.386899Z","level":"warning","event":"[SANITIZE] link_id=48055 field=maximum_speed suspicious sentinel value=999 -> NULL","logger":"lta_common","filename":"lta_common.py","lineno":143}
{"timestamp":"2026-04-15T12:31:12.386921Z","level":"warning","event":"[SANITIZE] link_id=48060 field=maximum_speed suspicious sentinel value=999 -> NULL","logger":"lta_common","filename":"lta_common.py","lineno":143}
{"timestamp":"2026-04-15T12:31:12.386952Z","level":"warning","event":"[SANITIZE] link_id=48068 field=maximum_speed suspicious sentinel value=999 -> NULL","logger":"lta_common","filename":"lta_common.py","lineno":143}
{"timestamp":"2026-04-15T12:31:12.386972Z","level":"warning","event":"[SANITIZE] link_id=48069 field=maximum_speed suspicious sentinel value=999 -> NULL","logger":"lta_common","filename":"lta_common.py","lineno":143}
{"timestamp":"2026-04-15T12:31:12.387014Z","level":"warning","event":"[SANITIZE] link_id=48076 field=maximum_speed suspicious sentinel value=999 -> NULL","logger":"lta_common","filename":"lta_common.py","lineno":143}
{"timestamp":"2026-04-15T12:31:12.387038Z","level":"warning","event":"[SANITIZE] link_id=48077 field=maximum_speed suspicious sentinel value=999 -> NULL","logger":"lta_common","filename":"lta_common.py","lineno":143}
{"timestamp":"2026-04-15T12:31:12.387060Z","level":"warning","event":"[SANITIZE] link_id=48078 field=maximum_speed suspicious sentinel value=999 -> NULL","logger":"lta_common","filename":"lta_common.py","lineno":143}
{"timestamp":"2026-04-15T12:31:12.387083Z","level":"warning","event":"[SANITIZE] link_id=48079 field=maximum_speed suspicious sentinel value=999 -> NULL","logger":"lta_common","filename":"lta_common.py","lineno":143}
{"timestamp":"2026-04-15T12:31:12.387105Z","level":"warning","event":"[SANITIZE] link_id=48082 field=maximum_speed suspicious sentinel value=999 -> NULL","logger":"lta_common","filename":"lta_common.py","lineno":143}
{"timestamp":"2026-04-15T12:31:12.387128Z","level":"warning","event":"[SANITIZE] link_id=48083 field=maximum_speed suspicious sentinel value=999 -> NULL","logger":"lta_common","filename":"lta_common.py","lineno":143}
{"timestamp":"2026-04-15T12:31:12.387151Z","level":"warning","event":"[SANITIZE] link_id=48084 field=maximum_speed suspicious sentinel value=999 -> NULL","logger":"lta_common","filename":"lta_common.py","lineno":143}
{"timestamp":"2026-04-15T12:31:12.387174Z","level":"warning","event":"[SANITIZE] link_id=48085 field=maximum_speed suspicious sentinel value=999 -> NULL","logger":"lta_common","filename":"lta_common.py","lineno":143}
{"timestamp":"2026-04-15T12:31:12.387197Z","level":"warning","event":"[SANITIZE] link_id=48086 field=maximum_speed suspicious sentinel value=999 -> NULL","logger":"lta_common","filename":"lta_common.py","lineno":143}
{"timestamp":"2026-04-15T12:31:12.387227Z","level":"warning","event":"[SANITIZE] link_id=48093 field=maximum_speed suspicious sentinel value=999 -> NULL","logger":"lta_common","filename":"lta_common.py","lineno":143}
{"timestamp":"2026-04-15T12:31:12.387249Z","level":"warning","event":"[SANITIZE] link_id=48094 field=maximum_speed suspicious sentinel value=999 -> NULL","logger":"lta_common","filename":"lta_common.py","lineno":143}
{"timestamp":"2026-04-15T12:31:12.387272Z","level":"warning","event":"[SANITIZE] link_id=48095 field=maximum_speed suspicious sentinel value=999 -> NULL","logger":"lta_common","filename":"lta_common.py","lineno":143}
{"timestamp":"2026-04-15T12:31:12.387293Z","level":"warning","event":"[SANITIZE] link_id=48096 field=maximum_speed suspicious sentinel value=999 -> NULL","logger":"lta_common","filename":"lta_common.py","lineno":143}
{"timestamp":"2026-04-15T12:31:12.387339Z","level":"warning","event":"[SANITIZE] link_id=48105 field=maximum_speed suspicious sentinel value=999 -> NULL","logger":"lta_common","filename":"lta_common.py","lineno":143}
{"timestamp":"2026-04-15T12:31:12.387701Z","level":"info","event":"[CLEAN DONE] rows=500 | null_speed_band=0 | null_minimum_speed=0 | null_maximum_speed=168","logger":"lta_common","filename":"lta_common.py","lineno":238}
{"timestamp":"2026-04-15T12:31:12.388528Z","level":"info","event":"STEP 5: built cleaned snapshot dataframe rows=500","logger":"2_refresh_traffic_speed","filename":"2_refresh_traffic_speed.py","lineno":44}
{"timestamp":"2026-04-15T12:31:12.388839Z","level":"info","event":"[LATEST PREP] rows=500 | missing_measurement_rows=0","logger":"lta_common","filename":"lta_common.py","lineno":271}
{"timestamp":"2026-04-15T12:31:12.389100Z","level":"info","event":"[UPSERT START] upserting 500 rows into traffic_speed_latest","logger":"lta_common","filename":"lta_common.py","lineno":348}
{"timestamp":"2026-04-15T12:31:12.389390Z","level":"info","event":"[UPSERT DEBUG] max_link_id=48105 | min_link_id=47502 | max_speed_band=8 | min_speed_band=2 | max_minimum_speed=70 | min_minimum_speed=10 | max_maximum_speed=69.0 | min_maximum_speed=19.0","logger":"lta_common","filename":"lta_common.py","lineno":350}
{"timestamp":"2026-04-15T12:31:12.761177Z","level":"info","event":"[UPSERT DONE] upserted=500 rows into traffic_speed_latest","logger":"lta_common","filename":"lta_common.py","lineno":388}
{"timestamp":"2026-04-15T12:31:12.761630Z","level":"info","event":"[SAVE START] inserting 500 rows into traffic_speed_recent","logger":"lta_common","filename":"lta_common.py","lineno":319}
{"timestamp":"2026-04-15T12:31:13.113288Z","level":"info","event":"[SAVE DONE] inserted=500 rows into traffic_speed_recent","logger":"lta_common","filename":"lta_common.py","lineno":337}
{"timestamp":"2026-04-15T12:31:13.113402Z","level":"info","event":"STEP 6: page saved skip=32000 | pages=65 | latest_rows=32500 | recent_rows=32500","logger":"2_refresh_traffic_speed","filename":"2_refresh_traffic_speed.py","lineno":56}
{"timestamp":"2026-04-15T12:31:13.113434Z","level":"info","event":"========== PAGE START ==========","logger":"lta_common","filename":"lta_common.py","lineno":53}
{"timestamp":"2026-04-15T12:31:13.113455Z","level":"info","event":"[FETCH] requesting rows 32500–32999","logger":"lta_common","filename":"lta_common.py","lineno":54}
{"timestamp":"2026-04-15T12:31:13.113483Z","level":"info","event":"Fetching page from LTA: skip=32500","logger":"lta_common","filename":"lta_common.py","lineno":36}
{"timestamp":"2026-04-15T12:31:13.371337Z","level":"info","event":"Retrieved 500 rows from LTA at skip=32500","logger":"lta_common","filename":"lta_common.py","lineno":44}
{"timestamp":"2026-04-15T12:31:13.372594Z","level":"info","event":"[FETCH DONE] retrieved=500 rows at skip=32500","logger":"lta_common","filename":"lta_common.py","lineno":59}
{"timestamp":"2026-04-15T12:31:13.372851Z","level":"info","event":"STEP 4: processing page skip=32500 rows=500","logger":"2_refresh_traffic_speed","filename":"2_refresh_traffic_speed.py","lineno":41}
{"timestamp":"2026-04-15T12:31:13.379685Z","level":"warning","event":"[SANITIZE] link_id=48106 field=maximum_speed suspicious sentinel value=999 -> NULL","logger":"lta_common","filename":"lta_common.py","lineno":143}
{"timestamp":"2026-04-15T12:31:13.379752Z","level":"warning","event":"[SANITIZE] link_id=48107 field=maximum_speed suspicious sentinel value=999 -> NULL","logger":"lta_common","filename":"lta_common.py","lineno":143}
{"timestamp":"2026-04-15T12:31:13.379794Z","level":"warning","event":"[SANITIZE] link_id=48110 field=maximum_speed suspicious sentinel value=999 -> NULL","logger":"lta_common","filename":"lta_common.py","lineno":143}
{"timestamp":"2026-04-15T12:31:13.379820Z","level":"warning","event":"[SANITIZE] link_id=48111 field=maximum_speed suspicious sentinel value=999 -> NULL","logger":"lta_common","filename":"lta_common.py","lineno":143}
{"timestamp":"2026-04-15T12:31:13.379854Z","level":"warning","event":"[SANITIZE] link_id=48116 field=maximum_speed suspicious sentinel value=999 -> NULL","logger":"lta_common","filename":"lta_common.py","lineno":143}
{"timestamp":"2026-04-15T12:31:13.379879Z","level":"warning","event":"[SANITIZE] link_id=48117 field=maximum_speed suspicious sentinel value=999 -> NULL","logger":"lta_common","filename":"lta_common.py","lineno":143}
{"timestamp":"2026-04-15T12:31:13.379902Z","level":"warning","event":"[SANITIZE] link_id=48118 field=maximum_speed suspicious sentinel value=999 -> NULL","logger":"lta_common","filename":"lta_common.py","lineno":143}
{"timestamp":"2026-04-15T12:31:13.379943Z","level":"warning","event":"[SANITIZE] link_id=48128 field=maximum_speed suspicious sentinel value=999 -> NULL","logger":"lta_common","filename":"lta_common.py","lineno":143}
{"timestamp":"2026-04-15T12:31:13.380015Z","level":"warning","event":"[SANITIZE] link_id=48148 field=maximum_speed suspicious sentinel value=999 -> NULL","logger":"lta_common","filename":"lta_common.py","lineno":143}
{"timestamp":"2026-04-15T12:31:13.380085Z","level":"warning","event":"[SANITIZE] link_id=48165 field=maximum_speed suspicious sentinel value=999 -> NULL","logger":"lta_common","filename":"lta_common.py","lineno":143}
{"timestamp":"2026-04-15T12:31:13.380114Z","level":"warning","event":"[SANITIZE] link_id=48168 field=maximum_speed suspicious sentinel value=999 -> NULL","logger":"lta_common","filename":"lta_common.py","lineno":143}
{"timestamp":"2026-04-15T12:31:13.380137Z","level":"warning","event":"[SANITIZE] link_id=48169 field=maximum_speed suspicious sentinel value=999 -> NULL","logger":"lta_common","filename":"lta_common.py","lineno":143}
{"timestamp":"2026-04-15T12:31:13.380159Z","level":"warning","event":"[SANITIZE] link_id=48170 field=maximum_speed suspicious sentinel value=999 -> NULL","logger":"lta_common","filename":"lta_common.py","lineno":143}
{"timestamp":"2026-04-15T12:31:13.380209Z","level":"warning","event":"[SANITIZE] link_id=48181 field=maximum_speed suspicious sentinel value=999 -> NULL","logger":"lta_common","filename":"lta_common.py","lineno":143}
{"timestamp":"2026-04-15T12:31:13.380238Z","level":"warning","event":"[SANITIZE] link_id=48184 field=maximum_speed suspicious sentinel value=999 -> NULL","logger":"lta_common","filename":"lta_common.py","lineno":143}
{"timestamp":"2026-04-15T12:31:13.380279Z","level":"warning","event":"[SANITIZE] link_id=48198 field=maximum_speed suspicious sentinel value=999 -> NULL","logger":"lta_common","filename":"lta_common.py","lineno":143}
{"timestamp":"2026-04-15T12:31:13.380430Z","level":"warning","event":"[SANITIZE] link_id=48264 field=maximum_speed suspicious sentinel value=999 -> NULL","logger":"lta_common","filename":"lta_common.py","lineno":143}
{"timestamp":"2026-04-15T12:31:13.380488Z","level":"warning","event":"[SANITIZE] link_id=48285 field=maximum_speed suspicious sentinel value=999 -> NULL","logger":"lta_common","filename":"lta_common.py","lineno":143}
{"timestamp":"2026-04-15T12:31:13.380514Z","level":"warning","event":"[SANITIZE] link_id=48287 field=maximum_speed suspicious sentinel value=999 -> NULL","logger":"lta_common","filename":"lta_common.py","lineno":143}
{"timestamp":"2026-04-15T12:31:13.380544Z","level":"warning","event":"[SANITIZE] link_id=48291 field=maximum_speed suspicious sentinel value=999 -> NULL","logger":"lta_common","filename":"lta_common.py","lineno":143}
{"timestamp":"2026-04-15T12:31:13.380569Z","level":"warning","event":"[SANITIZE] link_id=48294 field=maximum_speed suspicious sentinel value=999 -> NULL","logger":"lta_common","filename":"lta_common.py","lineno":143}
{"timestamp":"2026-04-15T12:31:13.380591Z","level":"warning","event":"[SANITIZE] link_id=48295 field=maximum_speed suspicious sentinel value=999 -> NULL","logger":"lta_common","filename":"lta_common.py","lineno":143}
{"timestamp":"2026-04-15T12:31:13.380613Z","level":"warning","event":"[SANITIZE] link_id=48296 field=maximum_speed suspicious sentinel value=999 -> NULL","logger":"lta_common","filename":"lta_common.py","lineno":143}
{"timestamp":"2026-04-15T12:31:13.380635Z","level":"warning","event":"[SANITIZE] link_id=48297 field=maximum_speed suspicious sentinel value=999 -> NULL","logger":"lta_common","filename":"lta_common.py","lineno":143}
{"timestamp":"2026-04-15T12:31:13.380657Z","level":"warning","event":"[SANITIZE] link_id=48298 field=maximum_speed suspicious sentinel value=999 -> NULL","logger":"lta_common","filename":"lta_common.py","lineno":143}
{"timestamp":"2026-04-15T12:31:13.380696Z","level":"warning","event":"[SANITIZE] link_id=48305 field=maximum_speed suspicious sentinel value=999 -> NULL","logger":"lta_common","filename":"lta_common.py","lineno":143}
{"timestamp":"2026-04-15T12:31:13.380730Z","level":"warning","event":"[SANITIZE] link_id=48310 field=maximum_speed suspicious sentinel value=999 -> NULL","logger":"lta_common","filename":"lta_common.py","lineno":143}
{"timestamp":"2026-04-15T12:31:13.380769Z","level":"warning","event":"[SANITIZE] link_id=48317 field=maximum_speed suspicious sentinel value=999 -> NULL","logger":"lta_common","filename":"lta_common.py","lineno":143}
{"timestamp":"2026-04-15T12:31:13.380792Z","level":"warning","event":"[SANITIZE] link_id=48318 field=maximum_speed suspicious sentinel value=999 -> NULL","logger":"lta_common","filename":"lta_common.py","lineno":143}
{"timestamp":"2026-04-15T12:31:13.380834Z","level":"warning","event":"[SANITIZE] link_id=48328 field=maximum_speed suspicious sentinel value=999 -> NULL","logger":"lta_common","filename":"lta_common.py","lineno":143}
{"timestamp":"2026-04-15T12:31:13.380857Z","level":"warning","event":"[SANITIZE] link_id=48330 field=maximum_speed suspicious sentinel value=999 -> NULL","logger":"lta_common","filename":"lta_common.py","lineno":143}
{"timestamp":"2026-04-15T12:31:13.380884Z","level":"warning","event":"[SANITIZE] link_id=48333 field=maximum_speed suspicious sentinel value=999 -> NULL","logger":"lta_common","filename":"lta_common.py","lineno":143}
{"timestamp":"2026-04-15T12:31:13.380933Z","level":"warning","event":"[SANITIZE] link_id=48347 field=maximum_speed suspicious sentinel value=999 -> NULL","logger":"lta_common","filename":"lta_common.py","lineno":143}
{"timestamp":"2026-04-15T12:31:13.380955Z","level":"warning","event":"[SANITIZE] link_id=48348 field=maximum_speed suspicious sentinel value=999 -> NULL","logger":"lta_common","filename":"lta_common.py","lineno":143}
{"timestamp":"2026-04-15T12:31:13.380980Z","level":"warning","event":"[SANITIZE] link_id=48350 field=maximum_speed suspicious sentinel value=999 -> NULL","logger":"lta_common","filename":"lta_common.py","lineno":143}
{"timestamp":"2026-04-15T12:31:13.381019Z","level":"warning","event":"[SANITIZE] link_id=48354 field=maximum_speed suspicious sentinel value=999 -> NULL","logger":"lta_common","filename":"lta_common.py","lineno":143}
{"timestamp":"2026-04-15T12:31:13.381047Z","level":"warning","event":"[SANITIZE] link_id=48357 field=maximum_speed suspicious sentinel value=999 -> NULL","logger":"lta_common","filename":"lta_common.py","lineno":143}
{"timestamp":"2026-04-15T12:31:13.381076Z","level":"warning","event":"[SANITIZE] link_id=48361 field=maximum_speed suspicious sentinel value=999 -> NULL","logger":"lta_common","filename":"lta_common.py","lineno":143}
{"timestamp":"2026-04-15T12:31:13.381098Z","level":"warning","event":"[SANITIZE] link_id=48362 field=maximum_speed suspicious sentinel value=999 -> NULL","logger":"lta_common","filename":"lta_common.py","lineno":143}
{"timestamp":"2026-04-15T12:31:13.381120Z","level":"warning","event":"[SANITIZE] link_id=48363 field=maximum_speed suspicious sentinel value=999 -> NULL","logger":"lta_common","filename":"lta_common.py","lineno":143}
{"timestamp":"2026-04-15T12:31:13.381156Z","level":"warning","event":"[SANITIZE] link_id=48369 field=maximum_speed suspicious sentinel value=999 -> NULL","logger":"lta_common","filename":"lta_common.py","lineno":143}
{"timestamp":"2026-04-15T12:31:13.381183Z","level":"warning","event":"[SANITIZE] link_id=48372 field=maximum_speed suspicious sentinel value=999 -> NULL","logger":"lta_common","filename":"lta_common.py","lineno":143}
{"timestamp":"2026-04-15T12:31:13.381208Z","level":"warning","event":"[SANITIZE] link_id=48374 field=maximum_speed suspicious sentinel value=999 -> NULL","logger":"lta_common","filename":"lta_common.py","lineno":143}
{"timestamp":"2026-04-15T12:31:13.381230Z","level":"warning","event":"[SANITIZE] link_id=48375 field=maximum_speed suspicious sentinel value=999 -> NULL","logger":"lta_common","filename":"lta_common.py","lineno":143}
{"timestamp":"2026-04-15T12:31:13.381260Z","level":"warning","event":"[SANITIZE] link_id=48379 field=maximum_speed suspicious sentinel value=999 -> NULL","logger":"lta_common","filename":"lta_common.py","lineno":143}
{"timestamp":"2026-04-15T12:31:13.381290Z","level":"warning","event":"[SANITIZE] link_id=48383 field=maximum_speed suspicious sentinel value=999 -> NULL","logger":"lta_common","filename":"lta_common.py","lineno":143}
{"timestamp":"2026-04-15T12:31:13.381312Z","level":"warning","event":"[SANITIZE] link_id=48384 field=maximum_speed suspicious sentinel value=999 -> NULL","logger":"lta_common","filename":"lta_common.py","lineno":143}
{"timestamp":"2026-04-15T12:31:13.381333Z","level":"warning","event":"[SANITIZE] link_id=48386 field=maximum_speed suspicious sentinel value=999 -> NULL","logger":"lta_common","filename":"lta_common.py","lineno":143}
{"timestamp":"2026-04-15T12:31:13.381356Z","level":"warning","event":"[SANITIZE] link_id=48387 field=maximum_speed suspicious sentinel value=999 -> NULL","logger":"lta_common","filename":"lta_common.py","lineno":143}
{"timestamp":"2026-04-15T12:31:13.381377Z","level":"warning","event":"[SANITIZE] link_id=48388 field=maximum_speed suspicious sentinel value=999 -> NULL","logger":"lta_common","filename":"lta_common.py","lineno":143}
{"timestamp":"2026-04-15T12:31:13.381426Z","level":"warning","event":"[SANITIZE] link_id=48399 field=maximum_speed suspicious sentinel value=999 -> NULL","logger":"lta_common","filename":"lta_common.py","lineno":143}
{"timestamp":"2026-04-15T12:31:13.381456Z","level":"warning","event":"[SANITIZE] link_id=48403 field=maximum_speed suspicious sentinel value=999 -> NULL","logger":"lta_common","filename":"lta_common.py","lineno":143}
{"timestamp":"2026-04-15T12:31:13.381481Z","level":"warning","event":"[SANITIZE] link_id=48405 field=maximum_speed suspicious sentinel value=999 -> NULL","logger":"lta_common","filename":"lta_common.py","lineno":143}
{"timestamp":"2026-04-15T12:31:13.381503Z","level":"warning","event":"[SANITIZE] link_id=48406 field=maximum_speed suspicious sentinel value=999 -> NULL","logger":"lta_common","filename":"lta_common.py","lineno":143}
{"timestamp":"2026-04-15T12:31:13.381544Z","level":"warning","event":"[SANITIZE] link_id=48414 field=maximum_speed suspicious sentinel value=999 -> NULL","logger":"lta_common","filename":"lta_common.py","lineno":143}
{"timestamp":"2026-04-15T12:31:13.381591Z","level":"warning","event":"[SANITIZE] link_id=48424 field=maximum_speed suspicious sentinel value=999 -> NULL","logger":"lta_common","filename":"lta_common.py","lineno":143}
{"timestamp":"2026-04-15T12:31:13.381613Z","level":"warning","event":"[SANITIZE] link_id=48425 field=maximum_speed suspicious sentinel value=999 -> NULL","logger":"lta_common","filename":"lta_common.py","lineno":143}
{"timestamp":"2026-04-15T12:31:13.381648Z","level":"warning","event":"[SANITIZE] link_id=48431 field=maximum_speed suspicious sentinel value=999 -> NULL","logger":"lta_common","filename":"lta_common.py","lineno":143}
{"timestamp":"2026-04-15T12:31:13.381679Z","level":"warning","event":"[SANITIZE] link_id=48435 field=maximum_speed suspicious sentinel value=999 -> NULL","logger":"lta_common","filename":"lta_common.py","lineno":143}
{"timestamp":"2026-04-15T12:31:13.381703Z","level":"warning","event":"[SANITIZE] link_id=48437 field=maximum_speed suspicious sentinel value=999 -> NULL","logger":"lta_common","filename":"lta_common.py","lineno":143}
{"timestamp":"2026-04-15T12:31:13.381753Z","level":"warning","event":"[SANITIZE] link_id=48449 field=maximum_speed suspicious sentinel value=999 -> NULL","logger":"lta_common","filename":"lta_common.py","lineno":143}
{"timestamp":"2026-04-15T12:31:13.381784Z","level":"warning","event":"[SANITIZE] link_id=48453 field=maximum_speed suspicious sentinel value=999 -> NULL","logger":"lta_common","filename":"lta_common.py","lineno":143}
{"timestamp":"2026-04-15T12:31:13.381812Z","level":"warning","event":"[SANITIZE] link_id=48456 field=maximum_speed suspicious sentinel value=999 -> NULL","logger":"lta_common","filename":"lta_common.py","lineno":143}
{"timestamp":"2026-04-15T12:31:13.381845Z","level":"warning","event":"[SANITIZE] link_id=48461 field=maximum_speed suspicious sentinel value=999 -> NULL","logger":"lta_common","filename":"lta_common.py","lineno":143}
{"timestamp":"2026-04-15T12:31:13.381876Z","level":"warning","event":"[SANITIZE] link_id=48465 field=maximum_speed suspicious sentinel value=999 -> NULL","logger":"lta_common","filename":"lta_common.py","lineno":143}
{"timestamp":"2026-04-15T12:31:13.381903Z","level":"warning","event":"[SANITIZE] link_id=48468 field=maximum_speed suspicious sentinel value=999 -> NULL","logger":"lta_common","filename":"lta_common.py","lineno":143}
{"timestamp":"2026-04-15T12:31:13.381929Z","level":"warning","event":"[SANITIZE] link_id=48470 field=maximum_speed suspicious sentinel value=999 -> NULL","logger":"lta_common","filename":"lta_common.py","lineno":143}
{"timestamp":"2026-04-15T12:31:13.381950Z","level":"warning","event":"[SANITIZE] link_id=48471 field=maximum_speed suspicious sentinel value=999 -> NULL","logger":"lta_common","filename":"lta_common.py","lineno":143}
{"timestamp":"2026-04-15T12:31:13.381978Z","level":"warning","event":"[SANITIZE] link_id=48474 field=maximum_speed suspicious sentinel value=999 -> NULL","logger":"lta_common","filename":"lta_common.py","lineno":143}
{"timestamp":"2026-04-15T12:31:13.382041Z","level":"warning","event":"[SANITIZE] link_id=48481 field=maximum_speed suspicious sentinel value=999 -> NULL","logger":"lta_common","filename":"lta_common.py","lineno":143}
{"timestamp":"2026-04-15T12:31:13.382112Z","level":"warning","event":"[SANITIZE] link_id=48494 field=maximum_speed suspicious sentinel value=999 -> NULL","logger":"lta_common","filename":"lta_common.py","lineno":143}
{"timestamp":"2026-04-15T12:31:13.382167Z","level":"warning","event":"[SANITIZE] link_id=48502 field=maximum_speed suspicious sentinel value=999 -> NULL","logger":"lta_common","filename":"lta_common.py","lineno":143}
{"timestamp":"2026-04-15T12:31:13.382203Z","level":"warning","event":"[SANITIZE] link_id=48505 field=maximum_speed suspicious sentinel value=999 -> NULL","logger":"lta_common","filename":"lta_common.py","lineno":143}
{"timestamp":"2026-04-15T12:31:13.382225Z","level":"warning","event":"[SANITIZE] link_id=48506 field=maximum_speed suspicious sentinel value=999 -> NULL","logger":"lta_common","filename":"lta_common.py","lineno":143}
{"timestamp":"2026-04-15T12:31:13.382253Z","level":"warning","event":"[SANITIZE] link_id=48509 field=maximum_speed suspicious sentinel value=999 -> NULL","logger":"lta_common","filename":"lta_common.py","lineno":143}
{"timestamp":"2026-04-15T12:31:13.382278Z","level":"warning","event":"[SANITIZE] link_id=48511 field=maximum_speed suspicious sentinel value=999 -> NULL","logger":"lta_common","filename":"lta_common.py","lineno":143}
{"timestamp":"2026-04-15T12:31:13.382320Z","level":"warning","event":"[SANITIZE] link_id=48519 field=maximum_speed suspicious sentinel value=999 -> NULL","logger":"lta_common","filename":"lta_common.py","lineno":143}
{"timestamp":"2026-04-15T12:31:13.382343Z","level":"warning","event":"[SANITIZE] link_id=48520 field=maximum_speed suspicious sentinel value=999 -> NULL","logger":"lta_common","filename":"lta_common.py","lineno":143}
{"timestamp":"2026-04-15T12:31:13.382371Z","level":"warning","event":"[SANITIZE] link_id=48523 field=maximum_speed suspicious sentinel value=999 -> NULL","logger":"lta_common","filename":"lta_common.py","lineno":143}
{"timestamp":"2026-04-15T12:31:13.382394Z","level":"warning","event":"[SANITIZE] link_id=48524 field=maximum_speed suspicious sentinel value=999 -> NULL","logger":"lta_common","filename":"lta_common.py","lineno":143}
{"timestamp":"2026-04-15T12:31:13.382417Z","level":"warning","event":"[SANITIZE] link_id=48525 field=maximum_speed suspicious sentinel value=999 -> NULL","logger":"lta_common","filename":"lta_common.py","lineno":143}
{"timestamp":"2026-04-15T12:31:13.382439Z","level":"warning","event":"[SANITIZE] link_id=48526 field=maximum_speed suspicious sentinel value=999 -> NULL","logger":"lta_common","filename":"lta_common.py","lineno":143}
{"timestamp":"2026-04-15T12:31:13.382473Z","level":"warning","event":"[SANITIZE] link_id=48531 field=maximum_speed suspicious sentinel value=999 -> NULL","logger":"lta_common","filename":"lta_common.py","lineno":143}
{"timestamp":"2026-04-15T12:31:13.382495Z","level":"warning","event":"[SANITIZE] link_id=48532 field=maximum_speed suspicious sentinel value=999 -> NULL","logger":"lta_common","filename":"lta_common.py","lineno":143}
{"timestamp":"2026-04-15T12:31:13.382528Z","level":"warning","event":"[SANITIZE] link_id=48538 field=maximum_speed suspicious sentinel value=999 -> NULL","logger":"lta_common","filename":"lta_common.py","lineno":143}
{"timestamp":"2026-04-15T12:31:13.382556Z","level":"warning","event":"[SANITIZE] link_id=48541 field=maximum_speed suspicious sentinel value=999 -> NULL","logger":"lta_common","filename":"lta_common.py","lineno":143}
{"timestamp":"2026-04-15T12:31:13.382579Z","level":"warning","event":"[SANITIZE] link_id=48542 field=maximum_speed suspicious sentinel value=999 -> NULL","logger":"lta_common","filename":"lta_common.py","lineno":143}
{"timestamp":"2026-04-15T12:31:13.382604Z","level":"warning","event":"[SANITIZE] link_id=48544 field=maximum_speed suspicious sentinel value=999 -> NULL","logger":"lta_common","filename":"lta_common.py","lineno":143}
{"timestamp":"2026-04-15T12:31:13.382634Z","level":"warning","event":"[SANITIZE] link_id=48548 field=maximum_speed suspicious sentinel value=999 -> NULL","logger":"lta_common","filename":"lta_common.py","lineno":143}
{"timestamp":"2026-04-15T12:31:13.382659Z","level":"warning","event":"[SANITIZE] link_id=48550 field=maximum_speed suspicious sentinel value=999 -> NULL","logger":"lta_common","filename":"lta_common.py","lineno":143}
{"timestamp":"2026-04-15T12:31:13.382681Z","level":"warning","event":"[SANITIZE] link_id=48552 field=maximum_speed suspicious sentinel value=999 -> NULL","logger":"lta_common","filename":"lta_common.py","lineno":143}
{"timestamp":"2026-04-15T12:31:13.382707Z","level":"warning","event":"[SANITIZE] link_id=48555 field=maximum_speed suspicious sentinel value=999 -> NULL","logger":"lta_common","filename":"lta_common.py","lineno":143}
{"timestamp":"2026-04-15T12:31:13.382729Z","level":"warning","event":"[SANITIZE] link_id=48556 field=maximum_speed suspicious sentinel value=999 -> NULL","logger":"lta_common","filename":"lta_common.py","lineno":143}
{"timestamp":"2026-04-15T12:31:13.382757Z","level":"warning","event":"[SANITIZE] link_id=48560 field=maximum_speed suspicious sentinel value=999 -> NULL","logger":"lta_common","filename":"lta_common.py","lineno":143}
{"timestamp":"2026-04-15T12:31:13.382785Z","level":"warning","event":"[SANITIZE] link_id=48564 field=maximum_speed suspicious sentinel value=999 -> NULL","logger":"lta_common","filename":"lta_common.py","lineno":143}
{"timestamp":"2026-04-15T12:31:13.382855Z","level":"warning","event":"[SANITIZE] link_id=48583 field=maximum_speed suspicious sentinel value=999 -> NULL","logger":"lta_common","filename":"lta_common.py","lineno":143}
{"timestamp":"2026-04-15T12:31:13.382877Z","level":"warning","event":"[SANITIZE] link_id=48584 field=maximum_speed suspicious sentinel value=999 -> NULL","logger":"lta_common","filename":"lta_common.py","lineno":143}
{"timestamp":"2026-04-15T12:31:13.382899Z","level":"warning","event":"[SANITIZE] link_id=48585 field=maximum_speed suspicious sentinel value=999 -> NULL","logger":"lta_common","filename":"lta_common.py","lineno":143}
{"timestamp":"2026-04-15T12:31:13.382921Z","level":"warning","event":"[SANITIZE] link_id=48586 field=maximum_speed suspicious sentinel value=999 -> NULL","logger":"lta_common","filename":"lta_common.py","lineno":143}
{"timestamp":"2026-04-15T12:31:13.382957Z","level":"warning","event":"[SANITIZE] link_id=48592 field=maximum_speed suspicious sentinel value=999 -> NULL","logger":"lta_common","filename":"lta_common.py","lineno":143}
{"timestamp":"2026-04-15T12:31:13.382990Z","level":"warning","event":"[SANITIZE] link_id=48594 field=maximum_speed suspicious sentinel value=999 -> NULL","logger":"lta_common","filename":"lta_common.py","lineno":143}
{"timestamp":"2026-04-15T12:31:13.383053Z","level":"warning","event":"[SANITIZE] link_id=48604 field=maximum_speed suspicious sentinel value=999 -> NULL","logger":"lta_common","filename":"lta_common.py","lineno":143}
{"timestamp":"2026-04-15T12:31:13.383077Z","level":"warning","event":"[SANITIZE] link_id=48605 field=maximum_speed suspicious sentinel value=999 -> NULL","logger":"lta_common","filename":"lta_common.py","lineno":143}
{"timestamp":"2026-04-15T12:31:13.383135Z","level":"warning","event":"[SANITIZE] link_id=48619 field=maximum_speed suspicious sentinel value=999 -> NULL","logger":"lta_common","filename":"lta_common.py","lineno":143}
{"timestamp":"2026-04-15T12:31:13.383160Z","level":"warning","event":"[SANITIZE] link_id=48621 field=maximum_speed suspicious sentinel value=999 -> NULL","logger":"lta_common","filename":"lta_common.py","lineno":143}
{"timestamp":"2026-04-15T12:31:13.383185Z","level":"warning","event":"[SANITIZE] link_id=48623 field=maximum_speed suspicious sentinel value=999 -> NULL","logger":"lta_common","filename":"lta_common.py","lineno":143}
{"timestamp":"2026-04-15T12:31:13.383210Z","level":"warning","event":"[SANITIZE] link_id=48627 field=maximum_speed suspicious sentinel value=999 -> NULL","logger":"lta_common","filename":"lta_common.py","lineno":143}
{"timestamp":"2026-04-15T12:31:13.383232Z","level":"warning","event":"[SANITIZE] link_id=48628 field=maximum_speed suspicious sentinel value=999 -> NULL","logger":"lta_common","filename":"lta_common.py","lineno":143}
{"timestamp":"2026-04-15T12:31:13.383256Z","level":"warning","event":"[SANITIZE] link_id=48629 field=maximum_speed suspicious sentinel value=999 -> NULL","logger":"lta_common","filename":"lta_common.py","lineno":143}
{"timestamp":"2026-04-15T12:31:13.383277Z","level":"warning","event":"[SANITIZE] link_id=48630 field=maximum_speed suspicious sentinel value=999 -> NULL","logger":"lta_common","filename":"lta_common.py","lineno":143}
{"timestamp":"2026-04-15T12:31:13.383303Z","level":"warning","event":"[SANITIZE] link_id=48632 field=maximum_speed suspicious sentinel value=999 -> NULL","logger":"lta_common","filename":"lta_common.py","lineno":143}
{"timestamp":"2026-04-15T12:31:13.383328Z","level":"warning","event":"[SANITIZE] link_id=48634 field=maximum_speed suspicious sentinel value=999 -> NULL","logger":"lta_common","filename":"lta_common.py","lineno":143}
{"timestamp":"2026-04-15T12:31:13.383356Z","level":"warning","event":"[SANITIZE] link_id=48637 field=maximum_speed suspicious sentinel value=999 -> NULL","logger":"lta_common","filename":"lta_common.py","lineno":143}
{"timestamp":"2026-04-15T12:31:13.383380Z","level":"warning","event":"[SANITIZE] link_id=48639 field=maximum_speed suspicious sentinel value=999 -> NULL","logger":"lta_common","filename":"lta_common.py","lineno":143}
{"timestamp":"2026-04-15T12:31:13.383403Z","level":"warning","event":"[SANITIZE] link_id=48640 field=maximum_speed suspicious sentinel value=999 -> NULL","logger":"lta_common","filename":"lta_common.py","lineno":143}
{"timestamp":"2026-04-15T12:31:13.383428Z","level":"warning","event":"[SANITIZE] link_id=48642 field=maximum_speed suspicious sentinel value=999 -> NULL","logger":"lta_common","filename":"lta_common.py","lineno":143}
{"timestamp":"2026-04-15T12:31:13.383455Z","level":"warning","event":"[SANITIZE] link_id=48645 field=maximum_speed suspicious sentinel value=999 -> NULL","logger":"lta_common","filename":"lta_common.py","lineno":143}
{"timestamp":"2026-04-15T12:31:13.383489Z","level":"warning","event":"[SANITIZE] link_id=48651 field=maximum_speed suspicious sentinel value=999 -> NULL","logger":"lta_common","filename":"lta_common.py","lineno":143}
{"timestamp":"2026-04-15T12:31:13.383525Z","level":"warning","event":"[SANITIZE] link_id=48658 field=maximum_speed suspicious sentinel value=999 -> NULL","logger":"lta_common","filename":"lta_common.py","lineno":143}
{"timestamp":"2026-04-15T12:31:13.383570Z","level":"warning","event":"[SANITIZE] link_id=48668 field=maximum_speed suspicious sentinel value=999 -> NULL","logger":"lta_common","filename":"lta_common.py","lineno":143}
{"timestamp":"2026-04-15T12:31:13.383598Z","level":"warning","event":"[SANITIZE] link_id=48671 field=maximum_speed suspicious sentinel value=999 -> NULL","logger":"lta_common","filename":"lta_common.py","lineno":143}
{"timestamp":"2026-04-15T12:31:13.383620Z","level":"warning","event":"[SANITIZE] link_id=48672 field=maximum_speed suspicious sentinel value=999 -> NULL","logger":"lta_common","filename":"lta_common.py","lineno":143}
{"timestamp":"2026-04-15T12:31:13.383975Z","level":"info","event":"[CLEAN DONE] rows=500 | null_speed_band=0 | null_minimum_speed=0 | null_maximum_speed=122","logger":"lta_common","filename":"lta_common.py","lineno":238}
{"timestamp":"2026-04-15T12:31:13.384792Z","level":"info","event":"STEP 5: built cleaned snapshot dataframe rows=500","logger":"2_refresh_traffic_speed","filename":"2_refresh_traffic_speed.py","lineno":44}
{"timestamp":"2026-04-15T12:31:13.385105Z","level":"info","event":"[LATEST PREP] rows=500 | missing_measurement_rows=0","logger":"lta_common","filename":"lta_common.py","lineno":271}
{"timestamp":"2026-04-15T12:31:13.385354Z","level":"info","event":"[UPSERT START] upserting 500 rows into traffic_speed_latest","logger":"lta_common","filename":"lta_common.py","lineno":348}
{"timestamp":"2026-04-15T12:31:13.385638Z","level":"info","event":"[UPSERT DEBUG] max_link_id=48673 | min_link_id=48106 | max_speed_band=8 | min_speed_band=1 | max_minimum_speed=70 | min_minimum_speed=0 | max_maximum_speed=69.0 | min_maximum_speed=9.0","logger":"lta_common","filename":"lta_common.py","lineno":350}
{"timestamp":"2026-04-15T12:31:13.741728Z","level":"info","event":"[UPSERT DONE] upserted=500 rows into traffic_speed_latest","logger":"lta_common","filename":"lta_common.py","lineno":388}
{"timestamp":"2026-04-15T12:31:13.744338Z","level":"info","event":"[SAVE START] inserting 500 rows into traffic_speed_recent","logger":"lta_common","filename":"lta_common.py","lineno":319}
{"timestamp":"2026-04-15T12:31:14.115957Z","level":"info","event":"[SAVE DONE] inserted=500 rows into traffic_speed_recent","logger":"lta_common","filename":"lta_common.py","lineno":337}
{"timestamp":"2026-04-15T12:31:14.116091Z","level":"info","event":"STEP 6: page saved skip=32500 | pages=66 | latest_rows=33000 | recent_rows=33000","logger":"2_refresh_traffic_speed","filename":"2_refresh_traffic_speed.py","lineno":56}
{"timestamp":"2026-04-15T12:31:14.116126Z","level":"info","event":"========== PAGE START ==========","logger":"lta_common","filename":"lta_common.py","lineno":53}
{"timestamp":"2026-04-15T12:31:14.116150Z","level":"info","event":"[FETCH] requesting rows 33000–33499","logger":"lta_common","filename":"lta_common.py","lineno":54}
{"timestamp":"2026-04-15T12:31:14.116180Z","level":"info","event":"Fetching page from LTA: skip=33000","logger":"lta_common","filename":"lta_common.py","lineno":36}
{"timestamp":"2026-04-15T12:31:14.411197Z","level":"info","event":"Retrieved 500 rows from LTA at skip=33000","logger":"lta_common","filename":"lta_common.py","lineno":44}
{"timestamp":"2026-04-15T12:31:14.412254Z","level":"info","event":"[FETCH DONE] retrieved=500 rows at skip=33000","logger":"lta_common","filename":"lta_common.py","lineno":59}
{"timestamp":"2026-04-15T12:31:14.412452Z","level":"info","event":"STEP 4: processing page skip=33000 rows=500","logger":"2_refresh_traffic_speed","filename":"2_refresh_traffic_speed.py","lineno":41}
{"timestamp":"2026-04-15T12:31:14.418243Z","level":"warning","event":"[SANITIZE] link_id=48680 field=maximum_speed suspicious sentinel value=999 -> NULL","logger":"lta_common","filename":"lta_common.py","lineno":143}
{"timestamp":"2026-04-15T12:31:14.418296Z","level":"warning","event":"[SANITIZE] link_id=48684 field=maximum_speed suspicious sentinel value=999 -> NULL","logger":"lta_common","filename":"lta_common.py","lineno":143}
{"timestamp":"2026-04-15T12:31:14.418322Z","level":"warning","event":"[SANITIZE] link_id=48686 field=maximum_speed suspicious sentinel value=999 -> NULL","logger":"lta_common","filename":"lta_common.py","lineno":143}
{"timestamp":"2026-04-15T12:31:14.418348Z","level":"warning","event":"[SANITIZE] link_id=48687 field=maximum_speed suspicious sentinel value=999 -> NULL","logger":"lta_common","filename":"lta_common.py","lineno":143}
{"timestamp":"2026-04-15T12:31:14.418369Z","level":"warning","event":"[SANITIZE] link_id=48688 field=maximum_speed suspicious sentinel value=999 -> NULL","logger":"lta_common","filename":"lta_common.py","lineno":143}
{"timestamp":"2026-04-15T12:31:14.418402Z","level":"warning","event":"[SANITIZE] link_id=48693 field=maximum_speed suspicious sentinel value=999 -> NULL","logger":"lta_common","filename":"lta_common.py","lineno":143}
{"timestamp":"2026-04-15T12:31:14.418441Z","level":"warning","event":"[SANITIZE] link_id=48701 field=maximum_speed suspicious sentinel value=999 -> NULL","logger":"lta_common","filename":"lta_common.py","lineno":143}
{"timestamp":"2026-04-15T12:31:14.418472Z","level":"warning","event":"[SANITIZE] link_id=48706 field=maximum_speed suspicious sentinel value=999 -> NULL","logger":"lta_common","filename":"lta_common.py","lineno":143}
{"timestamp":"2026-04-15T12:31:14.418503Z","level":"warning","event":"[SANITIZE] link_id=48711 field=maximum_speed suspicious sentinel value=999 -> NULL","logger":"lta_common","filename":"lta_common.py","lineno":143}
{"timestamp":"2026-04-15T12:31:14.418533Z","level":"warning","event":"[SANITIZE] link_id=48717 field=maximum_speed suspicious sentinel value=999 -> NULL","logger":"lta_common","filename":"lta_common.py","lineno":143}
{"timestamp":"2026-04-15T12:31:14.418556Z","level":"warning","event":"[SANITIZE] link_id=48720 field=maximum_speed suspicious sentinel value=999 -> NULL","logger":"lta_common","filename":"lta_common.py","lineno":143}
{"timestamp":"2026-04-15T12:31:14.418582Z","level":"warning","event":"[SANITIZE] link_id=48724 field=maximum_speed suspicious sentinel value=999 -> NULL","logger":"lta_common","filename":"lta_common.py","lineno":143}
{"timestamp":"2026-04-15T12:31:14.418607Z","level":"warning","event":"[SANITIZE] link_id=48728 field=maximum_speed suspicious sentinel value=999 -> NULL","logger":"lta_common","filename":"lta_common.py","lineno":143}
{"timestamp":"2026-04-15T12:31:14.418632Z","level":"warning","event":"[SANITIZE] link_id=48731 field=maximum_speed suspicious sentinel value=999 -> NULL","logger":"lta_common","filename":"lta_common.py","lineno":143}
{"timestamp":"2026-04-15T12:31:14.418653Z","level":"warning","event":"[SANITIZE] link_id=48732 field=maximum_speed suspicious sentinel value=999 -> NULL","logger":"lta_common","filename":"lta_common.py","lineno":143}
{"timestamp":"2026-04-15T12:31:14.418673Z","level":"warning","event":"[SANITIZE] link_id=48733 field=maximum_speed suspicious sentinel value=999 -> NULL","logger":"lta_common","filename":"lta_common.py","lineno":143}
{"timestamp":"2026-04-15T12:31:14.418692Z","level":"warning","event":"[SANITIZE] link_id=48734 field=maximum_speed suspicious sentinel value=999 -> NULL","logger":"lta_common","filename":"lta_common.py","lineno":143}
{"timestamp":"2026-04-15T12:31:14.418712Z","level":"warning","event":"[SANITIZE] link_id=48735 field=maximum_speed suspicious sentinel value=999 -> NULL","logger":"lta_common","filename":"lta_common.py","lineno":143}
{"timestamp":"2026-04-15T12:31:14.418733Z","level":"warning","event":"[SANITIZE] link_id=48736 field=maximum_speed suspicious sentinel value=999 -> NULL","logger":"lta_common","filename":"lta_common.py","lineno":143}
{"timestamp":"2026-04-15T12:31:14.418768Z","level":"warning","event":"[SANITIZE] link_id=48743 field=maximum_speed suspicious sentinel value=999 -> NULL","logger":"lta_common","filename":"lta_common.py","lineno":143}
{"timestamp":"2026-04-15T12:31:14.418791Z","level":"warning","event":"[SANITIZE] link_id=48745 field=maximum_speed suspicious sentinel value=999 -> NULL","logger":"lta_common","filename":"lta_common.py","lineno":143}
{"timestamp":"2026-04-15T12:31:14.418815Z","level":"warning","event":"[SANITIZE] link_id=48748 field=maximum_speed suspicious sentinel value=999 -> NULL","logger":"lta_common","filename":"lta_common.py","lineno":143}
{"timestamp":"2026-04-15T12:31:14.418835Z","level":"warning","event":"[SANITIZE] link_id=48749 field=maximum_speed suspicious sentinel value=999 -> NULL","logger":"lta_common","filename":"lta_common.py","lineno":143}
{"timestamp":"2026-04-15T12:31:14.418858Z","level":"warning","event":"[SANITIZE] link_id=48751 field=maximum_speed suspicious sentinel value=999 -> NULL","logger":"lta_common","filename":"lta_common.py","lineno":143}
{"timestamp":"2026-04-15T12:31:14.418883Z","level":"warning","event":"[SANITIZE] link_id=48754 field=maximum_speed suspicious sentinel value=999 -> NULL","logger":"lta_common","filename":"lta_common.py","lineno":143}
{"timestamp":"2026-04-15T12:31:14.418902Z","level":"warning","event":"[SANITIZE] link_id=48755 field=maximum_speed suspicious sentinel value=999 -> NULL","logger":"lta_common","filename":"lta_common.py","lineno":143}
{"timestamp":"2026-04-15T12:31:14.418932Z","level":"warning","event":"[SANITIZE] link_id=48762 field=maximum_speed suspicious sentinel value=999 -> NULL","logger":"lta_common","filename":"lta_common.py","lineno":143}
{"timestamp":"2026-04-15T12:31:14.418953Z","level":"warning","event":"[SANITIZE] link_id=48764 field=maximum_speed suspicious sentinel value=999 -> NULL","logger":"lta_common","filename":"lta_common.py","lineno":143}
{"timestamp":"2026-04-15T12:31:14.418975Z","level":"warning","event":"[SANITIZE] link_id=48766 field=maximum_speed suspicious sentinel value=999 -> NULL","logger":"lta_common","filename":"lta_common.py","lineno":143}
{"timestamp":"2026-04-15T12:31:14.419007Z","level":"warning","event":"[SANITIZE] link_id=48767 field=maximum_speed suspicious sentinel value=999 -> NULL","logger":"lta_common","filename":"lta_common.py","lineno":143}
{"timestamp":"2026-04-15T12:31:14.419028Z","level":"warning","event":"[SANITIZE] link_id=48768 field=maximum_speed suspicious sentinel value=999 -> NULL","logger":"lta_common","filename":"lta_common.py","lineno":143}
{"timestamp":"2026-04-15T12:31:14.419050Z","level":"warning","event":"[SANITIZE] link_id=48769 field=maximum_speed suspicious sentinel value=999 -> NULL","logger":"lta_common","filename":"lta_common.py","lineno":143}
{"timestamp":"2026-04-15T12:31:14.419077Z","level":"warning","event":"[SANITIZE] link_id=48771 field=maximum_speed suspicious sentinel value=999 -> NULL","logger":"lta_common","filename":"lta_common.py","lineno":143}
{"timestamp":"2026-04-15T12:31:14.419101Z","level":"warning","event":"[SANITIZE] link_id=48773 field=maximum_speed suspicious sentinel value=999 -> NULL","logger":"lta_common","filename":"lta_common.py","lineno":143}
{"timestamp":"2026-04-15T12:31:14.419121Z","level":"warning","event":"[SANITIZE] link_id=48774 field=maximum_speed suspicious sentinel value=999 -> NULL","logger":"lta_common","filename":"lta_common.py","lineno":143}
{"timestamp":"2026-04-15T12:31:14.419145Z","level":"warning","event":"[SANITIZE] link_id=48776 field=maximum_speed suspicious sentinel value=999 -> NULL","logger":"lta_common","filename":"lta_common.py","lineno":143}
{"timestamp":"2026-04-15T12:31:14.419168Z","level":"warning","event":"[SANITIZE] link_id=48777 field=maximum_speed suspicious sentinel value=999 -> NULL","logger":"lta_common","filename":"lta_common.py","lineno":143}
{"timestamp":"2026-04-15T12:31:14.419188Z","level":"warning","event":"[SANITIZE] link_id=48778 field=maximum_speed suspicious sentinel value=999 -> NULL","logger":"lta_common","filename":"lta_common.py","lineno":143}
{"timestamp":"2026-04-15T12:31:14.419208Z","level":"warning","event":"[SANITIZE] link_id=48779 field=maximum_speed suspicious sentinel value=999 -> NULL","logger":"lta_common","filename":"lta_common.py","lineno":143}
{"timestamp":"2026-04-15T12:31:14.419231Z","level":"warning","event":"[SANITIZE] link_id=48780 field=maximum_speed suspicious sentinel value=999 -> NULL","logger":"lta_common","filename":"lta_common.py","lineno":143}
{"timestamp":"2026-04-15T12:31:14.419255Z","level":"warning","event":"[SANITIZE] link_id=48782 field=maximum_speed suspicious sentinel value=999 -> NULL","logger":"lta_common","filename":"lta_common.py","lineno":143}
{"timestamp":"2026-04-15T12:31:14.419286Z","level":"warning","event":"[SANITIZE] link_id=48786 field=maximum_speed suspicious sentinel value=999 -> NULL","logger":"lta_common","filename":"lta_common.py","lineno":143}
{"timestamp":"2026-04-15T12:31:14.419317Z","level":"warning","event":"[SANITIZE] link_id=48790 field=maximum_speed suspicious sentinel value=999 -> NULL","logger":"lta_common","filename":"lta_common.py","lineno":143}
{"timestamp":"2026-04-15T12:31:14.419340Z","level":"warning","event":"[SANITIZE] link_id=48792 field=maximum_speed suspicious sentinel value=999 -> NULL","logger":"lta_common","filename":"lta_common.py","lineno":143}
{"timestamp":"2026-04-15T12:31:14.419362Z","level":"warning","event":"[SANITIZE] link_id=48794 field=maximum_speed suspicious sentinel value=999 -> NULL","logger":"lta_common","filename":"lta_common.py","lineno":143}
{"timestamp":"2026-04-15T12:31:14.419382Z","level":"warning","event":"[SANITIZE] link_id=48795 field=maximum_speed suspicious sentinel value=999 -> NULL","logger":"lta_common","filename":"lta_common.py","lineno":143}
{"timestamp":"2026-04-15T12:31:14.419409Z","level":"warning","event":"[SANITIZE] link_id=48799 field=maximum_speed suspicious sentinel value=999 -> NULL","logger":"lta_common","filename":"lta_common.py","lineno":143}
{"timestamp":"2026-04-15T12:31:14.419432Z","level":"warning","event":"[SANITIZE] link_id=48801 field=maximum_speed suspicious sentinel value=999 -> NULL","logger":"lta_common","filename":"lta_common.py","lineno":143}
{"timestamp":"2026-04-15T12:31:14.419453Z","level":"warning","event":"[SANITIZE] link_id=48804 field=maximum_speed suspicious sentinel value=999 -> NULL","logger":"lta_common","filename":"lta_common.py","lineno":143}
{"timestamp":"2026-04-15T12:31:14.419493Z","level":"warning","event":"[SANITIZE] link_id=48813 field=maximum_speed suspicious sentinel value=999 -> NULL","logger":"lta_common","filename":"lta_common.py","lineno":143}
{"timestamp":"2026-04-15T12:31:14.419512Z","level":"warning","event":"[SANITIZE] link_id=48814 field=maximum_speed suspicious sentinel value=999 -> NULL","logger":"lta_common","filename":"lta_common.py","lineno":143}
{"timestamp":"2026-04-15T12:31:14.419532Z","level":"warning","event":"[SANITIZE] link_id=48815 field=maximum_speed suspicious sentinel value=999 -> NULL","logger":"lta_common","filename":"lta_common.py","lineno":143}
{"timestamp":"2026-04-15T12:31:14.419554Z","level":"warning","event":"[SANITIZE] link_id=48817 field=maximum_speed suspicious sentinel value=999 -> NULL","logger":"lta_common","filename":"lta_common.py","lineno":143}
{"timestamp":"2026-04-15T12:31:14.419574Z","level":"warning","event":"[SANITIZE] link_id=48818 field=maximum_speed suspicious sentinel value=999 -> NULL","logger":"lta_common","filename":"lta_common.py","lineno":143}
{"timestamp":"2026-04-15T12:31:14.419599Z","level":"warning","event":"[SANITIZE] link_id=48821 field=maximum_speed suspicious sentinel value=999 -> NULL","logger":"lta_common","filename":"lta_common.py","lineno":143}
{"timestamp":"2026-04-15T12:31:14.419621Z","level":"warning","event":"[SANITIZE] link_id=48823 field=maximum_speed suspicious sentinel value=999 -> NULL","logger":"lta_common","filename":"lta_common.py","lineno":143}
{"timestamp":"2026-04-15T12:31:14.419643Z","level":"warning","event":"[SANITIZE] link_id=48825 field=maximum_speed suspicious sentinel value=999 -> NULL","logger":"lta_common","filename":"lta_common.py","lineno":143}
{"timestamp":"2026-04-15T12:31:14.419665Z","level":"warning","event":"[SANITIZE] link_id=48827 field=maximum_speed suspicious sentinel value=999 -> NULL","logger":"lta_common","filename":"lta_common.py","lineno":143}
{"timestamp":"2026-04-15T12:31:14.419684Z","level":"warning","event":"[SANITIZE] link_id=48828 field=maximum_speed suspicious sentinel value=999 -> NULL","logger":"lta_common","filename":"lta_common.py","lineno":143}
{"timestamp":"2026-04-15T12:31:14.419707Z","level":"warning","event":"[SANITIZE] link_id=48830 field=maximum_speed suspicious sentinel value=999 -> NULL","logger":"lta_common","filename":"lta_common.py","lineno":143}
{"timestamp":"2026-04-15T12:31:14.419727Z","level":"warning","event":"[SANITIZE] link_id=48831 field=maximum_speed suspicious sentinel value=999 -> NULL","logger":"lta_common","filename":"lta_common.py","lineno":143}
{"timestamp":"2026-04-15T12:31:14.419746Z","level":"warning","event":"[SANITIZE] link_id=48832 field=maximum_speed suspicious sentinel value=999 -> NULL","logger":"lta_common","filename":"lta_common.py","lineno":143}
{"timestamp":"2026-04-15T12:31:14.419768Z","level":"warning","event":"[SANITIZE] link_id=48836 field=maximum_speed suspicious sentinel value=999 -> NULL","logger":"lta_common","filename":"lta_common.py","lineno":143}
{"timestamp":"2026-04-15T12:31:14.419811Z","level":"warning","event":"[SANITIZE] link_id=48846 field=maximum_speed suspicious sentinel value=999 -> NULL","logger":"lta_common","filename":"lta_common.py","lineno":143}
{"timestamp":"2026-04-15T12:31:14.419836Z","level":"warning","event":"[SANITIZE] link_id=48849 field=maximum_speed suspicious sentinel value=999 -> NULL","logger":"lta_common","filename":"lta_common.py","lineno":143}
{"timestamp":"2026-04-15T12:31:14.419856Z","level":"warning","event":"[SANITIZE] link_id=48850 field=maximum_speed suspicious sentinel value=999 -> NULL","logger":"lta_common","filename":"lta_common.py","lineno":143}
{"timestamp":"2026-04-15T12:31:14.419883Z","level":"warning","event":"[SANITIZE] link_id=48854 field=maximum_speed suspicious sentinel value=999 -> NULL","logger":"lta_common","filename":"lta_common.py","lineno":143}
{"timestamp":"2026-04-15T12:31:14.419907Z","level":"warning","event":"[SANITIZE] link_id=48858 field=maximum_speed suspicious sentinel value=999 -> NULL","logger":"lta_common","filename":"lta_common.py","lineno":143}
{"timestamp":"2026-04-15T12:31:14.419927Z","level":"warning","event":"[SANITIZE] link_id=48859 field=maximum_speed suspicious sentinel value=999 -> NULL","logger":"lta_common","filename":"lta_common.py","lineno":143}
{"timestamp":"2026-04-15T12:31:14.419947Z","level":"warning","event":"[SANITIZE] link_id=48860 field=maximum_speed suspicious sentinel value=999 -> NULL","logger":"lta_common","filename":"lta_common.py","lineno":143}
{"timestamp":"2026-04-15T12:31:14.419969Z","level":"warning","event":"[SANITIZE] link_id=48862 field=maximum_speed suspicious sentinel value=999 -> NULL","logger":"lta_common","filename":"lta_common.py","lineno":143}
{"timestamp":"2026-04-15T12:31:14.420125Z","level":"warning","event":"[SANITIZE] link_id=48916 field=maximum_speed suspicious sentinel value=999 -> NULL","logger":"lta_common","filename":"lta_common.py","lineno":143}
{"timestamp":"2026-04-15T12:31:14.420145Z","level":"warning","event":"[SANITIZE] link_id=48917 field=maximum_speed suspicious sentinel value=999 -> NULL","logger":"lta_common","filename":"lta_common.py","lineno":143}
{"timestamp":"2026-04-15T12:31:14.420165Z","level":"warning","event":"[SANITIZE] link_id=48918 field=maximum_speed suspicious sentinel value=999 -> NULL","logger":"lta_common","filename":"lta_common.py","lineno":143}
{"timestamp":"2026-04-15T12:31:14.420185Z","level":"warning","event":"[SANITIZE] link_id=48919 field=maximum_speed suspicious sentinel value=999 -> NULL","logger":"lta_common","filename":"lta_common.py","lineno":143}
{"timestamp":"2026-04-15T12:31:14.420204Z","level":"warning","event":"[SANITIZE] link_id=48920 field=maximum_speed suspicious sentinel value=999 -> NULL","logger":"lta_common","filename":"lta_common.py","lineno":143}
{"timestamp":"2026-04-15T12:31:14.420224Z","level":"warning","event":"[SANITIZE] link_id=48921 field=maximum_speed suspicious sentinel value=999 -> NULL","logger":"lta_common","filename":"lta_common.py","lineno":143}
{"timestamp":"2026-04-15T12:31:14.420243Z","level":"warning","event":"[SANITIZE] link_id=48922 field=maximum_speed suspicious sentinel value=999 -> NULL","logger":"lta_common","filename":"lta_common.py","lineno":143}
{"timestamp":"2026-04-15T12:31:14.420266Z","level":"warning","event":"[SANITIZE] link_id=48924 field=maximum_speed suspicious sentinel value=999 -> NULL","logger":"lta_common","filename":"lta_common.py","lineno":143}
{"timestamp":"2026-04-15T12:31:14.420286Z","level":"warning","event":"[SANITIZE] link_id=48925 field=maximum_speed suspicious sentinel value=999 -> NULL","logger":"lta_common","filename":"lta_common.py","lineno":143}
{"timestamp":"2026-04-15T12:31:14.420313Z","level":"warning","event":"[SANITIZE] link_id=48929 field=maximum_speed suspicious sentinel value=999 -> NULL","logger":"lta_common","filename":"lta_common.py","lineno":143}
{"timestamp":"2026-04-15T12:31:14.420376Z","level":"warning","event":"[SANITIZE] link_id=48947 field=maximum_speed suspicious sentinel value=999 -> NULL","logger":"lta_common","filename":"lta_common.py","lineno":143}
{"timestamp":"2026-04-15T12:31:14.420459Z","level":"warning","event":"[SANITIZE] link_id=48974 field=maximum_speed suspicious sentinel value=999 -> NULL","logger":"lta_common","filename":"lta_common.py","lineno":143}
{"timestamp":"2026-04-15T12:31:14.420489Z","level":"warning","event":"[SANITIZE] link_id=48980 field=maximum_speed suspicious sentinel value=999 -> NULL","logger":"lta_common","filename":"lta_common.py","lineno":143}
{"timestamp":"2026-04-15T12:31:14.420529Z","level":"warning","event":"[SANITIZE] link_id=48989 field=maximum_speed suspicious sentinel value=999 -> NULL","logger":"lta_common","filename":"lta_common.py","lineno":143}
{"timestamp":"2026-04-15T12:31:14.420549Z","level":"warning","event":"[SANITIZE] link_id=48990 field=maximum_speed suspicious sentinel value=999 -> NULL","logger":"lta_common","filename":"lta_common.py","lineno":143}
{"timestamp":"2026-04-15T12:31:14.420586Z","level":"warning","event":"[SANITIZE] link_id=48999 field=maximum_speed suspicious sentinel value=999 -> NULL","logger":"lta_common","filename":"lta_common.py","lineno":143}
{"timestamp":"2026-04-15T12:31:14.420608Z","level":"warning","event":"[SANITIZE] link_id=49001 field=maximum_speed suspicious sentinel value=999 -> NULL","logger":"lta_common","filename":"lta_common.py","lineno":143}
{"timestamp":"2026-04-15T12:31:14.420630Z","level":"warning","event":"[SANITIZE] link_id=49002 field=maximum_speed suspicious sentinel value=999 -> NULL","logger":"lta_common","filename":"lta_common.py","lineno":143}
{"timestamp":"2026-04-15T12:31:14.420650Z","level":"warning","event":"[SANITIZE] link_id=49003 field=maximum_speed suspicious sentinel value=999 -> NULL","logger":"lta_common","filename":"lta_common.py","lineno":143}
{"timestamp":"2026-04-15T12:31:14.420678Z","level":"warning","event":"[SANITIZE] link_id=49007 field=maximum_speed suspicious sentinel value=999 -> NULL","logger":"lta_common","filename":"lta_common.py","lineno":143}
{"timestamp":"2026-04-15T12:31:14.420707Z","level":"warning","event":"[SANITIZE] link_id=49012 field=maximum_speed suspicious sentinel value=999 -> NULL","logger":"lta_common","filename":"lta_common.py","lineno":143}
{"timestamp":"2026-04-15T12:31:14.420758Z","level":"warning","event":"[SANITIZE] link_id=49026 field=maximum_speed suspicious sentinel value=999 -> NULL","logger":"lta_common","filename":"lta_common.py","lineno":143}
{"timestamp":"2026-04-15T12:31:14.420793Z","level":"warning","event":"[SANITIZE] link_id=49033 field=maximum_speed suspicious sentinel value=999 -> NULL","logger":"lta_common","filename":"lta_common.py","lineno":143}
{"timestamp":"2026-04-15T12:31:14.420813Z","level":"warning","event":"[SANITIZE] link_id=49034 field=maximum_speed suspicious sentinel value=999 -> NULL","logger":"lta_common","filename":"lta_common.py","lineno":143}
{"timestamp":"2026-04-15T12:31:14.420839Z","level":"warning","event":"[SANITIZE] link_id=49037 field=maximum_speed suspicious sentinel value=999 -> NULL","logger":"lta_common","filename":"lta_common.py","lineno":143}
{"timestamp":"2026-04-15T12:31:14.420871Z","level":"warning","event":"[SANITIZE] link_id=49043 field=maximum_speed suspicious sentinel value=999 -> NULL","logger":"lta_common","filename":"lta_common.py","lineno":143}
{"timestamp":"2026-04-15T12:31:14.420899Z","level":"warning","event":"[SANITIZE] link_id=49047 field=maximum_speed suspicious sentinel value=999 -> NULL","logger":"lta_common","filename":"lta_common.py","lineno":143}
{"timestamp":"2026-04-15T12:31:14.420919Z","level":"warning","event":"[SANITIZE] link_id=49048 field=maximum_speed suspicious sentinel value=999 -> NULL","logger":"lta_common","filename":"lta_common.py","lineno":143}
{"timestamp":"2026-04-15T12:31:14.420938Z","level":"warning","event":"[SANITIZE] link_id=49049 field=maximum_speed suspicious sentinel value=999 -> NULL","logger":"lta_common","filename":"lta_common.py","lineno":143}
{"timestamp":"2026-04-15T12:31:14.420968Z","level":"warning","event":"[SANITIZE] link_id=49054 field=maximum_speed suspicious sentinel value=999 -> NULL","logger":"lta_common","filename":"lta_common.py","lineno":143}
{"timestamp":"2026-04-15T12:31:14.420999Z","level":"warning","event":"[SANITIZE] link_id=49057 field=maximum_speed suspicious sentinel value=999 -> NULL","logger":"lta_common","filename":"lta_common.py","lineno":143}
{"timestamp":"2026-04-15T12:31:14.421021Z","level":"warning","event":"[SANITIZE] link_id=49059 field=maximum_speed suspicious sentinel value=999 -> NULL","logger":"lta_common","filename":"lta_common.py","lineno":143}
{"timestamp":"2026-04-15T12:31:14.421041Z","level":"warning","event":"[SANITIZE] link_id=49060 field=maximum_speed suspicious sentinel value=999 -> NULL","logger":"lta_common","filename":"lta_common.py","lineno":143}
{"timestamp":"2026-04-15T12:31:14.421060Z","level":"warning","event":"[SANITIZE] link_id=49061 field=maximum_speed suspicious sentinel value=999 -> NULL","logger":"lta_common","filename":"lta_common.py","lineno":143}
{"timestamp":"2026-04-15T12:31:14.421090Z","level":"warning","event":"[SANITIZE] link_id=49066 field=maximum_speed suspicious sentinel value=999 -> NULL","logger":"lta_common","filename":"lta_common.py","lineno":143}
{"timestamp":"2026-04-15T12:31:14.421109Z","level":"warning","event":"[SANITIZE] link_id=49067 field=maximum_speed suspicious sentinel value=999 -> NULL","logger":"lta_common","filename":"lta_common.py","lineno":143}
{"timestamp":"2026-04-15T12:31:14.421131Z","level":"warning","event":"[SANITIZE] link_id=49069 field=maximum_speed suspicious sentinel value=999 -> NULL","logger":"lta_common","filename":"lta_common.py","lineno":143}
{"timestamp":"2026-04-15T12:31:14.421151Z","level":"warning","event":"[SANITIZE] link_id=49070 field=maximum_speed suspicious sentinel value=999 -> NULL","logger":"lta_common","filename":"lta_common.py","lineno":143}
{"timestamp":"2026-04-15T12:31:14.421170Z","level":"warning","event":"[SANITIZE] link_id=49071 field=maximum_speed suspicious sentinel value=999 -> NULL","logger":"lta_common","filename":"lta_common.py","lineno":143}
{"timestamp":"2026-04-15T12:31:14.421194Z","level":"warning","event":"[SANITIZE] link_id=49074 field=maximum_speed suspicious sentinel value=999 -> NULL","logger":"lta_common","filename":"lta_common.py","lineno":143}
{"timestamp":"2026-04-15T12:31:14.421214Z","level":"warning","event":"[SANITIZE] link_id=49075 field=maximum_speed suspicious sentinel value=999 -> NULL","logger":"lta_common","filename":"lta_common.py","lineno":143}
{"timestamp":"2026-04-15T12:31:14.421235Z","level":"warning","event":"[SANITIZE] link_id=49076 field=maximum_speed suspicious sentinel value=999 -> NULL","logger":"lta_common","filename":"lta_common.py","lineno":143}
{"timestamp":"2026-04-15T12:31:14.421254Z","level":"warning","event":"[SANITIZE] link_id=49077 field=maximum_speed suspicious sentinel value=999 -> NULL","logger":"lta_common","filename":"lta_common.py","lineno":143}
{"timestamp":"2026-04-15T12:31:14.421273Z","level":"warning","event":"[SANITIZE] link_id=49078 field=maximum_speed suspicious sentinel value=999 -> NULL","logger":"lta_common","filename":"lta_common.py","lineno":143}
{"timestamp":"2026-04-15T12:31:14.421292Z","level":"warning","event":"[SANITIZE] link_id=49079 field=maximum_speed suspicious sentinel value=999 -> NULL","logger":"lta_common","filename":"lta_common.py","lineno":143}
{"timestamp":"2026-04-15T12:31:14.421324Z","level":"warning","event":"[SANITIZE] link_id=49085 field=maximum_speed suspicious sentinel value=999 -> NULL","logger":"lta_common","filename":"lta_common.py","lineno":143}
{"timestamp":"2026-04-15T12:31:14.421352Z","level":"warning","event":"[SANITIZE] link_id=49089 field=maximum_speed suspicious sentinel value=999 -> NULL","logger":"lta_common","filename":"lta_common.py","lineno":143}
{"timestamp":"2026-04-15T12:31:14.421376Z","level":"warning","event":"[SANITIZE] link_id=49092 field=maximum_speed suspicious sentinel value=999 -> NULL","logger":"lta_common","filename":"lta_common.py","lineno":143}
{"timestamp":"2026-04-15T12:31:14.421396Z","level":"warning","event":"[SANITIZE] link_id=49094 field=maximum_speed suspicious sentinel value=999 -> NULL","logger":"lta_common","filename":"lta_common.py","lineno":143}
{"timestamp":"2026-04-15T12:31:14.421415Z","level":"warning","event":"[SANITIZE] link_id=49095 field=maximum_speed suspicious sentinel value=999 -> NULL","logger":"lta_common","filename":"lta_common.py","lineno":143}
{"timestamp":"2026-04-15T12:31:14.421437Z","level":"warning","event":"[SANITIZE] link_id=49097 field=maximum_speed suspicious sentinel value=999 -> NULL","logger":"lta_common","filename":"lta_common.py","lineno":143}
{"timestamp":"2026-04-15T12:31:14.421457Z","level":"warning","event":"[SANITIZE] link_id=49098 field=maximum_speed suspicious sentinel value=999 -> NULL","logger":"lta_common","filename":"lta_common.py","lineno":143}
{"timestamp":"2026-04-15T12:31:14.421476Z","level":"warning","event":"[SANITIZE] link_id=49099 field=maximum_speed suspicious sentinel value=999 -> NULL","logger":"lta_common","filename":"lta_common.py","lineno":143}
{"timestamp":"2026-04-15T12:31:14.421501Z","level":"warning","event":"[SANITIZE] link_id=49102 field=maximum_speed suspicious sentinel value=999 -> NULL","logger":"lta_common","filename":"lta_common.py","lineno":143}
{"timestamp":"2026-04-15T12:31:14.421522Z","level":"warning","event":"[SANITIZE] link_id=49104 field=maximum_speed suspicious sentinel value=999 -> NULL","logger":"lta_common","filename":"lta_common.py","lineno":143}
{"timestamp":"2026-04-15T12:31:14.421542Z","level":"warning","event":"[SANITIZE] link_id=49105 field=maximum_speed suspicious sentinel value=999 -> NULL","logger":"lta_common","filename":"lta_common.py","lineno":143}
{"timestamp":"2026-04-15T12:31:14.421569Z","level":"warning","event":"[SANITIZE] link_id=49110 field=maximum_speed suspicious sentinel value=999 -> NULL","logger":"lta_common","filename":"lta_common.py","lineno":143}
{"timestamp":"2026-04-15T12:31:14.421588Z","level":"warning","event":"[SANITIZE] link_id=49111 field=maximum_speed suspicious sentinel value=999 -> NULL","logger":"lta_common","filename":"lta_common.py","lineno":143}
{"timestamp":"2026-04-15T12:31:14.421610Z","level":"warning","event":"[SANITIZE] link_id=49113 field=maximum_speed suspicious sentinel value=999 -> NULL","logger":"lta_common","filename":"lta_common.py","lineno":143}
{"timestamp":"2026-04-15T12:31:14.421635Z","level":"warning","event":"[SANITIZE] link_id=49116 field=maximum_speed suspicious sentinel value=999 -> NULL","logger":"lta_common","filename":"lta_common.py","lineno":143}
{"timestamp":"2026-04-15T12:31:14.421655Z","level":"warning","event":"[SANITIZE] link_id=49117 field=maximum_speed suspicious sentinel value=999 -> NULL","logger":"lta_common","filename":"lta_common.py","lineno":143}
{"timestamp":"2026-04-15T12:31:14.421677Z","level":"warning","event":"[SANITIZE] link_id=49119 field=maximum_speed suspicious sentinel value=999 -> NULL","logger":"lta_common","filename":"lta_common.py","lineno":143}
{"timestamp":"2026-04-15T12:31:14.421699Z","level":"warning","event":"[SANITIZE] link_id=49121 field=maximum_speed suspicious sentinel value=999 -> NULL","logger":"lta_common","filename":"lta_common.py","lineno":143}
{"timestamp":"2026-04-15T12:31:14.421724Z","level":"warning","event":"[SANITIZE] link_id=49124 field=maximum_speed suspicious sentinel value=999 -> NULL","logger":"lta_common","filename":"lta_common.py","lineno":143}
{"timestamp":"2026-04-15T12:31:14.421744Z","level":"warning","event":"[SANITIZE] link_id=49125 field=maximum_speed suspicious sentinel value=999 -> NULL","logger":"lta_common","filename":"lta_common.py","lineno":143}
{"timestamp":"2026-04-15T12:31:14.421771Z","level":"warning","event":"[SANITIZE] link_id=49130 field=maximum_speed suspicious sentinel value=999 -> NULL","logger":"lta_common","filename":"lta_common.py","lineno":143}
{"timestamp":"2026-04-15T12:31:14.421790Z","level":"warning","event":"[SANITIZE] link_id=49131 field=maximum_speed suspicious sentinel value=999 -> NULL","logger":"lta_common","filename":"lta_common.py","lineno":143}
{"timestamp":"2026-04-15T12:31:14.421809Z","level":"warning","event":"[SANITIZE] link_id=49132 field=maximum_speed suspicious sentinel value=999 -> NULL","logger":"lta_common","filename":"lta_common.py","lineno":143}
{"timestamp":"2026-04-15T12:31:14.421831Z","level":"warning","event":"[SANITIZE] link_id=49134 field=maximum_speed suspicious sentinel value=999 -> NULL","logger":"lta_common","filename":"lta_common.py","lineno":143}
{"timestamp":"2026-04-15T12:31:14.421855Z","level":"warning","event":"[SANITIZE] link_id=49137 field=maximum_speed suspicious sentinel value=999 -> NULL","logger":"lta_common","filename":"lta_common.py","lineno":143}
{"timestamp":"2026-04-15T12:31:14.421874Z","level":"warning","event":"[SANITIZE] link_id=49138 field=maximum_speed suspicious sentinel value=999 -> NULL","logger":"lta_common","filename":"lta_common.py","lineno":143}
{"timestamp":"2026-04-15T12:31:14.421896Z","level":"warning","event":"[SANITIZE] link_id=49140 field=maximum_speed suspicious sentinel value=999 -> NULL","logger":"lta_common","filename":"lta_common.py","lineno":143}
{"timestamp":"2026-04-15T12:31:14.421915Z","level":"warning","event":"[SANITIZE] link_id=49141 field=maximum_speed suspicious sentinel value=999 -> NULL","logger":"lta_common","filename":"lta_common.py","lineno":143}
{"timestamp":"2026-04-15T12:31:14.421935Z","level":"warning","event":"[SANITIZE] link_id=49142 field=maximum_speed suspicious sentinel value=999 -> NULL","logger":"lta_common","filename":"lta_common.py","lineno":143}
{"timestamp":"2026-04-15T12:31:14.421954Z","level":"warning","event":"[SANITIZE] link_id=49143 field=maximum_speed suspicious sentinel value=999 -> NULL","logger":"lta_common","filename":"lta_common.py","lineno":143}
{"timestamp":"2026-04-15T12:31:14.421974Z","level":"warning","event":"[SANITIZE] link_id=49144 field=maximum_speed suspicious sentinel value=999 -> NULL","logger":"lta_common","filename":"lta_common.py","lineno":143}
{"timestamp":"2026-04-15T12:31:14.422005Z","level":"warning","event":"[SANITIZE] link_id=49145 field=maximum_speed suspicious sentinel value=999 -> NULL","logger":"lta_common","filename":"lta_common.py","lineno":143}
{"timestamp":"2026-04-15T12:31:14.422038Z","level":"warning","event":"[SANITIZE] link_id=49146 field=maximum_speed suspicious sentinel value=999 -> NULL","logger":"lta_common","filename":"lta_common.py","lineno":143}
{"timestamp":"2026-04-15T12:31:14.422066Z","level":"warning","event":"[SANITIZE] link_id=49147 field=maximum_speed suspicious sentinel value=999 -> NULL","logger":"lta_common","filename":"lta_common.py","lineno":143}
{"timestamp":"2026-04-15T12:31:14.422098Z","level":"warning","event":"[SANITIZE] link_id=49148 field=maximum_speed suspicious sentinel value=999 -> NULL","logger":"lta_common","filename":"lta_common.py","lineno":143}
{"timestamp":"2026-04-15T12:31:14.422122Z","level":"warning","event":"[SANITIZE] link_id=49149 field=maximum_speed suspicious sentinel value=999 -> NULL","logger":"lta_common","filename":"lta_common.py","lineno":143}
{"timestamp":"2026-04-15T12:31:14.422146Z","level":"warning","event":"[SANITIZE] link_id=49151 field=maximum_speed suspicious sentinel value=999 -> NULL","logger":"lta_common","filename":"lta_common.py","lineno":143}
{"timestamp":"2026-04-15T12:31:14.422172Z","level":"warning","event":"[SANITIZE] link_id=49153 field=maximum_speed suspicious sentinel value=999 -> NULL","logger":"lta_common","filename":"lta_common.py","lineno":143}
{"timestamp":"2026-04-15T12:31:14.422193Z","level":"warning","event":"[SANITIZE] link_id=49154 field=maximum_speed suspicious sentinel value=999 -> NULL","logger":"lta_common","filename":"lta_common.py","lineno":143}
{"timestamp":"2026-04-15T12:31:14.422215Z","level":"warning","event":"[SANITIZE] link_id=49155 field=maximum_speed suspicious sentinel value=999 -> NULL","logger":"lta_common","filename":"lta_common.py","lineno":143}
{"timestamp":"2026-04-15T12:31:14.422236Z","level":"warning","event":"[SANITIZE] link_id=49156 field=maximum_speed suspicious sentinel value=999 -> NULL","logger":"lta_common","filename":"lta_common.py","lineno":143}
{"timestamp":"2026-04-15T12:31:14.422259Z","level":"warning","event":"[SANITIZE] link_id=49157 field=maximum_speed suspicious sentinel value=999 -> NULL","logger":"lta_common","filename":"lta_common.py","lineno":143}
{"timestamp":"2026-04-15T12:31:14.422283Z","level":"warning","event":"[SANITIZE] link_id=49159 field=maximum_speed suspicious sentinel value=999 -> NULL","logger":"lta_common","filename":"lta_common.py","lineno":143}
{"timestamp":"2026-04-15T12:31:14.422304Z","level":"warning","event":"[SANITIZE] link_id=49160 field=maximum_speed suspicious sentinel value=999 -> NULL","logger":"lta_common","filename":"lta_common.py","lineno":143}
{"timestamp":"2026-04-15T12:31:14.422330Z","level":"warning","event":"[SANITIZE] link_id=49162 field=maximum_speed suspicious sentinel value=999 -> NULL","logger":"lta_common","filename":"lta_common.py","lineno":143}
{"timestamp":"2026-04-15T12:31:14.422363Z","level":"warning","event":"[SANITIZE] link_id=49167 field=maximum_speed suspicious sentinel value=999 -> NULL","logger":"lta_common","filename":"lta_common.py","lineno":143}
{"timestamp":"2026-04-15T12:31:14.422399Z","level":"warning","event":"[SANITIZE] link_id=49173 field=maximum_speed suspicious sentinel value=999 -> NULL","logger":"lta_common","filename":"lta_common.py","lineno":143}
{"timestamp":"2026-04-15T12:31:14.422422Z","level":"warning","event":"[SANITIZE] link_id=49174 field=maximum_speed suspicious sentinel value=999 -> NULL","logger":"lta_common","filename":"lta_common.py","lineno":143}
{"timestamp":"2026-04-15T12:31:14.422443Z","level":"warning","event":"[SANITIZE] link_id=49175 field=maximum_speed suspicious sentinel value=999 -> NULL","logger":"lta_common","filename":"lta_common.py","lineno":143}
{"timestamp":"2026-04-15T12:31:14.422470Z","level":"warning","event":"[SANITIZE] link_id=49178 field=maximum_speed suspicious sentinel value=999 -> NULL","logger":"lta_common","filename":"lta_common.py","lineno":143}
{"timestamp":"2026-04-15T12:31:14.422507Z","level":"warning","event":"[SANITIZE] link_id=49179 field=maximum_speed suspicious sentinel value=999 -> NULL","logger":"lta_common","filename":"lta_common.py","lineno":143}
{"timestamp":"2026-04-15T12:31:14.422535Z","level":"warning","event":"[SANITIZE] link_id=49181 field=maximum_speed suspicious sentinel value=999 -> NULL","logger":"lta_common","filename":"lta_common.py","lineno":143}
{"timestamp":"2026-04-15T12:31:14.422557Z","level":"warning","event":"[SANITIZE] link_id=49182 field=maximum_speed suspicious sentinel value=999 -> NULL","logger":"lta_common","filename":"lta_common.py","lineno":143}
{"timestamp":"2026-04-15T12:31:14.422585Z","level":"warning","event":"[SANITIZE] link_id=49185 field=maximum_speed suspicious sentinel value=999 -> NULL","logger":"lta_common","filename":"lta_common.py","lineno":143}
{"timestamp":"2026-04-15T12:31:14.422609Z","level":"warning","event":"[SANITIZE] link_id=49187 field=maximum_speed suspicious sentinel value=999 -> NULL","logger":"lta_common","filename":"lta_common.py","lineno":143}
{"timestamp":"2026-04-15T12:31:14.422632Z","level":"warning","event":"[SANITIZE] link_id=49188 field=maximum_speed suspicious sentinel value=999 -> NULL","logger":"lta_common","filename":"lta_common.py","lineno":143}
{"timestamp":"2026-04-15T12:31:14.422653Z","level":"warning","event":"[SANITIZE] link_id=49189 field=maximum_speed suspicious sentinel value=999 -> NULL","logger":"lta_common","filename":"lta_common.py","lineno":143}
{"timestamp":"2026-04-15T12:31:14.422676Z","level":"warning","event":"[SANITIZE] link_id=49190 field=maximum_speed suspicious sentinel value=999 -> NULL","logger":"lta_common","filename":"lta_common.py","lineno":143}
{"timestamp":"2026-04-15T12:31:14.422700Z","level":"warning","event":"[SANITIZE] link_id=49192 field=maximum_speed suspicious sentinel value=999 -> NULL","logger":"lta_common","filename":"lta_common.py","lineno":143}
{"timestamp":"2026-04-15T12:31:14.422722Z","level":"warning","event":"[SANITIZE] link_id=49194 field=maximum_speed suspicious sentinel value=999 -> NULL","logger":"lta_common","filename":"lta_common.py","lineno":143}
{"timestamp":"2026-04-15T12:31:14.422746Z","level":"warning","event":"[SANITIZE] link_id=49195 field=maximum_speed suspicious sentinel value=999 -> NULL","logger":"lta_common","filename":"lta_common.py","lineno":143}
{"timestamp":"2026-04-15T12:31:14.423122Z","level":"info","event":"[CLEAN DONE] rows=500 | null_speed_band=0 | null_minimum_speed=0 | null_maximum_speed=177","logger":"lta_common","filename":"lta_common.py","lineno":238}
{"timestamp":"2026-04-15T12:31:14.423924Z","level":"info","event":"STEP 5: built cleaned snapshot dataframe rows=500","logger":"2_refresh_traffic_speed","filename":"2_refresh_traffic_speed.py","lineno":44}
{"timestamp":"2026-04-15T12:31:14.424236Z","level":"info","event":"[LATEST PREP] rows=500 | missing_measurement_rows=0","logger":"lta_common","filename":"lta_common.py","lineno":271}
{"timestamp":"2026-04-15T12:31:14.424477Z","level":"info","event":"[UPSERT START] upserting 500 rows into traffic_speed_latest","logger":"lta_common","filename":"lta_common.py","lineno":348}
{"timestamp":"2026-04-15T12:31:14.424766Z","level":"info","event":"[UPSERT DEBUG] max_link_id=49195 | min_link_id=48674 | max_speed_band=8 | min_speed_band=1 | max_minimum_speed=70 | min_minimum_speed=0 | max_maximum_speed=69.0 | min_maximum_speed=9.0","logger":"lta_common","filename":"lta_common.py","lineno":350}
{"timestamp":"2026-04-15T12:31:14.809403Z","level":"info","event":"[UPSERT DONE] upserted=500 rows into traffic_speed_latest","logger":"lta_common","filename":"lta_common.py","lineno":388}
{"timestamp":"2026-04-15T12:31:14.809808Z","level":"info","event":"[SAVE START] inserting 500 rows into traffic_speed_recent","logger":"lta_common","filename":"lta_common.py","lineno":319}
{"timestamp":"2026-04-15T12:31:15.182469Z","level":"info","event":"[SAVE DONE] inserted=500 rows into traffic_speed_recent","logger":"lta_common","filename":"lta_common.py","lineno":337}
{"timestamp":"2026-04-15T12:31:15.182836Z","level":"info","event":"STEP 6: page saved skip=33000 | pages=67 | latest_rows=33500 | recent_rows=33500","logger":"2_refresh_traffic_speed","filename":"2_refresh_traffic_speed.py","lineno":56}
{"timestamp":"2026-04-15T12:31:15.182946Z","level":"info","event":"========== PAGE START ==========","logger":"lta_common","filename":"lta_common.py","lineno":53}
{"timestamp":"2026-04-15T12:31:15.183034Z","level":"info","event":"[FETCH] requesting rows 33500–33999","logger":"lta_common","filename":"lta_common.py","lineno":54}
{"timestamp":"2026-04-15T12:31:15.183160Z","level":"info","event":"Fetching page from LTA: skip=33500","logger":"lta_common","filename":"lta_common.py","lineno":36}
{"timestamp":"2026-04-15T12:31:15.517156Z","level":"info","event":"Retrieved 500 rows from LTA at skip=33500","logger":"lta_common","filename":"lta_common.py","lineno":44}
{"timestamp":"2026-04-15T12:31:15.521166Z","level":"info","event":"[FETCH DONE] retrieved=500 rows at skip=33500","logger":"lta_common","filename":"lta_common.py","lineno":59}
{"timestamp":"2026-04-15T12:31:15.522681Z","level":"info","event":"STEP 4: processing page skip=33500 rows=500","logger":"2_refresh_traffic_speed","filename":"2_refresh_traffic_speed.py","lineno":41}
{"timestamp":"2026-04-15T12:31:15.537213Z","level":"warning","event":"[SANITIZE] link_id=49197 field=maximum_speed suspicious sentinel value=999 -> NULL","logger":"lta_common","filename":"lta_common.py","lineno":143}
{"timestamp":"2026-04-15T12:31:15.537671Z","level":"warning","event":"[SANITIZE] link_id=49198 field=maximum_speed suspicious sentinel value=999 -> NULL","logger":"lta_common","filename":"lta_common.py","lineno":143}
{"timestamp":"2026-04-15T12:31:15.537926Z","level":"warning","event":"[SANITIZE] link_id=49210 field=maximum_speed suspicious sentinel value=999 -> NULL","logger":"lta_common","filename":"lta_common.py","lineno":143}
{"timestamp":"2026-04-15T12:31:15.538106Z","level":"warning","event":"[SANITIZE] link_id=49212 field=maximum_speed suspicious sentinel value=999 -> NULL","logger":"lta_common","filename":"lta_common.py","lineno":143}
{"timestamp":"2026-04-15T12:31:15.538264Z","level":"warning","event":"[SANITIZE] link_id=49213 field=maximum_speed suspicious sentinel value=999 -> NULL","logger":"lta_common","filename":"lta_common.py","lineno":143}
{"timestamp":"2026-04-15T12:31:15.538427Z","level":"warning","event":"[SANITIZE] link_id=49215 field=maximum_speed suspicious sentinel value=999 -> NULL","logger":"lta_common","filename":"lta_common.py","lineno":143}
{"timestamp":"2026-04-15T12:31:15.538619Z","level":"warning","event":"[SANITIZE] link_id=49217 field=maximum_speed suspicious sentinel value=999 -> NULL","logger":"lta_common","filename":"lta_common.py","lineno":143}
{"timestamp":"2026-04-15T12:31:15.538793Z","level":"warning","event":"[SANITIZE] link_id=49220 field=maximum_speed suspicious sentinel value=999 -> NULL","logger":"lta_common","filename":"lta_common.py","lineno":143}
{"timestamp":"2026-04-15T12:31:15.538977Z","level":"warning","event":"[SANITIZE] link_id=49221 field=maximum_speed suspicious sentinel value=999 -> NULL","logger":"lta_common","filename":"lta_common.py","lineno":143}
{"timestamp":"2026-04-15T12:31:15.539169Z","level":"warning","event":"[SANITIZE] link_id=49228 field=maximum_speed suspicious sentinel value=999 -> NULL","logger":"lta_common","filename":"lta_common.py","lineno":143}
{"timestamp":"2026-04-15T12:31:15.539321Z","level":"warning","event":"[SANITIZE] link_id=49229 field=maximum_speed suspicious sentinel value=999 -> NULL","logger":"lta_common","filename":"lta_common.py","lineno":143}
{"timestamp":"2026-04-15T12:31:15.539470Z","level":"warning","event":"[SANITIZE] link_id=49230 field=maximum_speed suspicious sentinel value=999 -> NULL","logger":"lta_common","filename":"lta_common.py","lineno":143}
{"timestamp":"2026-04-15T12:31:15.539671Z","level":"warning","event":"[SANITIZE] link_id=49231 field=maximum_speed suspicious sentinel value=999 -> NULL","logger":"lta_common","filename":"lta_common.py","lineno":143}
{"timestamp":"2026-04-15T12:31:15.539859Z","level":"warning","event":"[SANITIZE] link_id=49240 field=maximum_speed suspicious sentinel value=999 -> NULL","logger":"lta_common","filename":"lta_common.py","lineno":143}
{"timestamp":"2026-04-15T12:31:15.540007Z","level":"warning","event":"[SANITIZE] link_id=49241 field=maximum_speed suspicious sentinel value=999 -> NULL","logger":"lta_common","filename":"lta_common.py","lineno":143}
{"timestamp":"2026-04-15T12:31:15.540156Z","level":"warning","event":"[SANITIZE] link_id=49242 field=maximum_speed suspicious sentinel value=999 -> NULL","logger":"lta_common","filename":"lta_common.py","lineno":143}
{"timestamp":"2026-04-15T12:31:15.540299Z","level":"warning","event":"[SANITIZE] link_id=49243 field=maximum_speed suspicious sentinel value=999 -> NULL","logger":"lta_common","filename":"lta_common.py","lineno":143}
{"timestamp":"2026-04-15T12:31:15.540489Z","level":"warning","event":"[SANITIZE] link_id=49252 field=maximum_speed suspicious sentinel value=999 -> NULL","logger":"lta_common","filename":"lta_common.py","lineno":143}
{"timestamp":"2026-04-15T12:31:15.540645Z","level":"warning","event":"[SANITIZE] link_id=49253 field=maximum_speed suspicious sentinel value=999 -> NULL","logger":"lta_common","filename":"lta_common.py","lineno":143}
{"timestamp":"2026-04-15T12:31:15.540788Z","level":"warning","event":"[SANITIZE] link_id=49254 field=maximum_speed suspicious sentinel value=999 -> NULL","logger":"lta_common","filename":"lta_common.py","lineno":143}
{"timestamp":"2026-04-15T12:31:15.540921Z","level":"warning","event":"[SANITIZE] link_id=49256 field=maximum_speed suspicious sentinel value=999 -> NULL","logger":"lta_common","filename":"lta_common.py","lineno":143}
{"timestamp":"2026-04-15T12:31:15.541224Z","level":"warning","event":"[SANITIZE] link_id=49260 field=maximum_speed suspicious sentinel value=999 -> NULL","logger":"lta_common","filename":"lta_common.py","lineno":143}
{"timestamp":"2026-04-15T12:31:15.541375Z","level":"warning","event":"[SANITIZE] link_id=49265 field=maximum_speed suspicious sentinel value=999 -> NULL","logger":"lta_common","filename":"lta_common.py","lineno":143}
{"timestamp":"2026-04-15T12:31:15.541513Z","level":"warning","event":"[SANITIZE] link_id=49267 field=maximum_speed suspicious sentinel value=999 -> NULL","logger":"lta_common","filename":"lta_common.py","lineno":143}
{"timestamp":"2026-04-15T12:31:15.541650Z","level":"warning","event":"[SANITIZE] link_id=49268 field=maximum_speed suspicious sentinel value=999 -> NULL","logger":"lta_common","filename":"lta_common.py","lineno":143}
{"timestamp":"2026-04-15T12:31:15.541779Z","level":"warning","event":"[SANITIZE] link_id=49270 field=maximum_speed suspicious sentinel value=999 -> NULL","logger":"lta_common","filename":"lta_common.py","lineno":143}
{"timestamp":"2026-04-15T12:31:15.541906Z","level":"warning","event":"[SANITIZE] link_id=49271 field=maximum_speed suspicious sentinel value=999 -> NULL","logger":"lta_common","filename":"lta_common.py","lineno":143}
{"timestamp":"2026-04-15T12:31:15.542037Z","level":"warning","event":"[SANITIZE] link_id=49273 field=maximum_speed suspicious sentinel value=999 -> NULL","logger":"lta_common","filename":"lta_common.py","lineno":143}
{"timestamp":"2026-04-15T12:31:15.542165Z","level":"warning","event":"[SANITIZE] link_id=49275 field=maximum_speed suspicious sentinel value=999 -> NULL","logger":"lta_common","filename":"lta_common.py","lineno":143}
{"timestamp":"2026-04-15T12:31:15.542289Z","level":"warning","event":"[SANITIZE] link_id=49276 field=maximum_speed suspicious sentinel value=999 -> NULL","logger":"lta_common","filename":"lta_common.py","lineno":143}
{"timestamp":"2026-04-15T12:31:15.542419Z","level":"warning","event":"[SANITIZE] link_id=49278 field=maximum_speed suspicious sentinel value=999 -> NULL","logger":"lta_common","filename":"lta_common.py","lineno":143}
{"timestamp":"2026-04-15T12:31:15.542555Z","level":"warning","event":"[SANITIZE] link_id=49279 field=maximum_speed suspicious sentinel value=999 -> NULL","logger":"lta_common","filename":"lta_common.py","lineno":143}
{"timestamp":"2026-04-15T12:31:15.542679Z","level":"warning","event":"[SANITIZE] link_id=49280 field=maximum_speed suspicious sentinel value=999 -> NULL","logger":"lta_common","filename":"lta_common.py","lineno":143}
{"timestamp":"2026-04-15T12:31:15.542805Z","level":"warning","event":"[SANITIZE] link_id=49281 field=maximum_speed suspicious sentinel value=999 -> NULL","logger":"lta_common","filename":"lta_common.py","lineno":143}
{"timestamp":"2026-04-15T12:31:15.542929Z","level":"warning","event":"[SANITIZE] link_id=49282 field=maximum_speed suspicious sentinel value=999 -> NULL","logger":"lta_common","filename":"lta_common.py","lineno":143}
{"timestamp":"2026-04-15T12:31:15.543068Z","level":"warning","event":"[SANITIZE] link_id=49283 field=maximum_speed suspicious sentinel value=999 -> NULL","logger":"lta_common","filename":"lta_common.py","lineno":143}
{"timestamp":"2026-04-15T12:31:15.543190Z","level":"warning","event":"[SANITIZE] link_id=49284 field=maximum_speed suspicious sentinel value=999 -> NULL","logger":"lta_common","filename":"lta_common.py","lineno":143}
{"timestamp":"2026-04-15T12:31:15.543352Z","level":"warning","event":"[SANITIZE] link_id=49313 field=maximum_speed suspicious sentinel value=999 -> NULL","logger":"lta_common","filename":"lta_common.py","lineno":143}
{"timestamp":"2026-04-15T12:31:15.543398Z","level":"warning","event":"[SANITIZE] link_id=49316 field=maximum_speed suspicious sentinel value=999 -> NULL","logger":"lta_common","filename":"lta_common.py","lineno":143}
{"timestamp":"2026-04-15T12:31:15.543437Z","level":"warning","event":"[SANITIZE] link_id=49318 field=maximum_speed suspicious sentinel value=999 -> NULL","logger":"lta_common","filename":"lta_common.py","lineno":143}
{"timestamp":"2026-04-15T12:31:15.543472Z","level":"warning","event":"[SANITIZE] link_id=49319 field=maximum_speed suspicious sentinel value=999 -> NULL","logger":"lta_common","filename":"lta_common.py","lineno":143}
{"timestamp":"2026-04-15T12:31:15.543702Z","level":"warning","event":"[SANITIZE] link_id=49327 field=maximum_speed suspicious sentinel value=999 -> NULL","logger":"lta_common","filename":"lta_common.py","lineno":143}
{"timestamp":"2026-04-15T12:31:15.544027Z","level":"warning","event":"[SANITIZE] link_id=49330 field=maximum_speed suspicious sentinel value=999 -> NULL","logger":"lta_common","filename":"lta_common.py","lineno":143}
{"timestamp":"2026-04-15T12:31:15.544184Z","level":"warning","event":"[SANITIZE] link_id=49331 field=maximum_speed suspicious sentinel value=999 -> NULL","logger":"lta_common","filename":"lta_common.py","lineno":143}
{"timestamp":"2026-04-15T12:31:15.544298Z","level":"warning","event":"[SANITIZE] link_id=49333 field=maximum_speed suspicious sentinel value=999 -> NULL","logger":"lta_common","filename":"lta_common.py","lineno":143}
{"timestamp":"2026-04-15T12:31:15.544345Z","level":"warning","event":"[SANITIZE] link_id=49335 field=maximum_speed suspicious sentinel value=999 -> NULL","logger":"lta_common","filename":"lta_common.py","lineno":143}
{"timestamp":"2026-04-15T12:31:15.544386Z","level":"warning","event":"[SANITIZE] link_id=49337 field=maximum_speed suspicious sentinel value=999 -> NULL","logger":"lta_common","filename":"lta_common.py","lineno":143}
{"timestamp":"2026-04-15T12:31:15.544435Z","level":"warning","event":"[SANITIZE] link_id=49341 field=maximum_speed suspicious sentinel value=999 -> NULL","logger":"lta_common","filename":"lta_common.py","lineno":143}
{"timestamp":"2026-04-15T12:31:15.544482Z","level":"warning","event":"[SANITIZE] link_id=49345 field=maximum_speed suspicious sentinel value=999 -> NULL","logger":"lta_common","filename":"lta_common.py","lineno":143}
{"timestamp":"2026-04-15T12:31:15.544520Z","level":"warning","event":"[SANITIZE] link_id=49347 field=maximum_speed suspicious sentinel value=999 -> NULL","logger":"lta_common","filename":"lta_common.py","lineno":143}
{"timestamp":"2026-04-15T12:31:15.544573Z","level":"warning","event":"[SANITIZE] link_id=49350 field=maximum_speed suspicious sentinel value=999 -> NULL","logger":"lta_common","filename":"lta_common.py","lineno":143}
{"timestamp":"2026-04-15T12:31:15.544608Z","level":"warning","event":"[SANITIZE] link_id=49351 field=maximum_speed suspicious sentinel value=999 -> NULL","logger":"lta_common","filename":"lta_common.py","lineno":143}
{"timestamp":"2026-04-15T12:31:15.544641Z","level":"warning","event":"[SANITIZE] link_id=49352 field=maximum_speed suspicious sentinel value=999 -> NULL","logger":"lta_common","filename":"lta_common.py","lineno":143}
{"timestamp":"2026-04-15T12:31:15.544675Z","level":"warning","event":"[SANITIZE] link_id=49353 field=maximum_speed suspicious sentinel value=999 -> NULL","logger":"lta_common","filename":"lta_common.py","lineno":143}
{"timestamp":"2026-04-15T12:31:15.544709Z","level":"warning","event":"[SANITIZE] link_id=49354 field=maximum_speed suspicious sentinel value=999 -> NULL","logger":"lta_common","filename":"lta_common.py","lineno":143}
{"timestamp":"2026-04-15T12:31:15.544742Z","level":"warning","event":"[SANITIZE] link_id=49355 field=maximum_speed suspicious sentinel value=999 -> NULL","logger":"lta_common","filename":"lta_common.py","lineno":143}
{"timestamp":"2026-04-15T12:31:15.544775Z","level":"warning","event":"[SANITIZE] link_id=49356 field=maximum_speed suspicious sentinel value=999 -> NULL","logger":"lta_common","filename":"lta_common.py","lineno":143}
{"timestamp":"2026-04-15T12:31:15.544817Z","level":"warning","event":"[SANITIZE] link_id=49359 field=maximum_speed suspicious sentinel value=999 -> NULL","logger":"lta_common","filename":"lta_common.py","lineno":143}
{"timestamp":"2026-04-15T12:31:15.544855Z","level":"warning","event":"[SANITIZE] link_id=49361 field=maximum_speed suspicious sentinel value=999 -> NULL","logger":"lta_common","filename":"lta_common.py","lineno":143}
{"timestamp":"2026-04-15T12:31:15.544907Z","level":"warning","event":"[SANITIZE] link_id=49368 field=maximum_speed suspicious sentinel value=999 -> NULL","logger":"lta_common","filename":"lta_common.py","lineno":143}
{"timestamp":"2026-04-15T12:31:15.544958Z","level":"warning","event":"[SANITIZE] link_id=49373 field=maximum_speed suspicious sentinel value=999 -> NULL","logger":"lta_common","filename":"lta_common.py","lineno":143}
{"timestamp":"2026-04-15T12:31:15.544993Z","level":"warning","event":"[SANITIZE] link_id=49374 field=maximum_speed suspicious sentinel value=999 -> NULL","logger":"lta_common","filename":"lta_common.py","lineno":143}
{"timestamp":"2026-04-15T12:31:15.545026Z","level":"warning","event":"[SANITIZE] link_id=49375 field=maximum_speed suspicious sentinel value=999 -> NULL","logger":"lta_common","filename":"lta_common.py","lineno":143}
{"timestamp":"2026-04-15T12:31:15.545071Z","level":"warning","event":"[SANITIZE] link_id=49376 field=maximum_speed suspicious sentinel value=999 -> NULL","logger":"lta_common","filename":"lta_common.py","lineno":143}
{"timestamp":"2026-04-15T12:31:15.545105Z","level":"warning","event":"[SANITIZE] link_id=49377 field=maximum_speed suspicious sentinel value=999 -> NULL","logger":"lta_common","filename":"lta_common.py","lineno":143}
{"timestamp":"2026-04-15T12:31:15.545138Z","level":"warning","event":"[SANITIZE] link_id=49378 field=maximum_speed suspicious sentinel value=999 -> NULL","logger":"lta_common","filename":"lta_common.py","lineno":143}
{"timestamp":"2026-04-15T12:31:15.545172Z","level":"warning","event":"[SANITIZE] link_id=49379 field=maximum_speed suspicious sentinel value=999 -> NULL","logger":"lta_common","filename":"lta_common.py","lineno":143}
{"timestamp":"2026-04-15T12:31:15.545210Z","level":"warning","event":"[SANITIZE] link_id=49381 field=maximum_speed suspicious sentinel value=999 -> NULL","logger":"lta_common","filename":"lta_common.py","lineno":143}
{"timestamp":"2026-04-15T12:31:15.545378Z","level":"warning","event":"[SANITIZE] link_id=49410 field=maximum_speed suspicious sentinel value=999 -> NULL","logger":"lta_common","filename":"lta_common.py","lineno":143}
{"timestamp":"2026-04-15T12:31:15.545412Z","level":"warning","event":"[SANITIZE] link_id=49411 field=maximum_speed suspicious sentinel value=999 -> NULL","logger":"lta_common","filename":"lta_common.py","lineno":143}
{"timestamp":"2026-04-15T12:31:15.545484Z","level":"warning","event":"[SANITIZE] link_id=49418 field=maximum_speed suspicious sentinel value=999 -> NULL","logger":"lta_common","filename":"lta_common.py","lineno":143}
{"timestamp":"2026-04-15T12:31:15.545526Z","level":"warning","event":"[SANITIZE] link_id=49419 field=maximum_speed suspicious sentinel value=999 -> NULL","logger":"lta_common","filename":"lta_common.py","lineno":143}
{"timestamp":"2026-04-15T12:31:15.545586Z","level":"warning","event":"[SANITIZE] link_id=49424 field=maximum_speed suspicious sentinel value=999 -> NULL","logger":"lta_common","filename":"lta_common.py","lineno":143}
{"timestamp":"2026-04-15T12:31:15.545633Z","level":"warning","event":"[SANITIZE] link_id=49425 field=maximum_speed suspicious sentinel value=999 -> NULL","logger":"lta_common","filename":"lta_common.py","lineno":143}
{"timestamp":"2026-04-15T12:31:15.545667Z","level":"warning","event":"[SANITIZE] link_id=49426 field=maximum_speed suspicious sentinel value=999 -> NULL","logger":"lta_common","filename":"lta_common.py","lineno":143}
{"timestamp":"2026-04-15T12:31:15.545700Z","level":"warning","event":"[SANITIZE] link_id=49427 field=maximum_speed suspicious sentinel value=999 -> NULL","logger":"lta_common","filename":"lta_common.py","lineno":143}
{"timestamp":"2026-04-15T12:31:15.545734Z","level":"warning","event":"[SANITIZE] link_id=49428 field=maximum_speed suspicious sentinel value=999 -> NULL","logger":"lta_common","filename":"lta_common.py","lineno":143}
{"timestamp":"2026-04-15T12:31:15.545766Z","level":"warning","event":"[SANITIZE] link_id=49429 field=maximum_speed suspicious sentinel value=999 -> NULL","logger":"lta_common","filename":"lta_common.py","lineno":143}
{"timestamp":"2026-04-15T12:31:15.545799Z","level":"warning","event":"[SANITIZE] link_id=49430 field=maximum_speed suspicious sentinel value=999 -> NULL","logger":"lta_common","filename":"lta_common.py","lineno":143}
{"timestamp":"2026-04-15T12:31:15.545833Z","level":"warning","event":"[SANITIZE] link_id=49431 field=maximum_speed suspicious sentinel value=999 -> NULL","logger":"lta_common","filename":"lta_common.py","lineno":143}
{"timestamp":"2026-04-15T12:31:15.545866Z","level":"warning","event":"[SANITIZE] link_id=49432 field=maximum_speed suspicious sentinel value=999 -> NULL","logger":"lta_common","filename":"lta_common.py","lineno":143}
{"timestamp":"2026-04-15T12:31:15.545899Z","level":"warning","event":"[SANITIZE] link_id=49433 field=maximum_speed suspicious sentinel value=999 -> NULL","logger":"lta_common","filename":"lta_common.py","lineno":143}
{"timestamp":"2026-04-15T12:31:15.545933Z","level":"warning","event":"[SANITIZE] link_id=49434 field=maximum_speed suspicious sentinel value=999 -> NULL","logger":"lta_common","filename":"lta_common.py","lineno":143}
{"timestamp":"2026-04-15T12:31:15.545971Z","level":"warning","event":"[SANITIZE] link_id=49436 field=maximum_speed suspicious sentinel value=999 -> NULL","logger":"lta_common","filename":"lta_common.py","lineno":143}
{"timestamp":"2026-04-15T12:31:15.546063Z","level":"warning","event":"[SANITIZE] link_id=49451 field=maximum_speed suspicious sentinel value=999 -> NULL","logger":"lta_common","filename":"lta_common.py","lineno":143}
{"timestamp":"2026-04-15T12:31:15.546097Z","level":"warning","event":"[SANITIZE] link_id=49452 field=maximum_speed suspicious sentinel value=999 -> NULL","logger":"lta_common","filename":"lta_common.py","lineno":143}
{"timestamp":"2026-04-15T12:31:15.546131Z","level":"warning","event":"[SANITIZE] link_id=49453 field=maximum_speed suspicious sentinel value=999 -> NULL","logger":"lta_common","filename":"lta_common.py","lineno":143}
{"timestamp":"2026-04-15T12:31:15.546164Z","level":"warning","event":"[SANITIZE] link_id=49454 field=maximum_speed suspicious sentinel value=999 -> NULL","logger":"lta_common","filename":"lta_common.py","lineno":143}
{"timestamp":"2026-04-15T12:31:15.546198Z","level":"warning","event":"[SANITIZE] link_id=49455 field=maximum_speed suspicious sentinel value=999 -> NULL","logger":"lta_common","filename":"lta_common.py","lineno":143}
{"timestamp":"2026-04-15T12:31:15.546231Z","level":"warning","event":"[SANITIZE] link_id=49456 field=maximum_speed suspicious sentinel value=999 -> NULL","logger":"lta_common","filename":"lta_common.py","lineno":143}
{"timestamp":"2026-04-15T12:31:15.546266Z","level":"warning","event":"[SANITIZE] link_id=49457 field=maximum_speed suspicious sentinel value=999 -> NULL","logger":"lta_common","filename":"lta_common.py","lineno":143}
{"timestamp":"2026-04-15T12:31:15.546299Z","level":"warning","event":"[SANITIZE] link_id=49458 field=maximum_speed suspicious sentinel value=999 -> NULL","logger":"lta_common","filename":"lta_common.py","lineno":143}
{"timestamp":"2026-04-15T12:31:15.546386Z","level":"warning","event":"[SANITIZE] link_id=49471 field=maximum_speed suspicious sentinel value=999 -> NULL","logger":"lta_common","filename":"lta_common.py","lineno":143}
{"timestamp":"2026-04-15T12:31:15.546420Z","level":"warning","event":"[SANITIZE] link_id=49472 field=maximum_speed suspicious sentinel value=999 -> NULL","logger":"lta_common","filename":"lta_common.py","lineno":143}
{"timestamp":"2026-04-15T12:31:15.546454Z","level":"warning","event":"[SANITIZE] link_id=49473 field=maximum_speed suspicious sentinel value=999 -> NULL","logger":"lta_common","filename":"lta_common.py","lineno":143}
{"timestamp":"2026-04-15T12:31:15.546498Z","level":"warning","event":"[SANITIZE] link_id=49476 field=maximum_speed suspicious sentinel value=999 -> NULL","logger":"lta_common","filename":"lta_common.py","lineno":143}
{"timestamp":"2026-04-15T12:31:15.546557Z","level":"warning","event":"[SANITIZE] link_id=49479 field=maximum_speed suspicious sentinel value=999 -> NULL","logger":"lta_common","filename":"lta_common.py","lineno":143}
{"timestamp":"2026-04-15T12:31:15.546625Z","level":"warning","event":"[SANITIZE] link_id=49485 field=maximum_speed suspicious sentinel value=999 -> NULL","logger":"lta_common","filename":"lta_common.py","lineno":143}
{"timestamp":"2026-04-15T12:31:15.546664Z","level":"warning","event":"[SANITIZE] link_id=49486 field=maximum_speed suspicious sentinel value=999 -> NULL","logger":"lta_common","filename":"lta_common.py","lineno":143}
{"timestamp":"2026-04-15T12:31:15.546749Z","level":"warning","event":"[SANITIZE] link_id=49499 field=maximum_speed suspicious sentinel value=999 -> NULL","logger":"lta_common","filename":"lta_common.py","lineno":143}
{"timestamp":"2026-04-15T12:31:15.546814Z","level":"warning","event":"[SANITIZE] link_id=49503 field=maximum_speed suspicious sentinel value=999 -> NULL","logger":"lta_common","filename":"lta_common.py","lineno":143}
{"timestamp":"2026-04-15T12:31:15.546854Z","level":"warning","event":"[SANITIZE] link_id=49506 field=maximum_speed suspicious sentinel value=999 -> NULL","logger":"lta_common","filename":"lta_common.py","lineno":143}
{"timestamp":"2026-04-15T12:31:15.546884Z","level":"warning","event":"[SANITIZE] link_id=49507 field=maximum_speed suspicious sentinel value=999 -> NULL","logger":"lta_common","filename":"lta_common.py","lineno":143}
{"timestamp":"2026-04-15T12:31:15.546915Z","level":"warning","event":"[SANITIZE] link_id=49508 field=maximum_speed suspicious sentinel value=999 -> NULL","logger":"lta_common","filename":"lta_common.py","lineno":143}
{"timestamp":"2026-04-15T12:31:15.546944Z","level":"warning","event":"[SANITIZE] link_id=49509 field=maximum_speed suspicious sentinel value=999 -> NULL","logger":"lta_common","filename":"lta_common.py","lineno":143}
{"timestamp":"2026-04-15T12:31:15.546976Z","level":"warning","event":"[SANITIZE] link_id=49510 field=maximum_speed suspicious sentinel value=999 -> NULL","logger":"lta_common","filename":"lta_common.py","lineno":143}
{"timestamp":"2026-04-15T12:31:15.547006Z","level":"warning","event":"[SANITIZE] link_id=49511 field=maximum_speed suspicious sentinel value=999 -> NULL","logger":"lta_common","filename":"lta_common.py","lineno":143}
{"timestamp":"2026-04-15T12:31:15.547036Z","level":"warning","event":"[SANITIZE] link_id=49512 field=maximum_speed suspicious sentinel value=999 -> NULL","logger":"lta_common","filename":"lta_common.py","lineno":143}
{"timestamp":"2026-04-15T12:31:15.547070Z","level":"warning","event":"[SANITIZE] link_id=49514 field=maximum_speed suspicious sentinel value=999 -> NULL","logger":"lta_common","filename":"lta_common.py","lineno":143}
{"timestamp":"2026-04-15T12:31:15.547100Z","level":"warning","event":"[SANITIZE] link_id=49515 field=maximum_speed suspicious sentinel value=999 -> NULL","logger":"lta_common","filename":"lta_common.py","lineno":143}
{"timestamp":"2026-04-15T12:31:15.547129Z","level":"warning","event":"[SANITIZE] link_id=49516 field=maximum_speed suspicious sentinel value=999 -> NULL","logger":"lta_common","filename":"lta_common.py","lineno":143}
{"timestamp":"2026-04-15T12:31:15.547160Z","level":"warning","event":"[SANITIZE] link_id=49517 field=maximum_speed suspicious sentinel value=999 -> NULL","logger":"lta_common","filename":"lta_common.py","lineno":143}
{"timestamp":"2026-04-15T12:31:15.547189Z","level":"warning","event":"[SANITIZE] link_id=49518 field=maximum_speed suspicious sentinel value=999 -> NULL","logger":"lta_common","filename":"lta_common.py","lineno":143}
{"timestamp":"2026-04-15T12:31:15.547219Z","level":"warning","event":"[SANITIZE] link_id=49519 field=maximum_speed suspicious sentinel value=999 -> NULL","logger":"lta_common","filename":"lta_common.py","lineno":143}
{"timestamp":"2026-04-15T12:31:15.547516Z","level":"warning","event":"[SANITIZE] link_id=49623 field=maximum_speed suspicious sentinel value=999 -> NULL","logger":"lta_common","filename":"lta_common.py","lineno":143}
{"timestamp":"2026-04-15T12:31:15.548161Z","level":"warning","event":"[SANITIZE] link_id=49638 field=maximum_speed suspicious sentinel value=999 -> NULL","logger":"lta_common","filename":"lta_common.py","lineno":143}
{"timestamp":"2026-04-15T12:31:15.548325Z","level":"warning","event":"[SANITIZE] link_id=49640 field=maximum_speed suspicious sentinel value=999 -> NULL","logger":"lta_common","filename":"lta_common.py","lineno":143}
{"timestamp":"2026-04-15T12:31:15.548746Z","level":"warning","event":"[SANITIZE] link_id=49644 field=maximum_speed suspicious sentinel value=999 -> NULL","logger":"lta_common","filename":"lta_common.py","lineno":143}
{"timestamp":"2026-04-15T12:31:15.548855Z","level":"warning","event":"[SANITIZE] link_id=49647 field=maximum_speed suspicious sentinel value=999 -> NULL","logger":"lta_common","filename":"lta_common.py","lineno":143}
{"timestamp":"2026-04-15T12:31:15.548952Z","level":"warning","event":"[SANITIZE] link_id=49665 field=maximum_speed suspicious sentinel value=999 -> NULL","logger":"lta_common","filename":"lta_common.py","lineno":143}
{"timestamp":"2026-04-15T12:31:15.548984Z","level":"warning","event":"[SANITIZE] link_id=49666 field=maximum_speed suspicious sentinel value=999 -> NULL","logger":"lta_common","filename":"lta_common.py","lineno":143}
{"timestamp":"2026-04-15T12:31:15.549015Z","level":"warning","event":"[SANITIZE] link_id=49667 field=maximum_speed suspicious sentinel value=999 -> NULL","logger":"lta_common","filename":"lta_common.py","lineno":143}
{"timestamp":"2026-04-15T12:31:15.549053Z","level":"warning","event":"[SANITIZE] link_id=49670 field=maximum_speed suspicious sentinel value=999 -> NULL","logger":"lta_common","filename":"lta_common.py","lineno":143}
{"timestamp":"2026-04-15T12:31:15.549083Z","level":"warning","event":"[SANITIZE] link_id=49671 field=maximum_speed suspicious sentinel value=999 -> NULL","logger":"lta_common","filename":"lta_common.py","lineno":143}
{"timestamp":"2026-04-15T12:31:15.549128Z","level":"warning","event":"[SANITIZE] link_id=49677 field=maximum_speed suspicious sentinel value=999 -> NULL","logger":"lta_common","filename":"lta_common.py","lineno":143}
{"timestamp":"2026-04-15T12:31:15.549177Z","level":"warning","event":"[SANITIZE] link_id=49683 field=maximum_speed suspicious sentinel value=999 -> NULL","logger":"lta_common","filename":"lta_common.py","lineno":143}
{"timestamp":"2026-04-15T12:31:15.549211Z","level":"warning","event":"[SANITIZE] link_id=49685 field=maximum_speed suspicious sentinel value=999 -> NULL","logger":"lta_common","filename":"lta_common.py","lineno":143}
{"timestamp":"2026-04-15T12:31:15.549240Z","level":"warning","event":"[SANITIZE] link_id=49686 field=maximum_speed suspicious sentinel value=999 -> NULL","logger":"lta_common","filename":"lta_common.py","lineno":143}
{"timestamp":"2026-04-15T12:31:15.549274Z","level":"warning","event":"[SANITIZE] link_id=49688 field=maximum_speed suspicious sentinel value=999 -> NULL","logger":"lta_common","filename":"lta_common.py","lineno":143}
{"timestamp":"2026-04-15T12:31:15.549303Z","level":"warning","event":"[SANITIZE] link_id=49689 field=maximum_speed suspicious sentinel value=999 -> NULL","logger":"lta_common","filename":"lta_common.py","lineno":143}
{"timestamp":"2026-04-15T12:31:15.549333Z","level":"warning","event":"[SANITIZE] link_id=49690 field=maximum_speed suspicious sentinel value=999 -> NULL","logger":"lta_common","filename":"lta_common.py","lineno":143}
{"timestamp":"2026-04-15T12:31:15.549370Z","level":"warning","event":"[SANITIZE] link_id=49694 field=maximum_speed suspicious sentinel value=999 -> NULL","logger":"lta_common","filename":"lta_common.py","lineno":143}
{"timestamp":"2026-04-15T12:31:15.549400Z","level":"warning","event":"[SANITIZE] link_id=49695 field=maximum_speed suspicious sentinel value=999 -> NULL","logger":"lta_common","filename":"lta_common.py","lineno":143}
{"timestamp":"2026-04-15T12:31:15.549437Z","level":"warning","event":"[SANITIZE] link_id=49698 field=maximum_speed suspicious sentinel value=999 -> NULL","logger":"lta_common","filename":"lta_common.py","lineno":143}
{"timestamp":"2026-04-15T12:31:15.549471Z","level":"warning","event":"[SANITIZE] link_id=49700 field=maximum_speed suspicious sentinel value=999 -> NULL","logger":"lta_common","filename":"lta_common.py","lineno":143}
{"timestamp":"2026-04-15T12:31:15.549501Z","level":"warning","event":"[SANITIZE] link_id=49701 field=maximum_speed suspicious sentinel value=999 -> NULL","logger":"lta_common","filename":"lta_common.py","lineno":143}
{"timestamp":"2026-04-15T12:31:15.549546Z","level":"warning","event":"[SANITIZE] link_id=49704 field=maximum_speed suspicious sentinel value=999 -> NULL","logger":"lta_common","filename":"lta_common.py","lineno":143}
{"timestamp":"2026-04-15T12:31:15.549580Z","level":"warning","event":"[SANITIZE] link_id=49706 field=maximum_speed suspicious sentinel value=999 -> NULL","logger":"lta_common","filename":"lta_common.py","lineno":143}
{"timestamp":"2026-04-15T12:31:15.549613Z","level":"warning","event":"[SANITIZE] link_id=49708 field=maximum_speed suspicious sentinel value=999 -> NULL","logger":"lta_common","filename":"lta_common.py","lineno":143}
{"timestamp":"2026-04-15T12:31:15.549654Z","level":"warning","event":"[SANITIZE] link_id=49712 field=maximum_speed suspicious sentinel value=999 -> NULL","logger":"lta_common","filename":"lta_common.py","lineno":143}
{"timestamp":"2026-04-15T12:31:15.549683Z","level":"warning","event":"[SANITIZE] link_id=49713 field=maximum_speed suspicious sentinel value=999 -> NULL","logger":"lta_common","filename":"lta_common.py","lineno":143}
{"timestamp":"2026-04-15T12:31:15.549713Z","level":"warning","event":"[SANITIZE] link_id=49714 field=maximum_speed suspicious sentinel value=999 -> NULL","logger":"lta_common","filename":"lta_common.py","lineno":143}
{"timestamp":"2026-04-15T12:31:15.549743Z","level":"warning","event":"[SANITIZE] link_id=49715 field=maximum_speed suspicious sentinel value=999 -> NULL","logger":"lta_common","filename":"lta_common.py","lineno":143}
{"timestamp":"2026-04-15T12:31:15.549772Z","level":"warning","event":"[SANITIZE] link_id=49716 field=maximum_speed suspicious sentinel value=999 -> NULL","logger":"lta_common","filename":"lta_common.py","lineno":143}
{"timestamp":"2026-04-15T12:31:15.549802Z","level":"warning","event":"[SANITIZE] link_id=49717 field=maximum_speed suspicious sentinel value=999 -> NULL","logger":"lta_common","filename":"lta_common.py","lineno":143}
{"timestamp":"2026-04-15T12:31:15.549832Z","level":"warning","event":"[SANITIZE] link_id=49718 field=maximum_speed suspicious sentinel value=999 -> NULL","logger":"lta_common","filename":"lta_common.py","lineno":143}
{"timestamp":"2026-04-15T12:31:15.549862Z","level":"warning","event":"[SANITIZE] link_id=49719 field=maximum_speed suspicious sentinel value=999 -> NULL","logger":"lta_common","filename":"lta_common.py","lineno":143}
{"timestamp":"2026-04-15T12:31:15.549900Z","level":"warning","event":"[SANITIZE] link_id=49723 field=maximum_speed suspicious sentinel value=999 -> NULL","logger":"lta_common","filename":"lta_common.py","lineno":143}
{"timestamp":"2026-04-15T12:31:15.549978Z","level":"warning","event":"[SANITIZE] link_id=49737 field=maximum_speed suspicious sentinel value=999 -> NULL","logger":"lta_common","filename":"lta_common.py","lineno":143}
{"timestamp":"2026-04-15T12:31:15.550571Z","level":"info","event":"[CLEAN DONE] rows=500 | null_speed_band=0 | null_minimum_speed=0 | null_maximum_speed=149","logger":"lta_common","filename":"lta_common.py","lineno":238}
{"timestamp":"2026-04-15T12:31:15.553159Z","level":"info","event":"STEP 5: built cleaned snapshot dataframe rows=500","logger":"2_refresh_traffic_speed","filename":"2_refresh_traffic_speed.py","lineno":44}
{"timestamp":"2026-04-15T12:31:15.555924Z","level":"info","event":"[LATEST PREP] rows=500 | missing_measurement_rows=0","logger":"lta_common","filename":"lta_common.py","lineno":271}
{"timestamp":"2026-04-15T12:31:15.556390Z","level":"info","event":"[UPSERT START] upserting 500 rows into traffic_speed_latest","logger":"lta_common","filename":"lta_common.py","lineno":348}
{"timestamp":"2026-04-15T12:31:15.556801Z","level":"info","event":"[UPSERT DEBUG] max_link_id=49745 | min_link_id=49196 | max_speed_band=8 | min_speed_band=1 | max_minimum_speed=70 | min_minimum_speed=0 | max_maximum_speed=69.0 | min_maximum_speed=9.0","logger":"lta_common","filename":"lta_common.py","lineno":350}
{"timestamp":"2026-04-15T12:31:15.919520Z","level":"info","event":"[UPSERT DONE] upserted=500 rows into traffic_speed_latest","logger":"lta_common","filename":"lta_common.py","lineno":388}
{"timestamp":"2026-04-15T12:31:15.922965Z","level":"info","event":"[SAVE START] inserting 500 rows into traffic_speed_recent","logger":"lta_common","filename":"lta_common.py","lineno":319}
{"timestamp":"2026-04-15T12:31:16.285088Z","level":"info","event":"[SAVE DONE] inserted=500 rows into traffic_speed_recent","logger":"lta_common","filename":"lta_common.py","lineno":337}
{"timestamp":"2026-04-15T12:31:16.285709Z","level":"info","event":"STEP 6: page saved skip=33500 | pages=68 | latest_rows=34000 | recent_rows=34000","logger":"2_refresh_traffic_speed","filename":"2_refresh_traffic_speed.py","lineno":56}
{"timestamp":"2026-04-15T12:31:16.286096Z","level":"info","event":"========== PAGE START ==========","logger":"lta_common","filename":"lta_common.py","lineno":53}
{"timestamp":"2026-04-15T12:31:16.286194Z","level":"info","event":"[FETCH] requesting rows 34000–34499","logger":"lta_common","filename":"lta_common.py","lineno":54}
{"timestamp":"2026-04-15T12:31:16.286418Z","level":"info","event":"Fetching page from LTA: skip=34000","logger":"lta_common","filename":"lta_common.py","lineno":36}
{"timestamp":"2026-04-15T12:31:16.614104Z","level":"info","event":"Retrieved 500 rows from LTA at skip=34000","logger":"lta_common","filename":"lta_common.py","lineno":44}
{"timestamp":"2026-04-15T12:31:16.615393Z","level":"info","event":"[FETCH DONE] retrieved=500 rows at skip=34000","logger":"lta_common","filename":"lta_common.py","lineno":59}
{"timestamp":"2026-04-15T12:31:16.615497Z","level":"info","event":"STEP 4: processing page skip=34000 rows=500","logger":"2_refresh_traffic_speed","filename":"2_refresh_traffic_speed.py","lineno":41}
{"timestamp":"2026-04-15T12:31:16.621480Z","level":"warning","event":"[SANITIZE] link_id=49749 field=maximum_speed suspicious sentinel value=999 -> NULL","logger":"lta_common","filename":"lta_common.py","lineno":143}
{"timestamp":"2026-04-15T12:31:16.621527Z","level":"warning","event":"[SANITIZE] link_id=49751 field=maximum_speed suspicious sentinel value=999 -> NULL","logger":"lta_common","filename":"lta_common.py","lineno":143}
{"timestamp":"2026-04-15T12:31:16.621562Z","level":"warning","event":"[SANITIZE] link_id=49753 field=maximum_speed suspicious sentinel value=999 -> NULL","logger":"lta_common","filename":"lta_common.py","lineno":143}
{"timestamp":"2026-04-15T12:31:16.621588Z","level":"warning","event":"[SANITIZE] link_id=49754 field=maximum_speed suspicious sentinel value=999 -> NULL","logger":"lta_common","filename":"lta_common.py","lineno":143}
{"timestamp":"2026-04-15T12:31:16.621624Z","level":"warning","event":"[SANITIZE] link_id=49762 field=maximum_speed suspicious sentinel value=999 -> NULL","logger":"lta_common","filename":"lta_common.py","lineno":143}
{"timestamp":"2026-04-15T12:31:16.621646Z","level":"warning","event":"[SANITIZE] link_id=49763 field=maximum_speed suspicious sentinel value=999 -> NULL","logger":"lta_common","filename":"lta_common.py","lineno":143}
{"timestamp":"2026-04-15T12:31:16.621668Z","level":"warning","event":"[SANITIZE] link_id=49764 field=maximum_speed suspicious sentinel value=999 -> NULL","logger":"lta_common","filename":"lta_common.py","lineno":143}
{"timestamp":"2026-04-15T12:31:16.621690Z","level":"warning","event":"[SANITIZE] link_id=49765 field=maximum_speed suspicious sentinel value=999 -> NULL","logger":"lta_common","filename":"lta_common.py","lineno":143}
{"timestamp":"2026-04-15T12:31:16.621711Z","level":"warning","event":"[SANITIZE] link_id=49766 field=maximum_speed suspicious sentinel value=999 -> NULL","logger":"lta_common","filename":"lta_common.py","lineno":143}
{"timestamp":"2026-04-15T12:31:16.621734Z","level":"warning","event":"[SANITIZE] link_id=49767 field=maximum_speed suspicious sentinel value=999 -> NULL","logger":"lta_common","filename":"lta_common.py","lineno":143}
{"timestamp":"2026-04-15T12:31:16.621754Z","level":"warning","event":"[SANITIZE] link_id=49768 field=maximum_speed suspicious sentinel value=999 -> NULL","logger":"lta_common","filename":"lta_common.py","lineno":143}
{"timestamp":"2026-04-15T12:31:16.621775Z","level":"warning","event":"[SANITIZE] link_id=49769 field=maximum_speed suspicious sentinel value=999 -> NULL","logger":"lta_common","filename":"lta_common.py","lineno":143}
{"timestamp":"2026-04-15T12:31:16.621795Z","level":"warning","event":"[SANITIZE] link_id=49770 field=maximum_speed suspicious sentinel value=999 -> NULL","logger":"lta_common","filename":"lta_common.py","lineno":143}
{"timestamp":"2026-04-15T12:31:16.621816Z","level":"warning","event":"[SANITIZE] link_id=49771 field=maximum_speed suspicious sentinel value=999 -> NULL","logger":"lta_common","filename":"lta_common.py","lineno":143}
{"timestamp":"2026-04-15T12:31:16.621836Z","level":"warning","event":"[SANITIZE] link_id=49772 field=maximum_speed suspicious sentinel value=999 -> NULL","logger":"lta_common","filename":"lta_common.py","lineno":143}
{"timestamp":"2026-04-15T12:31:16.621858Z","level":"warning","event":"[SANITIZE] link_id=49774 field=maximum_speed suspicious sentinel value=999 -> NULL","logger":"lta_common","filename":"lta_common.py","lineno":143}
{"timestamp":"2026-04-15T12:31:16.621878Z","level":"warning","event":"[SANITIZE] link_id=49775 field=maximum_speed suspicious sentinel value=999 -> NULL","logger":"lta_common","filename":"lta_common.py","lineno":143}
{"timestamp":"2026-04-15T12:31:16.621898Z","level":"warning","event":"[SANITIZE] link_id=49776 field=maximum_speed suspicious sentinel value=999 -> NULL","logger":"lta_common","filename":"lta_common.py","lineno":143}
{"timestamp":"2026-04-15T12:31:16.621918Z","level":"warning","event":"[SANITIZE] link_id=49777 field=maximum_speed suspicious sentinel value=999 -> NULL","logger":"lta_common","filename":"lta_common.py","lineno":143}
{"timestamp":"2026-04-15T12:31:16.621943Z","level":"warning","event":"[SANITIZE] link_id=49780 field=maximum_speed suspicious sentinel value=999 -> NULL","logger":"lta_common","filename":"lta_common.py","lineno":143}
{"timestamp":"2026-04-15T12:31:16.621973Z","level":"warning","event":"[SANITIZE] link_id=49785 field=maximum_speed suspicious sentinel value=999 -> NULL","logger":"lta_common","filename":"lta_common.py","lineno":143}
{"timestamp":"2026-04-15T12:31:16.621993Z","level":"warning","event":"[SANITIZE] link_id=49786 field=maximum_speed suspicious sentinel value=999 -> NULL","logger":"lta_common","filename":"lta_common.py","lineno":143}
{"timestamp":"2026-04-15T12:31:16.622012Z","level":"warning","event":"[SANITIZE] link_id=49787 field=maximum_speed suspicious sentinel value=999 -> NULL","logger":"lta_common","filename":"lta_common.py","lineno":143}
{"timestamp":"2026-04-15T12:31:16.622032Z","level":"warning","event":"[SANITIZE] link_id=49788 field=maximum_speed suspicious sentinel value=999 -> NULL","logger":"lta_common","filename":"lta_common.py","lineno":143}
{"timestamp":"2026-04-15T12:31:16.622070Z","level":"warning","event":"[SANITIZE] link_id=49797 field=maximum_speed suspicious sentinel value=999 -> NULL","logger":"lta_common","filename":"lta_common.py","lineno":143}
{"timestamp":"2026-04-15T12:31:16.622090Z","level":"warning","event":"[SANITIZE] link_id=49798 field=maximum_speed suspicious sentinel value=999 -> NULL","logger":"lta_common","filename":"lta_common.py","lineno":143}
{"timestamp":"2026-04-15T12:31:16.622110Z","level":"warning","event":"[SANITIZE] link_id=49799 field=maximum_speed suspicious sentinel value=999 -> NULL","logger":"lta_common","filename":"lta_common.py","lineno":143}
{"timestamp":"2026-04-15T12:31:16.622132Z","level":"warning","event":"[SANITIZE] link_id=49801 field=maximum_speed suspicious sentinel value=999 -> NULL","logger":"lta_common","filename":"lta_common.py","lineno":143}
{"timestamp":"2026-04-15T12:31:16.622151Z","level":"warning","event":"[SANITIZE] link_id=49802 field=maximum_speed suspicious sentinel value=999 -> NULL","logger":"lta_common","filename":"lta_common.py","lineno":143}
{"timestamp":"2026-04-15T12:31:16.622185Z","level":"warning","event":"[SANITIZE] link_id=49808 field=maximum_speed suspicious sentinel value=999 -> NULL","logger":"lta_common","filename":"lta_common.py","lineno":143}
{"timestamp":"2026-04-15T12:31:16.622204Z","level":"warning","event":"[SANITIZE] link_id=49809 field=maximum_speed suspicious sentinel value=999 -> NULL","logger":"lta_common","filename":"lta_common.py","lineno":143}
{"timestamp":"2026-04-15T12:31:16.622249Z","level":"warning","event":"[SANITIZE] link_id=49821 field=maximum_speed suspicious sentinel value=999 -> NULL","logger":"lta_common","filename":"lta_common.py","lineno":143}
{"timestamp":"2026-04-15T12:31:16.622297Z","level":"warning","event":"[SANITIZE] link_id=49833 field=maximum_speed suspicious sentinel value=999 -> NULL","logger":"lta_common","filename":"lta_common.py","lineno":143}
{"timestamp":"2026-04-15T12:31:16.622317Z","level":"warning","event":"[SANITIZE] link_id=49834 field=maximum_speed suspicious sentinel value=999 -> NULL","logger":"lta_common","filename":"lta_common.py","lineno":143}
{"timestamp":"2026-04-15T12:31:16.622339Z","level":"warning","event":"[SANITIZE] link_id=49837 field=maximum_speed suspicious sentinel value=999 -> NULL","logger":"lta_common","filename":"lta_common.py","lineno":143}
{"timestamp":"2026-04-15T12:31:16.622360Z","level":"warning","event":"[SANITIZE] link_id=49838 field=maximum_speed suspicious sentinel value=999 -> NULL","logger":"lta_common","filename":"lta_common.py","lineno":143}
{"timestamp":"2026-04-15T12:31:16.622380Z","level":"warning","event":"[SANITIZE] link_id=49839 field=maximum_speed suspicious sentinel value=999 -> NULL","logger":"lta_common","filename":"lta_common.py","lineno":143}
{"timestamp":"2026-04-15T12:31:16.622399Z","level":"warning","event":"[SANITIZE] link_id=49840 field=maximum_speed suspicious sentinel value=999 -> NULL","logger":"lta_common","filename":"lta_common.py","lineno":143}
{"timestamp":"2026-04-15T12:31:16.622422Z","level":"warning","event":"[SANITIZE] link_id=49842 field=maximum_speed suspicious sentinel value=999 -> NULL","logger":"lta_common","filename":"lta_common.py","lineno":143}
{"timestamp":"2026-04-15T12:31:16.622441Z","level":"warning","event":"[SANITIZE] link_id=49843 field=maximum_speed suspicious sentinel value=999 -> NULL","logger":"lta_common","filename":"lta_common.py","lineno":143}
{"timestamp":"2026-04-15T12:31:16.622461Z","level":"warning","event":"[SANITIZE] link_id=49844 field=maximum_speed suspicious sentinel value=999 -> NULL","logger":"lta_common","filename":"lta_common.py","lineno":143}
{"timestamp":"2026-04-15T12:31:16.622480Z","level":"warning","event":"[SANITIZE] link_id=49845 field=maximum_speed suspicious sentinel value=999 -> NULL","logger":"lta_common","filename":"lta_common.py","lineno":143}
{"timestamp":"2026-04-15T12:31:16.622525Z","level":"warning","event":"[SANITIZE] link_id=49857 field=maximum_speed suspicious sentinel value=999 -> NULL","logger":"lta_common","filename":"lta_common.py","lineno":143}
{"timestamp":"2026-04-15T12:31:16.622554Z","level":"warning","event":"[SANITIZE] link_id=49858 field=maximum_speed suspicious sentinel value=999 -> NULL","logger":"lta_common","filename":"lta_common.py","lineno":143}
{"timestamp":"2026-04-15T12:31:16.622585Z","level":"warning","event":"[SANITIZE] link_id=49861 field=maximum_speed suspicious sentinel value=999 -> NULL","logger":"lta_common","filename":"lta_common.py","lineno":143}
{"timestamp":"2026-04-15T12:31:16.622616Z","level":"warning","event":"[SANITIZE] link_id=49863 field=maximum_speed suspicious sentinel value=999 -> NULL","logger":"lta_common","filename":"lta_common.py","lineno":143}
{"timestamp":"2026-04-15T12:31:16.622642Z","level":"warning","event":"[SANITIZE] link_id=49864 field=maximum_speed suspicious sentinel value=999 -> NULL","logger":"lta_common","filename":"lta_common.py","lineno":143}
{"timestamp":"2026-04-15T12:31:16.622663Z","level":"warning","event":"[SANITIZE] link_id=49865 field=maximum_speed suspicious sentinel value=999 -> NULL","logger":"lta_common","filename":"lta_common.py","lineno":143}
{"timestamp":"2026-04-15T12:31:16.622683Z","level":"warning","event":"[SANITIZE] link_id=49866 field=maximum_speed suspicious sentinel value=999 -> NULL","logger":"lta_common","filename":"lta_common.py","lineno":143}
{"timestamp":"2026-04-15T12:31:16.622703Z","level":"warning","event":"[SANITIZE] link_id=49867 field=maximum_speed suspicious sentinel value=999 -> NULL","logger":"lta_common","filename":"lta_common.py","lineno":143}
{"timestamp":"2026-04-15T12:31:16.622723Z","level":"warning","event":"[SANITIZE] link_id=49868 field=maximum_speed suspicious sentinel value=999 -> NULL","logger":"lta_common","filename":"lta_common.py","lineno":143}
{"timestamp":"2026-04-15T12:31:16.622742Z","level":"warning","event":"[SANITIZE] link_id=49869 field=maximum_speed suspicious sentinel value=999 -> NULL","logger":"lta_common","filename":"lta_common.py","lineno":143}
{"timestamp":"2026-04-15T12:31:16.622765Z","level":"warning","event":"[SANITIZE] link_id=49871 field=maximum_speed suspicious sentinel value=999 -> NULL","logger":"lta_common","filename":"lta_common.py","lineno":143}
{"timestamp":"2026-04-15T12:31:16.622809Z","level":"warning","event":"[SANITIZE] link_id=49880 field=maximum_speed suspicious sentinel value=999 -> NULL","logger":"lta_common","filename":"lta_common.py","lineno":143}
{"timestamp":"2026-04-15T12:31:16.622842Z","level":"warning","event":"[SANITIZE] link_id=49887 field=maximum_speed suspicious sentinel value=999 -> NULL","logger":"lta_common","filename":"lta_common.py","lineno":143}
{"timestamp":"2026-04-15T12:31:16.622865Z","level":"warning","event":"[SANITIZE] link_id=49889 field=maximum_speed suspicious sentinel value=999 -> NULL","logger":"lta_common","filename":"lta_common.py","lineno":143}
{"timestamp":"2026-04-15T12:31:16.622886Z","level":"warning","event":"[SANITIZE] link_id=49890 field=maximum_speed suspicious sentinel value=999 -> NULL","logger":"lta_common","filename":"lta_common.py","lineno":143}
{"timestamp":"2026-04-15T12:31:16.622909Z","level":"warning","event":"[SANITIZE] link_id=49891 field=maximum_speed suspicious sentinel value=999 -> NULL","logger":"lta_common","filename":"lta_common.py","lineno":143}
{"timestamp":"2026-04-15T12:31:16.622937Z","level":"warning","event":"[SANITIZE] link_id=49894 field=maximum_speed suspicious sentinel value=999 -> NULL","logger":"lta_common","filename":"lta_common.py","lineno":143}
{"timestamp":"2026-04-15T12:31:16.622959Z","level":"warning","event":"[SANITIZE] link_id=49895 field=maximum_speed suspicious sentinel value=999 -> NULL","logger":"lta_common","filename":"lta_common.py","lineno":143}
{"timestamp":"2026-04-15T12:31:16.622985Z","level":"warning","event":"[SANITIZE] link_id=49897 field=maximum_speed suspicious sentinel value=999 -> NULL","logger":"lta_common","filename":"lta_common.py","lineno":143}
{"timestamp":"2026-04-15T12:31:16.623010Z","level":"warning","event":"[SANITIZE] link_id=49899 field=maximum_speed suspicious sentinel value=999 -> NULL","logger":"lta_common","filename":"lta_common.py","lineno":143}
{"timestamp":"2026-04-15T12:31:16.623033Z","level":"warning","event":"[SANITIZE] link_id=49903 field=maximum_speed suspicious sentinel value=999 -> NULL","logger":"lta_common","filename":"lta_common.py","lineno":143}
{"timestamp":"2026-04-15T12:31:16.623055Z","level":"warning","event":"[SANITIZE] link_id=49904 field=maximum_speed suspicious sentinel value=999 -> NULL","logger":"lta_common","filename":"lta_common.py","lineno":143}
{"timestamp":"2026-04-15T12:31:16.623075Z","level":"warning","event":"[SANITIZE] link_id=49905 field=maximum_speed suspicious sentinel value=999 -> NULL","logger":"lta_common","filename":"lta_common.py","lineno":143}
{"timestamp":"2026-04-15T12:31:16.623094Z","level":"warning","event":"[SANITIZE] link_id=49906 field=maximum_speed suspicious sentinel value=999 -> NULL","logger":"lta_common","filename":"lta_common.py","lineno":143}
{"timestamp":"2026-04-15T12:31:16.623121Z","level":"warning","event":"[SANITIZE] link_id=49908 field=maximum_speed suspicious sentinel value=999 -> NULL","logger":"lta_common","filename":"lta_common.py","lineno":143}
{"timestamp":"2026-04-15T12:31:16.623142Z","level":"warning","event":"[SANITIZE] link_id=49909 field=maximum_speed suspicious sentinel value=999 -> NULL","logger":"lta_common","filename":"lta_common.py","lineno":143}
{"timestamp":"2026-04-15T12:31:16.623165Z","level":"warning","event":"[SANITIZE] link_id=49910 field=maximum_speed suspicious sentinel value=999 -> NULL","logger":"lta_common","filename":"lta_common.py","lineno":143}
{"timestamp":"2026-04-15T12:31:16.623199Z","level":"warning","event":"[SANITIZE] link_id=49915 field=maximum_speed suspicious sentinel value=999 -> NULL","logger":"lta_common","filename":"lta_common.py","lineno":143}
{"timestamp":"2026-04-15T12:31:16.623220Z","level":"warning","event":"[SANITIZE] link_id=49916 field=maximum_speed suspicious sentinel value=999 -> NULL","logger":"lta_common","filename":"lta_common.py","lineno":143}
{"timestamp":"2026-04-15T12:31:16.623243Z","level":"warning","event":"[SANITIZE] link_id=49917 field=maximum_speed suspicious sentinel value=999 -> NULL","logger":"lta_common","filename":"lta_common.py","lineno":143}
{"timestamp":"2026-04-15T12:31:16.623264Z","level":"warning","event":"[SANITIZE] link_id=49918 field=maximum_speed suspicious sentinel value=999 -> NULL","logger":"lta_common","filename":"lta_common.py","lineno":143}
{"timestamp":"2026-04-15T12:31:16.623293Z","level":"warning","event":"[SANITIZE] link_id=49921 field=maximum_speed suspicious sentinel value=999 -> NULL","logger":"lta_common","filename":"lta_common.py","lineno":143}
{"timestamp":"2026-04-15T12:31:16.623318Z","level":"warning","event":"[SANITIZE] link_id=49923 field=maximum_speed suspicious sentinel value=999 -> NULL","logger":"lta_common","filename":"lta_common.py","lineno":143}
{"timestamp":"2026-04-15T12:31:16.623339Z","level":"warning","event":"[SANITIZE] link_id=49924 field=maximum_speed suspicious sentinel value=999 -> NULL","logger":"lta_common","filename":"lta_common.py","lineno":143}
{"timestamp":"2026-04-15T12:31:16.623362Z","level":"warning","event":"[SANITIZE] link_id=49925 field=maximum_speed suspicious sentinel value=999 -> NULL","logger":"lta_common","filename":"lta_common.py","lineno":143}
{"timestamp":"2026-04-15T12:31:16.623386Z","level":"warning","event":"[SANITIZE] link_id=49927 field=maximum_speed suspicious sentinel value=999 -> NULL","logger":"lta_common","filename":"lta_common.py","lineno":143}
{"timestamp":"2026-04-15T12:31:16.623423Z","level":"warning","event":"[SANITIZE] link_id=49934 field=maximum_speed suspicious sentinel value=999 -> NULL","logger":"lta_common","filename":"lta_common.py","lineno":143}
{"timestamp":"2026-04-15T12:31:16.623446Z","level":"warning","event":"[SANITIZE] link_id=49935 field=maximum_speed suspicious sentinel value=999 -> NULL","logger":"lta_common","filename":"lta_common.py","lineno":143}
{"timestamp":"2026-04-15T12:31:16.623473Z","level":"warning","event":"[SANITIZE] link_id=49937 field=maximum_speed suspicious sentinel value=999 -> NULL","logger":"lta_common","filename":"lta_common.py","lineno":143}
{"timestamp":"2026-04-15T12:31:16.624715Z","level":"info","event":"[CLEAN DONE] rows=500 | null_speed_band=0 | null_minimum_speed=0 | null_maximum_speed=81","logger":"lta_common","filename":"lta_common.py","lineno":238}
{"timestamp":"2026-04-15T12:31:16.625444Z","level":"info","event":"STEP 5: built cleaned snapshot dataframe rows=500","logger":"2_refresh_traffic_speed","filename":"2_refresh_traffic_speed.py","lineno":44}
{"timestamp":"2026-04-15T12:31:16.625747Z","level":"info","event":"[LATEST PREP] rows=500 | missing_measurement_rows=0","logger":"lta_common","filename":"lta_common.py","lineno":271}
{"timestamp":"2026-04-15T12:31:16.625988Z","level":"info","event":"[UPSERT START] upserting 500 rows into traffic_speed_latest","logger":"lta_common","filename":"lta_common.py","lineno":348}
{"timestamp":"2026-04-15T12:31:16.626271Z","level":"info","event":"[UPSERT DEBUG] max_link_id=50765 | min_link_id=49746 | max_speed_band=8 | min_speed_band=1 | max_minimum_speed=70 | min_minimum_speed=0 | max_maximum_speed=69.0 | min_maximum_speed=9.0","logger":"lta_common","filename":"lta_common.py","lineno":350}
{"timestamp":"2026-04-15T12:31:16.983189Z","level":"info","event":"[UPSERT DONE] upserted=500 rows into traffic_speed_latest","logger":"lta_common","filename":"lta_common.py","lineno":388}
{"timestamp":"2026-04-15T12:31:16.983620Z","level":"info","event":"[SAVE START] inserting 500 rows into traffic_speed_recent","logger":"lta_common","filename":"lta_common.py","lineno":319}
{"timestamp":"2026-04-15T12:31:17.509550Z","level":"info","event":"[SAVE DONE] inserted=500 rows into traffic_speed_recent","logger":"lta_common","filename":"lta_common.py","lineno":337}
{"timestamp":"2026-04-15T12:31:17.509681Z","level":"info","event":"STEP 6: page saved skip=34000 | pages=69 | latest_rows=34500 | recent_rows=34500","logger":"2_refresh_traffic_speed","filename":"2_refresh_traffic_speed.py","lineno":56}
{"timestamp":"2026-04-15T12:31:17.509712Z","level":"info","event":"========== PAGE START ==========","logger":"lta_common","filename":"lta_common.py","lineno":53}
{"timestamp":"2026-04-15T12:31:17.509735Z","level":"info","event":"[FETCH] requesting rows 34500–34999","logger":"lta_common","filename":"lta_common.py","lineno":54}
{"timestamp":"2026-04-15T12:31:17.509766Z","level":"info","event":"Fetching page from LTA: skip=34500","logger":"lta_common","filename":"lta_common.py","lineno":36}
{"timestamp":"2026-04-15T12:31:17.795871Z","level":"info","event":"Retrieved 500 rows from LTA at skip=34500","logger":"lta_common","filename":"lta_common.py","lineno":44}
{"timestamp":"2026-04-15T12:31:17.797216Z","level":"info","event":"[FETCH DONE] retrieved=500 rows at skip=34500","logger":"lta_common","filename":"lta_common.py","lineno":59}
{"timestamp":"2026-04-15T12:31:17.797464Z","level":"info","event":"STEP 4: processing page skip=34500 rows=500","logger":"2_refresh_traffic_speed","filename":"2_refresh_traffic_speed.py","lineno":41}
{"timestamp":"2026-04-15T12:31:17.806350Z","level":"info","event":"[CLEAN DONE] rows=500 | null_speed_band=0 | null_minimum_speed=0 | null_maximum_speed=0","logger":"lta_common","filename":"lta_common.py","lineno":238}
{"timestamp":"2026-04-15T12:31:17.807152Z","level":"info","event":"STEP 5: built cleaned snapshot dataframe rows=500","logger":"2_refresh_traffic_speed","filename":"2_refresh_traffic_speed.py","lineno":44}
{"timestamp":"2026-04-15T12:31:17.807460Z","level":"info","event":"[LATEST PREP] rows=500 | missing_measurement_rows=0","logger":"lta_common","filename":"lta_common.py","lineno":271}
{"timestamp":"2026-04-15T12:31:17.807752Z","level":"info","event":"[UPSERT START] upserting 500 rows into traffic_speed_latest","logger":"lta_common","filename":"lta_common.py","lineno":348}
{"timestamp":"2026-04-15T12:31:17.808071Z","level":"info","event":"[UPSERT DEBUG] max_link_id=51657 | min_link_id=50766 | max_speed_band=7 | min_speed_band=1 | max_minimum_speed=60 | min_minimum_speed=0 | max_maximum_speed=69 | min_maximum_speed=9","logger":"lta_common","filename":"lta_common.py","lineno":350}
{"timestamp":"2026-04-15T12:31:18.142057Z","level":"info","event":"[UPSERT DONE] upserted=500 rows into traffic_speed_latest","logger":"lta_common","filename":"lta_common.py","lineno":388}
{"timestamp":"2026-04-15T12:31:18.143977Z","level":"info","event":"[SAVE START] inserting 500 rows into traffic_speed_recent","logger":"lta_common","filename":"lta_common.py","lineno":319}
{"timestamp":"2026-04-15T12:31:18.511035Z","level":"info","event":"[SAVE DONE] inserted=500 rows into traffic_speed_recent","logger":"lta_common","filename":"lta_common.py","lineno":337}
{"timestamp":"2026-04-15T12:31:18.511170Z","level":"info","event":"STEP 6: page saved skip=34500 | pages=70 | latest_rows=35000 | recent_rows=35000","logger":"2_refresh_traffic_speed","filename":"2_refresh_traffic_speed.py","lineno":56}
{"timestamp":"2026-04-15T12:31:18.511213Z","level":"info","event":"========== PAGE START ==========","logger":"lta_common","filename":"lta_common.py","lineno":53}
{"timestamp":"2026-04-15T12:31:18.511249Z","level":"info","event":"[FETCH] requesting rows 35000–35499","logger":"lta_common","filename":"lta_common.py","lineno":54}
{"timestamp":"2026-04-15T12:31:18.511282Z","level":"info","event":"Fetching page from LTA: skip=35000","logger":"lta_common","filename":"lta_common.py","lineno":36}
{"timestamp":"2026-04-15T12:31:18.814871Z","level":"info","event":"Retrieved 500 rows from LTA at skip=35000","logger":"lta_common","filename":"lta_common.py","lineno":44}
{"timestamp":"2026-04-15T12:31:18.816096Z","level":"info","event":"[FETCH DONE] retrieved=500 rows at skip=35000","logger":"lta_common","filename":"lta_common.py","lineno":59}
{"timestamp":"2026-04-15T12:31:18.816331Z","level":"info","event":"STEP 4: processing page skip=35000 rows=500","logger":"2_refresh_traffic_speed","filename":"2_refresh_traffic_speed.py","lineno":41}
{"timestamp":"2026-04-15T12:31:18.824243Z","level":"info","event":"[CLEAN DONE] rows=500 | null_speed_band=0 | null_minimum_speed=0 | null_maximum_speed=0","logger":"lta_common","filename":"lta_common.py","lineno":238}
{"timestamp":"2026-04-15T12:31:18.825072Z","level":"info","event":"STEP 5: built cleaned snapshot dataframe rows=500","logger":"2_refresh_traffic_speed","filename":"2_refresh_traffic_speed.py","lineno":44}
{"timestamp":"2026-04-15T12:31:18.825411Z","level":"info","event":"[LATEST PREP] rows=500 | missing_measurement_rows=0","logger":"lta_common","filename":"lta_common.py","lineno":271}
{"timestamp":"2026-04-15T12:31:18.825648Z","level":"info","event":"[UPSERT START] upserting 500 rows into traffic_speed_latest","logger":"lta_common","filename":"lta_common.py","lineno":348}
{"timestamp":"2026-04-15T12:31:18.825940Z","level":"info","event":"[UPSERT DEBUG] max_link_id=52480 | min_link_id=51658 | max_speed_band=7 | min_speed_band=1 | max_minimum_speed=60 | min_minimum_speed=0 | max_maximum_speed=69 | min_maximum_speed=9","logger":"lta_common","filename":"lta_common.py","lineno":350}
{"timestamp":"2026-04-15T12:31:19.207350Z","level":"info","event":"[UPSERT DONE] upserted=500 rows into traffic_speed_latest","logger":"lta_common","filename":"lta_common.py","lineno":388}
{"timestamp":"2026-04-15T12:31:19.207910Z","level":"info","event":"[SAVE START] inserting 500 rows into traffic_speed_recent","logger":"lta_common","filename":"lta_common.py","lineno":319}
{"timestamp":"2026-04-15T12:31:19.601955Z","level":"info","event":"[SAVE DONE] inserted=500 rows into traffic_speed_recent","logger":"lta_common","filename":"lta_common.py","lineno":337}
{"timestamp":"2026-04-15T12:31:19.602372Z","level":"info","event":"STEP 6: page saved skip=35000 | pages=71 | latest_rows=35500 | recent_rows=35500","logger":"2_refresh_traffic_speed","filename":"2_refresh_traffic_speed.py","lineno":56}
{"timestamp":"2026-04-15T12:31:19.602484Z","level":"info","event":"========== PAGE START ==========","logger":"lta_common","filename":"lta_common.py","lineno":53}
{"timestamp":"2026-04-15T12:31:19.602665Z","level":"info","event":"[FETCH] requesting rows 35500–35999","logger":"lta_common","filename":"lta_common.py","lineno":54}
{"timestamp":"2026-04-15T12:31:19.602810Z","level":"info","event":"Fetching page from LTA: skip=35500","logger":"lta_common","filename":"lta_common.py","lineno":36}
{"timestamp":"2026-04-15T12:31:20.042917Z","level":"info","event":"Retrieved 500 rows from LTA at skip=35500","logger":"lta_common","filename":"lta_common.py","lineno":44}
{"timestamp":"2026-04-15T12:31:20.047487Z","level":"info","event":"[FETCH DONE] retrieved=500 rows at skip=35500","logger":"lta_common","filename":"lta_common.py","lineno":59}
{"timestamp":"2026-04-15T12:31:20.048232Z","level":"info","event":"STEP 4: processing page skip=35500 rows=500","logger":"2_refresh_traffic_speed","filename":"2_refresh_traffic_speed.py","lineno":41}
{"timestamp":"2026-04-15T12:31:20.064081Z","level":"info","event":"[CLEAN DONE] rows=500 | null_speed_band=0 | null_minimum_speed=0 | null_maximum_speed=0","logger":"lta_common","filename":"lta_common.py","lineno":238}
{"timestamp":"2026-04-15T12:31:20.065571Z","level":"info","event":"STEP 5: built cleaned snapshot dataframe rows=500","logger":"2_refresh_traffic_speed","filename":"2_refresh_traffic_speed.py","lineno":44}
{"timestamp":"2026-04-15T12:31:20.066144Z","level":"info","event":"[LATEST PREP] rows=500 | missing_measurement_rows=0","logger":"lta_common","filename":"lta_common.py","lineno":271}
{"timestamp":"2026-04-15T12:31:20.066569Z","level":"info","event":"[UPSERT START] upserting 500 rows into traffic_speed_latest","logger":"lta_common","filename":"lta_common.py","lineno":348}
{"timestamp":"2026-04-15T12:31:20.067032Z","level":"info","event":"[UPSERT DEBUG] max_link_id=53219 | min_link_id=52481 | max_speed_band=7 | min_speed_band=1 | max_minimum_speed=60 | min_minimum_speed=0 | max_maximum_speed=69 | min_maximum_speed=9","logger":"lta_common","filename":"lta_common.py","lineno":350}
{"timestamp":"2026-04-15T12:31:20.420687Z","level":"info","event":"[UPSERT DONE] upserted=500 rows into traffic_speed_latest","logger":"lta_common","filename":"lta_common.py","lineno":388}
{"timestamp":"2026-04-15T12:31:20.421151Z","level":"info","event":"[SAVE START] inserting 500 rows into traffic_speed_recent","logger":"lta_common","filename":"lta_common.py","lineno":319}
{"timestamp":"2026-04-15T12:31:20.778814Z","level":"info","event":"[SAVE DONE] inserted=500 rows into traffic_speed_recent","logger":"lta_common","filename":"lta_common.py","lineno":337}
{"timestamp":"2026-04-15T12:31:20.778976Z","level":"info","event":"STEP 6: page saved skip=35500 | pages=72 | latest_rows=36000 | recent_rows=36000","logger":"2_refresh_traffic_speed","filename":"2_refresh_traffic_speed.py","lineno":56}
{"timestamp":"2026-04-15T12:31:20.779050Z","level":"info","event":"========== PAGE START ==========","logger":"lta_common","filename":"lta_common.py","lineno":53}
{"timestamp":"2026-04-15T12:31:20.779092Z","level":"info","event":"[FETCH] requesting rows 36000–36499","logger":"lta_common","filename":"lta_common.py","lineno":54}
{"timestamp":"2026-04-15T12:31:20.779140Z","level":"info","event":"Fetching page from LTA: skip=36000","logger":"lta_common","filename":"lta_common.py","lineno":36}
{"timestamp":"2026-04-15T12:31:21.089259Z","level":"info","event":"Retrieved 500 rows from LTA at skip=36000","logger":"lta_common","filename":"lta_common.py","lineno":44}
{"timestamp":"2026-04-15T12:31:21.090680Z","level":"info","event":"[FETCH DONE] retrieved=500 rows at skip=36000","logger":"lta_common","filename":"lta_common.py","lineno":59}
{"timestamp":"2026-04-15T12:31:21.090921Z","level":"info","event":"STEP 4: processing page skip=36000 rows=500","logger":"2_refresh_traffic_speed","filename":"2_refresh_traffic_speed.py","lineno":41}
{"timestamp":"2026-04-15T12:31:21.098897Z","level":"info","event":"[CLEAN DONE] rows=500 | null_speed_band=0 | null_minimum_speed=0 | null_maximum_speed=0","logger":"lta_common","filename":"lta_common.py","lineno":238}
{"timestamp":"2026-04-15T12:31:21.099825Z","level":"info","event":"STEP 5: built cleaned snapshot dataframe rows=500","logger":"2_refresh_traffic_speed","filename":"2_refresh_traffic_speed.py","lineno":44}
{"timestamp":"2026-04-15T12:31:21.100177Z","level":"info","event":"[LATEST PREP] rows=500 | missing_measurement_rows=0","logger":"lta_common","filename":"lta_common.py","lineno":271}
{"timestamp":"2026-04-15T12:31:21.100411Z","level":"info","event":"[UPSERT START] upserting 500 rows into traffic_speed_latest","logger":"lta_common","filename":"lta_common.py","lineno":348}
{"timestamp":"2026-04-15T12:31:21.100711Z","level":"info","event":"[UPSERT DEBUG] max_link_id=53865 | min_link_id=53220 | max_speed_band=7 | min_speed_band=1 | max_minimum_speed=60 | min_minimum_speed=0 | max_maximum_speed=69 | min_maximum_speed=9","logger":"lta_common","filename":"lta_common.py","lineno":350}
{"timestamp":"2026-04-15T12:31:21.529781Z","level":"info","event":"[UPSERT DONE] upserted=500 rows into traffic_speed_latest","logger":"lta_common","filename":"lta_common.py","lineno":388}
{"timestamp":"2026-04-15T12:31:21.530172Z","level":"info","event":"[SAVE START] inserting 500 rows into traffic_speed_recent","logger":"lta_common","filename":"lta_common.py","lineno":319}
{"timestamp":"2026-04-15T12:31:21.915281Z","level":"info","event":"[SAVE DONE] inserted=500 rows into traffic_speed_recent","logger":"lta_common","filename":"lta_common.py","lineno":337}
{"timestamp":"2026-04-15T12:31:21.915392Z","level":"info","event":"STEP 6: page saved skip=36000 | pages=73 | latest_rows=36500 | recent_rows=36500","logger":"2_refresh_traffic_speed","filename":"2_refresh_traffic_speed.py","lineno":56}
{"timestamp":"2026-04-15T12:31:21.915422Z","level":"info","event":"========== PAGE START ==========","logger":"lta_common","filename":"lta_common.py","lineno":53}
{"timestamp":"2026-04-15T12:31:21.915444Z","level":"info","event":"[FETCH] requesting rows 36500–36999","logger":"lta_common","filename":"lta_common.py","lineno":54}
{"timestamp":"2026-04-15T12:31:21.915471Z","level":"info","event":"Fetching page from LTA: skip=36500","logger":"lta_common","filename":"lta_common.py","lineno":36}
{"timestamp":"2026-04-15T12:31:22.211732Z","level":"info","event":"Retrieved 500 rows from LTA at skip=36500","logger":"lta_common","filename":"lta_common.py","lineno":44}
{"timestamp":"2026-04-15T12:31:22.212904Z","level":"info","event":"[FETCH DONE] retrieved=500 rows at skip=36500","logger":"lta_common","filename":"lta_common.py","lineno":59}
{"timestamp":"2026-04-15T12:31:22.213121Z","level":"info","event":"STEP 4: processing page skip=36500 rows=500","logger":"2_refresh_traffic_speed","filename":"2_refresh_traffic_speed.py","lineno":41}
{"timestamp":"2026-04-15T12:31:22.221523Z","level":"info","event":"[CLEAN DONE] rows=500 | null_speed_band=0 | null_minimum_speed=0 | null_maximum_speed=0","logger":"lta_common","filename":"lta_common.py","lineno":238}
{"timestamp":"2026-04-15T12:31:22.222375Z","level":"info","event":"STEP 5: built cleaned snapshot dataframe rows=500","logger":"2_refresh_traffic_speed","filename":"2_refresh_traffic_speed.py","lineno":44}
{"timestamp":"2026-04-15T12:31:22.222728Z","level":"info","event":"[LATEST PREP] rows=500 | missing_measurement_rows=0","logger":"lta_common","filename":"lta_common.py","lineno":271}
{"timestamp":"2026-04-15T12:31:22.222985Z","level":"info","event":"[UPSERT START] upserting 500 rows into traffic_speed_latest","logger":"lta_common","filename":"lta_common.py","lineno":348}
{"timestamp":"2026-04-15T12:31:22.223295Z","level":"info","event":"[UPSERT DEBUG] max_link_id=54498 | min_link_id=53866 | max_speed_band=7 | min_speed_band=1 | max_minimum_speed=60 | min_minimum_speed=0 | max_maximum_speed=69 | min_maximum_speed=9","logger":"lta_common","filename":"lta_common.py","lineno":350}
{"timestamp":"2026-04-15T12:31:22.571043Z","level":"info","event":"[UPSERT DONE] upserted=500 rows into traffic_speed_latest","logger":"lta_common","filename":"lta_common.py","lineno":388}
{"timestamp":"2026-04-15T12:31:22.572735Z","level":"info","event":"[SAVE START] inserting 500 rows into traffic_speed_recent","logger":"lta_common","filename":"lta_common.py","lineno":319}
{"timestamp":"2026-04-15T12:31:22.942990Z","level":"info","event":"[SAVE DONE] inserted=500 rows into traffic_speed_recent","logger":"lta_common","filename":"lta_common.py","lineno":337}
{"timestamp":"2026-04-15T12:31:22.944214Z","level":"info","event":"STEP 6: page saved skip=36500 | pages=74 | latest_rows=37000 | recent_rows=37000","logger":"2_refresh_traffic_speed","filename":"2_refresh_traffic_speed.py","lineno":56}
{"timestamp":"2026-04-15T12:31:22.944406Z","level":"info","event":"========== PAGE START ==========","logger":"lta_common","filename":"lta_common.py","lineno":53}
{"timestamp":"2026-04-15T12:31:22.944591Z","level":"info","event":"[FETCH] requesting rows 37000–37499","logger":"lta_common","filename":"lta_common.py","lineno":54}
{"timestamp":"2026-04-15T12:31:22.944756Z","level":"info","event":"Fetching page from LTA: skip=37000","logger":"lta_common","filename":"lta_common.py","lineno":36}
{"timestamp":"2026-04-15T12:31:23.298939Z","level":"info","event":"Retrieved 500 rows from LTA at skip=37000","logger":"lta_common","filename":"lta_common.py","lineno":44}
{"timestamp":"2026-04-15T12:31:23.306343Z","level":"info","event":"[FETCH DONE] retrieved=500 rows at skip=37000","logger":"lta_common","filename":"lta_common.py","lineno":59}
{"timestamp":"2026-04-15T12:31:23.307445Z","level":"info","event":"STEP 4: processing page skip=37000 rows=500","logger":"2_refresh_traffic_speed","filename":"2_refresh_traffic_speed.py","lineno":41}
{"timestamp":"2026-04-15T12:31:23.332183Z","level":"info","event":"[CLEAN DONE] rows=500 | null_speed_band=0 | null_minimum_speed=0 | null_maximum_speed=0","logger":"lta_common","filename":"lta_common.py","lineno":238}
{"timestamp":"2026-04-15T12:31:23.333984Z","level":"info","event":"STEP 5: built cleaned snapshot dataframe rows=500","logger":"2_refresh_traffic_speed","filename":"2_refresh_traffic_speed.py","lineno":44}
{"timestamp":"2026-04-15T12:31:23.334648Z","level":"info","event":"[LATEST PREP] rows=500 | missing_measurement_rows=0","logger":"lta_common","filename":"lta_common.py","lineno":271}
{"timestamp":"2026-04-15T12:31:23.335215Z","level":"info","event":"[UPSERT START] upserting 500 rows into traffic_speed_latest","logger":"lta_common","filename":"lta_common.py","lineno":348}
{"timestamp":"2026-04-15T12:31:23.335833Z","level":"info","event":"[UPSERT DEBUG] max_link_id=55067 | min_link_id=54499 | max_speed_band=7 | min_speed_band=1 | max_minimum_speed=60 | min_minimum_speed=0 | max_maximum_speed=69 | min_maximum_speed=9","logger":"lta_common","filename":"lta_common.py","lineno":350}
{"timestamp":"2026-04-15T12:31:23.715469Z","level":"info","event":"[UPSERT DONE] upserted=500 rows into traffic_speed_latest","logger":"lta_common","filename":"lta_common.py","lineno":388}
{"timestamp":"2026-04-15T12:31:23.719248Z","level":"info","event":"[SAVE START] inserting 500 rows into traffic_speed_recent","logger":"lta_common","filename":"lta_common.py","lineno":319}
{"timestamp":"2026-04-15T12:31:24.104805Z","level":"info","event":"[SAVE DONE] inserted=500 rows into traffic_speed_recent","logger":"lta_common","filename":"lta_common.py","lineno":337}
{"timestamp":"2026-04-15T12:31:24.105827Z","level":"info","event":"STEP 6: page saved skip=37000 | pages=75 | latest_rows=37500 | recent_rows=37500","logger":"2_refresh_traffic_speed","filename":"2_refresh_traffic_speed.py","lineno":56}
{"timestamp":"2026-04-15T12:31:24.106748Z","level":"info","event":"========== PAGE START ==========","logger":"lta_common","filename":"lta_common.py","lineno":53}
{"timestamp":"2026-04-15T12:31:24.106896Z","level":"info","event":"[FETCH] requesting rows 37500–37999","logger":"lta_common","filename":"lta_common.py","lineno":54}
{"timestamp":"2026-04-15T12:31:24.107036Z","level":"info","event":"Fetching page from LTA: skip=37500","logger":"lta_common","filename":"lta_common.py","lineno":36}
{"timestamp":"2026-04-15T12:31:24.412729Z","level":"info","event":"Retrieved 500 rows from LTA at skip=37500","logger":"lta_common","filename":"lta_common.py","lineno":44}
{"timestamp":"2026-04-15T12:31:24.417522Z","level":"info","event":"[FETCH DONE] retrieved=500 rows at skip=37500","logger":"lta_common","filename":"lta_common.py","lineno":59}
{"timestamp":"2026-04-15T12:31:24.418820Z","level":"info","event":"STEP 4: processing page skip=37500 rows=500","logger":"2_refresh_traffic_speed","filename":"2_refresh_traffic_speed.py","lineno":41}
{"timestamp":"2026-04-15T12:31:24.428094Z","level":"warning","event":"[SANITIZE] link_id=55248 field=maximum_speed suspicious sentinel value=999 -> NULL","logger":"lta_common","filename":"lta_common.py","lineno":143}
{"timestamp":"2026-04-15T12:31:24.429591Z","level":"info","event":"[CLEAN DONE] rows=500 | null_speed_band=0 | null_minimum_speed=0 | null_maximum_speed=1","logger":"lta_common","filename":"lta_common.py","lineno":238}
{"timestamp":"2026-04-15T12:31:24.430744Z","level":"info","event":"STEP 5: built cleaned snapshot dataframe rows=500","logger":"2_refresh_traffic_speed","filename":"2_refresh_traffic_speed.py","lineno":44}
{"timestamp":"2026-04-15T12:31:24.431316Z","level":"info","event":"[LATEST PREP] rows=500 | missing_measurement_rows=0","logger":"lta_common","filename":"lta_common.py","lineno":271}
{"timestamp":"2026-04-15T12:31:24.431760Z","level":"info","event":"[UPSERT START] upserting 500 rows into traffic_speed_latest","logger":"lta_common","filename":"lta_common.py","lineno":348}
{"timestamp":"2026-04-15T12:31:24.432333Z","level":"info","event":"[UPSERT DEBUG] max_link_id=55629 | min_link_id=55068 | max_speed_band=8 | min_speed_band=1 | max_minimum_speed=70 | min_minimum_speed=0 | max_maximum_speed=69.0 | min_maximum_speed=9.0","logger":"lta_common","filename":"lta_common.py","lineno":350}
{"timestamp":"2026-04-15T12:31:24.781645Z","level":"info","event":"[UPSERT DONE] upserted=500 rows into traffic_speed_latest","logger":"lta_common","filename":"lta_common.py","lineno":388}
{"timestamp":"2026-04-15T12:31:24.782134Z","level":"info","event":"[SAVE START] inserting 500 rows into traffic_speed_recent","logger":"lta_common","filename":"lta_common.py","lineno":319}
{"timestamp":"2026-04-15T12:31:25.245851Z","level":"info","event":"[SAVE DONE] inserted=500 rows into traffic_speed_recent","logger":"lta_common","filename":"lta_common.py","lineno":337}
{"timestamp":"2026-04-15T12:31:25.246004Z","level":"info","event":"STEP 6: page saved skip=37500 | pages=76 | latest_rows=38000 | recent_rows=38000","logger":"2_refresh_traffic_speed","filename":"2_refresh_traffic_speed.py","lineno":56}
{"timestamp":"2026-04-15T12:31:25.246061Z","level":"info","event":"========== PAGE START ==========","logger":"lta_common","filename":"lta_common.py","lineno":53}
{"timestamp":"2026-04-15T12:31:25.246101Z","level":"info","event":"[FETCH] requesting rows 38000–38499","logger":"lta_common","filename":"lta_common.py","lineno":54}
{"timestamp":"2026-04-15T12:31:25.246141Z","level":"info","event":"Fetching page from LTA: skip=38000","logger":"lta_common","filename":"lta_common.py","lineno":36}
{"timestamp":"2026-04-15T12:31:25.517557Z","level":"info","event":"Retrieved 500 rows from LTA at skip=38000","logger":"lta_common","filename":"lta_common.py","lineno":44}
{"timestamp":"2026-04-15T12:31:25.518922Z","level":"info","event":"[FETCH DONE] retrieved=500 rows at skip=38000","logger":"lta_common","filename":"lta_common.py","lineno":59}
{"timestamp":"2026-04-15T12:31:25.519058Z","level":"info","event":"STEP 4: processing page skip=38000 rows=500","logger":"2_refresh_traffic_speed","filename":"2_refresh_traffic_speed.py","lineno":41}
{"timestamp":"2026-04-15T12:31:25.528043Z","level":"info","event":"[CLEAN DONE] rows=500 | null_speed_band=0 | null_minimum_speed=0 | null_maximum_speed=0","logger":"lta_common","filename":"lta_common.py","lineno":238}
{"timestamp":"2026-04-15T12:31:25.529135Z","level":"info","event":"STEP 5: built cleaned snapshot dataframe rows=500","logger":"2_refresh_traffic_speed","filename":"2_refresh_traffic_speed.py","lineno":44}
{"timestamp":"2026-04-15T12:31:25.529565Z","level":"info","event":"[LATEST PREP] rows=500 | missing_measurement_rows=0","logger":"lta_common","filename":"lta_common.py","lineno":271}
{"timestamp":"2026-04-15T12:31:25.529813Z","level":"info","event":"[UPSERT START] upserting 500 rows into traffic_speed_latest","logger":"lta_common","filename":"lta_common.py","lineno":348}
{"timestamp":"2026-04-15T12:31:25.530125Z","level":"info","event":"[UPSERT DEBUG] max_link_id=56204 | min_link_id=55630 | max_speed_band=7 | min_speed_band=1 | max_minimum_speed=60 | min_minimum_speed=0 | max_maximum_speed=69 | min_maximum_speed=9","logger":"lta_common","filename":"lta_common.py","lineno":350}
{"timestamp":"2026-04-15T12:31:25.903316Z","level":"info","event":"[UPSERT DONE] upserted=500 rows into traffic_speed_latest","logger":"lta_common","filename":"lta_common.py","lineno":388}
{"timestamp":"2026-04-15T12:31:25.903741Z","level":"info","event":"[SAVE START] inserting 500 rows into traffic_speed_recent","logger":"lta_common","filename":"lta_common.py","lineno":319}
{"timestamp":"2026-04-15T12:31:26.312379Z","level":"info","event":"[SAVE DONE] inserted=500 rows into traffic_speed_recent","logger":"lta_common","filename":"lta_common.py","lineno":337}
{"timestamp":"2026-04-15T12:31:26.312518Z","level":"info","event":"STEP 6: page saved skip=38000 | pages=77 | latest_rows=38500 | recent_rows=38500","logger":"2_refresh_traffic_speed","filename":"2_refresh_traffic_speed.py","lineno":56}
{"timestamp":"2026-04-15T12:31:26.312569Z","level":"info","event":"========== PAGE START ==========","logger":"lta_common","filename":"lta_common.py","lineno":53}
{"timestamp":"2026-04-15T12:31:26.312595Z","level":"info","event":"[FETCH] requesting rows 38500–38999","logger":"lta_common","filename":"lta_common.py","lineno":54}
{"timestamp":"2026-04-15T12:31:26.312628Z","level":"info","event":"Fetching page from LTA: skip=38500","logger":"lta_common","filename":"lta_common.py","lineno":36}
{"timestamp":"2026-04-15T12:31:26.613865Z","level":"info","event":"Retrieved 500 rows from LTA at skip=38500","logger":"lta_common","filename":"lta_common.py","lineno":44}
{"timestamp":"2026-04-15T12:31:26.615130Z","level":"info","event":"[FETCH DONE] retrieved=500 rows at skip=38500","logger":"lta_common","filename":"lta_common.py","lineno":59}
{"timestamp":"2026-04-15T12:31:26.615387Z","level":"info","event":"STEP 4: processing page skip=38500 rows=500","logger":"2_refresh_traffic_speed","filename":"2_refresh_traffic_speed.py","lineno":41}
{"timestamp":"2026-04-15T12:31:26.623032Z","level":"info","event":"[CLEAN DONE] rows=500 | null_speed_band=0 | null_minimum_speed=0 | null_maximum_speed=0","logger":"lta_common","filename":"lta_common.py","lineno":238}
{"timestamp":"2026-04-15T12:31:26.623892Z","level":"info","event":"STEP 5: built cleaned snapshot dataframe rows=500","logger":"2_refresh_traffic_speed","filename":"2_refresh_traffic_speed.py","lineno":44}
{"timestamp":"2026-04-15T12:31:26.624240Z","level":"info","event":"[LATEST PREP] rows=500 | missing_measurement_rows=0","logger":"lta_common","filename":"lta_common.py","lineno":271}
{"timestamp":"2026-04-15T12:31:26.624487Z","level":"info","event":"[UPSERT START] upserting 500 rows into traffic_speed_latest","logger":"lta_common","filename":"lta_common.py","lineno":348}
{"timestamp":"2026-04-15T12:31:26.624781Z","level":"info","event":"[UPSERT DEBUG] max_link_id=56766 | min_link_id=56206 | max_speed_band=7 | min_speed_band=1 | max_minimum_speed=60 | min_minimum_speed=0 | max_maximum_speed=69 | min_maximum_speed=9","logger":"lta_common","filename":"lta_common.py","lineno":350}
{"timestamp":"2026-04-15T12:31:27.040781Z","level":"info","event":"[UPSERT DONE] upserted=500 rows into traffic_speed_latest","logger":"lta_common","filename":"lta_common.py","lineno":388}
{"timestamp":"2026-04-15T12:31:27.041424Z","level":"info","event":"[SAVE START] inserting 500 rows into traffic_speed_recent","logger":"lta_common","filename":"lta_common.py","lineno":319}
{"timestamp":"2026-04-15T12:31:27.509621Z","level":"info","event":"[SAVE DONE] inserted=500 rows into traffic_speed_recent","logger":"lta_common","filename":"lta_common.py","lineno":337}
{"timestamp":"2026-04-15T12:31:27.510304Z","level":"info","event":"STEP 6: page saved skip=38500 | pages=78 | latest_rows=39000 | recent_rows=39000","logger":"2_refresh_traffic_speed","filename":"2_refresh_traffic_speed.py","lineno":56}
{"timestamp":"2026-04-15T12:31:27.510473Z","level":"info","event":"========== PAGE START ==========","logger":"lta_common","filename":"lta_common.py","lineno":53}
{"timestamp":"2026-04-15T12:31:27.510584Z","level":"info","event":"[FETCH] requesting rows 39000–39499","logger":"lta_common","filename":"lta_common.py","lineno":54}
{"timestamp":"2026-04-15T12:31:27.510705Z","level":"info","event":"Fetching page from LTA: skip=39000","logger":"lta_common","filename":"lta_common.py","lineno":36}
{"timestamp":"2026-04-15T12:31:27.837911Z","level":"info","event":"Retrieved 500 rows from LTA at skip=39000","logger":"lta_common","filename":"lta_common.py","lineno":44}
{"timestamp":"2026-04-15T12:31:27.845433Z","level":"info","event":"[FETCH DONE] retrieved=500 rows at skip=39000","logger":"lta_common","filename":"lta_common.py","lineno":59}
{"timestamp":"2026-04-15T12:31:27.846274Z","level":"info","event":"STEP 4: processing page skip=39000 rows=500","logger":"2_refresh_traffic_speed","filename":"2_refresh_traffic_speed.py","lineno":41}
{"timestamp":"2026-04-15T12:31:27.863011Z","level":"warning","event":"[SANITIZE] link_id=56800 field=maximum_speed suspicious sentinel value=999 -> NULL","logger":"lta_common","filename":"lta_common.py","lineno":143}
{"timestamp":"2026-04-15T12:31:27.863159Z","level":"warning","event":"[SANITIZE] link_id=56801 field=maximum_speed suspicious sentinel value=999 -> NULL","logger":"lta_common","filename":"lta_common.py","lineno":143}
{"timestamp":"2026-04-15T12:31:27.863243Z","level":"warning","event":"[SANITIZE] link_id=56808 field=maximum_speed suspicious sentinel value=999 -> NULL","logger":"lta_common","filename":"lta_common.py","lineno":143}
{"timestamp":"2026-04-15T12:31:27.863291Z","level":"warning","event":"[SANITIZE] link_id=56809 field=maximum_speed suspicious sentinel value=999 -> NULL","logger":"lta_common","filename":"lta_common.py","lineno":143}
{"timestamp":"2026-04-15T12:31:27.863336Z","level":"warning","event":"[SANITIZE] link_id=56810 field=maximum_speed suspicious sentinel value=999 -> NULL","logger":"lta_common","filename":"lta_common.py","lineno":143}
{"timestamp":"2026-04-15T12:31:27.863388Z","level":"warning","event":"[SANITIZE] link_id=56812 field=maximum_speed suspicious sentinel value=999 -> NULL","logger":"lta_common","filename":"lta_common.py","lineno":143}
{"timestamp":"2026-04-15T12:31:27.863440Z","level":"warning","event":"[SANITIZE] link_id=56813 field=maximum_speed suspicious sentinel value=999 -> NULL","logger":"lta_common","filename":"lta_common.py","lineno":143}
{"timestamp":"2026-04-15T12:31:27.863495Z","level":"warning","event":"[SANITIZE] link_id=56814 field=maximum_speed suspicious sentinel value=999 -> NULL","logger":"lta_common","filename":"lta_common.py","lineno":143}
{"timestamp":"2026-04-15T12:31:27.863588Z","level":"warning","event":"[SANITIZE] link_id=56817 field=maximum_speed suspicious sentinel value=999 -> NULL","logger":"lta_common","filename":"lta_common.py","lineno":143}
{"timestamp":"2026-04-15T12:31:27.863649Z","level":"warning","event":"[SANITIZE] link_id=56818 field=maximum_speed suspicious sentinel value=999 -> NULL","logger":"lta_common","filename":"lta_common.py","lineno":143}
{"timestamp":"2026-04-15T12:31:27.863691Z","level":"warning","event":"[SANITIZE] link_id=56819 field=maximum_speed suspicious sentinel value=999 -> NULL","logger":"lta_common","filename":"lta_common.py","lineno":143}
{"timestamp":"2026-04-15T12:31:27.863743Z","level":"warning","event":"[SANITIZE] link_id=56820 field=maximum_speed suspicious sentinel value=999 -> NULL","logger":"lta_common","filename":"lta_common.py","lineno":143}
{"timestamp":"2026-04-15T12:31:27.863806Z","level":"warning","event":"[SANITIZE] link_id=56823 field=maximum_speed suspicious sentinel value=999 -> NULL","logger":"lta_common","filename":"lta_common.py","lineno":143}
{"timestamp":"2026-04-15T12:31:27.863853Z","level":"warning","event":"[SANITIZE] link_id=56825 field=maximum_speed suspicious sentinel value=999 -> NULL","logger":"lta_common","filename":"lta_common.py","lineno":143}
{"timestamp":"2026-04-15T12:31:27.863894Z","level":"warning","event":"[SANITIZE] link_id=56826 field=maximum_speed suspicious sentinel value=999 -> NULL","logger":"lta_common","filename":"lta_common.py","lineno":143}
{"timestamp":"2026-04-15T12:31:27.863935Z","level":"warning","event":"[SANITIZE] link_id=56827 field=maximum_speed suspicious sentinel value=999 -> NULL","logger":"lta_common","filename":"lta_common.py","lineno":143}
{"timestamp":"2026-04-15T12:31:27.863976Z","level":"warning","event":"[SANITIZE] link_id=56828 field=maximum_speed suspicious sentinel value=999 -> NULL","logger":"lta_common","filename":"lta_common.py","lineno":143}
{"timestamp":"2026-04-15T12:31:27.864016Z","level":"warning","event":"[SANITIZE] link_id=56829 field=maximum_speed suspicious sentinel value=999 -> NULL","logger":"lta_common","filename":"lta_common.py","lineno":143}
{"timestamp":"2026-04-15T12:31:27.864067Z","level":"warning","event":"[SANITIZE] link_id=56832 field=maximum_speed suspicious sentinel value=999 -> NULL","logger":"lta_common","filename":"lta_common.py","lineno":143}
{"timestamp":"2026-04-15T12:31:27.864107Z","level":"warning","event":"[SANITIZE] link_id=56833 field=maximum_speed suspicious sentinel value=999 -> NULL","logger":"lta_common","filename":"lta_common.py","lineno":143}
{"timestamp":"2026-04-15T12:31:27.864147Z","level":"warning","event":"[SANITIZE] link_id=56834 field=maximum_speed suspicious sentinel value=999 -> NULL","logger":"lta_common","filename":"lta_common.py","lineno":143}
{"timestamp":"2026-04-15T12:31:27.864187Z","level":"warning","event":"[SANITIZE] link_id=56835 field=maximum_speed suspicious sentinel value=999 -> NULL","logger":"lta_common","filename":"lta_common.py","lineno":143}
{"timestamp":"2026-04-15T12:31:27.864226Z","level":"warning","event":"[SANITIZE] link_id=56836 field=maximum_speed suspicious sentinel value=999 -> NULL","logger":"lta_common","filename":"lta_common.py","lineno":143}
{"timestamp":"2026-04-15T12:31:27.864559Z","level":"warning","event":"[SANITIZE] link_id=56894 field=maximum_speed suspicious sentinel value=999 -> NULL","logger":"lta_common","filename":"lta_common.py","lineno":143}
{"timestamp":"2026-04-15T12:31:27.864644Z","level":"warning","event":"[SANITIZE] link_id=56902 field=maximum_speed suspicious sentinel value=999 -> NULL","logger":"lta_common","filename":"lta_common.py","lineno":143}
{"timestamp":"2026-04-15T12:31:27.864933Z","level":"warning","event":"[SANITIZE] link_id=56952 field=maximum_speed suspicious sentinel value=999 -> NULL","logger":"lta_common","filename":"lta_common.py","lineno":143}
{"timestamp":"2026-04-15T12:31:27.864979Z","level":"warning","event":"[SANITIZE] link_id=56954 field=maximum_speed suspicious sentinel value=999 -> NULL","logger":"lta_common","filename":"lta_common.py","lineno":143}
{"timestamp":"2026-04-15T12:31:27.865034Z","level":"warning","event":"[SANITIZE] link_id=56958 field=maximum_speed suspicious sentinel value=999 -> NULL","logger":"lta_common","filename":"lta_common.py","lineno":143}
{"timestamp":"2026-04-15T12:31:27.865089Z","level":"warning","event":"[SANITIZE] link_id=56962 field=maximum_speed suspicious sentinel value=999 -> NULL","logger":"lta_common","filename":"lta_common.py","lineno":143}
{"timestamp":"2026-04-15T12:31:27.865249Z","level":"warning","event":"[SANITIZE] link_id=56989 field=maximum_speed suspicious sentinel value=999 -> NULL","logger":"lta_common","filename":"lta_common.py","lineno":143}
{"timestamp":"2026-04-15T12:31:27.865310Z","level":"warning","event":"[SANITIZE] link_id=56994 field=maximum_speed suspicious sentinel value=999 -> NULL","logger":"lta_common","filename":"lta_common.py","lineno":143}
{"timestamp":"2026-04-15T12:31:27.865360Z","level":"warning","event":"[SANITIZE] link_id=56997 field=maximum_speed suspicious sentinel value=999 -> NULL","logger":"lta_common","filename":"lta_common.py","lineno":143}
{"timestamp":"2026-04-15T12:31:27.865426Z","level":"warning","event":"[SANITIZE] link_id=57003 field=maximum_speed suspicious sentinel value=999 -> NULL","logger":"lta_common","filename":"lta_common.py","lineno":143}
{"timestamp":"2026-04-15T12:31:27.865467Z","level":"warning","event":"[SANITIZE] link_id=57004 field=maximum_speed suspicious sentinel value=999 -> NULL","logger":"lta_common","filename":"lta_common.py","lineno":143}
{"timestamp":"2026-04-15T12:31:27.865512Z","level":"warning","event":"[SANITIZE] link_id=57006 field=maximum_speed suspicious sentinel value=999 -> NULL","logger":"lta_common","filename":"lta_common.py","lineno":143}
{"timestamp":"2026-04-15T12:31:27.865596Z","level":"warning","event":"[SANITIZE] link_id=57009 field=maximum_speed suspicious sentinel value=999 -> NULL","logger":"lta_common","filename":"lta_common.py","lineno":143}
{"timestamp":"2026-04-15T12:31:27.865656Z","level":"warning","event":"[SANITIZE] link_id=57010 field=maximum_speed suspicious sentinel value=999 -> NULL","logger":"lta_common","filename":"lta_common.py","lineno":143}
{"timestamp":"2026-04-15T12:31:27.865699Z","level":"warning","event":"[SANITIZE] link_id=57011 field=maximum_speed suspicious sentinel value=999 -> NULL","logger":"lta_common","filename":"lta_common.py","lineno":143}
{"timestamp":"2026-04-15T12:31:27.865741Z","level":"warning","event":"[SANITIZE] link_id=57012 field=maximum_speed suspicious sentinel value=999 -> NULL","logger":"lta_common","filename":"lta_common.py","lineno":143}
{"timestamp":"2026-04-15T12:31:27.865782Z","level":"warning","event":"[SANITIZE] link_id=57013 field=maximum_speed suspicious sentinel value=999 -> NULL","logger":"lta_common","filename":"lta_common.py","lineno":143}
{"timestamp":"2026-04-15T12:31:27.865837Z","level":"warning","event":"[SANITIZE] link_id=57017 field=maximum_speed suspicious sentinel value=999 -> NULL","logger":"lta_common","filename":"lta_common.py","lineno":143}
{"timestamp":"2026-04-15T12:31:27.865882Z","level":"warning","event":"[SANITIZE] link_id=57019 field=maximum_speed suspicious sentinel value=999 -> NULL","logger":"lta_common","filename":"lta_common.py","lineno":143}
{"timestamp":"2026-04-15T12:31:27.865923Z","level":"warning","event":"[SANITIZE] link_id=57020 field=maximum_speed suspicious sentinel value=999 -> NULL","logger":"lta_common","filename":"lta_common.py","lineno":143}
{"timestamp":"2026-04-15T12:31:27.866179Z","level":"warning","event":"[SANITIZE] link_id=57065 field=maximum_speed suspicious sentinel value=999 -> NULL","logger":"lta_common","filename":"lta_common.py","lineno":143}
{"timestamp":"2026-04-15T12:31:27.866223Z","level":"warning","event":"[SANITIZE] link_id=57066 field=maximum_speed suspicious sentinel value=999 -> NULL","logger":"lta_common","filename":"lta_common.py","lineno":143}
{"timestamp":"2026-04-15T12:31:27.866301Z","level":"warning","event":"[SANITIZE] link_id=57074 field=maximum_speed suspicious sentinel value=999 -> NULL","logger":"lta_common","filename":"lta_common.py","lineno":143}
{"timestamp":"2026-04-15T12:31:27.866362Z","level":"warning","event":"[SANITIZE] link_id=57080 field=maximum_speed suspicious sentinel value=999 -> NULL","logger":"lta_common","filename":"lta_common.py","lineno":143}
{"timestamp":"2026-04-15T12:31:27.866492Z","level":"warning","event":"[SANITIZE] link_id=57109 field=maximum_speed suspicious sentinel value=999 -> NULL","logger":"lta_common","filename":"lta_common.py","lineno":143}
{"timestamp":"2026-04-15T12:31:27.866548Z","level":"warning","event":"[SANITIZE] link_id=57110 field=maximum_speed suspicious sentinel value=999 -> NULL","logger":"lta_common","filename":"lta_common.py","lineno":143}
{"timestamp":"2026-04-15T12:31:27.868046Z","level":"info","event":"[CLEAN DONE] rows=500 | null_speed_band=0 | null_minimum_speed=0 | null_maximum_speed=49","logger":"lta_common","filename":"lta_common.py","lineno":238}
{"timestamp":"2026-04-15T12:31:27.869333Z","level":"info","event":"STEP 5: built cleaned snapshot dataframe rows=500","logger":"2_refresh_traffic_speed","filename":"2_refresh_traffic_speed.py","lineno":44}
{"timestamp":"2026-04-15T12:31:27.869820Z","level":"info","event":"[LATEST PREP] rows=500 | missing_measurement_rows=0","logger":"lta_common","filename":"lta_common.py","lineno":271}
{"timestamp":"2026-04-15T12:31:27.870201Z","level":"info","event":"[UPSERT START] upserting 500 rows into traffic_speed_latest","logger":"lta_common","filename":"lta_common.py","lineno":348}
{"timestamp":"2026-04-15T12:31:27.870650Z","level":"info","event":"[UPSERT DEBUG] max_link_id=57395 | min_link_id=56767 | max_speed_band=8 | min_speed_band=1 | max_minimum_speed=70 | min_minimum_speed=0 | max_maximum_speed=69.0 | min_maximum_speed=9.0","logger":"lta_common","filename":"lta_common.py","lineno":350}
{"timestamp":"2026-04-15T12:31:28.392795Z","level":"info","event":"[UPSERT DONE] upserted=500 rows into traffic_speed_latest","logger":"lta_common","filename":"lta_common.py","lineno":388}
{"timestamp":"2026-04-15T12:31:28.395159Z","level":"info","event":"[SAVE START] inserting 500 rows into traffic_speed_recent","logger":"lta_common","filename":"lta_common.py","lineno":319}
{"timestamp":"2026-04-15T12:31:28.811781Z","level":"info","event":"[SAVE DONE] inserted=500 rows into traffic_speed_recent","logger":"lta_common","filename":"lta_common.py","lineno":337}
{"timestamp":"2026-04-15T12:31:28.812429Z","level":"info","event":"STEP 6: page saved skip=39000 | pages=79 | latest_rows=39500 | recent_rows=39500","logger":"2_refresh_traffic_speed","filename":"2_refresh_traffic_speed.py","lineno":56}
{"timestamp":"2026-04-15T12:31:28.812743Z","level":"info","event":"========== PAGE START ==========","logger":"lta_common","filename":"lta_common.py","lineno":53}
{"timestamp":"2026-04-15T12:31:28.812940Z","level":"info","event":"[FETCH] requesting rows 39500–39999","logger":"lta_common","filename":"lta_common.py","lineno":54}
{"timestamp":"2026-04-15T12:31:28.813112Z","level":"info","event":"Fetching page from LTA: skip=39500","logger":"lta_common","filename":"lta_common.py","lineno":36}
{"timestamp":"2026-04-15T12:31:29.146942Z","level":"info","event":"Retrieved 500 rows from LTA at skip=39500","logger":"lta_common","filename":"lta_common.py","lineno":44}
{"timestamp":"2026-04-15T12:31:29.149428Z","level":"info","event":"[FETCH DONE] retrieved=500 rows at skip=39500","logger":"lta_common","filename":"lta_common.py","lineno":59}
{"timestamp":"2026-04-15T12:31:29.149717Z","level":"info","event":"STEP 4: processing page skip=39500 rows=500","logger":"2_refresh_traffic_speed","filename":"2_refresh_traffic_speed.py","lineno":41}
{"timestamp":"2026-04-15T12:31:29.160629Z","level":"warning","event":"[SANITIZE] link_id=57748 field=maximum_speed suspicious sentinel value=999 -> NULL","logger":"lta_common","filename":"lta_common.py","lineno":143}
{"timestamp":"2026-04-15T12:31:29.162195Z","level":"info","event":"[CLEAN DONE] rows=500 | null_speed_band=0 | null_minimum_speed=0 | null_maximum_speed=1","logger":"lta_common","filename":"lta_common.py","lineno":238}
{"timestamp":"2026-04-15T12:31:29.163297Z","level":"info","event":"STEP 5: built cleaned snapshot dataframe rows=500","logger":"2_refresh_traffic_speed","filename":"2_refresh_traffic_speed.py","lineno":44}
{"timestamp":"2026-04-15T12:31:29.163746Z","level":"info","event":"[LATEST PREP] rows=500 | missing_measurement_rows=0","logger":"lta_common","filename":"lta_common.py","lineno":271}
{"timestamp":"2026-04-15T12:31:29.164094Z","level":"info","event":"[UPSERT START] upserting 500 rows into traffic_speed_latest","logger":"lta_common","filename":"lta_common.py","lineno":348}
{"timestamp":"2026-04-15T12:31:29.164470Z","level":"info","event":"[UPSERT DEBUG] max_link_id=58130 | min_link_id=57398 | max_speed_band=8 | min_speed_band=1 | max_minimum_speed=70 | min_minimum_speed=0 | max_maximum_speed=69.0 | min_maximum_speed=9.0","logger":"lta_common","filename":"lta_common.py","lineno":350}
{"timestamp":"2026-04-15T12:31:29.655091Z","level":"info","event":"[UPSERT DONE] upserted=500 rows into traffic_speed_latest","logger":"lta_common","filename":"lta_common.py","lineno":388}
{"timestamp":"2026-04-15T12:31:29.658138Z","level":"info","event":"[SAVE START] inserting 500 rows into traffic_speed_recent","logger":"lta_common","filename":"lta_common.py","lineno":319}
{"timestamp":"2026-04-15T12:31:30.163671Z","level":"info","event":"[SAVE DONE] inserted=500 rows into traffic_speed_recent","logger":"lta_common","filename":"lta_common.py","lineno":337}
{"timestamp":"2026-04-15T12:31:30.163871Z","level":"info","event":"STEP 6: page saved skip=39500 | pages=80 | latest_rows=40000 | recent_rows=40000","logger":"2_refresh_traffic_speed","filename":"2_refresh_traffic_speed.py","lineno":56}
{"timestamp":"2026-04-15T12:31:30.163924Z","level":"info","event":"========== PAGE START ==========","logger":"lta_common","filename":"lta_common.py","lineno":53}
{"timestamp":"2026-04-15T12:31:30.163953Z","level":"info","event":"[FETCH] requesting rows 40000–40499","logger":"lta_common","filename":"lta_common.py","lineno":54}
{"timestamp":"2026-04-15T12:31:30.164011Z","level":"info","event":"Fetching page from LTA: skip=40000","logger":"lta_common","filename":"lta_common.py","lineno":36}
{"timestamp":"2026-04-15T12:31:30.441341Z","level":"info","event":"Retrieved 500 rows from LTA at skip=40000","logger":"lta_common","filename":"lta_common.py","lineno":44}
{"timestamp":"2026-04-15T12:31:30.442809Z","level":"info","event":"[FETCH DONE] retrieved=500 rows at skip=40000","logger":"lta_common","filename":"lta_common.py","lineno":59}
{"timestamp":"2026-04-15T12:31:30.443038Z","level":"info","event":"STEP 4: processing page skip=40000 rows=500","logger":"2_refresh_traffic_speed","filename":"2_refresh_traffic_speed.py","lineno":41}
{"timestamp":"2026-04-15T12:31:30.451669Z","level":"info","event":"[CLEAN DONE] rows=500 | null_speed_band=0 | null_minimum_speed=0 | null_maximum_speed=0","logger":"lta_common","filename":"lta_common.py","lineno":238}
{"timestamp":"2026-04-15T12:31:30.452654Z","level":"info","event":"STEP 5: built cleaned snapshot dataframe rows=500","logger":"2_refresh_traffic_speed","filename":"2_refresh_traffic_speed.py","lineno":44}
{"timestamp":"2026-04-15T12:31:30.453024Z","level":"info","event":"[LATEST PREP] rows=500 | missing_measurement_rows=0","logger":"lta_common","filename":"lta_common.py","lineno":271}
{"timestamp":"2026-04-15T12:31:30.453269Z","level":"info","event":"[UPSERT START] upserting 500 rows into traffic_speed_latest","logger":"lta_common","filename":"lta_common.py","lineno":348}
{"timestamp":"2026-04-15T12:31:30.453604Z","level":"info","event":"[UPSERT DEBUG] max_link_id=58878 | min_link_id=58131 | max_speed_band=6 | min_speed_band=1 | max_minimum_speed=50 | min_minimum_speed=0 | max_maximum_speed=59 | min_maximum_speed=9","logger":"lta_common","filename":"lta_common.py","lineno":350}
{"timestamp":"2026-04-15T12:31:30.790679Z","level":"info","event":"[UPSERT DONE] upserted=500 rows into traffic_speed_latest","logger":"lta_common","filename":"lta_common.py","lineno":388}
{"timestamp":"2026-04-15T12:31:30.791130Z","level":"info","event":"[SAVE START] inserting 500 rows into traffic_speed_recent","logger":"lta_common","filename":"lta_common.py","lineno":319}
{"timestamp":"2026-04-15T12:31:31.199777Z","level":"info","event":"[SAVE DONE] inserted=500 rows into traffic_speed_recent","logger":"lta_common","filename":"lta_common.py","lineno":337}
{"timestamp":"2026-04-15T12:31:31.199947Z","level":"info","event":"STEP 6: page saved skip=40000 | pages=81 | latest_rows=40500 | recent_rows=40500","logger":"2_refresh_traffic_speed","filename":"2_refresh_traffic_speed.py","lineno":56}
{"timestamp":"2026-04-15T12:31:31.200019Z","level":"info","event":"========== PAGE START ==========","logger":"lta_common","filename":"lta_common.py","lineno":53}
{"timestamp":"2026-04-15T12:31:31.200075Z","level":"info","event":"[FETCH] requesting rows 40500–40999","logger":"lta_common","filename":"lta_common.py","lineno":54}
{"timestamp":"2026-04-15T12:31:31.200137Z","level":"info","event":"Fetching page from LTA: skip=40500","logger":"lta_common","filename":"lta_common.py","lineno":36}
{"timestamp":"2026-04-15T12:31:31.508316Z","level":"info","event":"Retrieved 500 rows from LTA at skip=40500","logger":"lta_common","filename":"lta_common.py","lineno":44}
{"timestamp":"2026-04-15T12:31:31.509582Z","level":"info","event":"[FETCH DONE] retrieved=500 rows at skip=40500","logger":"lta_common","filename":"lta_common.py","lineno":59}
{"timestamp":"2026-04-15T12:31:31.509806Z","level":"info","event":"STEP 4: processing page skip=40500 rows=500","logger":"2_refresh_traffic_speed","filename":"2_refresh_traffic_speed.py","lineno":41}
{"timestamp":"2026-04-15T12:31:31.516191Z","level":"warning","event":"[SANITIZE] link_id=59068 field=maximum_speed suspicious sentinel value=999 -> NULL","logger":"lta_common","filename":"lta_common.py","lineno":143}
{"timestamp":"2026-04-15T12:31:31.517483Z","level":"info","event":"[CLEAN DONE] rows=500 | null_speed_band=0 | null_minimum_speed=0 | null_maximum_speed=1","logger":"lta_common","filename":"lta_common.py","lineno":238}
{"timestamp":"2026-04-15T12:31:31.518359Z","level":"info","event":"STEP 5: built cleaned snapshot dataframe rows=500","logger":"2_refresh_traffic_speed","filename":"2_refresh_traffic_speed.py","lineno":44}
{"timestamp":"2026-04-15T12:31:31.518697Z","level":"info","event":"[LATEST PREP] rows=500 | missing_measurement_rows=0","logger":"lta_common","filename":"lta_common.py","lineno":271}
{"timestamp":"2026-04-15T12:31:31.518941Z","level":"info","event":"[UPSERT START] upserting 500 rows into traffic_speed_latest","logger":"lta_common","filename":"lta_common.py","lineno":348}
{"timestamp":"2026-04-15T12:31:31.519224Z","level":"info","event":"[UPSERT DEBUG] max_link_id=59567 | min_link_id=58879 | max_speed_band=8 | min_speed_band=1 | max_minimum_speed=70 | min_minimum_speed=0 | max_maximum_speed=59.0 | min_maximum_speed=9.0","logger":"lta_common","filename":"lta_common.py","lineno":350}
{"timestamp":"2026-04-15T12:31:31.857818Z","level":"info","event":"[UPSERT DONE] upserted=500 rows into traffic_speed_latest","logger":"lta_common","filename":"lta_common.py","lineno":388}
{"timestamp":"2026-04-15T12:31:31.858466Z","level":"info","event":"[SAVE START] inserting 500 rows into traffic_speed_recent","logger":"lta_common","filename":"lta_common.py","lineno":319}
{"timestamp":"2026-04-15T12:31:32.252351Z","level":"info","event":"[SAVE DONE] inserted=500 rows into traffic_speed_recent","logger":"lta_common","filename":"lta_common.py","lineno":337}
{"timestamp":"2026-04-15T12:31:32.252460Z","level":"info","event":"STEP 6: page saved skip=40500 | pages=82 | latest_rows=41000 | recent_rows=41000","logger":"2_refresh_traffic_speed","filename":"2_refresh_traffic_speed.py","lineno":56}
{"timestamp":"2026-04-15T12:31:32.252490Z","level":"info","event":"========== PAGE START ==========","logger":"lta_common","filename":"lta_common.py","lineno":53}
{"timestamp":"2026-04-15T12:31:32.252512Z","level":"info","event":"[FETCH] requesting rows 41000–41499","logger":"lta_common","filename":"lta_common.py","lineno":54}
{"timestamp":"2026-04-15T12:31:32.252548Z","level":"info","event":"Fetching page from LTA: skip=41000","logger":"lta_common","filename":"lta_common.py","lineno":36}
{"timestamp":"2026-04-15T12:31:32.535560Z","level":"info","event":"Retrieved 500 rows from LTA at skip=41000","logger":"lta_common","filename":"lta_common.py","lineno":44}
{"timestamp":"2026-04-15T12:31:32.536756Z","level":"info","event":"[FETCH DONE] retrieved=500 rows at skip=41000","logger":"lta_common","filename":"lta_common.py","lineno":59}
{"timestamp":"2026-04-15T12:31:32.536857Z","level":"info","event":"STEP 4: processing page skip=41000 rows=500","logger":"2_refresh_traffic_speed","filename":"2_refresh_traffic_speed.py","lineno":41}
{"timestamp":"2026-04-15T12:31:32.543555Z","level":"warning","event":"[SANITIZE] link_id=59737 field=maximum_speed suspicious sentinel value=999 -> NULL","logger":"lta_common","filename":"lta_common.py","lineno":143}
{"timestamp":"2026-04-15T12:31:32.543607Z","level":"warning","event":"[SANITIZE] link_id=59738 field=maximum_speed suspicious sentinel value=999 -> NULL","logger":"lta_common","filename":"lta_common.py","lineno":143}
{"timestamp":"2026-04-15T12:31:32.543654Z","level":"warning","event":"[SANITIZE] link_id=59747 field=maximum_speed suspicious sentinel value=999 -> NULL","logger":"lta_common","filename":"lta_common.py","lineno":143}
{"timestamp":"2026-04-15T12:31:32.543764Z","level":"warning","event":"[SANITIZE] link_id=59783 field=maximum_speed suspicious sentinel value=999 -> NULL","logger":"lta_common","filename":"lta_common.py","lineno":143}
{"timestamp":"2026-04-15T12:31:32.543788Z","level":"warning","event":"[SANITIZE] link_id=59784 field=maximum_speed suspicious sentinel value=999 -> NULL","logger":"lta_common","filename":"lta_common.py","lineno":143}
{"timestamp":"2026-04-15T12:31:32.543810Z","level":"warning","event":"[SANITIZE] link_id=59785 field=maximum_speed suspicious sentinel value=999 -> NULL","logger":"lta_common","filename":"lta_common.py","lineno":143}
{"timestamp":"2026-04-15T12:31:32.545035Z","level":"info","event":"[CLEAN DONE] rows=500 | null_speed_band=0 | null_minimum_speed=0 | null_maximum_speed=6","logger":"lta_common","filename":"lta_common.py","lineno":238}
{"timestamp":"2026-04-15T12:31:32.545866Z","level":"info","event":"STEP 5: built cleaned snapshot dataframe rows=500","logger":"2_refresh_traffic_speed","filename":"2_refresh_traffic_speed.py","lineno":44}
{"timestamp":"2026-04-15T12:31:32.546162Z","level":"info","event":"[LATEST PREP] rows=500 | missing_measurement_rows=0","logger":"lta_common","filename":"lta_common.py","lineno":271}
{"timestamp":"2026-04-15T12:31:32.546392Z","level":"info","event":"[UPSERT START] upserting 500 rows into traffic_speed_latest","logger":"lta_common","filename":"lta_common.py","lineno":348}
{"timestamp":"2026-04-15T12:31:32.546677Z","level":"info","event":"[UPSERT DEBUG] max_link_id=60275 | min_link_id=59568 | max_speed_band=8 | min_speed_band=1 | max_minimum_speed=70 | min_minimum_speed=0 | max_maximum_speed=69.0 | min_maximum_speed=9.0","logger":"lta_common","filename":"lta_common.py","lineno":350}
{"timestamp":"2026-04-15T12:31:32.901890Z","level":"info","event":"[UPSERT DONE] upserted=500 rows into traffic_speed_latest","logger":"lta_common","filename":"lta_common.py","lineno":388}
{"timestamp":"2026-04-15T12:31:32.902344Z","level":"info","event":"[SAVE START] inserting 500 rows into traffic_speed_recent","logger":"lta_common","filename":"lta_common.py","lineno":319}
{"timestamp":"2026-04-15T12:31:33.307829Z","level":"info","event":"[SAVE DONE] inserted=500 rows into traffic_speed_recent","logger":"lta_common","filename":"lta_common.py","lineno":337}
{"timestamp":"2026-04-15T12:31:33.307967Z","level":"info","event":"STEP 6: page saved skip=41000 | pages=83 | latest_rows=41500 | recent_rows=41500","logger":"2_refresh_traffic_speed","filename":"2_refresh_traffic_speed.py","lineno":56}
{"timestamp":"2026-04-15T12:31:33.308010Z","level":"info","event":"========== PAGE START ==========","logger":"lta_common","filename":"lta_common.py","lineno":53}
{"timestamp":"2026-04-15T12:31:33.308036Z","level":"info","event":"[FETCH] requesting rows 41500–41999","logger":"lta_common","filename":"lta_common.py","lineno":54}
{"timestamp":"2026-04-15T12:31:33.308075Z","level":"info","event":"Fetching page from LTA: skip=41500","logger":"lta_common","filename":"lta_common.py","lineno":36}
{"timestamp":"2026-04-15T12:31:33.564029Z","level":"info","event":"Retrieved 500 rows from LTA at skip=41500","logger":"lta_common","filename":"lta_common.py","lineno":44}
{"timestamp":"2026-04-15T12:31:33.567189Z","level":"info","event":"[FETCH DONE] retrieved=500 rows at skip=41500","logger":"lta_common","filename":"lta_common.py","lineno":59}
{"timestamp":"2026-04-15T12:31:33.567788Z","level":"info","event":"STEP 4: processing page skip=41500 rows=500","logger":"2_refresh_traffic_speed","filename":"2_refresh_traffic_speed.py","lineno":41}
{"timestamp":"2026-04-15T12:31:33.578044Z","level":"info","event":"[CLEAN DONE] rows=500 | null_speed_band=0 | null_minimum_speed=0 | null_maximum_speed=0","logger":"lta_common","filename":"lta_common.py","lineno":238}
{"timestamp":"2026-04-15T12:31:33.578947Z","level":"info","event":"STEP 5: built cleaned snapshot dataframe rows=500","logger":"2_refresh_traffic_speed","filename":"2_refresh_traffic_speed.py","lineno":44}
{"timestamp":"2026-04-15T12:31:33.579285Z","level":"info","event":"[LATEST PREP] rows=500 | missing_measurement_rows=0","logger":"lta_common","filename":"lta_common.py","lineno":271}
{"timestamp":"2026-04-15T12:31:33.579512Z","level":"info","event":"[UPSERT START] upserting 500 rows into traffic_speed_latest","logger":"lta_common","filename":"lta_common.py","lineno":348}
{"timestamp":"2026-04-15T12:31:33.579839Z","level":"info","event":"[UPSERT DEBUG] max_link_id=61502 | min_link_id=60278 | max_speed_band=7 | min_speed_band=1 | max_minimum_speed=60 | min_minimum_speed=0 | max_maximum_speed=69 | min_maximum_speed=9","logger":"lta_common","filename":"lta_common.py","lineno":350}
{"timestamp":"2026-04-15T12:31:33.961408Z","level":"info","event":"[UPSERT DONE] upserted=500 rows into traffic_speed_latest","logger":"lta_common","filename":"lta_common.py","lineno":388}
{"timestamp":"2026-04-15T12:31:33.963248Z","level":"info","event":"[SAVE START] inserting 500 rows into traffic_speed_recent","logger":"lta_common","filename":"lta_common.py","lineno":319}
{"timestamp":"2026-04-15T12:31:34.346779Z","level":"info","event":"[SAVE DONE] inserted=500 rows into traffic_speed_recent","logger":"lta_common","filename":"lta_common.py","lineno":337}
{"timestamp":"2026-04-15T12:31:34.347341Z","level":"info","event":"STEP 6: page saved skip=41500 | pages=84 | latest_rows=42000 | recent_rows=42000","logger":"2_refresh_traffic_speed","filename":"2_refresh_traffic_speed.py","lineno":56}
{"timestamp":"2026-04-15T12:31:34.347511Z","level":"info","event":"========== PAGE START ==========","logger":"lta_common","filename":"lta_common.py","lineno":53}
{"timestamp":"2026-04-15T12:31:34.347742Z","level":"info","event":"[FETCH] requesting rows 42000–42499","logger":"lta_common","filename":"lta_common.py","lineno":54}
{"timestamp":"2026-04-15T12:31:34.347890Z","level":"info","event":"Fetching page from LTA: skip=42000","logger":"lta_common","filename":"lta_common.py","lineno":36}
