{"timestamp":"2026-04-15T11:47:06.144683Z","level":"info","event":"DAG bundles loaded: dags-folder","logger":"airflow.dag_processing.bundles.manager.DagBundlesManager","filename":"manager.py","lineno":179}
{"timestamp":"2026-04-15T11:47:06.145100Z","level":"info","event":"Filling up the DagBag from /opt/airflow/dags/2_refresh_traffic_speed.py","logger":"airflow.models.dagbag.BundleDagBag","filename":"dagbag.py","lineno":593}
{"timestamp":"2026-04-15T11:47:06.363563Z","level":"info","event":"STEP 1: start refresh_traffic_speed","logger":"unusual_prefix_faea391ec71b1d4b4651510353e4a48d62001c31_2_refresh_traffic_speed","filename":"2_refresh_traffic_speed.py","lineno":29}
{"timestamp":"2026-04-15T11:47:07.323398Z","level":"info","event":"STEP 2: connected to Supabase","logger":"unusual_prefix_faea391ec71b1d4b4651510353e4a48d62001c31_2_refresh_traffic_speed","filename":"2_refresh_traffic_speed.py","lineno":31}
{"timestamp":"2026-04-15T11:47:07.326598Z","level":"info","event":"STEP 3: snapshot timestamp = 2026-04-15 11:47:07.324321+00:00","logger":"unusual_prefix_faea391ec71b1d4b4651510353e4a48d62001c31_2_refresh_traffic_speed","filename":"2_refresh_traffic_speed.py","lineno":34}
{"timestamp":"2026-04-15T11:47:07.326861Z","level":"info","event":"========== PAGE START ==========","logger":"lta_common","filename":"lta_common.py","lineno":53}
{"timestamp":"2026-04-15T11:47:07.327513Z","level":"info","event":"[FETCH] requesting rows 0–499","logger":"lta_common","filename":"lta_common.py","lineno":54}
{"timestamp":"2026-04-15T11:47:07.328619Z","level":"info","event":"Fetching page from LTA: skip=0","logger":"lta_common","filename":"lta_common.py","lineno":36}
{"timestamp":"2026-04-15T11:47:07.769627Z","level":"info","event":"Retrieved 500 rows from LTA at skip=0","logger":"lta_common","filename":"lta_common.py","lineno":44}
{"timestamp":"2026-04-15T11:47:07.775518Z","level":"info","event":"[FETCH DONE] retrieved=500 rows at skip=0","logger":"lta_common","filename":"lta_common.py","lineno":59}
{"timestamp":"2026-04-15T11:47:07.775949Z","level":"info","event":"STEP 4: processing page skip=0 rows=500","logger":"unusual_prefix_faea391ec71b1d4b4651510353e4a48d62001c31_2_refresh_traffic_speed","filename":"2_refresh_traffic_speed.py","lineno":41}
{"timestamp":"2026-04-15T11:47:07.795312Z","level":"info","event":"[CLEAN DONE] rows=500 | null_speed_band=0 | null_minimum_speed=0 | null_maximum_speed=0","logger":"lta_common","filename":"lta_common.py","lineno":238}
{"timestamp":"2026-04-15T11:47:07.797429Z","level":"info","event":"STEP 5: built cleaned snapshot dataframe rows=500","logger":"unusual_prefix_faea391ec71b1d4b4651510353e4a48d62001c31_2_refresh_traffic_speed","filename":"2_refresh_traffic_speed.py","lineno":44}
{"timestamp":"2026-04-15T11:47:07.798380Z","level":"info","event":"[LATEST PREP] rows=500 | missing_measurement_rows=0","logger":"lta_common","filename":"lta_common.py","lineno":271}
{"timestamp":"2026-04-15T11:47:07.798976Z","level":"info","event":"[UPSERT START] upserting 500 rows into traffic_speed_latest","logger":"lta_common","filename":"lta_common.py","lineno":348}
{"timestamp":"2026-04-15T11:47:07.799663Z","level":"info","event":"[UPSERT DEBUG] max_link_id=719 | min_link_id=2 | max_speed_band=7 | min_speed_band=1 | max_minimum_speed=60 | min_minimum_speed=0 | max_maximum_speed=69 | min_maximum_speed=9","logger":"lta_common","filename":"lta_common.py","lineno":350}
{"timestamp":"2026-04-15T11:47:08.598110Z","level":"info","event":"[UPSERT DONE] upserted=500 rows into traffic_speed_latest","logger":"lta_common","filename":"lta_common.py","lineno":388}
{"timestamp":"2026-04-15T11:47:08.598504Z","level":"info","event":"[SAVE START] inserting 500 rows into traffic_speed_recent","logger":"lta_common","filename":"lta_common.py","lineno":319}
{"timestamp":"2026-04-15T11:47:09.163789Z","level":"info","event":"[SAVE DONE] inserted=500 rows into traffic_speed_recent","logger":"lta_common","filename":"lta_common.py","lineno":337}
{"timestamp":"2026-04-15T11:47:09.163923Z","level":"info","event":"STEP 6: page saved skip=0 | pages=1 | latest_rows=500 | recent_rows=500","logger":"unusual_prefix_faea391ec71b1d4b4651510353e4a48d62001c31_2_refresh_traffic_speed","filename":"2_refresh_traffic_speed.py","lineno":56}
{"timestamp":"2026-04-15T11:47:09.163963Z","level":"info","event":"========== PAGE START ==========","logger":"lta_common","filename":"lta_common.py","lineno":53}
{"timestamp":"2026-04-15T11:47:09.163986Z","level":"info","event":"[FETCH] requesting rows 500–999","logger":"lta_common","filename":"lta_common.py","lineno":54}
{"timestamp":"2026-04-15T11:47:09.164018Z","level":"info","event":"Fetching page from LTA: skip=500","logger":"lta_common","filename":"lta_common.py","lineno":36}
{"timestamp":"2026-04-15T11:47:09.507339Z","level":"info","event":"Retrieved 500 rows from LTA at skip=500","logger":"lta_common","filename":"lta_common.py","lineno":44}
{"timestamp":"2026-04-15T11:47:09.513027Z","level":"info","event":"[FETCH DONE] retrieved=500 rows at skip=500","logger":"lta_common","filename":"lta_common.py","lineno":59}
{"timestamp":"2026-04-15T11:47:09.513530Z","level":"info","event":"STEP 4: processing page skip=500 rows=500","logger":"unusual_prefix_faea391ec71b1d4b4651510353e4a48d62001c31_2_refresh_traffic_speed","filename":"2_refresh_traffic_speed.py","lineno":41}
{"timestamp":"2026-04-15T11:47:09.532755Z","level":"info","event":"[CLEAN DONE] rows=500 | null_speed_band=0 | null_minimum_speed=0 | null_maximum_speed=0","logger":"lta_common","filename":"lta_common.py","lineno":238}
{"timestamp":"2026-04-15T11:47:09.534484Z","level":"info","event":"STEP 5: built cleaned snapshot dataframe rows=500","logger":"unusual_prefix_faea391ec71b1d4b4651510353e4a48d62001c31_2_refresh_traffic_speed","filename":"2_refresh_traffic_speed.py","lineno":44}
{"timestamp":"2026-04-15T11:47:09.535180Z","level":"info","event":"[LATEST PREP] rows=500 | missing_measurement_rows=0","logger":"lta_common","filename":"lta_common.py","lineno":271}
{"timestamp":"2026-04-15T11:47:09.535615Z","level":"info","event":"[UPSERT START] upserting 500 rows into traffic_speed_latest","logger":"lta_common","filename":"lta_common.py","lineno":348}
{"timestamp":"2026-04-15T11:47:09.536165Z","level":"info","event":"[UPSERT DEBUG] max_link_id=1488 | min_link_id=720 | max_speed_band=6 | min_speed_band=1 | max_minimum_speed=50 | min_minimum_speed=0 | max_maximum_speed=59 | min_maximum_speed=9","logger":"lta_common","filename":"lta_common.py","lineno":350}
{"timestamp":"2026-04-15T11:47:10.035751Z","level":"info","event":"[UPSERT DONE] upserted=500 rows into traffic_speed_latest","logger":"lta_common","filename":"lta_common.py","lineno":388}
{"timestamp":"2026-04-15T11:47:10.038172Z","level":"info","event":"[SAVE START] inserting 500 rows into traffic_speed_recent","logger":"lta_common","filename":"lta_common.py","lineno":319}
{"timestamp":"2026-04-15T11:47:10.813792Z","level":"info","event":"[SAVE DONE] inserted=500 rows into traffic_speed_recent","logger":"lta_common","filename":"lta_common.py","lineno":337}
{"timestamp":"2026-04-15T11:47:10.814448Z","level":"info","event":"STEP 6: page saved skip=500 | pages=2 | latest_rows=1000 | recent_rows=1000","logger":"unusual_prefix_faea391ec71b1d4b4651510353e4a48d62001c31_2_refresh_traffic_speed","filename":"2_refresh_traffic_speed.py","lineno":56}
{"timestamp":"2026-04-15T11:47:10.814646Z","level":"info","event":"========== PAGE START ==========","logger":"lta_common","filename":"lta_common.py","lineno":53}
{"timestamp":"2026-04-15T11:47:10.814786Z","level":"info","event":"[FETCH] requesting rows 1000–1499","logger":"lta_common","filename":"lta_common.py","lineno":54}
{"timestamp":"2026-04-15T11:47:10.815004Z","level":"info","event":"Fetching page from LTA: skip=1000","logger":"lta_common","filename":"lta_common.py","lineno":36}
{"timestamp":"2026-04-15T11:47:11.126284Z","level":"info","event":"Retrieved 500 rows from LTA at skip=1000","logger":"lta_common","filename":"lta_common.py","lineno":44}
{"timestamp":"2026-04-15T11:47:11.129603Z","level":"info","event":"[FETCH DONE] retrieved=500 rows at skip=1000","logger":"lta_common","filename":"lta_common.py","lineno":59}
{"timestamp":"2026-04-15T11:47:11.130008Z","level":"info","event":"STEP 4: processing page skip=1000 rows=500","logger":"unusual_prefix_faea391ec71b1d4b4651510353e4a48d62001c31_2_refresh_traffic_speed","filename":"2_refresh_traffic_speed.py","lineno":41}
{"timestamp":"2026-04-15T11:47:11.138289Z","level":"info","event":"[CLEAN DONE] rows=500 | null_speed_band=0 | null_minimum_speed=0 | null_maximum_speed=0","logger":"lta_common","filename":"lta_common.py","lineno":238}
{"timestamp":"2026-04-15T11:47:11.139330Z","level":"info","event":"STEP 5: built cleaned snapshot dataframe rows=500","logger":"unusual_prefix_faea391ec71b1d4b4651510353e4a48d62001c31_2_refresh_traffic_speed","filename":"2_refresh_traffic_speed.py","lineno":44}
{"timestamp":"2026-04-15T11:47:11.139766Z","level":"info","event":"[LATEST PREP] rows=500 | missing_measurement_rows=0","logger":"lta_common","filename":"lta_common.py","lineno":271}
{"timestamp":"2026-04-15T11:47:11.140108Z","level":"info","event":"[UPSERT START] upserting 500 rows into traffic_speed_latest","logger":"lta_common","filename":"lta_common.py","lineno":348}
{"timestamp":"2026-04-15T11:47:11.140467Z","level":"info","event":"[UPSERT DEBUG] max_link_id=2215 | min_link_id=1492 | max_speed_band=7 | min_speed_band=1 | max_minimum_speed=60 | min_minimum_speed=0 | max_maximum_speed=69 | min_maximum_speed=9","logger":"lta_common","filename":"lta_common.py","lineno":350}
{"timestamp":"2026-04-15T11:47:11.671104Z","level":"info","event":"[UPSERT DONE] upserted=500 rows into traffic_speed_latest","logger":"lta_common","filename":"lta_common.py","lineno":388}
{"timestamp":"2026-04-15T11:47:11.671836Z","level":"info","event":"[SAVE START] inserting 500 rows into traffic_speed_recent","logger":"lta_common","filename":"lta_common.py","lineno":319}
{"timestamp":"2026-04-15T11:47:12.281388Z","level":"info","event":"[SAVE DONE] inserted=500 rows into traffic_speed_recent","logger":"lta_common","filename":"lta_common.py","lineno":337}
{"timestamp":"2026-04-15T11:47:12.281490Z","level":"info","event":"STEP 6: page saved skip=1000 | pages=3 | latest_rows=1500 | recent_rows=1500","logger":"unusual_prefix_faea391ec71b1d4b4651510353e4a48d62001c31_2_refresh_traffic_speed","filename":"2_refresh_traffic_speed.py","lineno":56}
{"timestamp":"2026-04-15T11:47:12.281518Z","level":"info","event":"========== PAGE START ==========","logger":"lta_common","filename":"lta_common.py","lineno":53}
{"timestamp":"2026-04-15T11:47:12.281542Z","level":"info","event":"[FETCH] requesting rows 1500–1999","logger":"lta_common","filename":"lta_common.py","lineno":54}
{"timestamp":"2026-04-15T11:47:12.281570Z","level":"info","event":"Fetching page from LTA: skip=1500","logger":"lta_common","filename":"lta_common.py","lineno":36}
{"timestamp":"2026-04-15T11:47:12.549373Z","level":"info","event":"Retrieved 500 rows from LTA at skip=1500","logger":"lta_common","filename":"lta_common.py","lineno":44}
{"timestamp":"2026-04-15T11:47:12.550623Z","level":"info","event":"[FETCH DONE] retrieved=500 rows at skip=1500","logger":"lta_common","filename":"lta_common.py","lineno":59}
{"timestamp":"2026-04-15T11:47:12.550819Z","level":"info","event":"STEP 4: processing page skip=1500 rows=500","logger":"unusual_prefix_faea391ec71b1d4b4651510353e4a48d62001c31_2_refresh_traffic_speed","filename":"2_refresh_traffic_speed.py","lineno":41}
{"timestamp":"2026-04-15T11:47:12.558462Z","level":"info","event":"[CLEAN DONE] rows=500 | null_speed_band=0 | null_minimum_speed=0 | null_maximum_speed=0","logger":"lta_common","filename":"lta_common.py","lineno":238}
{"timestamp":"2026-04-15T11:47:12.559224Z","level":"info","event":"STEP 5: built cleaned snapshot dataframe rows=500","logger":"unusual_prefix_faea391ec71b1d4b4651510353e4a48d62001c31_2_refresh_traffic_speed","filename":"2_refresh_traffic_speed.py","lineno":44}
{"timestamp":"2026-04-15T11:47:12.559531Z","level":"info","event":"[LATEST PREP] rows=500 | missing_measurement_rows=0","logger":"lta_common","filename":"lta_common.py","lineno":271}
{"timestamp":"2026-04-15T11:47:12.559757Z","level":"info","event":"[UPSERT START] upserting 500 rows into traffic_speed_latest","logger":"lta_common","filename":"lta_common.py","lineno":348}
{"timestamp":"2026-04-15T11:47:12.560033Z","level":"info","event":"[UPSERT DEBUG] max_link_id=3055 | min_link_id=2216 | max_speed_band=6 | min_speed_band=1 | max_minimum_speed=50 | min_minimum_speed=0 | max_maximum_speed=59 | min_maximum_speed=9","logger":"lta_common","filename":"lta_common.py","lineno":350}
{"timestamp":"2026-04-15T11:47:13.035517Z","level":"info","event":"[UPSERT DONE] upserted=500 rows into traffic_speed_latest","logger":"lta_common","filename":"lta_common.py","lineno":388}
{"timestamp":"2026-04-15T11:47:13.035902Z","level":"info","event":"[SAVE START] inserting 500 rows into traffic_speed_recent","logger":"lta_common","filename":"lta_common.py","lineno":319}
{"timestamp":"2026-04-15T11:47:13.630295Z","level":"info","event":"[SAVE DONE] inserted=500 rows into traffic_speed_recent","logger":"lta_common","filename":"lta_common.py","lineno":337}
{"timestamp":"2026-04-15T11:47:13.630396Z","level":"info","event":"STEP 6: page saved skip=1500 | pages=4 | latest_rows=2000 | recent_rows=2000","logger":"unusual_prefix_faea391ec71b1d4b4651510353e4a48d62001c31_2_refresh_traffic_speed","filename":"2_refresh_traffic_speed.py","lineno":56}
{"timestamp":"2026-04-15T11:47:13.630429Z","level":"info","event":"========== PAGE START ==========","logger":"lta_common","filename":"lta_common.py","lineno":53}
{"timestamp":"2026-04-15T11:47:13.630452Z","level":"info","event":"[FETCH] requesting rows 2000–2499","logger":"lta_common","filename":"lta_common.py","lineno":54}
{"timestamp":"2026-04-15T11:47:13.630483Z","level":"info","event":"Fetching page from LTA: skip=2000","logger":"lta_common","filename":"lta_common.py","lineno":36}
{"timestamp":"2026-04-15T11:47:13.937432Z","level":"info","event":"Retrieved 500 rows from LTA at skip=2000","logger":"lta_common","filename":"lta_common.py","lineno":44}
{"timestamp":"2026-04-15T11:47:13.938518Z","level":"info","event":"[FETCH DONE] retrieved=500 rows at skip=2000","logger":"lta_common","filename":"lta_common.py","lineno":59}
{"timestamp":"2026-04-15T11:47:13.938716Z","level":"info","event":"STEP 4: processing page skip=2000 rows=500","logger":"unusual_prefix_faea391ec71b1d4b4651510353e4a48d62001c31_2_refresh_traffic_speed","filename":"2_refresh_traffic_speed.py","lineno":41}
{"timestamp":"2026-04-15T11:47:13.956145Z","level":"info","event":"[CLEAN DONE] rows=500 | null_speed_band=0 | null_minimum_speed=0 | null_maximum_speed=0","logger":"lta_common","filename":"lta_common.py","lineno":238}
{"timestamp":"2026-04-15T11:47:13.957098Z","level":"info","event":"STEP 5: built cleaned snapshot dataframe rows=500","logger":"unusual_prefix_faea391ec71b1d4b4651510353e4a48d62001c31_2_refresh_traffic_speed","filename":"2_refresh_traffic_speed.py","lineno":44}
{"timestamp":"2026-04-15T11:47:13.957510Z","level":"info","event":"[LATEST PREP] rows=500 | missing_measurement_rows=0","logger":"lta_common","filename":"lta_common.py","lineno":271}
{"timestamp":"2026-04-15T11:47:13.957818Z","level":"info","event":"[UPSERT START] upserting 500 rows into traffic_speed_latest","logger":"lta_common","filename":"lta_common.py","lineno":348}
{"timestamp":"2026-04-15T11:47:13.958183Z","level":"info","event":"[UPSERT DEBUG] max_link_id=4015 | min_link_id=3059 | max_speed_band=7 | min_speed_band=1 | max_minimum_speed=60 | min_minimum_speed=0 | max_maximum_speed=69 | min_maximum_speed=9","logger":"lta_common","filename":"lta_common.py","lineno":350}
{"timestamp":"2026-04-15T11:47:14.474899Z","level":"info","event":"[UPSERT DONE] upserted=500 rows into traffic_speed_latest","logger":"lta_common","filename":"lta_common.py","lineno":388}
{"timestamp":"2026-04-15T11:47:14.476988Z","level":"info","event":"[SAVE START] inserting 500 rows into traffic_speed_recent","logger":"lta_common","filename":"lta_common.py","lineno":319}
{"timestamp":"2026-04-15T11:47:14.922965Z","level":"info","event":"[SAVE DONE] inserted=500 rows into traffic_speed_recent","logger":"lta_common","filename":"lta_common.py","lineno":337}
{"timestamp":"2026-04-15T11:47:14.923062Z","level":"info","event":"STEP 6: page saved skip=2000 | pages=5 | latest_rows=2500 | recent_rows=2500","logger":"unusual_prefix_faea391ec71b1d4b4651510353e4a48d62001c31_2_refresh_traffic_speed","filename":"2_refresh_traffic_speed.py","lineno":56}
{"timestamp":"2026-04-15T11:47:14.923094Z","level":"info","event":"========== PAGE START ==========","logger":"lta_common","filename":"lta_common.py","lineno":53}
{"timestamp":"2026-04-15T11:47:14.923116Z","level":"info","event":"[FETCH] requesting rows 2500–2999","logger":"lta_common","filename":"lta_common.py","lineno":54}
{"timestamp":"2026-04-15T11:47:14.923144Z","level":"info","event":"Fetching page from LTA: skip=2500","logger":"lta_common","filename":"lta_common.py","lineno":36}
{"timestamp":"2026-04-15T11:47:15.384272Z","level":"info","event":"Retrieved 500 rows from LTA at skip=2500","logger":"lta_common","filename":"lta_common.py","lineno":44}
{"timestamp":"2026-04-15T11:47:15.385325Z","level":"info","event":"[FETCH DONE] retrieved=500 rows at skip=2500","logger":"lta_common","filename":"lta_common.py","lineno":59}
{"timestamp":"2026-04-15T11:47:15.385531Z","level":"info","event":"STEP 4: processing page skip=2500 rows=500","logger":"unusual_prefix_faea391ec71b1d4b4651510353e4a48d62001c31_2_refresh_traffic_speed","filename":"2_refresh_traffic_speed.py","lineno":41}
{"timestamp":"2026-04-15T11:47:15.391454Z","level":"warning","event":"[SANITIZE] link_id=4115 field=maximum_speed suspicious sentinel value=999 -> NULL","logger":"lta_common","filename":"lta_common.py","lineno":143}
{"timestamp":"2026-04-15T11:47:15.392909Z","level":"info","event":"[CLEAN DONE] rows=500 | null_speed_band=0 | null_minimum_speed=0 | null_maximum_speed=1","logger":"lta_common","filename":"lta_common.py","lineno":238}
{"timestamp":"2026-04-15T11:47:15.393609Z","level":"info","event":"STEP 5: built cleaned snapshot dataframe rows=500","logger":"unusual_prefix_faea391ec71b1d4b4651510353e4a48d62001c31_2_refresh_traffic_speed","filename":"2_refresh_traffic_speed.py","lineno":44}
{"timestamp":"2026-04-15T11:47:15.393876Z","level":"info","event":"[LATEST PREP] rows=500 | missing_measurement_rows=0","logger":"lta_common","filename":"lta_common.py","lineno":271}
{"timestamp":"2026-04-15T11:47:15.394102Z","level":"info","event":"[UPSERT START] upserting 500 rows into traffic_speed_latest","logger":"lta_common","filename":"lta_common.py","lineno":348}
{"timestamp":"2026-04-15T11:47:15.394364Z","level":"info","event":"[UPSERT DEBUG] max_link_id=5041 | min_link_id=4016 | max_speed_band=8 | min_speed_band=1 | max_minimum_speed=70 | min_minimum_speed=0 | max_maximum_speed=69.0 | min_maximum_speed=9.0","logger":"lta_common","filename":"lta_common.py","lineno":350}
{"timestamp":"2026-04-15T11:47:15.988844Z","level":"info","event":"[UPSERT DONE] upserted=500 rows into traffic_speed_latest","logger":"lta_common","filename":"lta_common.py","lineno":388}
{"timestamp":"2026-04-15T11:47:15.991195Z","level":"info","event":"[SAVE START] inserting 500 rows into traffic_speed_recent","logger":"lta_common","filename":"lta_common.py","lineno":319}
{"timestamp":"2026-04-15T11:47:16.522776Z","level":"info","event":"[SAVE DONE] inserted=500 rows into traffic_speed_recent","logger":"lta_common","filename":"lta_common.py","lineno":337}
{"timestamp":"2026-04-15T11:47:16.523370Z","level":"info","event":"STEP 6: page saved skip=2500 | pages=6 | latest_rows=3000 | recent_rows=3000","logger":"unusual_prefix_faea391ec71b1d4b4651510353e4a48d62001c31_2_refresh_traffic_speed","filename":"2_refresh_traffic_speed.py","lineno":56}
{"timestamp":"2026-04-15T11:47:16.523648Z","level":"info","event":"========== PAGE START ==========","logger":"lta_common","filename":"lta_common.py","lineno":53}
{"timestamp":"2026-04-15T11:47:16.523830Z","level":"info","event":"[FETCH] requesting rows 3000–3499","logger":"lta_common","filename":"lta_common.py","lineno":54}
{"timestamp":"2026-04-15T11:47:16.524004Z","level":"info","event":"Fetching page from LTA: skip=3000","logger":"lta_common","filename":"lta_common.py","lineno":36}
{"timestamp":"2026-04-15T11:47:16.915528Z","level":"info","event":"Retrieved 500 rows from LTA at skip=3000","logger":"lta_common","filename":"lta_common.py","lineno":44}
{"timestamp":"2026-04-15T11:47:16.916674Z","level":"info","event":"[FETCH DONE] retrieved=500 rows at skip=3000","logger":"lta_common","filename":"lta_common.py","lineno":59}
{"timestamp":"2026-04-15T11:47:16.916789Z","level":"info","event":"STEP 4: processing page skip=3000 rows=500","logger":"unusual_prefix_faea391ec71b1d4b4651510353e4a48d62001c31_2_refresh_traffic_speed","filename":"2_refresh_traffic_speed.py","lineno":41}
{"timestamp":"2026-04-15T11:47:16.923148Z","level":"warning","event":"[SANITIZE] link_id=5081 field=maximum_speed suspicious sentinel value=999 -> NULL","logger":"lta_common","filename":"lta_common.py","lineno":143}
{"timestamp":"2026-04-15T11:47:16.924737Z","level":"info","event":"[CLEAN DONE] rows=500 | null_speed_band=0 | null_minimum_speed=0 | null_maximum_speed=1","logger":"lta_common","filename":"lta_common.py","lineno":238}
{"timestamp":"2026-04-15T11:47:16.925562Z","level":"info","event":"STEP 5: built cleaned snapshot dataframe rows=500","logger":"unusual_prefix_faea391ec71b1d4b4651510353e4a48d62001c31_2_refresh_traffic_speed","filename":"2_refresh_traffic_speed.py","lineno":44}
{"timestamp":"2026-04-15T11:47:16.925880Z","level":"info","event":"[LATEST PREP] rows=500 | missing_measurement_rows=0","logger":"lta_common","filename":"lta_common.py","lineno":271}
{"timestamp":"2026-04-15T11:47:16.926125Z","level":"info","event":"[UPSERT START] upserting 500 rows into traffic_speed_latest","logger":"lta_common","filename":"lta_common.py","lineno":348}
{"timestamp":"2026-04-15T11:47:16.926392Z","level":"info","event":"[UPSERT DEBUG] max_link_id=5569 | min_link_id=5042 | max_speed_band=8 | min_speed_band=1 | max_minimum_speed=70 | min_minimum_speed=0 | max_maximum_speed=69.0 | min_maximum_speed=9.0","logger":"lta_common","filename":"lta_common.py","lineno":350}
{"timestamp":"2026-04-15T11:47:17.419843Z","level":"info","event":"[UPSERT DONE] upserted=500 rows into traffic_speed_latest","logger":"lta_common","filename":"lta_common.py","lineno":388}
{"timestamp":"2026-04-15T11:47:17.420241Z","level":"info","event":"[SAVE START] inserting 500 rows into traffic_speed_recent","logger":"lta_common","filename":"lta_common.py","lineno":319}
{"timestamp":"2026-04-15T11:47:17.915973Z","level":"info","event":"[SAVE DONE] inserted=500 rows into traffic_speed_recent","logger":"lta_common","filename":"lta_common.py","lineno":337}
{"timestamp":"2026-04-15T11:47:17.916100Z","level":"info","event":"STEP 6: page saved skip=3000 | pages=7 | latest_rows=3500 | recent_rows=3500","logger":"unusual_prefix_faea391ec71b1d4b4651510353e4a48d62001c31_2_refresh_traffic_speed","filename":"2_refresh_traffic_speed.py","lineno":56}
{"timestamp":"2026-04-15T11:47:17.916134Z","level":"info","event":"========== PAGE START ==========","logger":"lta_common","filename":"lta_common.py","lineno":53}
{"timestamp":"2026-04-15T11:47:17.916156Z","level":"info","event":"[FETCH] requesting rows 3500–3999","logger":"lta_common","filename":"lta_common.py","lineno":54}
{"timestamp":"2026-04-15T11:47:17.916189Z","level":"info","event":"Fetching page from LTA: skip=3500","logger":"lta_common","filename":"lta_common.py","lineno":36}
{"timestamp":"2026-04-15T11:47:18.243957Z","level":"info","event":"Retrieved 500 rows from LTA at skip=3500","logger":"lta_common","filename":"lta_common.py","lineno":44}
{"timestamp":"2026-04-15T11:47:18.245341Z","level":"info","event":"[FETCH DONE] retrieved=500 rows at skip=3500","logger":"lta_common","filename":"lta_common.py","lineno":59}
{"timestamp":"2026-04-15T11:47:18.245450Z","level":"info","event":"STEP 4: processing page skip=3500 rows=500","logger":"unusual_prefix_faea391ec71b1d4b4651510353e4a48d62001c31_2_refresh_traffic_speed","filename":"2_refresh_traffic_speed.py","lineno":41}
{"timestamp":"2026-04-15T11:47:18.252558Z","level":"warning","event":"[SANITIZE] link_id=5701 field=maximum_speed suspicious sentinel value=999 -> NULL","logger":"lta_common","filename":"lta_common.py","lineno":143}
{"timestamp":"2026-04-15T11:47:18.252624Z","level":"warning","event":"[SANITIZE] link_id=5706 field=maximum_speed suspicious sentinel value=999 -> NULL","logger":"lta_common","filename":"lta_common.py","lineno":143}
{"timestamp":"2026-04-15T11:47:18.252806Z","level":"warning","event":"[SANITIZE] link_id=5757 field=maximum_speed suspicious sentinel value=999 -> NULL","logger":"lta_common","filename":"lta_common.py","lineno":143}
{"timestamp":"2026-04-15T11:47:18.254093Z","level":"info","event":"[CLEAN DONE] rows=500 | null_speed_band=0 | null_minimum_speed=0 | null_maximum_speed=3","logger":"lta_common","filename":"lta_common.py","lineno":238}
{"timestamp":"2026-04-15T11:47:18.254869Z","level":"info","event":"STEP 5: built cleaned snapshot dataframe rows=500","logger":"unusual_prefix_faea391ec71b1d4b4651510353e4a48d62001c31_2_refresh_traffic_speed","filename":"2_refresh_traffic_speed.py","lineno":44}
{"timestamp":"2026-04-15T11:47:18.255170Z","level":"info","event":"[LATEST PREP] rows=500 | missing_measurement_rows=0","logger":"lta_common","filename":"lta_common.py","lineno":271}
{"timestamp":"2026-04-15T11:47:18.255417Z","level":"info","event":"[UPSERT START] upserting 500 rows into traffic_speed_latest","logger":"lta_common","filename":"lta_common.py","lineno":348}
{"timestamp":"2026-04-15T11:47:18.255733Z","level":"info","event":"[UPSERT DEBUG] max_link_id=6101 | min_link_id=5570 | max_speed_band=8 | min_speed_band=1 | max_minimum_speed=70 | min_minimum_speed=0 | max_maximum_speed=69.0 | min_maximum_speed=9.0","logger":"lta_common","filename":"lta_common.py","lineno":350}
{"timestamp":"2026-04-15T11:47:18.961741Z","level":"info","event":"[UPSERT DONE] upserted=500 rows into traffic_speed_latest","logger":"lta_common","filename":"lta_common.py","lineno":388}
{"timestamp":"2026-04-15T11:47:18.964241Z","level":"info","event":"[SAVE START] inserting 500 rows into traffic_speed_recent","logger":"lta_common","filename":"lta_common.py","lineno":319}
{"timestamp":"2026-04-15T11:47:19.714970Z","level":"info","event":"[SAVE DONE] inserted=500 rows into traffic_speed_recent","logger":"lta_common","filename":"lta_common.py","lineno":337}
{"timestamp":"2026-04-15T11:47:19.715120Z","level":"info","event":"STEP 6: page saved skip=3500 | pages=8 | latest_rows=4000 | recent_rows=4000","logger":"unusual_prefix_faea391ec71b1d4b4651510353e4a48d62001c31_2_refresh_traffic_speed","filename":"2_refresh_traffic_speed.py","lineno":56}
{"timestamp":"2026-04-15T11:47:19.715219Z","level":"info","event":"========== PAGE START ==========","logger":"lta_common","filename":"lta_common.py","lineno":53}
{"timestamp":"2026-04-15T11:47:19.715254Z","level":"info","event":"[FETCH] requesting rows 4000–4499","logger":"lta_common","filename":"lta_common.py","lineno":54}
{"timestamp":"2026-04-15T11:47:19.715289Z","level":"info","event":"Fetching page from LTA: skip=4000","logger":"lta_common","filename":"lta_common.py","lineno":36}
{"timestamp":"2026-04-15T11:47:20.061266Z","level":"info","event":"Retrieved 500 rows from LTA at skip=4000","logger":"lta_common","filename":"lta_common.py","lineno":44}
{"timestamp":"2026-04-15T11:47:20.066519Z","level":"info","event":"[FETCH DONE] retrieved=500 rows at skip=4000","logger":"lta_common","filename":"lta_common.py","lineno":59}
{"timestamp":"2026-04-15T11:47:20.067519Z","level":"info","event":"STEP 4: processing page skip=4000 rows=500","logger":"unusual_prefix_faea391ec71b1d4b4651510353e4a48d62001c31_2_refresh_traffic_speed","filename":"2_refresh_traffic_speed.py","lineno":41}
{"timestamp":"2026-04-15T11:47:20.085890Z","level":"warning","event":"[SANITIZE] link_id=6545 field=maximum_speed suspicious sentinel value=999 -> NULL","logger":"lta_common","filename":"lta_common.py","lineno":143}
{"timestamp":"2026-04-15T11:47:20.086374Z","level":"warning","event":"[SANITIZE] link_id=6673 field=maximum_speed suspicious sentinel value=999 -> NULL","logger":"lta_common","filename":"lta_common.py","lineno":143}
{"timestamp":"2026-04-15T11:47:20.087222Z","level":"info","event":"[CLEAN DONE] rows=500 | null_speed_band=0 | null_minimum_speed=0 | null_maximum_speed=2","logger":"lta_common","filename":"lta_common.py","lineno":238}
{"timestamp":"2026-04-15T11:47:20.088924Z","level":"info","event":"STEP 5: built cleaned snapshot dataframe rows=500","logger":"unusual_prefix_faea391ec71b1d4b4651510353e4a48d62001c31_2_refresh_traffic_speed","filename":"2_refresh_traffic_speed.py","lineno":44}
{"timestamp":"2026-04-15T11:47:20.089556Z","level":"info","event":"[LATEST PREP] rows=500 | missing_measurement_rows=0","logger":"lta_common","filename":"lta_common.py","lineno":271}
{"timestamp":"2026-04-15T11:47:20.090026Z","level":"info","event":"[UPSERT START] upserting 500 rows into traffic_speed_latest","logger":"lta_common","filename":"lta_common.py","lineno":348}
{"timestamp":"2026-04-15T11:47:20.090491Z","level":"info","event":"[UPSERT DEBUG] max_link_id=6694 | min_link_id=6102 | max_speed_band=8 | min_speed_band=1 | max_minimum_speed=70 | min_minimum_speed=0 | max_maximum_speed=69.0 | min_maximum_speed=9.0","logger":"lta_common","filename":"lta_common.py","lineno":350}
{"timestamp":"2026-04-15T11:47:20.730835Z","level":"info","event":"[UPSERT DONE] upserted=500 rows into traffic_speed_latest","logger":"lta_common","filename":"lta_common.py","lineno":388}
{"timestamp":"2026-04-15T11:47:20.733139Z","level":"info","event":"[SAVE START] inserting 500 rows into traffic_speed_recent","logger":"lta_common","filename":"lta_common.py","lineno":319}
{"timestamp":"2026-04-15T11:47:21.253988Z","level":"info","event":"[SAVE DONE] inserted=500 rows into traffic_speed_recent","logger":"lta_common","filename":"lta_common.py","lineno":337}
{"timestamp":"2026-04-15T11:47:21.254104Z","level":"info","event":"STEP 6: page saved skip=4000 | pages=9 | latest_rows=4500 | recent_rows=4500","logger":"unusual_prefix_faea391ec71b1d4b4651510353e4a48d62001c31_2_refresh_traffic_speed","filename":"2_refresh_traffic_speed.py","lineno":56}
{"timestamp":"2026-04-15T11:47:21.254141Z","level":"info","event":"========== PAGE START ==========","logger":"lta_common","filename":"lta_common.py","lineno":53}
{"timestamp":"2026-04-15T11:47:21.254166Z","level":"info","event":"[FETCH] requesting rows 4500–4999","logger":"lta_common","filename":"lta_common.py","lineno":54}
{"timestamp":"2026-04-15T11:47:21.254212Z","level":"info","event":"Fetching page from LTA: skip=4500","logger":"lta_common","filename":"lta_common.py","lineno":36}
{"timestamp":"2026-04-15T11:47:21.537620Z","level":"info","event":"Retrieved 500 rows from LTA at skip=4500","logger":"lta_common","filename":"lta_common.py","lineno":44}
{"timestamp":"2026-04-15T11:47:21.538871Z","level":"info","event":"[FETCH DONE] retrieved=500 rows at skip=4500","logger":"lta_common","filename":"lta_common.py","lineno":59}
{"timestamp":"2026-04-15T11:47:21.539107Z","level":"info","event":"STEP 4: processing page skip=4500 rows=500","logger":"unusual_prefix_faea391ec71b1d4b4651510353e4a48d62001c31_2_refresh_traffic_speed","filename":"2_refresh_traffic_speed.py","lineno":41}
{"timestamp":"2026-04-15T11:47:21.546861Z","level":"info","event":"[CLEAN DONE] rows=500 | null_speed_band=0 | null_minimum_speed=0 | null_maximum_speed=0","logger":"lta_common","filename":"lta_common.py","lineno":238}
{"timestamp":"2026-04-15T11:47:21.547649Z","level":"info","event":"STEP 5: built cleaned snapshot dataframe rows=500","logger":"unusual_prefix_faea391ec71b1d4b4651510353e4a48d62001c31_2_refresh_traffic_speed","filename":"2_refresh_traffic_speed.py","lineno":44}
{"timestamp":"2026-04-15T11:47:21.547955Z","level":"info","event":"[LATEST PREP] rows=500 | missing_measurement_rows=0","logger":"lta_common","filename":"lta_common.py","lineno":271}
{"timestamp":"2026-04-15T11:47:21.548188Z","level":"info","event":"[UPSERT START] upserting 500 rows into traffic_speed_latest","logger":"lta_common","filename":"lta_common.py","lineno":348}
{"timestamp":"2026-04-15T11:47:21.548456Z","level":"info","event":"[UPSERT DEBUG] max_link_id=7256 | min_link_id=6695 | max_speed_band=7 | min_speed_band=1 | max_minimum_speed=60 | min_minimum_speed=0 | max_maximum_speed=69 | min_maximum_speed=9","logger":"lta_common","filename":"lta_common.py","lineno":350}
{"timestamp":"2026-04-15T11:47:22.110629Z","level":"info","event":"[UPSERT DONE] upserted=500 rows into traffic_speed_latest","logger":"lta_common","filename":"lta_common.py","lineno":388}
{"timestamp":"2026-04-15T11:47:22.111045Z","level":"info","event":"[SAVE START] inserting 500 rows into traffic_speed_recent","logger":"lta_common","filename":"lta_common.py","lineno":319}
{"timestamp":"2026-04-15T11:47:22.714414Z","level":"info","event":"[SAVE DONE] inserted=500 rows into traffic_speed_recent","logger":"lta_common","filename":"lta_common.py","lineno":337}
{"timestamp":"2026-04-15T11:47:22.714539Z","level":"info","event":"STEP 6: page saved skip=4500 | pages=10 | latest_rows=5000 | recent_rows=5000","logger":"unusual_prefix_faea391ec71b1d4b4651510353e4a48d62001c31_2_refresh_traffic_speed","filename":"2_refresh_traffic_speed.py","lineno":56}
{"timestamp":"2026-04-15T11:47:22.714572Z","level":"info","event":"========== PAGE START ==========","logger":"lta_common","filename":"lta_common.py","lineno":53}
{"timestamp":"2026-04-15T11:47:22.714594Z","level":"info","event":"[FETCH] requesting rows 5000–5499","logger":"lta_common","filename":"lta_common.py","lineno":54}
{"timestamp":"2026-04-15T11:47:22.714625Z","level":"info","event":"Fetching page from LTA: skip=5000","logger":"lta_common","filename":"lta_common.py","lineno":36}
{"timestamp":"2026-04-15T11:47:23.032091Z","level":"info","event":"Retrieved 500 rows from LTA at skip=5000","logger":"lta_common","filename":"lta_common.py","lineno":44}
{"timestamp":"2026-04-15T11:47:23.034351Z","level":"info","event":"[FETCH DONE] retrieved=500 rows at skip=5000","logger":"lta_common","filename":"lta_common.py","lineno":59}
{"timestamp":"2026-04-15T11:47:23.034809Z","level":"info","event":"STEP 4: processing page skip=5000 rows=500","logger":"unusual_prefix_faea391ec71b1d4b4651510353e4a48d62001c31_2_refresh_traffic_speed","filename":"2_refresh_traffic_speed.py","lineno":41}
{"timestamp":"2026-04-15T11:47:23.048376Z","level":"info","event":"[CLEAN DONE] rows=500 | null_speed_band=0 | null_minimum_speed=0 | null_maximum_speed=0","logger":"lta_common","filename":"lta_common.py","lineno":238}
{"timestamp":"2026-04-15T11:47:23.049462Z","level":"info","event":"STEP 5: built cleaned snapshot dataframe rows=500","logger":"unusual_prefix_faea391ec71b1d4b4651510353e4a48d62001c31_2_refresh_traffic_speed","filename":"2_refresh_traffic_speed.py","lineno":44}
{"timestamp":"2026-04-15T11:47:23.049891Z","level":"info","event":"[LATEST PREP] rows=500 | missing_measurement_rows=0","logger":"lta_common","filename":"lta_common.py","lineno":271}
{"timestamp":"2026-04-15T11:47:23.050215Z","level":"info","event":"[UPSERT START] upserting 500 rows into traffic_speed_latest","logger":"lta_common","filename":"lta_common.py","lineno":348}
{"timestamp":"2026-04-15T11:47:23.050631Z","level":"info","event":"[UPSERT DEBUG] max_link_id=8130 | min_link_id=7257 | max_speed_band=7 | min_speed_band=1 | max_minimum_speed=60 | min_minimum_speed=0 | max_maximum_speed=69 | min_maximum_speed=9","logger":"lta_common","filename":"lta_common.py","lineno":350}
{"timestamp":"2026-04-15T11:47:23.714260Z","level":"info","event":"[UPSERT DONE] upserted=500 rows into traffic_speed_latest","logger":"lta_common","filename":"lta_common.py","lineno":388}
{"timestamp":"2026-04-15T11:47:23.716410Z","level":"info","event":"[SAVE START] inserting 500 rows into traffic_speed_recent","logger":"lta_common","filename":"lta_common.py","lineno":319}
{"timestamp":"2026-04-15T11:47:24.421128Z","level":"info","event":"[SAVE DONE] inserted=500 rows into traffic_speed_recent","logger":"lta_common","filename":"lta_common.py","lineno":337}
{"timestamp":"2026-04-15T11:47:24.421900Z","level":"info","event":"STEP 6: page saved skip=5000 | pages=11 | latest_rows=5500 | recent_rows=5500","logger":"unusual_prefix_faea391ec71b1d4b4651510353e4a48d62001c31_2_refresh_traffic_speed","filename":"2_refresh_traffic_speed.py","lineno":56}
{"timestamp":"2026-04-15T11:47:24.422080Z","level":"info","event":"========== PAGE START ==========","logger":"lta_common","filename":"lta_common.py","lineno":53}
{"timestamp":"2026-04-15T11:47:24.422171Z","level":"info","event":"[FETCH] requesting rows 5500–5999","logger":"lta_common","filename":"lta_common.py","lineno":54}
{"timestamp":"2026-04-15T11:47:24.422287Z","level":"info","event":"Fetching page from LTA: skip=5500","logger":"lta_common","filename":"lta_common.py","lineno":36}
{"timestamp":"2026-04-15T11:47:24.741893Z","level":"info","event":"Retrieved 500 rows from LTA at skip=5500","logger":"lta_common","filename":"lta_common.py","lineno":44}
{"timestamp":"2026-04-15T11:47:24.746946Z","level":"info","event":"[FETCH DONE] retrieved=500 rows at skip=5500","logger":"lta_common","filename":"lta_common.py","lineno":59}
{"timestamp":"2026-04-15T11:47:24.747613Z","level":"info","event":"STEP 4: processing page skip=5500 rows=500","logger":"unusual_prefix_faea391ec71b1d4b4651510353e4a48d62001c31_2_refresh_traffic_speed","filename":"2_refresh_traffic_speed.py","lineno":41}
{"timestamp":"2026-04-15T11:47:24.765350Z","level":"warning","event":"[SANITIZE] link_id=8688 field=maximum_speed suspicious sentinel value=999 -> NULL","logger":"lta_common","filename":"lta_common.py","lineno":143}
{"timestamp":"2026-04-15T11:47:24.766999Z","level":"info","event":"[CLEAN DONE] rows=500 | null_speed_band=0 | null_minimum_speed=0 | null_maximum_speed=1","logger":"lta_common","filename":"lta_common.py","lineno":238}
{"timestamp":"2026-04-15T11:47:24.768635Z","level":"info","event":"STEP 5: built cleaned snapshot dataframe rows=500","logger":"unusual_prefix_faea391ec71b1d4b4651510353e4a48d62001c31_2_refresh_traffic_speed","filename":"2_refresh_traffic_speed.py","lineno":44}
{"timestamp":"2026-04-15T11:47:24.769257Z","level":"info","event":"[LATEST PREP] rows=500 | missing_measurement_rows=0","logger":"lta_common","filename":"lta_common.py","lineno":271}
{"timestamp":"2026-04-15T11:47:24.769720Z","level":"info","event":"[UPSERT START] upserting 500 rows into traffic_speed_latest","logger":"lta_common","filename":"lta_common.py","lineno":348}
{"timestamp":"2026-04-15T11:47:24.770231Z","level":"info","event":"[UPSERT DEBUG] max_link_id=8918 | min_link_id=8131 | max_speed_band=8 | min_speed_band=1 | max_minimum_speed=70 | min_minimum_speed=0 | max_maximum_speed=69.0 | min_maximum_speed=9.0","logger":"lta_common","filename":"lta_common.py","lineno":350}
{"timestamp":"2026-04-15T11:47:25.451646Z","level":"info","event":"[UPSERT DONE] upserted=500 rows into traffic_speed_latest","logger":"lta_common","filename":"lta_common.py","lineno":388}
{"timestamp":"2026-04-15T11:47:25.454181Z","level":"info","event":"[SAVE START] inserting 500 rows into traffic_speed_recent","logger":"lta_common","filename":"lta_common.py","lineno":319}
{"timestamp":"2026-04-15T11:47:26.396789Z","level":"info","event":"[SAVE DONE] inserted=500 rows into traffic_speed_recent","logger":"lta_common","filename":"lta_common.py","lineno":337}
{"timestamp":"2026-04-15T11:47:26.396891Z","level":"info","event":"STEP 6: page saved skip=5500 | pages=12 | latest_rows=6000 | recent_rows=6000","logger":"unusual_prefix_faea391ec71b1d4b4651510353e4a48d62001c31_2_refresh_traffic_speed","filename":"2_refresh_traffic_speed.py","lineno":56}
{"timestamp":"2026-04-15T11:47:26.396922Z","level":"info","event":"========== PAGE START ==========","logger":"lta_common","filename":"lta_common.py","lineno":53}
{"timestamp":"2026-04-15T11:47:26.396942Z","level":"info","event":"[FETCH] requesting rows 6000–6499","logger":"lta_common","filename":"lta_common.py","lineno":54}
{"timestamp":"2026-04-15T11:47:26.396969Z","level":"info","event":"Fetching page from LTA: skip=6000","logger":"lta_common","filename":"lta_common.py","lineno":36}
{"timestamp":"2026-04-15T11:47:26.709661Z","level":"info","event":"Retrieved 500 rows from LTA at skip=6000","logger":"lta_common","filename":"lta_common.py","lineno":44}
{"timestamp":"2026-04-15T11:47:26.710707Z","level":"info","event":"[FETCH DONE] retrieved=500 rows at skip=6000","logger":"lta_common","filename":"lta_common.py","lineno":59}
{"timestamp":"2026-04-15T11:47:26.710804Z","level":"info","event":"STEP 4: processing page skip=6000 rows=500","logger":"unusual_prefix_faea391ec71b1d4b4651510353e4a48d62001c31_2_refresh_traffic_speed","filename":"2_refresh_traffic_speed.py","lineno":41}
{"timestamp":"2026-04-15T11:47:26.716880Z","level":"warning","event":"[SANITIZE] link_id=8972 field=maximum_speed suspicious sentinel value=999 -> NULL","logger":"lta_common","filename":"lta_common.py","lineno":143}
{"timestamp":"2026-04-15T11:47:26.718370Z","level":"info","event":"[CLEAN DONE] rows=500 | null_speed_band=0 | null_minimum_speed=0 | null_maximum_speed=1","logger":"lta_common","filename":"lta_common.py","lineno":238}
{"timestamp":"2026-04-15T11:47:26.719135Z","level":"info","event":"STEP 5: built cleaned snapshot dataframe rows=500","logger":"unusual_prefix_faea391ec71b1d4b4651510353e4a48d62001c31_2_refresh_traffic_speed","filename":"2_refresh_traffic_speed.py","lineno":44}
{"timestamp":"2026-04-15T11:47:26.719405Z","level":"info","event":"[LATEST PREP] rows=500 | missing_measurement_rows=0","logger":"lta_common","filename":"lta_common.py","lineno":271}
{"timestamp":"2026-04-15T11:47:26.719642Z","level":"info","event":"[UPSERT START] upserting 500 rows into traffic_speed_latest","logger":"lta_common","filename":"lta_common.py","lineno":348}
{"timestamp":"2026-04-15T11:47:26.719925Z","level":"info","event":"[UPSERT DEBUG] max_link_id=9667 | min_link_id=8919 | max_speed_band=8 | min_speed_band=1 | max_minimum_speed=70 | min_minimum_speed=0 | max_maximum_speed=69.0 | min_maximum_speed=9.0","logger":"lta_common","filename":"lta_common.py","lineno":350}
{"timestamp":"2026-04-15T11:47:27.284841Z","level":"info","event":"[UPSERT DONE] upserted=500 rows into traffic_speed_latest","logger":"lta_common","filename":"lta_common.py","lineno":388}
{"timestamp":"2026-04-15T11:47:27.285932Z","level":"info","event":"[SAVE START] inserting 500 rows into traffic_speed_recent","logger":"lta_common","filename":"lta_common.py","lineno":319}
{"timestamp":"2026-04-15T11:47:27.941264Z","level":"info","event":"[SAVE DONE] inserted=500 rows into traffic_speed_recent","logger":"lta_common","filename":"lta_common.py","lineno":337}
{"timestamp":"2026-04-15T11:47:27.941903Z","level":"info","event":"STEP 6: page saved skip=6000 | pages=13 | latest_rows=6500 | recent_rows=6500","logger":"unusual_prefix_faea391ec71b1d4b4651510353e4a48d62001c31_2_refresh_traffic_speed","filename":"2_refresh_traffic_speed.py","lineno":56}
{"timestamp":"2026-04-15T11:47:27.942080Z","level":"info","event":"========== PAGE START ==========","logger":"lta_common","filename":"lta_common.py","lineno":53}
{"timestamp":"2026-04-15T11:47:27.942234Z","level":"info","event":"[FETCH] requesting rows 6500–6999","logger":"lta_common","filename":"lta_common.py","lineno":54}
{"timestamp":"2026-04-15T11:47:27.942400Z","level":"info","event":"Fetching page from LTA: skip=6500","logger":"lta_common","filename":"lta_common.py","lineno":36}
{"timestamp":"2026-04-15T11:47:28.375039Z","level":"info","event":"Retrieved 500 rows from LTA at skip=6500","logger":"lta_common","filename":"lta_common.py","lineno":44}
{"timestamp":"2026-04-15T11:47:28.380175Z","level":"info","event":"[FETCH DONE] retrieved=500 rows at skip=6500","logger":"lta_common","filename":"lta_common.py","lineno":59}
{"timestamp":"2026-04-15T11:47:28.380942Z","level":"info","event":"STEP 4: processing page skip=6500 rows=500","logger":"unusual_prefix_faea391ec71b1d4b4651510353e4a48d62001c31_2_refresh_traffic_speed","filename":"2_refresh_traffic_speed.py","lineno":41}
{"timestamp":"2026-04-15T11:47:28.398465Z","level":"warning","event":"[SANITIZE] link_id=10024 field=maximum_speed suspicious sentinel value=999 -> NULL","logger":"lta_common","filename":"lta_common.py","lineno":143}
{"timestamp":"2026-04-15T11:47:28.398626Z","level":"warning","event":"[SANITIZE] link_id=10025 field=maximum_speed suspicious sentinel value=999 -> NULL","logger":"lta_common","filename":"lta_common.py","lineno":143}
{"timestamp":"2026-04-15T11:47:28.398701Z","level":"warning","event":"[SANITIZE] link_id=10029 field=maximum_speed suspicious sentinel value=999 -> NULL","logger":"lta_common","filename":"lta_common.py","lineno":143}
{"timestamp":"2026-04-15T11:47:28.399856Z","level":"warning","event":"[SANITIZE] link_id=10422 field=maximum_speed suspicious sentinel value=999 -> NULL","logger":"lta_common","filename":"lta_common.py","lineno":143}
{"timestamp":"2026-04-15T11:47:28.401057Z","level":"info","event":"[CLEAN DONE] rows=500 | null_speed_band=0 | null_minimum_speed=0 | null_maximum_speed=4","logger":"lta_common","filename":"lta_common.py","lineno":238}
{"timestamp":"2026-04-15T11:47:28.402856Z","level":"info","event":"STEP 5: built cleaned snapshot dataframe rows=500","logger":"unusual_prefix_faea391ec71b1d4b4651510353e4a48d62001c31_2_refresh_traffic_speed","filename":"2_refresh_traffic_speed.py","lineno":44}
{"timestamp":"2026-04-15T11:47:28.403508Z","level":"info","event":"[LATEST PREP] rows=500 | missing_measurement_rows=0","logger":"lta_common","filename":"lta_common.py","lineno":271}
{"timestamp":"2026-04-15T11:47:28.403955Z","level":"info","event":"[UPSERT START] upserting 500 rows into traffic_speed_latest","logger":"lta_common","filename":"lta_common.py","lineno":348}
{"timestamp":"2026-04-15T11:47:28.404418Z","level":"info","event":"[UPSERT DEBUG] max_link_id=10530 | min_link_id=9669 | max_speed_band=8 | min_speed_band=1 | max_minimum_speed=70 | min_minimum_speed=0 | max_maximum_speed=69.0 | min_maximum_speed=9.0","logger":"lta_common","filename":"lta_common.py","lineno":350}
{"timestamp":"2026-04-15T11:47:29.082211Z","level":"info","event":"[UPSERT DONE] upserted=500 rows into traffic_speed_latest","logger":"lta_common","filename":"lta_common.py","lineno":388}
{"timestamp":"2026-04-15T11:47:29.087599Z","level":"info","event":"[SAVE START] inserting 500 rows into traffic_speed_recent","logger":"lta_common","filename":"lta_common.py","lineno":319}
{"timestamp":"2026-04-15T11:47:29.694794Z","level":"info","event":"[SAVE DONE] inserted=500 rows into traffic_speed_recent","logger":"lta_common","filename":"lta_common.py","lineno":337}
{"timestamp":"2026-04-15T11:47:29.695821Z","level":"info","event":"STEP 6: page saved skip=6500 | pages=14 | latest_rows=7000 | recent_rows=7000","logger":"unusual_prefix_faea391ec71b1d4b4651510353e4a48d62001c31_2_refresh_traffic_speed","filename":"2_refresh_traffic_speed.py","lineno":56}
{"timestamp":"2026-04-15T11:47:29.696162Z","level":"info","event":"========== PAGE START ==========","logger":"lta_common","filename":"lta_common.py","lineno":53}
{"timestamp":"2026-04-15T11:47:29.696448Z","level":"info","event":"[FETCH] requesting rows 7000–7499","logger":"lta_common","filename":"lta_common.py","lineno":54}
{"timestamp":"2026-04-15T11:47:29.696820Z","level":"info","event":"Fetching page from LTA: skip=7000","logger":"lta_common","filename":"lta_common.py","lineno":36}
{"timestamp":"2026-04-15T11:47:30.003620Z","level":"info","event":"Retrieved 500 rows from LTA at skip=7000","logger":"lta_common","filename":"lta_common.py","lineno":44}
{"timestamp":"2026-04-15T11:47:30.005579Z","level":"info","event":"[FETCH DONE] retrieved=500 rows at skip=7000","logger":"lta_common","filename":"lta_common.py","lineno":59}
{"timestamp":"2026-04-15T11:47:30.005782Z","level":"info","event":"STEP 4: processing page skip=7000 rows=500","logger":"unusual_prefix_faea391ec71b1d4b4651510353e4a48d62001c31_2_refresh_traffic_speed","filename":"2_refresh_traffic_speed.py","lineno":41}
{"timestamp":"2026-04-15T11:47:30.015743Z","level":"warning","event":"[SANITIZE] link_id=10687 field=maximum_speed suspicious sentinel value=999 -> NULL","logger":"lta_common","filename":"lta_common.py","lineno":143}
{"timestamp":"2026-04-15T11:47:30.015915Z","level":"warning","event":"[SANITIZE] link_id=10716 field=maximum_speed suspicious sentinel value=999 -> NULL","logger":"lta_common","filename":"lta_common.py","lineno":143}
{"timestamp":"2026-04-15T11:47:30.016464Z","level":"warning","event":"[SANITIZE] link_id=10951 field=maximum_speed suspicious sentinel value=999 -> NULL","logger":"lta_common","filename":"lta_common.py","lineno":143}
{"timestamp":"2026-04-15T11:47:30.016708Z","level":"warning","event":"[SANITIZE] link_id=11099 field=maximum_speed suspicious sentinel value=999 -> NULL","logger":"lta_common","filename":"lta_common.py","lineno":143}
{"timestamp":"2026-04-15T11:47:30.017690Z","level":"info","event":"[CLEAN DONE] rows=500 | null_speed_band=0 | null_minimum_speed=0 | null_maximum_speed=4","logger":"lta_common","filename":"lta_common.py","lineno":238}
{"timestamp":"2026-04-15T11:47:30.018810Z","level":"info","event":"STEP 5: built cleaned snapshot dataframe rows=500","logger":"unusual_prefix_faea391ec71b1d4b4651510353e4a48d62001c31_2_refresh_traffic_speed","filename":"2_refresh_traffic_speed.py","lineno":44}
{"timestamp":"2026-04-15T11:47:30.019280Z","level":"info","event":"[LATEST PREP] rows=500 | missing_measurement_rows=0","logger":"lta_common","filename":"lta_common.py","lineno":271}
{"timestamp":"2026-04-15T11:47:30.019602Z","level":"info","event":"[UPSERT START] upserting 500 rows into traffic_speed_latest","logger":"lta_common","filename":"lta_common.py","lineno":348}
{"timestamp":"2026-04-15T11:47:30.020091Z","level":"info","event":"[UPSERT DEBUG] max_link_id=11391 | min_link_id=10531 | max_speed_band=8 | min_speed_band=1 | max_minimum_speed=70 | min_minimum_speed=0 | max_maximum_speed=69.0 | min_maximum_speed=9.0","logger":"lta_common","filename":"lta_common.py","lineno":350}
{"timestamp":"2026-04-15T11:47:30.653140Z","level":"info","event":"[UPSERT DONE] upserted=500 rows into traffic_speed_latest","logger":"lta_common","filename":"lta_common.py","lineno":388}
{"timestamp":"2026-04-15T11:47:30.653705Z","level":"info","event":"[SAVE START] inserting 500 rows into traffic_speed_recent","logger":"lta_common","filename":"lta_common.py","lineno":319}
{"timestamp":"2026-04-15T11:47:31.200844Z","level":"info","event":"[SAVE DONE] inserted=500 rows into traffic_speed_recent","logger":"lta_common","filename":"lta_common.py","lineno":337}
{"timestamp":"2026-04-15T11:47:31.201035Z","level":"info","event":"STEP 6: page saved skip=7000 | pages=15 | latest_rows=7500 | recent_rows=7500","logger":"unusual_prefix_faea391ec71b1d4b4651510353e4a48d62001c31_2_refresh_traffic_speed","filename":"2_refresh_traffic_speed.py","lineno":56}
{"timestamp":"2026-04-15T11:47:31.201088Z","level":"info","event":"========== PAGE START ==========","logger":"lta_common","filename":"lta_common.py","lineno":53}
{"timestamp":"2026-04-15T11:47:31.201139Z","level":"info","event":"[FETCH] requesting rows 7500–7999","logger":"lta_common","filename":"lta_common.py","lineno":54}
{"timestamp":"2026-04-15T11:47:31.201202Z","level":"info","event":"Fetching page from LTA: skip=7500","logger":"lta_common","filename":"lta_common.py","lineno":36}
{"timestamp":"2026-04-15T11:47:31.537911Z","level":"info","event":"Retrieved 500 rows from LTA at skip=7500","logger":"lta_common","filename":"lta_common.py","lineno":44}
{"timestamp":"2026-04-15T11:47:31.539572Z","level":"info","event":"[FETCH DONE] retrieved=500 rows at skip=7500","logger":"lta_common","filename":"lta_common.py","lineno":59}
{"timestamp":"2026-04-15T11:47:31.539894Z","level":"info","event":"STEP 4: processing page skip=7500 rows=500","logger":"unusual_prefix_faea391ec71b1d4b4651510353e4a48d62001c31_2_refresh_traffic_speed","filename":"2_refresh_traffic_speed.py","lineno":41}
{"timestamp":"2026-04-15T11:47:31.547349Z","level":"warning","event":"[SANITIZE] link_id=11673 field=maximum_speed suspicious sentinel value=999 -> NULL","logger":"lta_common","filename":"lta_common.py","lineno":143}
{"timestamp":"2026-04-15T11:47:31.547452Z","level":"warning","event":"[SANITIZE] link_id=11675 field=maximum_speed suspicious sentinel value=999 -> NULL","logger":"lta_common","filename":"lta_common.py","lineno":143}
{"timestamp":"2026-04-15T11:47:31.547516Z","level":"warning","event":"[SANITIZE] link_id=11711 field=maximum_speed suspicious sentinel value=999 -> NULL","logger":"lta_common","filename":"lta_common.py","lineno":143}
{"timestamp":"2026-04-15T11:47:31.548798Z","level":"info","event":"[CLEAN DONE] rows=500 | null_speed_band=0 | null_minimum_speed=0 | null_maximum_speed=3","logger":"lta_common","filename":"lta_common.py","lineno":238}
{"timestamp":"2026-04-15T11:47:31.549814Z","level":"info","event":"STEP 5: built cleaned snapshot dataframe rows=500","logger":"unusual_prefix_faea391ec71b1d4b4651510353e4a48d62001c31_2_refresh_traffic_speed","filename":"2_refresh_traffic_speed.py","lineno":44}
{"timestamp":"2026-04-15T11:47:31.550198Z","level":"info","event":"[LATEST PREP] rows=500 | missing_measurement_rows=0","logger":"lta_common","filename":"lta_common.py","lineno":271}
{"timestamp":"2026-04-15T11:47:31.550453Z","level":"info","event":"[UPSERT START] upserting 500 rows into traffic_speed_latest","logger":"lta_common","filename":"lta_common.py","lineno":348}
{"timestamp":"2026-04-15T11:47:31.550776Z","level":"info","event":"[UPSERT DEBUG] max_link_id=12191 | min_link_id=11394 | max_speed_band=8 | min_speed_band=1 | max_minimum_speed=70 | min_minimum_speed=0 | max_maximum_speed=69.0 | min_maximum_speed=9.0","logger":"lta_common","filename":"lta_common.py","lineno":350}
{"timestamp":"2026-04-15T11:47:32.185614Z","level":"info","event":"[UPSERT DONE] upserted=500 rows into traffic_speed_latest","logger":"lta_common","filename":"lta_common.py","lineno":388}
{"timestamp":"2026-04-15T11:47:32.186214Z","level":"info","event":"[SAVE START] inserting 500 rows into traffic_speed_recent","logger":"lta_common","filename":"lta_common.py","lineno":319}
{"timestamp":"2026-04-15T11:47:32.867662Z","level":"info","event":"[SAVE DONE] inserted=500 rows into traffic_speed_recent","logger":"lta_common","filename":"lta_common.py","lineno":337}
{"timestamp":"2026-04-15T11:47:32.867783Z","level":"info","event":"STEP 6: page saved skip=7500 | pages=16 | latest_rows=8000 | recent_rows=8000","logger":"unusual_prefix_faea391ec71b1d4b4651510353e4a48d62001c31_2_refresh_traffic_speed","filename":"2_refresh_traffic_speed.py","lineno":56}
{"timestamp":"2026-04-15T11:47:32.867831Z","level":"info","event":"========== PAGE START ==========","logger":"lta_common","filename":"lta_common.py","lineno":53}
{"timestamp":"2026-04-15T11:47:32.867857Z","level":"info","event":"[FETCH] requesting rows 8000–8499","logger":"lta_common","filename":"lta_common.py","lineno":54}
{"timestamp":"2026-04-15T11:47:32.867889Z","level":"info","event":"Fetching page from LTA: skip=8000","logger":"lta_common","filename":"lta_common.py","lineno":36}
{"timestamp":"2026-04-15T11:47:33.168329Z","level":"info","event":"Retrieved 500 rows from LTA at skip=8000","logger":"lta_common","filename":"lta_common.py","lineno":44}
{"timestamp":"2026-04-15T11:47:33.169557Z","level":"info","event":"[FETCH DONE] retrieved=500 rows at skip=8000","logger":"lta_common","filename":"lta_common.py","lineno":59}
{"timestamp":"2026-04-15T11:47:33.169783Z","level":"info","event":"STEP 4: processing page skip=8000 rows=500","logger":"unusual_prefix_faea391ec71b1d4b4651510353e4a48d62001c31_2_refresh_traffic_speed","filename":"2_refresh_traffic_speed.py","lineno":41}
{"timestamp":"2026-04-15T11:47:33.177630Z","level":"info","event":"[CLEAN DONE] rows=500 | null_speed_band=0 | null_minimum_speed=0 | null_maximum_speed=0","logger":"lta_common","filename":"lta_common.py","lineno":238}
{"timestamp":"2026-04-15T11:47:33.178518Z","level":"info","event":"STEP 5: built cleaned snapshot dataframe rows=500","logger":"unusual_prefix_faea391ec71b1d4b4651510353e4a48d62001c31_2_refresh_traffic_speed","filename":"2_refresh_traffic_speed.py","lineno":44}
{"timestamp":"2026-04-15T11:47:33.178858Z","level":"info","event":"[LATEST PREP] rows=500 | missing_measurement_rows=0","logger":"lta_common","filename":"lta_common.py","lineno":271}
{"timestamp":"2026-04-15T11:47:33.179092Z","level":"info","event":"[UPSERT START] upserting 500 rows into traffic_speed_latest","logger":"lta_common","filename":"lta_common.py","lineno":348}
{"timestamp":"2026-04-15T11:47:33.179384Z","level":"info","event":"[UPSERT DEBUG] max_link_id=12845 | min_link_id=12192 | max_speed_band=7 | min_speed_band=1 | max_minimum_speed=60 | min_minimum_speed=0 | max_maximum_speed=69 | min_maximum_speed=9","logger":"lta_common","filename":"lta_common.py","lineno":350}
{"timestamp":"2026-04-15T11:47:33.677573Z","level":"info","event":"[UPSERT DONE] upserted=500 rows into traffic_speed_latest","logger":"lta_common","filename":"lta_common.py","lineno":388}
{"timestamp":"2026-04-15T11:47:33.679029Z","level":"info","event":"[SAVE START] inserting 500 rows into traffic_speed_recent","logger":"lta_common","filename":"lta_common.py","lineno":319}
{"timestamp":"2026-04-15T11:47:34.099016Z","level":"info","event":"[SAVE DONE] inserted=500 rows into traffic_speed_recent","logger":"lta_common","filename":"lta_common.py","lineno":337}
{"timestamp":"2026-04-15T11:47:34.099752Z","level":"info","event":"STEP 6: page saved skip=8000 | pages=17 | latest_rows=8500 | recent_rows=8500","logger":"unusual_prefix_faea391ec71b1d4b4651510353e4a48d62001c31_2_refresh_traffic_speed","filename":"2_refresh_traffic_speed.py","lineno":56}
{"timestamp":"2026-04-15T11:47:34.099992Z","level":"info","event":"========== PAGE START ==========","logger":"lta_common","filename":"lta_common.py","lineno":53}
{"timestamp":"2026-04-15T11:47:34.100161Z","level":"info","event":"[FETCH] requesting rows 8500–8999","logger":"lta_common","filename":"lta_common.py","lineno":54}
{"timestamp":"2026-04-15T11:47:34.100356Z","level":"info","event":"Fetching page from LTA: skip=8500","logger":"lta_common","filename":"lta_common.py","lineno":36}
{"timestamp":"2026-04-15T11:47:34.368608Z","level":"info","event":"Retrieved 500 rows from LTA at skip=8500","logger":"lta_common","filename":"lta_common.py","lineno":44}
{"timestamp":"2026-04-15T11:47:34.371400Z","level":"info","event":"[FETCH DONE] retrieved=500 rows at skip=8500","logger":"lta_common","filename":"lta_common.py","lineno":59}
{"timestamp":"2026-04-15T11:47:34.371900Z","level":"info","event":"STEP 4: processing page skip=8500 rows=500","logger":"unusual_prefix_faea391ec71b1d4b4651510353e4a48d62001c31_2_refresh_traffic_speed","filename":"2_refresh_traffic_speed.py","lineno":41}
{"timestamp":"2026-04-15T11:47:34.386759Z","level":"info","event":"[CLEAN DONE] rows=500 | null_speed_band=0 | null_minimum_speed=0 | null_maximum_speed=0","logger":"lta_common","filename":"lta_common.py","lineno":238}
{"timestamp":"2026-04-15T11:47:34.388542Z","level":"info","event":"STEP 5: built cleaned snapshot dataframe rows=500","logger":"unusual_prefix_faea391ec71b1d4b4651510353e4a48d62001c31_2_refresh_traffic_speed","filename":"2_refresh_traffic_speed.py","lineno":44}
{"timestamp":"2026-04-15T11:47:34.389313Z","level":"info","event":"[LATEST PREP] rows=500 | missing_measurement_rows=0","logger":"lta_common","filename":"lta_common.py","lineno":271}
{"timestamp":"2026-04-15T11:47:34.389800Z","level":"info","event":"[UPSERT START] upserting 500 rows into traffic_speed_latest","logger":"lta_common","filename":"lta_common.py","lineno":348}
{"timestamp":"2026-04-15T11:47:34.390323Z","level":"info","event":"[UPSERT DEBUG] max_link_id=13560 | min_link_id=12846 | max_speed_band=7 | min_speed_band=1 | max_minimum_speed=60 | min_minimum_speed=0 | max_maximum_speed=69 | min_maximum_speed=9","logger":"lta_common","filename":"lta_common.py","lineno":350}
{"timestamp":"2026-04-15T11:47:34.773462Z","level":"info","event":"[UPSERT DONE] upserted=500 rows into traffic_speed_latest","logger":"lta_common","filename":"lta_common.py","lineno":388}
{"timestamp":"2026-04-15T11:47:34.777416Z","level":"info","event":"[SAVE START] inserting 500 rows into traffic_speed_recent","logger":"lta_common","filename":"lta_common.py","lineno":319}
{"timestamp":"2026-04-15T11:47:35.164896Z","level":"info","event":"[SAVE DONE] inserted=500 rows into traffic_speed_recent","logger":"lta_common","filename":"lta_common.py","lineno":337}
{"timestamp":"2026-04-15T11:47:35.166178Z","level":"info","event":"STEP 6: page saved skip=8500 | pages=18 | latest_rows=9000 | recent_rows=9000","logger":"unusual_prefix_faea391ec71b1d4b4651510353e4a48d62001c31_2_refresh_traffic_speed","filename":"2_refresh_traffic_speed.py","lineno":56}
{"timestamp":"2026-04-15T11:47:35.166320Z","level":"info","event":"========== PAGE START ==========","logger":"lta_common","filename":"lta_common.py","lineno":53}
{"timestamp":"2026-04-15T11:47:35.166392Z","level":"info","event":"[FETCH] requesting rows 9000–9499","logger":"lta_common","filename":"lta_common.py","lineno":54}
{"timestamp":"2026-04-15T11:47:35.166539Z","level":"info","event":"Fetching page from LTA: skip=9000","logger":"lta_common","filename":"lta_common.py","lineno":36}
{"timestamp":"2026-04-15T11:47:35.542879Z","level":"info","event":"Retrieved 500 rows from LTA at skip=9000","logger":"lta_common","filename":"lta_common.py","lineno":44}
{"timestamp":"2026-04-15T11:47:35.546943Z","level":"info","event":"[FETCH DONE] retrieved=500 rows at skip=9000","logger":"lta_common","filename":"lta_common.py","lineno":59}
{"timestamp":"2026-04-15T11:47:35.547362Z","level":"info","event":"STEP 4: processing page skip=9000 rows=500","logger":"unusual_prefix_faea391ec71b1d4b4651510353e4a48d62001c31_2_refresh_traffic_speed","filename":"2_refresh_traffic_speed.py","lineno":41}
{"timestamp":"2026-04-15T11:47:35.560033Z","level":"info","event":"[CLEAN DONE] rows=500 | null_speed_band=0 | null_minimum_speed=0 | null_maximum_speed=0","logger":"lta_common","filename":"lta_common.py","lineno":238}
{"timestamp":"2026-04-15T11:47:35.561400Z","level":"info","event":"STEP 5: built cleaned snapshot dataframe rows=500","logger":"unusual_prefix_faea391ec71b1d4b4651510353e4a48d62001c31_2_refresh_traffic_speed","filename":"2_refresh_traffic_speed.py","lineno":44}
{"timestamp":"2026-04-15T11:47:35.561967Z","level":"info","event":"[LATEST PREP] rows=500 | missing_measurement_rows=0","logger":"lta_common","filename":"lta_common.py","lineno":271}
{"timestamp":"2026-04-15T11:47:35.562350Z","level":"info","event":"[UPSERT START] upserting 500 rows into traffic_speed_latest","logger":"lta_common","filename":"lta_common.py","lineno":348}
{"timestamp":"2026-04-15T11:47:35.562785Z","level":"info","event":"[UPSERT DEBUG] max_link_id=14274 | min_link_id=13561 | max_speed_band=7 | min_speed_band=1 | max_minimum_speed=60 | min_minimum_speed=0 | max_maximum_speed=69 | min_maximum_speed=9","logger":"lta_common","filename":"lta_common.py","lineno":350}
{"timestamp":"2026-04-15T11:47:35.982222Z","level":"info","event":"[UPSERT DONE] upserted=500 rows into traffic_speed_latest","logger":"lta_common","filename":"lta_common.py","lineno":388}
{"timestamp":"2026-04-15T11:47:35.984910Z","level":"info","event":"[SAVE START] inserting 500 rows into traffic_speed_recent","logger":"lta_common","filename":"lta_common.py","lineno":319}
{"timestamp":"2026-04-15T11:47:36.432811Z","level":"info","event":"[SAVE DONE] inserted=500 rows into traffic_speed_recent","logger":"lta_common","filename":"lta_common.py","lineno":337}
{"timestamp":"2026-04-15T11:47:36.433567Z","level":"info","event":"STEP 6: page saved skip=9000 | pages=19 | latest_rows=9500 | recent_rows=9500","logger":"unusual_prefix_faea391ec71b1d4b4651510353e4a48d62001c31_2_refresh_traffic_speed","filename":"2_refresh_traffic_speed.py","lineno":56}
{"timestamp":"2026-04-15T11:47:36.433827Z","level":"info","event":"========== PAGE START ==========","logger":"lta_common","filename":"lta_common.py","lineno":53}
{"timestamp":"2026-04-15T11:47:36.433994Z","level":"info","event":"[FETCH] requesting rows 9500–9999","logger":"lta_common","filename":"lta_common.py","lineno":54}
{"timestamp":"2026-04-15T11:47:36.434210Z","level":"info","event":"Fetching page from LTA: skip=9500","logger":"lta_common","filename":"lta_common.py","lineno":36}
{"timestamp":"2026-04-15T11:47:36.708075Z","level":"info","event":"Retrieved 500 rows from LTA at skip=9500","logger":"lta_common","filename":"lta_common.py","lineno":44}
{"timestamp":"2026-04-15T11:47:36.709302Z","level":"info","event":"[FETCH DONE] retrieved=500 rows at skip=9500","logger":"lta_common","filename":"lta_common.py","lineno":59}
{"timestamp":"2026-04-15T11:47:36.709537Z","level":"info","event":"STEP 4: processing page skip=9500 rows=500","logger":"unusual_prefix_faea391ec71b1d4b4651510353e4a48d62001c31_2_refresh_traffic_speed","filename":"2_refresh_traffic_speed.py","lineno":41}
{"timestamp":"2026-04-15T11:47:36.717624Z","level":"info","event":"[CLEAN DONE] rows=500 | null_speed_band=0 | null_minimum_speed=0 | null_maximum_speed=0","logger":"lta_common","filename":"lta_common.py","lineno":238}
{"timestamp":"2026-04-15T11:47:36.718395Z","level":"info","event":"STEP 5: built cleaned snapshot dataframe rows=500","logger":"unusual_prefix_faea391ec71b1d4b4651510353e4a48d62001c31_2_refresh_traffic_speed","filename":"2_refresh_traffic_speed.py","lineno":44}
{"timestamp":"2026-04-15T11:47:36.718736Z","level":"info","event":"[LATEST PREP] rows=500 | missing_measurement_rows=0","logger":"lta_common","filename":"lta_common.py","lineno":271}
{"timestamp":"2026-04-15T11:47:36.718959Z","level":"info","event":"[UPSERT START] upserting 500 rows into traffic_speed_latest","logger":"lta_common","filename":"lta_common.py","lineno":348}
{"timestamp":"2026-04-15T11:47:36.719263Z","level":"info","event":"[UPSERT DEBUG] max_link_id=14956 | min_link_id=14275 | max_speed_band=7 | min_speed_band=1 | max_minimum_speed=60 | min_minimum_speed=0 | max_maximum_speed=69 | min_maximum_speed=9","logger":"lta_common","filename":"lta_common.py","lineno":350}
{"timestamp":"2026-04-15T11:47:37.159844Z","level":"info","event":"[UPSERT DONE] upserted=500 rows into traffic_speed_latest","logger":"lta_common","filename":"lta_common.py","lineno":388}
{"timestamp":"2026-04-15T11:47:37.160290Z","level":"info","event":"[SAVE START] inserting 500 rows into traffic_speed_recent","logger":"lta_common","filename":"lta_common.py","lineno":319}
{"timestamp":"2026-04-15T11:47:37.583571Z","level":"info","event":"[SAVE DONE] inserted=500 rows into traffic_speed_recent","logger":"lta_common","filename":"lta_common.py","lineno":337}
{"timestamp":"2026-04-15T11:47:37.583691Z","level":"info","event":"STEP 6: page saved skip=9500 | pages=20 | latest_rows=10000 | recent_rows=10000","logger":"unusual_prefix_faea391ec71b1d4b4651510353e4a48d62001c31_2_refresh_traffic_speed","filename":"2_refresh_traffic_speed.py","lineno":56}
{"timestamp":"2026-04-15T11:47:37.583733Z","level":"info","event":"========== PAGE START ==========","logger":"lta_common","filename":"lta_common.py","lineno":53}
{"timestamp":"2026-04-15T11:47:37.583757Z","level":"info","event":"[FETCH] requesting rows 10000–10499","logger":"lta_common","filename":"lta_common.py","lineno":54}
{"timestamp":"2026-04-15T11:47:37.583787Z","level":"info","event":"Fetching page from LTA: skip=10000","logger":"lta_common","filename":"lta_common.py","lineno":36}
{"timestamp":"2026-04-15T11:47:37.908213Z","level":"info","event":"Retrieved 500 rows from LTA at skip=10000","logger":"lta_common","filename":"lta_common.py","lineno":44}
{"timestamp":"2026-04-15T11:47:37.909717Z","level":"info","event":"[FETCH DONE] retrieved=500 rows at skip=10000","logger":"lta_common","filename":"lta_common.py","lineno":59}
{"timestamp":"2026-04-15T11:47:37.909879Z","level":"info","event":"STEP 4: processing page skip=10000 rows=500","logger":"unusual_prefix_faea391ec71b1d4b4651510353e4a48d62001c31_2_refresh_traffic_speed","filename":"2_refresh_traffic_speed.py","lineno":41}
{"timestamp":"2026-04-15T11:47:37.921630Z","level":"info","event":"[CLEAN DONE] rows=500 | null_speed_band=0 | null_minimum_speed=0 | null_maximum_speed=0","logger":"lta_common","filename":"lta_common.py","lineno":238}
{"timestamp":"2026-04-15T11:47:37.923322Z","level":"info","event":"STEP 5: built cleaned snapshot dataframe rows=500","logger":"unusual_prefix_faea391ec71b1d4b4651510353e4a48d62001c31_2_refresh_traffic_speed","filename":"2_refresh_traffic_speed.py","lineno":44}
{"timestamp":"2026-04-15T11:47:37.923987Z","level":"info","event":"[LATEST PREP] rows=500 | missing_measurement_rows=0","logger":"lta_common","filename":"lta_common.py","lineno":271}
{"timestamp":"2026-04-15T11:47:37.924369Z","level":"info","event":"[UPSERT START] upserting 500 rows into traffic_speed_latest","logger":"lta_common","filename":"lta_common.py","lineno":348}
{"timestamp":"2026-04-15T11:47:37.924907Z","level":"info","event":"[UPSERT DEBUG] max_link_id=15673 | min_link_id=14959 | max_speed_band=6 | min_speed_band=1 | max_minimum_speed=50 | min_minimum_speed=0 | max_maximum_speed=59 | min_maximum_speed=9","logger":"lta_common","filename":"lta_common.py","lineno":350}
{"timestamp":"2026-04-15T11:47:38.393211Z","level":"info","event":"[UPSERT DONE] upserted=500 rows into traffic_speed_latest","logger":"lta_common","filename":"lta_common.py","lineno":388}
{"timestamp":"2026-04-15T11:47:38.395113Z","level":"info","event":"[SAVE START] inserting 500 rows into traffic_speed_recent","logger":"lta_common","filename":"lta_common.py","lineno":319}
{"timestamp":"2026-04-15T11:47:38.822557Z","level":"info","event":"[SAVE DONE] inserted=500 rows into traffic_speed_recent","logger":"lta_common","filename":"lta_common.py","lineno":337}
{"timestamp":"2026-04-15T11:47:38.823949Z","level":"info","event":"STEP 6: page saved skip=10000 | pages=21 | latest_rows=10500 | recent_rows=10500","logger":"unusual_prefix_faea391ec71b1d4b4651510353e4a48d62001c31_2_refresh_traffic_speed","filename":"2_refresh_traffic_speed.py","lineno":56}
{"timestamp":"2026-04-15T11:47:38.824204Z","level":"info","event":"========== PAGE START ==========","logger":"lta_common","filename":"lta_common.py","lineno":53}
{"timestamp":"2026-04-15T11:47:38.825164Z","level":"info","event":"[FETCH] requesting rows 10500–10999","logger":"lta_common","filename":"lta_common.py","lineno":54}
{"timestamp":"2026-04-15T11:47:38.825769Z","level":"info","event":"Fetching page from LTA: skip=10500","logger":"lta_common","filename":"lta_common.py","lineno":36}
{"timestamp":"2026-04-15T11:47:39.107650Z","level":"info","event":"Retrieved 500 rows from LTA at skip=10500","logger":"lta_common","filename":"lta_common.py","lineno":44}
{"timestamp":"2026-04-15T11:47:39.114064Z","level":"info","event":"[FETCH DONE] retrieved=500 rows at skip=10500","logger":"lta_common","filename":"lta_common.py","lineno":59}
{"timestamp":"2026-04-15T11:47:39.114833Z","level":"info","event":"STEP 4: processing page skip=10500 rows=500","logger":"unusual_prefix_faea391ec71b1d4b4651510353e4a48d62001c31_2_refresh_traffic_speed","filename":"2_refresh_traffic_speed.py","lineno":41}
{"timestamp":"2026-04-15T11:47:39.133608Z","level":"info","event":"[CLEAN DONE] rows=500 | null_speed_band=0 | null_minimum_speed=0 | null_maximum_speed=0","logger":"lta_common","filename":"lta_common.py","lineno":238}
{"timestamp":"2026-04-15T11:47:39.135096Z","level":"info","event":"STEP 5: built cleaned snapshot dataframe rows=500","logger":"unusual_prefix_faea391ec71b1d4b4651510353e4a48d62001c31_2_refresh_traffic_speed","filename":"2_refresh_traffic_speed.py","lineno":44}
{"timestamp":"2026-04-15T11:47:39.135675Z","level":"info","event":"[LATEST PREP] rows=500 | missing_measurement_rows=0","logger":"lta_common","filename":"lta_common.py","lineno":271}
{"timestamp":"2026-04-15T11:47:39.136061Z","level":"info","event":"[UPSERT START] upserting 500 rows into traffic_speed_latest","logger":"lta_common","filename":"lta_common.py","lineno":348}
{"timestamp":"2026-04-15T11:47:39.136520Z","level":"info","event":"[UPSERT DEBUG] max_link_id=16309 | min_link_id=15675 | max_speed_band=7 | min_speed_band=1 | max_minimum_speed=60 | min_minimum_speed=0 | max_maximum_speed=69 | min_maximum_speed=9","logger":"lta_common","filename":"lta_common.py","lineno":350}
{"timestamp":"2026-04-15T11:47:39.615097Z","level":"info","event":"[UPSERT DONE] upserted=500 rows into traffic_speed_latest","logger":"lta_common","filename":"lta_common.py","lineno":388}
{"timestamp":"2026-04-15T11:47:39.617255Z","level":"info","event":"[SAVE START] inserting 500 rows into traffic_speed_recent","logger":"lta_common","filename":"lta_common.py","lineno":319}
{"timestamp":"2026-04-15T11:47:40.053963Z","level":"info","event":"[SAVE DONE] inserted=500 rows into traffic_speed_recent","logger":"lta_common","filename":"lta_common.py","lineno":337}
{"timestamp":"2026-04-15T11:47:40.054287Z","level":"info","event":"STEP 6: page saved skip=10500 | pages=22 | latest_rows=11000 | recent_rows=11000","logger":"unusual_prefix_faea391ec71b1d4b4651510353e4a48d62001c31_2_refresh_traffic_speed","filename":"2_refresh_traffic_speed.py","lineno":56}
{"timestamp":"2026-04-15T11:47:40.054380Z","level":"info","event":"========== PAGE START ==========","logger":"lta_common","filename":"lta_common.py","lineno":53}
{"timestamp":"2026-04-15T11:47:40.054455Z","level":"info","event":"[FETCH] requesting rows 11000–11499","logger":"lta_common","filename":"lta_common.py","lineno":54}
{"timestamp":"2026-04-15T11:47:40.054573Z","level":"info","event":"Fetching page from LTA: skip=11000","logger":"lta_common","filename":"lta_common.py","lineno":36}
{"timestamp":"2026-04-15T11:47:40.344669Z","level":"info","event":"Retrieved 500 rows from LTA at skip=11000","logger":"lta_common","filename":"lta_common.py","lineno":44}
{"timestamp":"2026-04-15T11:47:40.347542Z","level":"info","event":"[FETCH DONE] retrieved=500 rows at skip=11000","logger":"lta_common","filename":"lta_common.py","lineno":59}
{"timestamp":"2026-04-15T11:47:40.348011Z","level":"info","event":"STEP 4: processing page skip=11000 rows=500","logger":"unusual_prefix_faea391ec71b1d4b4651510353e4a48d62001c31_2_refresh_traffic_speed","filename":"2_refresh_traffic_speed.py","lineno":41}
{"timestamp":"2026-04-15T11:47:40.362561Z","level":"info","event":"[CLEAN DONE] rows=500 | null_speed_band=0 | null_minimum_speed=0 | null_maximum_speed=0","logger":"lta_common","filename":"lta_common.py","lineno":238}
{"timestamp":"2026-04-15T11:47:40.363704Z","level":"info","event":"STEP 5: built cleaned snapshot dataframe rows=500","logger":"unusual_prefix_faea391ec71b1d4b4651510353e4a48d62001c31_2_refresh_traffic_speed","filename":"2_refresh_traffic_speed.py","lineno":44}
{"timestamp":"2026-04-15T11:47:40.364173Z","level":"info","event":"[LATEST PREP] rows=500 | missing_measurement_rows=0","logger":"lta_common","filename":"lta_common.py","lineno":271}
{"timestamp":"2026-04-15T11:47:40.364541Z","level":"info","event":"[UPSERT START] upserting 500 rows into traffic_speed_latest","logger":"lta_common","filename":"lta_common.py","lineno":348}
{"timestamp":"2026-04-15T11:47:40.364950Z","level":"info","event":"[UPSERT DEBUG] max_link_id=17103 | min_link_id=16310 | max_speed_band=7 | min_speed_band=1 | max_minimum_speed=60 | min_minimum_speed=0 | max_maximum_speed=69 | min_maximum_speed=9","logger":"lta_common","filename":"lta_common.py","lineno":350}
{"timestamp":"2026-04-15T11:47:41.010894Z","level":"info","event":"[UPSERT DONE] upserted=500 rows into traffic_speed_latest","logger":"lta_common","filename":"lta_common.py","lineno":388}
{"timestamp":"2026-04-15T11:47:41.013328Z","level":"info","event":"[SAVE START] inserting 500 rows into traffic_speed_recent","logger":"lta_common","filename":"lta_common.py","lineno":319}
{"timestamp":"2026-04-15T11:47:41.450279Z","level":"info","event":"[SAVE DONE] inserted=500 rows into traffic_speed_recent","logger":"lta_common","filename":"lta_common.py","lineno":337}
{"timestamp":"2026-04-15T11:47:41.450410Z","level":"info","event":"STEP 6: page saved skip=11000 | pages=23 | latest_rows=11500 | recent_rows=11500","logger":"unusual_prefix_faea391ec71b1d4b4651510353e4a48d62001c31_2_refresh_traffic_speed","filename":"2_refresh_traffic_speed.py","lineno":56}
{"timestamp":"2026-04-15T11:47:41.450447Z","level":"info","event":"========== PAGE START ==========","logger":"lta_common","filename":"lta_common.py","lineno":53}
{"timestamp":"2026-04-15T11:47:41.450471Z","level":"info","event":"[FETCH] requesting rows 11500–11999","logger":"lta_common","filename":"lta_common.py","lineno":54}
{"timestamp":"2026-04-15T11:47:41.450515Z","level":"info","event":"Fetching page from LTA: skip=11500","logger":"lta_common","filename":"lta_common.py","lineno":36}
{"timestamp":"2026-04-15T11:47:41.780071Z","level":"info","event":"Retrieved 500 rows from LTA at skip=11500","logger":"lta_common","filename":"lta_common.py","lineno":44}
{"timestamp":"2026-04-15T11:47:41.781275Z","level":"info","event":"[FETCH DONE] retrieved=500 rows at skip=11500","logger":"lta_common","filename":"lta_common.py","lineno":59}
{"timestamp":"2026-04-15T11:47:41.781467Z","level":"info","event":"STEP 4: processing page skip=11500 rows=500","logger":"unusual_prefix_faea391ec71b1d4b4651510353e4a48d62001c31_2_refresh_traffic_speed","filename":"2_refresh_traffic_speed.py","lineno":41}
{"timestamp":"2026-04-15T11:47:41.788544Z","level":"warning","event":"[SANITIZE] link_id=17752 field=maximum_speed suspicious sentinel value=999 -> NULL","logger":"lta_common","filename":"lta_common.py","lineno":143}
{"timestamp":"2026-04-15T11:47:41.788624Z","level":"warning","event":"[SANITIZE] link_id=17753 field=maximum_speed suspicious sentinel value=999 -> NULL","logger":"lta_common","filename":"lta_common.py","lineno":143}
{"timestamp":"2026-04-15T11:47:41.789629Z","level":"info","event":"[CLEAN DONE] rows=500 | null_speed_band=0 | null_minimum_speed=0 | null_maximum_speed=2","logger":"lta_common","filename":"lta_common.py","lineno":238}
{"timestamp":"2026-04-15T11:47:41.790583Z","level":"info","event":"STEP 5: built cleaned snapshot dataframe rows=500","logger":"unusual_prefix_faea391ec71b1d4b4651510353e4a48d62001c31_2_refresh_traffic_speed","filename":"2_refresh_traffic_speed.py","lineno":44}
{"timestamp":"2026-04-15T11:47:41.790956Z","level":"info","event":"[LATEST PREP] rows=500 | missing_measurement_rows=0","logger":"lta_common","filename":"lta_common.py","lineno":271}
{"timestamp":"2026-04-15T11:47:41.791339Z","level":"info","event":"[UPSERT START] upserting 500 rows into traffic_speed_latest","logger":"lta_common","filename":"lta_common.py","lineno":348}
{"timestamp":"2026-04-15T11:47:41.791856Z","level":"info","event":"[UPSERT DEBUG] max_link_id=18105 | min_link_id=17132 | max_speed_band=8 | min_speed_band=1 | max_minimum_speed=70 | min_minimum_speed=0 | max_maximum_speed=69.0 | min_maximum_speed=9.0","logger":"lta_common","filename":"lta_common.py","lineno":350}
{"timestamp":"2026-04-15T11:47:42.185618Z","level":"info","event":"[UPSERT DONE] upserted=500 rows into traffic_speed_latest","logger":"lta_common","filename":"lta_common.py","lineno":388}
{"timestamp":"2026-04-15T11:47:42.186104Z","level":"info","event":"[SAVE START] inserting 500 rows into traffic_speed_recent","logger":"lta_common","filename":"lta_common.py","lineno":319}
{"timestamp":"2026-04-15T11:47:42.605890Z","level":"info","event":"[SAVE DONE] inserted=500 rows into traffic_speed_recent","logger":"lta_common","filename":"lta_common.py","lineno":337}
{"timestamp":"2026-04-15T11:47:42.606055Z","level":"info","event":"STEP 6: page saved skip=11500 | pages=24 | latest_rows=12000 | recent_rows=12000","logger":"unusual_prefix_faea391ec71b1d4b4651510353e4a48d62001c31_2_refresh_traffic_speed","filename":"2_refresh_traffic_speed.py","lineno":56}
{"timestamp":"2026-04-15T11:47:42.606110Z","level":"info","event":"========== PAGE START ==========","logger":"lta_common","filename":"lta_common.py","lineno":53}
{"timestamp":"2026-04-15T11:47:42.606147Z","level":"info","event":"[FETCH] requesting rows 12000–12499","logger":"lta_common","filename":"lta_common.py","lineno":54}
{"timestamp":"2026-04-15T11:47:42.606199Z","level":"info","event":"Fetching page from LTA: skip=12000","logger":"lta_common","filename":"lta_common.py","lineno":36}
{"timestamp":"2026-04-15T11:47:42.887265Z","level":"info","event":"Retrieved 500 rows from LTA at skip=12000","logger":"lta_common","filename":"lta_common.py","lineno":44}
{"timestamp":"2026-04-15T11:47:42.890627Z","level":"info","event":"[FETCH DONE] retrieved=500 rows at skip=12000","logger":"lta_common","filename":"lta_common.py","lineno":59}
{"timestamp":"2026-04-15T11:47:42.891054Z","level":"info","event":"STEP 4: processing page skip=12000 rows=500","logger":"unusual_prefix_faea391ec71b1d4b4651510353e4a48d62001c31_2_refresh_traffic_speed","filename":"2_refresh_traffic_speed.py","lineno":41}
{"timestamp":"2026-04-15T11:47:42.906696Z","level":"info","event":"[CLEAN DONE] rows=500 | null_speed_band=0 | null_minimum_speed=0 | null_maximum_speed=0","logger":"lta_common","filename":"lta_common.py","lineno":238}
{"timestamp":"2026-04-15T11:47:42.908107Z","level":"info","event":"STEP 5: built cleaned snapshot dataframe rows=500","logger":"unusual_prefix_faea391ec71b1d4b4651510353e4a48d62001c31_2_refresh_traffic_speed","filename":"2_refresh_traffic_speed.py","lineno":44}
{"timestamp":"2026-04-15T11:47:42.908629Z","level":"info","event":"[LATEST PREP] rows=500 | missing_measurement_rows=0","logger":"lta_common","filename":"lta_common.py","lineno":271}
{"timestamp":"2026-04-15T11:47:42.909111Z","level":"info","event":"[UPSERT START] upserting 500 rows into traffic_speed_latest","logger":"lta_common","filename":"lta_common.py","lineno":348}
{"timestamp":"2026-04-15T11:47:42.909886Z","level":"info","event":"[UPSERT DEBUG] max_link_id=18947 | min_link_id=18108 | max_speed_band=6 | min_speed_band=1 | max_minimum_speed=50 | min_minimum_speed=0 | max_maximum_speed=59 | min_maximum_speed=9","logger":"lta_common","filename":"lta_common.py","lineno":350}
{"timestamp":"2026-04-15T11:47:43.292075Z","level":"info","event":"[UPSERT DONE] upserted=500 rows into traffic_speed_latest","logger":"lta_common","filename":"lta_common.py","lineno":388}
{"timestamp":"2026-04-15T11:47:43.292927Z","level":"info","event":"[SAVE START] inserting 500 rows into traffic_speed_recent","logger":"lta_common","filename":"lta_common.py","lineno":319}
{"timestamp":"2026-04-15T11:47:43.787771Z","level":"info","event":"[SAVE DONE] inserted=500 rows into traffic_speed_recent","logger":"lta_common","filename":"lta_common.py","lineno":337}
{"timestamp":"2026-04-15T11:47:43.787914Z","level":"info","event":"STEP 6: page saved skip=12000 | pages=25 | latest_rows=12500 | recent_rows=12500","logger":"unusual_prefix_faea391ec71b1d4b4651510353e4a48d62001c31_2_refresh_traffic_speed","filename":"2_refresh_traffic_speed.py","lineno":56}
{"timestamp":"2026-04-15T11:47:43.787950Z","level":"info","event":"========== PAGE START ==========","logger":"lta_common","filename":"lta_common.py","lineno":53}
{"timestamp":"2026-04-15T11:47:43.787975Z","level":"info","event":"[FETCH] requesting rows 12500–12999","logger":"lta_common","filename":"lta_common.py","lineno":54}
{"timestamp":"2026-04-15T11:47:43.788007Z","level":"info","event":"Fetching page from LTA: skip=12500","logger":"lta_common","filename":"lta_common.py","lineno":36}
{"timestamp":"2026-04-15T11:47:44.090781Z","level":"info","event":"Retrieved 500 rows from LTA at skip=12500","logger":"lta_common","filename":"lta_common.py","lineno":44}
{"timestamp":"2026-04-15T11:47:44.091917Z","level":"info","event":"[FETCH DONE] retrieved=500 rows at skip=12500","logger":"lta_common","filename":"lta_common.py","lineno":59}
{"timestamp":"2026-04-15T11:47:44.092120Z","level":"info","event":"STEP 4: processing page skip=12500 rows=500","logger":"unusual_prefix_faea391ec71b1d4b4651510353e4a48d62001c31_2_refresh_traffic_speed","filename":"2_refresh_traffic_speed.py","lineno":41}
{"timestamp":"2026-04-15T11:47:44.103304Z","level":"info","event":"[CLEAN DONE] rows=500 | null_speed_band=0 | null_minimum_speed=0 | null_maximum_speed=0","logger":"lta_common","filename":"lta_common.py","lineno":238}
{"timestamp":"2026-04-15T11:47:44.105134Z","level":"info","event":"STEP 5: built cleaned snapshot dataframe rows=500","logger":"unusual_prefix_faea391ec71b1d4b4651510353e4a48d62001c31_2_refresh_traffic_speed","filename":"2_refresh_traffic_speed.py","lineno":44}
{"timestamp":"2026-04-15T11:47:44.105830Z","level":"info","event":"[LATEST PREP] rows=500 | missing_measurement_rows=0","logger":"lta_common","filename":"lta_common.py","lineno":271}
{"timestamp":"2026-04-15T11:47:44.106352Z","level":"info","event":"[UPSERT START] upserting 500 rows into traffic_speed_latest","logger":"lta_common","filename":"lta_common.py","lineno":348}
{"timestamp":"2026-04-15T11:47:44.106985Z","level":"info","event":"[UPSERT DEBUG] max_link_id=19645 | min_link_id=18949 | max_speed_band=6 | min_speed_band=1 | max_minimum_speed=50 | min_minimum_speed=0 | max_maximum_speed=59 | min_maximum_speed=9","logger":"lta_common","filename":"lta_common.py","lineno":350}
{"timestamp":"2026-04-15T11:47:44.573903Z","level":"info","event":"[UPSERT DONE] upserted=500 rows into traffic_speed_latest","logger":"lta_common","filename":"lta_common.py","lineno":388}
{"timestamp":"2026-04-15T11:47:44.574335Z","level":"info","event":"[SAVE START] inserting 500 rows into traffic_speed_recent","logger":"lta_common","filename":"lta_common.py","lineno":319}
{"timestamp":"2026-04-15T11:47:45.052448Z","level":"info","event":"[SAVE DONE] inserted=500 rows into traffic_speed_recent","logger":"lta_common","filename":"lta_common.py","lineno":337}
{"timestamp":"2026-04-15T11:47:45.052546Z","level":"info","event":"STEP 6: page saved skip=12500 | pages=26 | latest_rows=13000 | recent_rows=13000","logger":"unusual_prefix_faea391ec71b1d4b4651510353e4a48d62001c31_2_refresh_traffic_speed","filename":"2_refresh_traffic_speed.py","lineno":56}
{"timestamp":"2026-04-15T11:47:45.052576Z","level":"info","event":"========== PAGE START ==========","logger":"lta_common","filename":"lta_common.py","lineno":53}
{"timestamp":"2026-04-15T11:47:45.052597Z","level":"info","event":"[FETCH] requesting rows 13000–13499","logger":"lta_common","filename":"lta_common.py","lineno":54}
{"timestamp":"2026-04-15T11:47:45.052624Z","level":"info","event":"Fetching page from LTA: skip=13000","logger":"lta_common","filename":"lta_common.py","lineno":36}
{"timestamp":"2026-04-15T11:47:45.361051Z","level":"info","event":"Retrieved 500 rows from LTA at skip=13000","logger":"lta_common","filename":"lta_common.py","lineno":44}
{"timestamp":"2026-04-15T11:47:45.362332Z","level":"info","event":"[FETCH DONE] retrieved=500 rows at skip=13000","logger":"lta_common","filename":"lta_common.py","lineno":59}
{"timestamp":"2026-04-15T11:47:45.362576Z","level":"info","event":"STEP 4: processing page skip=13000 rows=500","logger":"unusual_prefix_faea391ec71b1d4b4651510353e4a48d62001c31_2_refresh_traffic_speed","filename":"2_refresh_traffic_speed.py","lineno":41}
{"timestamp":"2026-04-15T11:47:45.370649Z","level":"info","event":"[CLEAN DONE] rows=500 | null_speed_band=0 | null_minimum_speed=0 | null_maximum_speed=0","logger":"lta_common","filename":"lta_common.py","lineno":238}
{"timestamp":"2026-04-15T11:47:45.371427Z","level":"info","event":"STEP 5: built cleaned snapshot dataframe rows=500","logger":"unusual_prefix_faea391ec71b1d4b4651510353e4a48d62001c31_2_refresh_traffic_speed","filename":"2_refresh_traffic_speed.py","lineno":44}
{"timestamp":"2026-04-15T11:47:45.371747Z","level":"info","event":"[LATEST PREP] rows=500 | missing_measurement_rows=0","logger":"lta_common","filename":"lta_common.py","lineno":271}
{"timestamp":"2026-04-15T11:47:45.371987Z","level":"info","event":"[UPSERT START] upserting 500 rows into traffic_speed_latest","logger":"lta_common","filename":"lta_common.py","lineno":348}
{"timestamp":"2026-04-15T11:47:45.372267Z","level":"info","event":"[UPSERT DEBUG] max_link_id=20346 | min_link_id=19646 | max_speed_band=6 | min_speed_band=1 | max_minimum_speed=50 | min_minimum_speed=0 | max_maximum_speed=59 | min_maximum_speed=9","logger":"lta_common","filename":"lta_common.py","lineno":350}
{"timestamp":"2026-04-15T11:47:45.794946Z","level":"info","event":"[UPSERT DONE] upserted=500 rows into traffic_speed_latest","logger":"lta_common","filename":"lta_common.py","lineno":388}
{"timestamp":"2026-04-15T11:47:45.795477Z","level":"info","event":"[SAVE START] inserting 500 rows into traffic_speed_recent","logger":"lta_common","filename":"lta_common.py","lineno":319}
{"timestamp":"2026-04-15T11:47:46.254688Z","level":"info","event":"[SAVE DONE] inserted=500 rows into traffic_speed_recent","logger":"lta_common","filename":"lta_common.py","lineno":337}
{"timestamp":"2026-04-15T11:47:46.254810Z","level":"info","event":"STEP 6: page saved skip=13000 | pages=27 | latest_rows=13500 | recent_rows=13500","logger":"unusual_prefix_faea391ec71b1d4b4651510353e4a48d62001c31_2_refresh_traffic_speed","filename":"2_refresh_traffic_speed.py","lineno":56}
{"timestamp":"2026-04-15T11:47:46.254857Z","level":"info","event":"========== PAGE START ==========","logger":"lta_common","filename":"lta_common.py","lineno":53}
{"timestamp":"2026-04-15T11:47:46.254884Z","level":"info","event":"[FETCH] requesting rows 13500–13999","logger":"lta_common","filename":"lta_common.py","lineno":54}
{"timestamp":"2026-04-15T11:47:46.254920Z","level":"info","event":"Fetching page from LTA: skip=13500","logger":"lta_common","filename":"lta_common.py","lineno":36}
{"timestamp":"2026-04-15T11:47:46.518515Z","level":"info","event":"Retrieved 500 rows from LTA at skip=13500","logger":"lta_common","filename":"lta_common.py","lineno":44}
{"timestamp":"2026-04-15T11:47:46.519741Z","level":"info","event":"[FETCH DONE] retrieved=500 rows at skip=13500","logger":"lta_common","filename":"lta_common.py","lineno":59}
{"timestamp":"2026-04-15T11:47:46.519842Z","level":"info","event":"STEP 4: processing page skip=13500 rows=500","logger":"unusual_prefix_faea391ec71b1d4b4651510353e4a48d62001c31_2_refresh_traffic_speed","filename":"2_refresh_traffic_speed.py","lineno":41}
{"timestamp":"2026-04-15T11:47:46.527448Z","level":"info","event":"[CLEAN DONE] rows=500 | null_speed_band=0 | null_minimum_speed=0 | null_maximum_speed=0","logger":"lta_common","filename":"lta_common.py","lineno":238}
{"timestamp":"2026-04-15T11:47:46.528168Z","level":"info","event":"STEP 5: built cleaned snapshot dataframe rows=500","logger":"unusual_prefix_faea391ec71b1d4b4651510353e4a48d62001c31_2_refresh_traffic_speed","filename":"2_refresh_traffic_speed.py","lineno":44}
{"timestamp":"2026-04-15T11:47:46.528466Z","level":"info","event":"[LATEST PREP] rows=500 | missing_measurement_rows=0","logger":"lta_common","filename":"lta_common.py","lineno":271}
{"timestamp":"2026-04-15T11:47:46.528684Z","level":"info","event":"[UPSERT START] upserting 500 rows into traffic_speed_latest","logger":"lta_common","filename":"lta_common.py","lineno":348}
{"timestamp":"2026-04-15T11:47:46.528958Z","level":"info","event":"[UPSERT DEBUG] max_link_id=21172 | min_link_id=20349 | max_speed_band=7 | min_speed_band=1 | max_minimum_speed=60 | min_minimum_speed=0 | max_maximum_speed=69 | min_maximum_speed=9","logger":"lta_common","filename":"lta_common.py","lineno":350}
{"timestamp":"2026-04-15T11:47:47.005038Z","level":"info","event":"[UPSERT DONE] upserted=500 rows into traffic_speed_latest","logger":"lta_common","filename":"lta_common.py","lineno":388}
{"timestamp":"2026-04-15T11:47:47.005529Z","level":"info","event":"[SAVE START] inserting 500 rows into traffic_speed_recent","logger":"lta_common","filename":"lta_common.py","lineno":319}
{"timestamp":"2026-04-15T11:47:47.432809Z","level":"info","event":"[SAVE DONE] inserted=500 rows into traffic_speed_recent","logger":"lta_common","filename":"lta_common.py","lineno":337}
{"timestamp":"2026-04-15T11:47:47.433679Z","level":"info","event":"STEP 6: page saved skip=13500 | pages=28 | latest_rows=14000 | recent_rows=14000","logger":"unusual_prefix_faea391ec71b1d4b4651510353e4a48d62001c31_2_refresh_traffic_speed","filename":"2_refresh_traffic_speed.py","lineno":56}
{"timestamp":"2026-04-15T11:47:47.433957Z","level":"info","event":"========== PAGE START ==========","logger":"lta_common","filename":"lta_common.py","lineno":53}
{"timestamp":"2026-04-15T11:47:47.434216Z","level":"info","event":"[FETCH] requesting rows 14000–14499","logger":"lta_common","filename":"lta_common.py","lineno":54}
{"timestamp":"2026-04-15T11:47:47.434406Z","level":"info","event":"Fetching page from LTA: skip=14000","logger":"lta_common","filename":"lta_common.py","lineno":36}
{"timestamp":"2026-04-15T11:47:47.824339Z","level":"info","event":"Retrieved 500 rows from LTA at skip=14000","logger":"lta_common","filename":"lta_common.py","lineno":44}
{"timestamp":"2026-04-15T11:47:47.829476Z","level":"info","event":"[FETCH DONE] retrieved=500 rows at skip=14000","logger":"lta_common","filename":"lta_common.py","lineno":59}
{"timestamp":"2026-04-15T11:47:47.830570Z","level":"info","event":"STEP 4: processing page skip=14000 rows=500","logger":"unusual_prefix_faea391ec71b1d4b4651510353e4a48d62001c31_2_refresh_traffic_speed","filename":"2_refresh_traffic_speed.py","lineno":41}
{"timestamp":"2026-04-15T11:47:47.847786Z","level":"warning","event":"[SANITIZE] link_id=21663 field=maximum_speed suspicious sentinel value=999 -> NULL","logger":"lta_common","filename":"lta_common.py","lineno":143}
{"timestamp":"2026-04-15T11:47:47.849466Z","level":"info","event":"[CLEAN DONE] rows=500 | null_speed_band=0 | null_minimum_speed=0 | null_maximum_speed=1","logger":"lta_common","filename":"lta_common.py","lineno":238}
{"timestamp":"2026-04-15T11:47:47.850917Z","level":"info","event":"STEP 5: built cleaned snapshot dataframe rows=500","logger":"unusual_prefix_faea391ec71b1d4b4651510353e4a48d62001c31_2_refresh_traffic_speed","filename":"2_refresh_traffic_speed.py","lineno":44}
{"timestamp":"2026-04-15T11:47:47.851437Z","level":"info","event":"[LATEST PREP] rows=500 | missing_measurement_rows=0","logger":"lta_common","filename":"lta_common.py","lineno":271}
{"timestamp":"2026-04-15T11:47:47.851830Z","level":"info","event":"[UPSERT START] upserting 500 rows into traffic_speed_latest","logger":"lta_common","filename":"lta_common.py","lineno":348}
{"timestamp":"2026-04-15T11:47:47.852283Z","level":"info","event":"[UPSERT DEBUG] max_link_id=21949 | min_link_id=21177 | max_speed_band=8 | min_speed_band=1 | max_minimum_speed=70 | min_minimum_speed=0 | max_maximum_speed=69.0 | min_maximum_speed=9.0","logger":"lta_common","filename":"lta_common.py","lineno":350}
{"timestamp":"2026-04-15T11:47:48.262649Z","level":"info","event":"[UPSERT DONE] upserted=500 rows into traffic_speed_latest","logger":"lta_common","filename":"lta_common.py","lineno":388}
{"timestamp":"2026-04-15T11:47:48.264123Z","level":"info","event":"[SAVE START] inserting 500 rows into traffic_speed_recent","logger":"lta_common","filename":"lta_common.py","lineno":319}
{"timestamp":"2026-04-15T11:47:48.682908Z","level":"info","event":"[SAVE DONE] inserted=500 rows into traffic_speed_recent","logger":"lta_common","filename":"lta_common.py","lineno":337}
{"timestamp":"2026-04-15T11:47:48.683347Z","level":"info","event":"STEP 6: page saved skip=14000 | pages=29 | latest_rows=14500 | recent_rows=14500","logger":"unusual_prefix_faea391ec71b1d4b4651510353e4a48d62001c31_2_refresh_traffic_speed","filename":"2_refresh_traffic_speed.py","lineno":56}
{"timestamp":"2026-04-15T11:47:48.683495Z","level":"info","event":"========== PAGE START ==========","logger":"lta_common","filename":"lta_common.py","lineno":53}
{"timestamp":"2026-04-15T11:47:48.683586Z","level":"info","event":"[FETCH] requesting rows 14500–14999","logger":"lta_common","filename":"lta_common.py","lineno":54}
{"timestamp":"2026-04-15T11:47:48.683687Z","level":"info","event":"Fetching page from LTA: skip=14500","logger":"lta_common","filename":"lta_common.py","lineno":36}
{"timestamp":"2026-04-15T11:47:49.148654Z","level":"info","event":"Retrieved 500 rows from LTA at skip=14500","logger":"lta_common","filename":"lta_common.py","lineno":44}
{"timestamp":"2026-04-15T11:47:49.154535Z","level":"info","event":"[FETCH DONE] retrieved=500 rows at skip=14500","logger":"lta_common","filename":"lta_common.py","lineno":59}
{"timestamp":"2026-04-15T11:47:49.155464Z","level":"info","event":"STEP 4: processing page skip=14500 rows=500","logger":"unusual_prefix_faea391ec71b1d4b4651510353e4a48d62001c31_2_refresh_traffic_speed","filename":"2_refresh_traffic_speed.py","lineno":41}
{"timestamp":"2026-04-15T11:47:49.171678Z","level":"warning","event":"[SANITIZE] link_id=22017 field=maximum_speed suspicious sentinel value=999 -> NULL","logger":"lta_common","filename":"lta_common.py","lineno":143}
{"timestamp":"2026-04-15T11:47:49.174802Z","level":"info","event":"[CLEAN DONE] rows=500 | null_speed_band=0 | null_minimum_speed=0 | null_maximum_speed=1","logger":"lta_common","filename":"lta_common.py","lineno":238}
{"timestamp":"2026-04-15T11:47:49.176464Z","level":"info","event":"STEP 5: built cleaned snapshot dataframe rows=500","logger":"unusual_prefix_faea391ec71b1d4b4651510353e4a48d62001c31_2_refresh_traffic_speed","filename":"2_refresh_traffic_speed.py","lineno":44}
{"timestamp":"2026-04-15T11:47:49.177102Z","level":"info","event":"[LATEST PREP] rows=500 | missing_measurement_rows=0","logger":"lta_common","filename":"lta_common.py","lineno":271}
{"timestamp":"2026-04-15T11:47:49.177497Z","level":"info","event":"[UPSERT START] upserting 500 rows into traffic_speed_latest","logger":"lta_common","filename":"lta_common.py","lineno":348}
{"timestamp":"2026-04-15T11:47:49.177954Z","level":"info","event":"[UPSERT DEBUG] max_link_id=22602 | min_link_id=21950 | max_speed_band=8 | min_speed_band=1 | max_minimum_speed=70 | min_minimum_speed=0 | max_maximum_speed=69.0 | min_maximum_speed=9.0","logger":"lta_common","filename":"lta_common.py","lineno":350}
{"timestamp":"2026-04-15T11:47:49.563390Z","level":"info","event":"[UPSERT DONE] upserted=500 rows into traffic_speed_latest","logger":"lta_common","filename":"lta_common.py","lineno":388}
{"timestamp":"2026-04-15T11:47:49.564218Z","level":"info","event":"[SAVE START] inserting 500 rows into traffic_speed_recent","logger":"lta_common","filename":"lta_common.py","lineno":319}
{"timestamp":"2026-04-15T11:47:49.979413Z","level":"info","event":"[SAVE DONE] inserted=500 rows into traffic_speed_recent","logger":"lta_common","filename":"lta_common.py","lineno":337}
{"timestamp":"2026-04-15T11:47:49.980381Z","level":"info","event":"STEP 6: page saved skip=14500 | pages=30 | latest_rows=15000 | recent_rows=15000","logger":"unusual_prefix_faea391ec71b1d4b4651510353e4a48d62001c31_2_refresh_traffic_speed","filename":"2_refresh_traffic_speed.py","lineno":56}
{"timestamp":"2026-04-15T11:47:49.980559Z","level":"info","event":"========== PAGE START ==========","logger":"lta_common","filename":"lta_common.py","lineno":53}
{"timestamp":"2026-04-15T11:47:49.980942Z","level":"info","event":"[FETCH] requesting rows 15000–15499","logger":"lta_common","filename":"lta_common.py","lineno":54}
{"timestamp":"2026-04-15T11:47:49.981084Z","level":"info","event":"Fetching page from LTA: skip=15000","logger":"lta_common","filename":"lta_common.py","lineno":36}
{"timestamp":"2026-04-15T11:47:50.308723Z","level":"info","event":"Retrieved 500 rows from LTA at skip=15000","logger":"lta_common","filename":"lta_common.py","lineno":44}
{"timestamp":"2026-04-15T11:47:50.310008Z","level":"info","event":"[FETCH DONE] retrieved=500 rows at skip=15000","logger":"lta_common","filename":"lta_common.py","lineno":59}
{"timestamp":"2026-04-15T11:47:50.310247Z","level":"info","event":"STEP 4: processing page skip=15000 rows=500","logger":"unusual_prefix_faea391ec71b1d4b4651510353e4a48d62001c31_2_refresh_traffic_speed","filename":"2_refresh_traffic_speed.py","lineno":41}
{"timestamp":"2026-04-15T11:47:50.316684Z","level":"warning","event":"[SANITIZE] link_id=22679 field=maximum_speed suspicious sentinel value=999 -> NULL","logger":"lta_common","filename":"lta_common.py","lineno":143}
{"timestamp":"2026-04-15T11:47:50.319731Z","level":"info","event":"[CLEAN DONE] rows=500 | null_speed_band=0 | null_minimum_speed=0 | null_maximum_speed=1","logger":"lta_common","filename":"lta_common.py","lineno":238}
{"timestamp":"2026-04-15T11:47:50.321326Z","level":"info","event":"STEP 5: built cleaned snapshot dataframe rows=500","logger":"unusual_prefix_faea391ec71b1d4b4651510353e4a48d62001c31_2_refresh_traffic_speed","filename":"2_refresh_traffic_speed.py","lineno":44}
{"timestamp":"2026-04-15T11:47:50.322005Z","level":"info","event":"[LATEST PREP] rows=500 | missing_measurement_rows=0","logger":"lta_common","filename":"lta_common.py","lineno":271}
{"timestamp":"2026-04-15T11:47:50.322379Z","level":"info","event":"[UPSERT START] upserting 500 rows into traffic_speed_latest","logger":"lta_common","filename":"lta_common.py","lineno":348}
{"timestamp":"2026-04-15T11:47:50.322694Z","level":"info","event":"[UPSERT DEBUG] max_link_id=23518 | min_link_id=22603 | max_speed_band=8 | min_speed_band=1 | max_minimum_speed=70 | min_minimum_speed=0 | max_maximum_speed=69.0 | min_maximum_speed=9.0","logger":"lta_common","filename":"lta_common.py","lineno":350}
{"timestamp":"2026-04-15T11:47:50.711729Z","level":"info","event":"[UPSERT DONE] upserted=500 rows into traffic_speed_latest","logger":"lta_common","filename":"lta_common.py","lineno":388}
{"timestamp":"2026-04-15T11:47:50.712260Z","level":"info","event":"[SAVE START] inserting 500 rows into traffic_speed_recent","logger":"lta_common","filename":"lta_common.py","lineno":319}
{"timestamp":"2026-04-15T11:47:51.096527Z","level":"info","event":"[SAVE DONE] inserted=500 rows into traffic_speed_recent","logger":"lta_common","filename":"lta_common.py","lineno":337}
{"timestamp":"2026-04-15T11:47:51.096637Z","level":"info","event":"STEP 6: page saved skip=15000 | pages=31 | latest_rows=15500 | recent_rows=15500","logger":"unusual_prefix_faea391ec71b1d4b4651510353e4a48d62001c31_2_refresh_traffic_speed","filename":"2_refresh_traffic_speed.py","lineno":56}
{"timestamp":"2026-04-15T11:47:51.096670Z","level":"info","event":"========== PAGE START ==========","logger":"lta_common","filename":"lta_common.py","lineno":53}
{"timestamp":"2026-04-15T11:47:51.096698Z","level":"info","event":"[FETCH] requesting rows 15500–15999","logger":"lta_common","filename":"lta_common.py","lineno":54}
{"timestamp":"2026-04-15T11:47:51.096727Z","level":"info","event":"Fetching page from LTA: skip=15500","logger":"lta_common","filename":"lta_common.py","lineno":36}
{"timestamp":"2026-04-15T11:47:51.341302Z","level":"info","event":"Retrieved 500 rows from LTA at skip=15500","logger":"lta_common","filename":"lta_common.py","lineno":44}
{"timestamp":"2026-04-15T11:47:51.342439Z","level":"info","event":"[FETCH DONE] retrieved=500 rows at skip=15500","logger":"lta_common","filename":"lta_common.py","lineno":59}
{"timestamp":"2026-04-15T11:47:51.342661Z","level":"info","event":"STEP 4: processing page skip=15500 rows=500","logger":"unusual_prefix_faea391ec71b1d4b4651510353e4a48d62001c31_2_refresh_traffic_speed","filename":"2_refresh_traffic_speed.py","lineno":41}
{"timestamp":"2026-04-15T11:47:51.350302Z","level":"info","event":"[CLEAN DONE] rows=500 | null_speed_band=0 | null_minimum_speed=0 | null_maximum_speed=0","logger":"lta_common","filename":"lta_common.py","lineno":238}
{"timestamp":"2026-04-15T11:47:51.351060Z","level":"info","event":"STEP 5: built cleaned snapshot dataframe rows=500","logger":"unusual_prefix_faea391ec71b1d4b4651510353e4a48d62001c31_2_refresh_traffic_speed","filename":"2_refresh_traffic_speed.py","lineno":44}
{"timestamp":"2026-04-15T11:47:51.351382Z","level":"info","event":"[LATEST PREP] rows=500 | missing_measurement_rows=0","logger":"lta_common","filename":"lta_common.py","lineno":271}
{"timestamp":"2026-04-15T11:47:51.351629Z","level":"info","event":"[UPSERT START] upserting 500 rows into traffic_speed_latest","logger":"lta_common","filename":"lta_common.py","lineno":348}
{"timestamp":"2026-04-15T11:47:51.351950Z","level":"info","event":"[UPSERT DEBUG] max_link_id=24311 | min_link_id=23519 | max_speed_band=7 | min_speed_band=1 | max_minimum_speed=60 | min_minimum_speed=0 | max_maximum_speed=69 | min_maximum_speed=9","logger":"lta_common","filename":"lta_common.py","lineno":350}
{"timestamp":"2026-04-15T11:47:51.803242Z","level":"info","event":"[UPSERT DONE] upserted=500 rows into traffic_speed_latest","logger":"lta_common","filename":"lta_common.py","lineno":388}
{"timestamp":"2026-04-15T11:47:51.803827Z","level":"info","event":"[SAVE START] inserting 500 rows into traffic_speed_recent","logger":"lta_common","filename":"lta_common.py","lineno":319}
{"timestamp":"2026-04-15T11:47:52.244668Z","level":"info","event":"[SAVE DONE] inserted=500 rows into traffic_speed_recent","logger":"lta_common","filename":"lta_common.py","lineno":337}
{"timestamp":"2026-04-15T11:47:52.246320Z","level":"info","event":"STEP 6: page saved skip=15500 | pages=32 | latest_rows=16000 | recent_rows=16000","logger":"unusual_prefix_faea391ec71b1d4b4651510353e4a48d62001c31_2_refresh_traffic_speed","filename":"2_refresh_traffic_speed.py","lineno":56}
{"timestamp":"2026-04-15T11:47:52.246731Z","level":"info","event":"========== PAGE START ==========","logger":"lta_common","filename":"lta_common.py","lineno":53}
{"timestamp":"2026-04-15T11:47:52.247116Z","level":"info","event":"[FETCH] requesting rows 16000–16499","logger":"lta_common","filename":"lta_common.py","lineno":54}
{"timestamp":"2026-04-15T11:47:52.247281Z","level":"info","event":"Fetching page from LTA: skip=16000","logger":"lta_common","filename":"lta_common.py","lineno":36}
{"timestamp":"2026-04-15T11:47:52.568155Z","level":"info","event":"Retrieved 500 rows from LTA at skip=16000","logger":"lta_common","filename":"lta_common.py","lineno":44}
{"timestamp":"2026-04-15T11:47:52.576458Z","level":"info","event":"[FETCH DONE] retrieved=500 rows at skip=16000","logger":"lta_common","filename":"lta_common.py","lineno":59}
{"timestamp":"2026-04-15T11:47:52.578792Z","level":"info","event":"STEP 4: processing page skip=16000 rows=500","logger":"unusual_prefix_faea391ec71b1d4b4651510353e4a48d62001c31_2_refresh_traffic_speed","filename":"2_refresh_traffic_speed.py","lineno":41}
{"timestamp":"2026-04-15T11:47:52.595598Z","level":"warning","event":"[SANITIZE] link_id=24614 field=maximum_speed suspicious sentinel value=999 -> NULL","logger":"lta_common","filename":"lta_common.py","lineno":143}
{"timestamp":"2026-04-15T11:47:52.596225Z","level":"warning","event":"[SANITIZE] link_id=24702 field=maximum_speed suspicious sentinel value=999 -> NULL","logger":"lta_common","filename":"lta_common.py","lineno":143}
{"timestamp":"2026-04-15T11:47:52.597560Z","level":"info","event":"[CLEAN DONE] rows=500 | null_speed_band=0 | null_minimum_speed=0 | null_maximum_speed=2","logger":"lta_common","filename":"lta_common.py","lineno":238}
{"timestamp":"2026-04-15T11:47:52.599176Z","level":"info","event":"STEP 5: built cleaned snapshot dataframe rows=500","logger":"unusual_prefix_faea391ec71b1d4b4651510353e4a48d62001c31_2_refresh_traffic_speed","filename":"2_refresh_traffic_speed.py","lineno":44}
{"timestamp":"2026-04-15T11:47:52.599700Z","level":"info","event":"[LATEST PREP] rows=500 | missing_measurement_rows=0","logger":"lta_common","filename":"lta_common.py","lineno":271}
{"timestamp":"2026-04-15T11:47:52.600123Z","level":"info","event":"[UPSERT START] upserting 500 rows into traffic_speed_latest","logger":"lta_common","filename":"lta_common.py","lineno":348}
{"timestamp":"2026-04-15T11:47:52.600601Z","level":"info","event":"[UPSERT DEBUG] max_link_id=24843 | min_link_id=24312 | max_speed_band=8 | min_speed_band=1 | max_minimum_speed=70 | min_minimum_speed=0 | max_maximum_speed=69.0 | min_maximum_speed=9.0","logger":"lta_common","filename":"lta_common.py","lineno":350}
{"timestamp":"2026-04-15T11:47:53.109928Z","level":"info","event":"[UPSERT DONE] upserted=500 rows into traffic_speed_latest","logger":"lta_common","filename":"lta_common.py","lineno":388}
{"timestamp":"2026-04-15T11:47:53.111492Z","level":"info","event":"[SAVE START] inserting 500 rows into traffic_speed_recent","logger":"lta_common","filename":"lta_common.py","lineno":319}
{"timestamp":"2026-04-15T11:47:53.523131Z","level":"info","event":"[SAVE DONE] inserted=500 rows into traffic_speed_recent","logger":"lta_common","filename":"lta_common.py","lineno":337}
{"timestamp":"2026-04-15T11:47:53.524365Z","level":"info","event":"STEP 6: page saved skip=16000 | pages=33 | latest_rows=16500 | recent_rows=16500","logger":"unusual_prefix_faea391ec71b1d4b4651510353e4a48d62001c31_2_refresh_traffic_speed","filename":"2_refresh_traffic_speed.py","lineno":56}
{"timestamp":"2026-04-15T11:47:53.524518Z","level":"info","event":"========== PAGE START ==========","logger":"lta_common","filename":"lta_common.py","lineno":53}
{"timestamp":"2026-04-15T11:47:53.524604Z","level":"info","event":"[FETCH] requesting rows 16500–16999","logger":"lta_common","filename":"lta_common.py","lineno":54}
{"timestamp":"2026-04-15T11:47:53.524712Z","level":"info","event":"Fetching page from LTA: skip=16500","logger":"lta_common","filename":"lta_common.py","lineno":36}
{"timestamp":"2026-04-15T11:47:53.975906Z","level":"info","event":"Retrieved 500 rows from LTA at skip=16500","logger":"lta_common","filename":"lta_common.py","lineno":44}
{"timestamp":"2026-04-15T11:47:53.978617Z","level":"info","event":"[FETCH DONE] retrieved=500 rows at skip=16500","logger":"lta_common","filename":"lta_common.py","lineno":59}
{"timestamp":"2026-04-15T11:47:53.979124Z","level":"info","event":"STEP 4: processing page skip=16500 rows=500","logger":"unusual_prefix_faea391ec71b1d4b4651510353e4a48d62001c31_2_refresh_traffic_speed","filename":"2_refresh_traffic_speed.py","lineno":41}
{"timestamp":"2026-04-15T11:47:53.990530Z","level":"warning","event":"[SANITIZE] link_id=24851 field=maximum_speed suspicious sentinel value=999 -> NULL","logger":"lta_common","filename":"lta_common.py","lineno":143}
{"timestamp":"2026-04-15T11:47:53.990614Z","level":"warning","event":"[SANITIZE] link_id=24852 field=maximum_speed suspicious sentinel value=999 -> NULL","logger":"lta_common","filename":"lta_common.py","lineno":143}
{"timestamp":"2026-04-15T11:47:53.990884Z","level":"warning","event":"[SANITIZE] link_id=24907 field=maximum_speed suspicious sentinel value=999 -> NULL","logger":"lta_common","filename":"lta_common.py","lineno":143}
{"timestamp":"2026-04-15T11:47:53.991285Z","level":"warning","event":"[SANITIZE] link_id=25001 field=maximum_speed suspicious sentinel value=999 -> NULL","logger":"lta_common","filename":"lta_common.py","lineno":143}
{"timestamp":"2026-04-15T11:47:53.991345Z","level":"warning","event":"[SANITIZE] link_id=25005 field=maximum_speed suspicious sentinel value=999 -> NULL","logger":"lta_common","filename":"lta_common.py","lineno":143}
{"timestamp":"2026-04-15T11:47:53.991382Z","level":"warning","event":"[SANITIZE] link_id=25006 field=maximum_speed suspicious sentinel value=999 -> NULL","logger":"lta_common","filename":"lta_common.py","lineno":143}
{"timestamp":"2026-04-15T11:47:53.991427Z","level":"warning","event":"[SANITIZE] link_id=25015 field=maximum_speed suspicious sentinel value=999 -> NULL","logger":"lta_common","filename":"lta_common.py","lineno":143}
{"timestamp":"2026-04-15T11:47:53.991481Z","level":"warning","event":"[SANITIZE] link_id=25019 field=maximum_speed suspicious sentinel value=999 -> NULL","logger":"lta_common","filename":"lta_common.py","lineno":143}
{"timestamp":"2026-04-15T11:47:53.991531Z","level":"warning","event":"[SANITIZE] link_id=25020 field=maximum_speed suspicious sentinel value=999 -> NULL","logger":"lta_common","filename":"lta_common.py","lineno":143}
{"timestamp":"2026-04-15T11:47:53.991568Z","level":"warning","event":"[SANITIZE] link_id=25021 field=maximum_speed suspicious sentinel value=999 -> NULL","logger":"lta_common","filename":"lta_common.py","lineno":143}
{"timestamp":"2026-04-15T11:47:53.991603Z","level":"warning","event":"[SANITIZE] link_id=25022 field=maximum_speed suspicious sentinel value=999 -> NULL","logger":"lta_common","filename":"lta_common.py","lineno":143}
{"timestamp":"2026-04-15T11:47:53.991637Z","level":"warning","event":"[SANITIZE] link_id=25023 field=maximum_speed suspicious sentinel value=999 -> NULL","logger":"lta_common","filename":"lta_common.py","lineno":143}
{"timestamp":"2026-04-15T11:47:53.991841Z","level":"warning","event":"[SANITIZE] link_id=25065 field=maximum_speed suspicious sentinel value=999 -> NULL","logger":"lta_common","filename":"lta_common.py","lineno":143}
{"timestamp":"2026-04-15T11:47:53.991919Z","level":"warning","event":"[SANITIZE] link_id=25066 field=maximum_speed suspicious sentinel value=999 -> NULL","logger":"lta_common","filename":"lta_common.py","lineno":143}
{"timestamp":"2026-04-15T11:47:53.992302Z","level":"warning","event":"[SANITIZE] link_id=25163 field=maximum_speed suspicious sentinel value=999 -> NULL","logger":"lta_common","filename":"lta_common.py","lineno":143}
{"timestamp":"2026-04-15T11:47:53.992356Z","level":"warning","event":"[SANITIZE] link_id=25168 field=maximum_speed suspicious sentinel value=999 -> NULL","logger":"lta_common","filename":"lta_common.py","lineno":143}
{"timestamp":"2026-04-15T11:47:53.992408Z","level":"warning","event":"[SANITIZE] link_id=25173 field=maximum_speed suspicious sentinel value=999 -> NULL","logger":"lta_common","filename":"lta_common.py","lineno":143}
{"timestamp":"2026-04-15T11:47:53.992547Z","level":"warning","event":"[SANITIZE] link_id=25202 field=maximum_speed suspicious sentinel value=999 -> NULL","logger":"lta_common","filename":"lta_common.py","lineno":143}
{"timestamp":"2026-04-15T11:47:53.993444Z","level":"warning","event":"[SANITIZE] link_id=25420 field=maximum_speed suspicious sentinel value=999 -> NULL","logger":"lta_common","filename":"lta_common.py","lineno":143}
{"timestamp":"2026-04-15T11:47:53.994008Z","level":"info","event":"[CLEAN DONE] rows=500 | null_speed_band=0 | null_minimum_speed=0 | null_maximum_speed=19","logger":"lta_common","filename":"lta_common.py","lineno":238}
{"timestamp":"2026-04-15T11:47:53.995205Z","level":"info","event":"STEP 5: built cleaned snapshot dataframe rows=500","logger":"unusual_prefix_faea391ec71b1d4b4651510353e4a48d62001c31_2_refresh_traffic_speed","filename":"2_refresh_traffic_speed.py","lineno":44}
{"timestamp":"2026-04-15T11:47:53.995617Z","level":"info","event":"[LATEST PREP] rows=500 | missing_measurement_rows=0","logger":"lta_common","filename":"lta_common.py","lineno":271}
{"timestamp":"2026-04-15T11:47:53.996003Z","level":"info","event":"[UPSERT START] upserting 500 rows into traffic_speed_latest","logger":"lta_common","filename":"lta_common.py","lineno":348}
{"timestamp":"2026-04-15T11:47:53.996404Z","level":"info","event":"[UPSERT DEBUG] max_link_id=25421 | min_link_id=24844 | max_speed_band=8 | min_speed_band=1 | max_minimum_speed=70 | min_minimum_speed=0 | max_maximum_speed=69.0 | min_maximum_speed=9.0","logger":"lta_common","filename":"lta_common.py","lineno":350}
{"timestamp":"2026-04-15T11:47:54.436114Z","level":"info","event":"[UPSERT DONE] upserted=500 rows into traffic_speed_latest","logger":"lta_common","filename":"lta_common.py","lineno":388}
{"timestamp":"2026-04-15T11:47:54.438729Z","level":"info","event":"[SAVE START] inserting 500 rows into traffic_speed_recent","logger":"lta_common","filename":"lta_common.py","lineno":319}
{"timestamp":"2026-04-15T11:47:54.870329Z","level":"info","event":"[SAVE DONE] inserted=500 rows into traffic_speed_recent","logger":"lta_common","filename":"lta_common.py","lineno":337}
{"timestamp":"2026-04-15T11:47:54.870436Z","level":"info","event":"STEP 6: page saved skip=16500 | pages=34 | latest_rows=17000 | recent_rows=17000","logger":"unusual_prefix_faea391ec71b1d4b4651510353e4a48d62001c31_2_refresh_traffic_speed","filename":"2_refresh_traffic_speed.py","lineno":56}
{"timestamp":"2026-04-15T11:47:54.870466Z","level":"info","event":"========== PAGE START ==========","logger":"lta_common","filename":"lta_common.py","lineno":53}
{"timestamp":"2026-04-15T11:47:54.870488Z","level":"info","event":"[FETCH] requesting rows 17000–17499","logger":"lta_common","filename":"lta_common.py","lineno":54}
{"timestamp":"2026-04-15T11:47:54.870516Z","level":"info","event":"Fetching page from LTA: skip=17000","logger":"lta_common","filename":"lta_common.py","lineno":36}
{"timestamp":"2026-04-15T11:47:55.151744Z","level":"info","event":"Retrieved 500 rows from LTA at skip=17000","logger":"lta_common","filename":"lta_common.py","lineno":44}
{"timestamp":"2026-04-15T11:47:55.152907Z","level":"info","event":"[FETCH DONE] retrieved=500 rows at skip=17000","logger":"lta_common","filename":"lta_common.py","lineno":59}
{"timestamp":"2026-04-15T11:47:55.153120Z","level":"info","event":"STEP 4: processing page skip=17000 rows=500","logger":"unusual_prefix_faea391ec71b1d4b4651510353e4a48d62001c31_2_refresh_traffic_speed","filename":"2_refresh_traffic_speed.py","lineno":41}
{"timestamp":"2026-04-15T11:47:55.159987Z","level":"warning","event":"[SANITIZE] link_id=25727 field=maximum_speed suspicious sentinel value=999 -> NULL","logger":"lta_common","filename":"lta_common.py","lineno":143}
{"timestamp":"2026-04-15T11:47:55.160929Z","level":"info","event":"[CLEAN DONE] rows=500 | null_speed_band=0 | null_minimum_speed=1 | null_maximum_speed=2","logger":"lta_common","filename":"lta_common.py","lineno":238}
{"timestamp":"2026-04-15T11:47:55.161747Z","level":"info","event":"STEP 5: built cleaned snapshot dataframe rows=500","logger":"unusual_prefix_faea391ec71b1d4b4651510353e4a48d62001c31_2_refresh_traffic_speed","filename":"2_refresh_traffic_speed.py","lineno":44}
{"timestamp":"2026-04-15T11:47:55.162072Z","level":"info","event":"[LATEST PREP] rows=500 | missing_measurement_rows=1","logger":"lta_common","filename":"lta_common.py","lineno":271}
{"timestamp":"2026-04-15T11:47:55.162313Z","level":"info","event":"[UPSERT START] upserting 500 rows into traffic_speed_latest","logger":"lta_common","filename":"lta_common.py","lineno":348}
{"timestamp":"2026-04-15T11:47:55.162602Z","level":"info","event":"[UPSERT DEBUG] max_link_id=25962 | min_link_id=25422 | max_speed_band=8 | min_speed_band=1 | max_minimum_speed=70.0 | min_minimum_speed=0.0 | max_maximum_speed=69.0 | min_maximum_speed=9.0","logger":"lta_common","filename":"lta_common.py","lineno":350}
{"timestamp":"2026-04-15T11:47:55.527925Z","level":"info","event":"[UPSERT DONE] upserted=500 rows into traffic_speed_latest","logger":"lta_common","filename":"lta_common.py","lineno":388}
{"timestamp":"2026-04-15T11:47:55.528320Z","level":"info","event":"[SAVE START] inserting 500 rows into traffic_speed_recent","logger":"lta_common","filename":"lta_common.py","lineno":319}
{"timestamp":"2026-04-15T11:47:55.985000Z","level":"info","event":"[SAVE DONE] inserted=500 rows into traffic_speed_recent","logger":"lta_common","filename":"lta_common.py","lineno":337}
{"timestamp":"2026-04-15T11:47:55.985113Z","level":"info","event":"STEP 6: page saved skip=17000 | pages=35 | latest_rows=17500 | recent_rows=17500","logger":"unusual_prefix_faea391ec71b1d4b4651510353e4a48d62001c31_2_refresh_traffic_speed","filename":"2_refresh_traffic_speed.py","lineno":56}
{"timestamp":"2026-04-15T11:47:55.985145Z","level":"info","event":"========== PAGE START ==========","logger":"lta_common","filename":"lta_common.py","lineno":53}
{"timestamp":"2026-04-15T11:47:55.985167Z","level":"info","event":"[FETCH] requesting rows 17500–17999","logger":"lta_common","filename":"lta_common.py","lineno":54}
{"timestamp":"2026-04-15T11:47:55.985195Z","level":"info","event":"Fetching page from LTA: skip=17500","logger":"lta_common","filename":"lta_common.py","lineno":36}
{"timestamp":"2026-04-15T11:47:56.270181Z","level":"info","event":"Retrieved 500 rows from LTA at skip=17500","logger":"lta_common","filename":"lta_common.py","lineno":44}
{"timestamp":"2026-04-15T11:47:56.271755Z","level":"info","event":"[FETCH DONE] retrieved=500 rows at skip=17500","logger":"lta_common","filename":"lta_common.py","lineno":59}
{"timestamp":"2026-04-15T11:47:56.272078Z","level":"info","event":"STEP 4: processing page skip=17500 rows=500","logger":"unusual_prefix_faea391ec71b1d4b4651510353e4a48d62001c31_2_refresh_traffic_speed","filename":"2_refresh_traffic_speed.py","lineno":41}
{"timestamp":"2026-04-15T11:47:56.281524Z","level":"warning","event":"[SANITIZE] link_id=26515 field=maximum_speed suspicious sentinel value=999 -> NULL","logger":"lta_common","filename":"lta_common.py","lineno":143}
{"timestamp":"2026-04-15T11:47:56.281761Z","level":"warning","event":"[SANITIZE] link_id=26572 field=maximum_speed suspicious sentinel value=999 -> NULL","logger":"lta_common","filename":"lta_common.py","lineno":143}
{"timestamp":"2026-04-15T11:47:56.281932Z","level":"warning","event":"[SANITIZE] link_id=26635 field=maximum_speed suspicious sentinel value=999 -> NULL","logger":"lta_common","filename":"lta_common.py","lineno":143}
{"timestamp":"2026-04-15T11:47:56.282482Z","level":"info","event":"[CLEAN DONE] rows=500 | null_speed_band=0 | null_minimum_speed=0 | null_maximum_speed=3","logger":"lta_common","filename":"lta_common.py","lineno":238}
{"timestamp":"2026-04-15T11:47:56.283429Z","level":"info","event":"STEP 5: built cleaned snapshot dataframe rows=500","logger":"unusual_prefix_faea391ec71b1d4b4651510353e4a48d62001c31_2_refresh_traffic_speed","filename":"2_refresh_traffic_speed.py","lineno":44}
{"timestamp":"2026-04-15T11:47:56.283787Z","level":"info","event":"[LATEST PREP] rows=500 | missing_measurement_rows=0","logger":"lta_common","filename":"lta_common.py","lineno":271}
{"timestamp":"2026-04-15T11:47:56.284132Z","level":"info","event":"[UPSERT START] upserting 500 rows into traffic_speed_latest","logger":"lta_common","filename":"lta_common.py","lineno":348}
{"timestamp":"2026-04-15T11:47:56.284499Z","level":"info","event":"[UPSERT DEBUG] max_link_id=26731 | min_link_id=25963 | max_speed_band=8 | min_speed_band=1 | max_minimum_speed=70 | min_minimum_speed=0 | max_maximum_speed=69.0 | min_maximum_speed=9.0","logger":"lta_common","filename":"lta_common.py","lineno":350}
{"timestamp":"2026-04-15T11:47:56.664189Z","level":"info","event":"[UPSERT DONE] upserted=500 rows into traffic_speed_latest","logger":"lta_common","filename":"lta_common.py","lineno":388}
{"timestamp":"2026-04-15T11:47:56.666491Z","level":"info","event":"[SAVE START] inserting 500 rows into traffic_speed_recent","logger":"lta_common","filename":"lta_common.py","lineno":319}
{"timestamp":"2026-04-15T11:47:57.083077Z","level":"info","event":"[SAVE DONE] inserted=500 rows into traffic_speed_recent","logger":"lta_common","filename":"lta_common.py","lineno":337}
{"timestamp":"2026-04-15T11:47:57.083531Z","level":"info","event":"STEP 6: page saved skip=17500 | pages=36 | latest_rows=18000 | recent_rows=18000","logger":"unusual_prefix_faea391ec71b1d4b4651510353e4a48d62001c31_2_refresh_traffic_speed","filename":"2_refresh_traffic_speed.py","lineno":56}
{"timestamp":"2026-04-15T11:47:57.083937Z","level":"info","event":"========== PAGE START ==========","logger":"lta_common","filename":"lta_common.py","lineno":53}
{"timestamp":"2026-04-15T11:47:57.084122Z","level":"info","event":"[FETCH] requesting rows 18000–18499","logger":"lta_common","filename":"lta_common.py","lineno":54}
{"timestamp":"2026-04-15T11:47:57.084229Z","level":"info","event":"Fetching page from LTA: skip=18000","logger":"lta_common","filename":"lta_common.py","lineno":36}
{"timestamp":"2026-04-15T11:47:57.349642Z","level":"info","event":"Retrieved 500 rows from LTA at skip=18000","logger":"lta_common","filename":"lta_common.py","lineno":44}
{"timestamp":"2026-04-15T11:47:57.351420Z","level":"info","event":"[FETCH DONE] retrieved=500 rows at skip=18000","logger":"lta_common","filename":"lta_common.py","lineno":59}
{"timestamp":"2026-04-15T11:47:57.351551Z","level":"info","event":"STEP 4: processing page skip=18000 rows=500","logger":"unusual_prefix_faea391ec71b1d4b4651510353e4a48d62001c31_2_refresh_traffic_speed","filename":"2_refresh_traffic_speed.py","lineno":41}
{"timestamp":"2026-04-15T11:47:57.358630Z","level":"warning","event":"[SANITIZE] link_id=26761 field=maximum_speed suspicious sentinel value=999 -> NULL","logger":"lta_common","filename":"lta_common.py","lineno":143}
{"timestamp":"2026-04-15T11:47:57.359028Z","level":"warning","event":"[SANITIZE] link_id=26827 field=maximum_speed suspicious sentinel value=999 -> NULL","logger":"lta_common","filename":"lta_common.py","lineno":143}
{"timestamp":"2026-04-15T11:47:57.359234Z","level":"warning","event":"[SANITIZE] link_id=26886 field=maximum_speed suspicious sentinel value=999 -> NULL","logger":"lta_common","filename":"lta_common.py","lineno":143}
{"timestamp":"2026-04-15T11:47:57.359331Z","level":"warning","event":"[SANITIZE] link_id=26888 field=maximum_speed suspicious sentinel value=999 -> NULL","logger":"lta_common","filename":"lta_common.py","lineno":143}
{"timestamp":"2026-04-15T11:47:57.359603Z","level":"warning","event":"[SANITIZE] link_id=27122 field=maximum_speed suspicious sentinel value=999 -> NULL","logger":"lta_common","filename":"lta_common.py","lineno":143}
{"timestamp":"2026-04-15T11:47:57.359903Z","level":"warning","event":"[SANITIZE] link_id=27467 field=maximum_speed suspicious sentinel value=999 -> NULL","logger":"lta_common","filename":"lta_common.py","lineno":143}
{"timestamp":"2026-04-15T11:47:57.360097Z","level":"warning","event":"[SANITIZE] link_id=27632 field=maximum_speed suspicious sentinel value=999 -> NULL","logger":"lta_common","filename":"lta_common.py","lineno":143}
{"timestamp":"2026-04-15T11:47:57.360303Z","level":"warning","event":"[SANITIZE] link_id=27767 field=maximum_speed suspicious sentinel value=999 -> NULL","logger":"lta_common","filename":"lta_common.py","lineno":143}
{"timestamp":"2026-04-15T11:47:57.360598Z","level":"warning","event":"[SANITIZE] link_id=27870 field=maximum_speed suspicious sentinel value=999 -> NULL","logger":"lta_common","filename":"lta_common.py","lineno":143}
{"timestamp":"2026-04-15T11:47:57.361052Z","level":"info","event":"[CLEAN DONE] rows=500 | null_speed_band=0 | null_minimum_speed=0 | null_maximum_speed=9","logger":"lta_common","filename":"lta_common.py","lineno":238}
{"timestamp":"2026-04-15T11:47:57.362383Z","level":"info","event":"STEP 5: built cleaned snapshot dataframe rows=500","logger":"unusual_prefix_faea391ec71b1d4b4651510353e4a48d62001c31_2_refresh_traffic_speed","filename":"2_refresh_traffic_speed.py","lineno":44}
{"timestamp":"2026-04-15T11:47:57.362781Z","level":"info","event":"[LATEST PREP] rows=500 | missing_measurement_rows=0","logger":"lta_common","filename":"lta_common.py","lineno":271}
{"timestamp":"2026-04-15T11:47:57.363106Z","level":"info","event":"[UPSERT START] upserting 500 rows into traffic_speed_latest","logger":"lta_common","filename":"lta_common.py","lineno":348}
{"timestamp":"2026-04-15T11:47:57.363458Z","level":"info","event":"[UPSERT DEBUG] max_link_id=27885 | min_link_id=26734 | max_speed_band=8 | min_speed_band=1 | max_minimum_speed=70 | min_minimum_speed=0 | max_maximum_speed=69.0 | min_maximum_speed=9.0","logger":"lta_common","filename":"lta_common.py","lineno":350}
{"timestamp":"2026-04-15T11:47:57.820509Z","level":"info","event":"[UPSERT DONE] upserted=500 rows into traffic_speed_latest","logger":"lta_common","filename":"lta_common.py","lineno":388}
{"timestamp":"2026-04-15T11:47:57.820918Z","level":"info","event":"[SAVE START] inserting 500 rows into traffic_speed_recent","logger":"lta_common","filename":"lta_common.py","lineno":319}
{"timestamp":"2026-04-15T11:47:58.232391Z","level":"info","event":"[SAVE DONE] inserted=500 rows into traffic_speed_recent","logger":"lta_common","filename":"lta_common.py","lineno":337}
{"timestamp":"2026-04-15T11:47:58.232485Z","level":"info","event":"STEP 6: page saved skip=18000 | pages=37 | latest_rows=18500 | recent_rows=18500","logger":"unusual_prefix_faea391ec71b1d4b4651510353e4a48d62001c31_2_refresh_traffic_speed","filename":"2_refresh_traffic_speed.py","lineno":56}
{"timestamp":"2026-04-15T11:47:58.232514Z","level":"info","event":"========== PAGE START ==========","logger":"lta_common","filename":"lta_common.py","lineno":53}
{"timestamp":"2026-04-15T11:47:58.232536Z","level":"info","event":"[FETCH] requesting rows 18500–18999","logger":"lta_common","filename":"lta_common.py","lineno":54}
{"timestamp":"2026-04-15T11:47:58.232564Z","level":"info","event":"Fetching page from LTA: skip=18500","logger":"lta_common","filename":"lta_common.py","lineno":36}
{"timestamp":"2026-04-15T11:47:58.929790Z","level":"info","event":"Retrieved 500 rows from LTA at skip=18500","logger":"lta_common","filename":"lta_common.py","lineno":44}
{"timestamp":"2026-04-15T11:47:58.936559Z","level":"info","event":"[FETCH DONE] retrieved=500 rows at skip=18500","logger":"lta_common","filename":"lta_common.py","lineno":59}
{"timestamp":"2026-04-15T11:47:58.937309Z","level":"info","event":"STEP 4: processing page skip=18500 rows=500","logger":"unusual_prefix_faea391ec71b1d4b4651510353e4a48d62001c31_2_refresh_traffic_speed","filename":"2_refresh_traffic_speed.py","lineno":41}
{"timestamp":"2026-04-15T11:47:58.951782Z","level":"warning","event":"[SANITIZE] link_id=27946 field=maximum_speed suspicious sentinel value=999 -> NULL","logger":"lta_common","filename":"lta_common.py","lineno":143}
{"timestamp":"2026-04-15T11:47:58.952341Z","level":"warning","event":"[SANITIZE] link_id=28053 field=maximum_speed suspicious sentinel value=999 -> NULL","logger":"lta_common","filename":"lta_common.py","lineno":143}
{"timestamp":"2026-04-15T11:47:58.953352Z","level":"warning","event":"[SANITIZE] link_id=28274 field=maximum_speed suspicious sentinel value=999 -> NULL","logger":"lta_common","filename":"lta_common.py","lineno":143}
{"timestamp":"2026-04-15T11:47:58.953623Z","level":"warning","event":"[SANITIZE] link_id=28324 field=maximum_speed suspicious sentinel value=999 -> NULL","logger":"lta_common","filename":"lta_common.py","lineno":143}
{"timestamp":"2026-04-15T11:47:58.954471Z","level":"info","event":"[CLEAN DONE] rows=500 | null_speed_band=0 | null_minimum_speed=1 | null_maximum_speed=5","logger":"lta_common","filename":"lta_common.py","lineno":238}
{"timestamp":"2026-04-15T11:47:58.955695Z","level":"info","event":"STEP 5: built cleaned snapshot dataframe rows=500","logger":"unusual_prefix_faea391ec71b1d4b4651510353e4a48d62001c31_2_refresh_traffic_speed","filename":"2_refresh_traffic_speed.py","lineno":44}
{"timestamp":"2026-04-15T11:47:58.956169Z","level":"info","event":"[LATEST PREP] rows=500 | missing_measurement_rows=1","logger":"lta_common","filename":"lta_common.py","lineno":271}
{"timestamp":"2026-04-15T11:47:58.956563Z","level":"info","event":"[UPSERT START] upserting 500 rows into traffic_speed_latest","logger":"lta_common","filename":"lta_common.py","lineno":348}
{"timestamp":"2026-04-15T11:47:58.957063Z","level":"info","event":"[UPSERT DEBUG] max_link_id=28391 | min_link_id=27886 | max_speed_band=8 | min_speed_band=1 | max_minimum_speed=70.0 | min_minimum_speed=0.0 | max_maximum_speed=69.0 | min_maximum_speed=9.0","logger":"lta_common","filename":"lta_common.py","lineno":350}
{"timestamp":"2026-04-15T11:47:59.349643Z","level":"info","event":"[UPSERT DONE] upserted=500 rows into traffic_speed_latest","logger":"lta_common","filename":"lta_common.py","lineno":388}
{"timestamp":"2026-04-15T11:47:59.350085Z","level":"info","event":"[SAVE START] inserting 500 rows into traffic_speed_recent","logger":"lta_common","filename":"lta_common.py","lineno":319}
{"timestamp":"2026-04-15T11:47:59.760212Z","level":"info","event":"[SAVE DONE] inserted=500 rows into traffic_speed_recent","logger":"lta_common","filename":"lta_common.py","lineno":337}
{"timestamp":"2026-04-15T11:47:59.760497Z","level":"info","event":"STEP 6: page saved skip=18500 | pages=38 | latest_rows=19000 | recent_rows=19000","logger":"unusual_prefix_faea391ec71b1d4b4651510353e4a48d62001c31_2_refresh_traffic_speed","filename":"2_refresh_traffic_speed.py","lineno":56}
{"timestamp":"2026-04-15T11:47:59.760562Z","level":"info","event":"========== PAGE START ==========","logger":"lta_common","filename":"lta_common.py","lineno":53}
{"timestamp":"2026-04-15T11:47:59.760623Z","level":"info","event":"[FETCH] requesting rows 19000–19499","logger":"lta_common","filename":"lta_common.py","lineno":54}
{"timestamp":"2026-04-15T11:47:59.760697Z","level":"info","event":"Fetching page from LTA: skip=19000","logger":"lta_common","filename":"lta_common.py","lineno":36}
{"timestamp":"2026-04-15T11:48:00.305837Z","level":"info","event":"Retrieved 500 rows from LTA at skip=19000","logger":"lta_common","filename":"lta_common.py","lineno":44}
{"timestamp":"2026-04-15T11:48:00.307673Z","level":"info","event":"[FETCH DONE] retrieved=500 rows at skip=19000","logger":"lta_common","filename":"lta_common.py","lineno":59}
{"timestamp":"2026-04-15T11:48:00.307816Z","level":"info","event":"STEP 4: processing page skip=19000 rows=500","logger":"unusual_prefix_faea391ec71b1d4b4651510353e4a48d62001c31_2_refresh_traffic_speed","filename":"2_refresh_traffic_speed.py","lineno":41}
{"timestamp":"2026-04-15T11:48:00.315892Z","level":"warning","event":"[SANITIZE] link_id=28894 field=maximum_speed suspicious sentinel value=999 -> NULL","logger":"lta_common","filename":"lta_common.py","lineno":143}
{"timestamp":"2026-04-15T11:48:00.316505Z","level":"info","event":"[CLEAN DONE] rows=500 | null_speed_band=0 | null_minimum_speed=1 | null_maximum_speed=2","logger":"lta_common","filename":"lta_common.py","lineno":238}
{"timestamp":"2026-04-15T11:48:00.317481Z","level":"info","event":"STEP 5: built cleaned snapshot dataframe rows=500","logger":"unusual_prefix_faea391ec71b1d4b4651510353e4a48d62001c31_2_refresh_traffic_speed","filename":"2_refresh_traffic_speed.py","lineno":44}
{"timestamp":"2026-04-15T11:48:00.317876Z","level":"info","event":"[LATEST PREP] rows=500 | missing_measurement_rows=1","logger":"lta_common","filename":"lta_common.py","lineno":271}
{"timestamp":"2026-04-15T11:48:00.318126Z","level":"info","event":"[UPSERT START] upserting 500 rows into traffic_speed_latest","logger":"lta_common","filename":"lta_common.py","lineno":348}
{"timestamp":"2026-04-15T11:48:00.318444Z","level":"info","event":"[UPSERT DEBUG] max_link_id=29059 | min_link_id=28392 | max_speed_band=8 | min_speed_band=1 | max_minimum_speed=70.0 | min_minimum_speed=0.0 | max_maximum_speed=69.0 | min_maximum_speed=9.0","logger":"lta_common","filename":"lta_common.py","lineno":350}
{"timestamp":"2026-04-15T11:48:00.771812Z","level":"info","event":"[UPSERT DONE] upserted=500 rows into traffic_speed_latest","logger":"lta_common","filename":"lta_common.py","lineno":388}
{"timestamp":"2026-04-15T11:48:00.772457Z","level":"info","event":"[SAVE START] inserting 500 rows into traffic_speed_recent","logger":"lta_common","filename":"lta_common.py","lineno":319}
{"timestamp":"2026-04-15T11:48:01.193278Z","level":"info","event":"[SAVE DONE] inserted=500 rows into traffic_speed_recent","logger":"lta_common","filename":"lta_common.py","lineno":337}
{"timestamp":"2026-04-15T11:48:01.194129Z","level":"info","event":"STEP 6: page saved skip=19000 | pages=39 | latest_rows=19500 | recent_rows=19500","logger":"unusual_prefix_faea391ec71b1d4b4651510353e4a48d62001c31_2_refresh_traffic_speed","filename":"2_refresh_traffic_speed.py","lineno":56}
{"timestamp":"2026-04-15T11:48:01.194349Z","level":"info","event":"========== PAGE START ==========","logger":"lta_common","filename":"lta_common.py","lineno":53}
{"timestamp":"2026-04-15T11:48:01.194485Z","level":"info","event":"[FETCH] requesting rows 19500–19999","logger":"lta_common","filename":"lta_common.py","lineno":54}
{"timestamp":"2026-04-15T11:48:01.194635Z","level":"info","event":"Fetching page from LTA: skip=19500","logger":"lta_common","filename":"lta_common.py","lineno":36}
{"timestamp":"2026-04-15T11:48:01.737219Z","level":"info","event":"Retrieved 500 rows from LTA at skip=19500","logger":"lta_common","filename":"lta_common.py","lineno":44}
{"timestamp":"2026-04-15T11:48:01.743546Z","level":"info","event":"[FETCH DONE] retrieved=500 rows at skip=19500","logger":"lta_common","filename":"lta_common.py","lineno":59}
{"timestamp":"2026-04-15T11:48:01.744772Z","level":"info","event":"STEP 4: processing page skip=19500 rows=500","logger":"unusual_prefix_faea391ec71b1d4b4651510353e4a48d62001c31_2_refresh_traffic_speed","filename":"2_refresh_traffic_speed.py","lineno":41}
{"timestamp":"2026-04-15T11:48:01.762299Z","level":"warning","event":"[SANITIZE] link_id=29568 field=maximum_speed suspicious sentinel value=999 -> NULL","logger":"lta_common","filename":"lta_common.py","lineno":143}
{"timestamp":"2026-04-15T11:48:01.763033Z","level":"warning","event":"[SANITIZE] link_id=29625 field=maximum_speed suspicious sentinel value=999 -> NULL","logger":"lta_common","filename":"lta_common.py","lineno":143}
{"timestamp":"2026-04-15T11:48:01.764130Z","level":"warning","event":"[SANITIZE] link_id=29951 field=maximum_speed suspicious sentinel value=999 -> NULL","logger":"lta_common","filename":"lta_common.py","lineno":143}
{"timestamp":"2026-04-15T11:48:01.764376Z","level":"warning","event":"[SANITIZE] link_id=29963 field=maximum_speed suspicious sentinel value=999 -> NULL","logger":"lta_common","filename":"lta_common.py","lineno":143}
{"timestamp":"2026-04-15T11:48:01.764647Z","level":"warning","event":"[SANITIZE] link_id=29982 field=maximum_speed suspicious sentinel value=999 -> NULL","logger":"lta_common","filename":"lta_common.py","lineno":143}
{"timestamp":"2026-04-15T11:48:01.765005Z","level":"warning","event":"[SANITIZE] link_id=30016 field=maximum_speed suspicious sentinel value=999 -> NULL","logger":"lta_common","filename":"lta_common.py","lineno":143}
{"timestamp":"2026-04-15T11:48:01.765313Z","level":"warning","event":"[SANITIZE] link_id=30036 field=maximum_speed suspicious sentinel value=999 -> NULL","logger":"lta_common","filename":"lta_common.py","lineno":143}
{"timestamp":"2026-04-15T11:48:01.766510Z","level":"info","event":"[CLEAN DONE] rows=500 | null_speed_band=0 | null_minimum_speed=1 | null_maximum_speed=8","logger":"lta_common","filename":"lta_common.py","lineno":238}
{"timestamp":"2026-04-15T11:48:01.769912Z","level":"info","event":"STEP 5: built cleaned snapshot dataframe rows=500","logger":"unusual_prefix_faea391ec71b1d4b4651510353e4a48d62001c31_2_refresh_traffic_speed","filename":"2_refresh_traffic_speed.py","lineno":44}
{"timestamp":"2026-04-15T11:48:01.771360Z","level":"info","event":"[LATEST PREP] rows=500 | missing_measurement_rows=1","logger":"lta_common","filename":"lta_common.py","lineno":271}
{"timestamp":"2026-04-15T11:48:01.772193Z","level":"info","event":"[UPSERT START] upserting 500 rows into traffic_speed_latest","logger":"lta_common","filename":"lta_common.py","lineno":348}
{"timestamp":"2026-04-15T11:48:01.773172Z","level":"info","event":"[UPSERT DEBUG] max_link_id=30110 | min_link_id=29060 | max_speed_band=8 | min_speed_band=1 | max_minimum_speed=70.0 | min_minimum_speed=0.0 | max_maximum_speed=69.0 | min_maximum_speed=9.0","logger":"lta_common","filename":"lta_common.py","lineno":350}
{"timestamp":"2026-04-15T11:48:02.271482Z","level":"info","event":"[UPSERT DONE] upserted=500 rows into traffic_speed_latest","logger":"lta_common","filename":"lta_common.py","lineno":388}
{"timestamp":"2026-04-15T11:48:02.271977Z","level":"info","event":"[SAVE START] inserting 500 rows into traffic_speed_recent","logger":"lta_common","filename":"lta_common.py","lineno":319}
{"timestamp":"2026-04-15T11:48:03.102250Z","level":"info","event":"[SAVE DONE] inserted=500 rows into traffic_speed_recent","logger":"lta_common","filename":"lta_common.py","lineno":337}
{"timestamp":"2026-04-15T11:48:03.102380Z","level":"info","event":"STEP 6: page saved skip=19500 | pages=40 | latest_rows=20000 | recent_rows=20000","logger":"unusual_prefix_faea391ec71b1d4b4651510353e4a48d62001c31_2_refresh_traffic_speed","filename":"2_refresh_traffic_speed.py","lineno":56}
{"timestamp":"2026-04-15T11:48:03.102418Z","level":"info","event":"========== PAGE START ==========","logger":"lta_common","filename":"lta_common.py","lineno":53}
{"timestamp":"2026-04-15T11:48:03.102443Z","level":"info","event":"[FETCH] requesting rows 20000–20499","logger":"lta_common","filename":"lta_common.py","lineno":54}
{"timestamp":"2026-04-15T11:48:03.102474Z","level":"info","event":"Fetching page from LTA: skip=20000","logger":"lta_common","filename":"lta_common.py","lineno":36}
{"timestamp":"2026-04-15T11:48:03.745500Z","level":"info","event":"Retrieved 500 rows from LTA at skip=20000","logger":"lta_common","filename":"lta_common.py","lineno":44}
{"timestamp":"2026-04-15T11:48:03.746609Z","level":"info","event":"[FETCH DONE] retrieved=500 rows at skip=20000","logger":"lta_common","filename":"lta_common.py","lineno":59}
{"timestamp":"2026-04-15T11:48:03.746817Z","level":"info","event":"STEP 4: processing page skip=20000 rows=500","logger":"unusual_prefix_faea391ec71b1d4b4651510353e4a48d62001c31_2_refresh_traffic_speed","filename":"2_refresh_traffic_speed.py","lineno":41}
{"timestamp":"2026-04-15T11:48:03.754504Z","level":"info","event":"[CLEAN DONE] rows=500 | null_speed_band=0 | null_minimum_speed=0 | null_maximum_speed=0","logger":"lta_common","filename":"lta_common.py","lineno":238}
{"timestamp":"2026-04-15T11:48:03.755303Z","level":"info","event":"STEP 5: built cleaned snapshot dataframe rows=500","logger":"unusual_prefix_faea391ec71b1d4b4651510353e4a48d62001c31_2_refresh_traffic_speed","filename":"2_refresh_traffic_speed.py","lineno":44}
{"timestamp":"2026-04-15T11:48:03.755614Z","level":"info","event":"[LATEST PREP] rows=500 | missing_measurement_rows=0","logger":"lta_common","filename":"lta_common.py","lineno":271}
{"timestamp":"2026-04-15T11:48:03.755839Z","level":"info","event":"[UPSERT START] upserting 500 rows into traffic_speed_latest","logger":"lta_common","filename":"lta_common.py","lineno":348}
{"timestamp":"2026-04-15T11:48:03.756112Z","level":"info","event":"[UPSERT DEBUG] max_link_id=30857 | min_link_id=30117 | max_speed_band=7 | min_speed_band=1 | max_minimum_speed=60 | min_minimum_speed=0 | max_maximum_speed=69 | min_maximum_speed=9","logger":"lta_common","filename":"lta_common.py","lineno":350}
{"timestamp":"2026-04-15T11:48:04.273821Z","level":"info","event":"[UPSERT DONE] upserted=500 rows into traffic_speed_latest","logger":"lta_common","filename":"lta_common.py","lineno":388}
{"timestamp":"2026-04-15T11:48:04.274237Z","level":"info","event":"[SAVE START] inserting 500 rows into traffic_speed_recent","logger":"lta_common","filename":"lta_common.py","lineno":319}
{"timestamp":"2026-04-15T11:48:04.798888Z","level":"info","event":"[SAVE DONE] inserted=500 rows into traffic_speed_recent","logger":"lta_common","filename":"lta_common.py","lineno":337}
{"timestamp":"2026-04-15T11:48:04.799012Z","level":"info","event":"STEP 6: page saved skip=20000 | pages=41 | latest_rows=20500 | recent_rows=20500","logger":"unusual_prefix_faea391ec71b1d4b4651510353e4a48d62001c31_2_refresh_traffic_speed","filename":"2_refresh_traffic_speed.py","lineno":56}
{"timestamp":"2026-04-15T11:48:04.799046Z","level":"info","event":"========== PAGE START ==========","logger":"lta_common","filename":"lta_common.py","lineno":53}
{"timestamp":"2026-04-15T11:48:04.799068Z","level":"info","event":"[FETCH] requesting rows 20500–20999","logger":"lta_common","filename":"lta_common.py","lineno":54}
{"timestamp":"2026-04-15T11:48:04.799097Z","level":"info","event":"Fetching page from LTA: skip=20500","logger":"lta_common","filename":"lta_common.py","lineno":36}
{"timestamp":"2026-04-15T11:48:05.616429Z","level":"info","event":"Retrieved 500 rows from LTA at skip=20500","logger":"lta_common","filename":"lta_common.py","lineno":44}
{"timestamp":"2026-04-15T11:48:05.620254Z","level":"info","event":"[FETCH DONE] retrieved=500 rows at skip=20500","logger":"lta_common","filename":"lta_common.py","lineno":59}
{"timestamp":"2026-04-15T11:48:05.620521Z","level":"info","event":"STEP 4: processing page skip=20500 rows=500","logger":"unusual_prefix_faea391ec71b1d4b4651510353e4a48d62001c31_2_refresh_traffic_speed","filename":"2_refresh_traffic_speed.py","lineno":41}
{"timestamp":"2026-04-15T11:48:05.635545Z","level":"info","event":"[CLEAN DONE] rows=500 | null_speed_band=0 | null_minimum_speed=0 | null_maximum_speed=0","logger":"lta_common","filename":"lta_common.py","lineno":238}
{"timestamp":"2026-04-15T11:48:05.636751Z","level":"info","event":"STEP 5: built cleaned snapshot dataframe rows=500","logger":"unusual_prefix_faea391ec71b1d4b4651510353e4a48d62001c31_2_refresh_traffic_speed","filename":"2_refresh_traffic_speed.py","lineno":44}
{"timestamp":"2026-04-15T11:48:05.637262Z","level":"info","event":"[LATEST PREP] rows=500 | missing_measurement_rows=0","logger":"lta_common","filename":"lta_common.py","lineno":271}
{"timestamp":"2026-04-15T11:48:05.637647Z","level":"info","event":"[UPSERT START] upserting 500 rows into traffic_speed_latest","logger":"lta_common","filename":"lta_common.py","lineno":348}
{"timestamp":"2026-04-15T11:48:05.638125Z","level":"info","event":"[UPSERT DEBUG] max_link_id=31655 | min_link_id=30858 | max_speed_band=6 | min_speed_band=1 | max_minimum_speed=50 | min_minimum_speed=0 | max_maximum_speed=59 | min_maximum_speed=9","logger":"lta_common","filename":"lta_common.py","lineno":350}
{"timestamp":"2026-04-15T11:48:06.058016Z","level":"info","event":"[UPSERT DONE] upserted=500 rows into traffic_speed_latest","logger":"lta_common","filename":"lta_common.py","lineno":388}
{"timestamp":"2026-04-15T11:48:06.060313Z","level":"info","event":"[SAVE START] inserting 500 rows into traffic_speed_recent","logger":"lta_common","filename":"lta_common.py","lineno":319}
{"timestamp":"2026-04-15T11:48:06.714007Z","level":"info","event":"[SAVE DONE] inserted=500 rows into traffic_speed_recent","logger":"lta_common","filename":"lta_common.py","lineno":337}
{"timestamp":"2026-04-15T11:48:06.714540Z","level":"info","event":"STEP 6: page saved skip=20500 | pages=42 | latest_rows=21000 | recent_rows=21000","logger":"unusual_prefix_faea391ec71b1d4b4651510353e4a48d62001c31_2_refresh_traffic_speed","filename":"2_refresh_traffic_speed.py","lineno":56}
{"timestamp":"2026-04-15T11:48:06.714651Z","level":"info","event":"========== PAGE START ==========","logger":"lta_common","filename":"lta_common.py","lineno":53}
{"timestamp":"2026-04-15T11:48:06.714700Z","level":"info","event":"[FETCH] requesting rows 21000–21499","logger":"lta_common","filename":"lta_common.py","lineno":54}
{"timestamp":"2026-04-15T11:48:06.714767Z","level":"info","event":"Fetching page from LTA: skip=21000","logger":"lta_common","filename":"lta_common.py","lineno":36}
{"timestamp":"2026-04-15T11:48:07.255971Z","level":"info","event":"Retrieved 500 rows from LTA at skip=21000","logger":"lta_common","filename":"lta_common.py","lineno":44}
{"timestamp":"2026-04-15T11:48:07.258153Z","level":"info","event":"[FETCH DONE] retrieved=500 rows at skip=21000","logger":"lta_common","filename":"lta_common.py","lineno":59}
{"timestamp":"2026-04-15T11:48:07.258545Z","level":"info","event":"STEP 4: processing page skip=21000 rows=500","logger":"unusual_prefix_faea391ec71b1d4b4651510353e4a48d62001c31_2_refresh_traffic_speed","filename":"2_refresh_traffic_speed.py","lineno":41}
{"timestamp":"2026-04-15T11:48:07.270914Z","level":"info","event":"[CLEAN DONE] rows=500 | null_speed_band=0 | null_minimum_speed=0 | null_maximum_speed=0","logger":"lta_common","filename":"lta_common.py","lineno":238}
{"timestamp":"2026-04-15T11:48:07.271928Z","level":"info","event":"STEP 5: built cleaned snapshot dataframe rows=500","logger":"unusual_prefix_faea391ec71b1d4b4651510353e4a48d62001c31_2_refresh_traffic_speed","filename":"2_refresh_traffic_speed.py","lineno":44}
{"timestamp":"2026-04-15T11:48:07.272369Z","level":"info","event":"[LATEST PREP] rows=500 | missing_measurement_rows=0","logger":"lta_common","filename":"lta_common.py","lineno":271}
{"timestamp":"2026-04-15T11:48:07.272694Z","level":"info","event":"[UPSERT START] upserting 500 rows into traffic_speed_latest","logger":"lta_common","filename":"lta_common.py","lineno":348}
{"timestamp":"2026-04-15T11:48:07.273134Z","level":"info","event":"[UPSERT DEBUG] max_link_id=32473 | min_link_id=31656 | max_speed_band=7 | min_speed_band=1 | max_minimum_speed=60 | min_minimum_speed=0 | max_maximum_speed=69 | min_maximum_speed=9","logger":"lta_common","filename":"lta_common.py","lineno":350}
{"timestamp":"2026-04-15T11:48:07.747774Z","level":"info","event":"[UPSERT DONE] upserted=500 rows into traffic_speed_latest","logger":"lta_common","filename":"lta_common.py","lineno":388}
{"timestamp":"2026-04-15T11:48:07.749699Z","level":"info","event":"[SAVE START] inserting 500 rows into traffic_speed_recent","logger":"lta_common","filename":"lta_common.py","lineno":319}
{"timestamp":"2026-04-15T11:48:08.209883Z","level":"info","event":"[SAVE DONE] inserted=500 rows into traffic_speed_recent","logger":"lta_common","filename":"lta_common.py","lineno":337}
{"timestamp":"2026-04-15T11:48:08.210023Z","level":"info","event":"STEP 6: page saved skip=21000 | pages=43 | latest_rows=21500 | recent_rows=21500","logger":"unusual_prefix_faea391ec71b1d4b4651510353e4a48d62001c31_2_refresh_traffic_speed","filename":"2_refresh_traffic_speed.py","lineno":56}
{"timestamp":"2026-04-15T11:48:08.210053Z","level":"info","event":"========== PAGE START ==========","logger":"lta_common","filename":"lta_common.py","lineno":53}
{"timestamp":"2026-04-15T11:48:08.210075Z","level":"info","event":"[FETCH] requesting rows 21500–21999","logger":"lta_common","filename":"lta_common.py","lineno":54}
{"timestamp":"2026-04-15T11:48:08.210106Z","level":"info","event":"Fetching page from LTA: skip=21500","logger":"lta_common","filename":"lta_common.py","lineno":36}
{"timestamp":"2026-04-15T11:48:08.808053Z","level":"info","event":"Retrieved 500 rows from LTA at skip=21500","logger":"lta_common","filename":"lta_common.py","lineno":44}
{"timestamp":"2026-04-15T11:48:08.809228Z","level":"info","event":"[FETCH DONE] retrieved=500 rows at skip=21500","logger":"lta_common","filename":"lta_common.py","lineno":59}
{"timestamp":"2026-04-15T11:48:08.809337Z","level":"info","event":"STEP 4: processing page skip=21500 rows=500","logger":"unusual_prefix_faea391ec71b1d4b4651510353e4a48d62001c31_2_refresh_traffic_speed","filename":"2_refresh_traffic_speed.py","lineno":41}
{"timestamp":"2026-04-15T11:48:08.816685Z","level":"info","event":"[CLEAN DONE] rows=500 | null_speed_band=0 | null_minimum_speed=0 | null_maximum_speed=0","logger":"lta_common","filename":"lta_common.py","lineno":238}
{"timestamp":"2026-04-15T11:48:08.817391Z","level":"info","event":"STEP 5: built cleaned snapshot dataframe rows=500","logger":"unusual_prefix_faea391ec71b1d4b4651510353e4a48d62001c31_2_refresh_traffic_speed","filename":"2_refresh_traffic_speed.py","lineno":44}
{"timestamp":"2026-04-15T11:48:08.817679Z","level":"info","event":"[LATEST PREP] rows=500 | missing_measurement_rows=0","logger":"lta_common","filename":"lta_common.py","lineno":271}
{"timestamp":"2026-04-15T11:48:08.817911Z","level":"info","event":"[UPSERT START] upserting 500 rows into traffic_speed_latest","logger":"lta_common","filename":"lta_common.py","lineno":348}
{"timestamp":"2026-04-15T11:48:08.818179Z","level":"info","event":"[UPSERT DEBUG] max_link_id=33321 | min_link_id=32474 | max_speed_band=6 | min_speed_band=1 | max_minimum_speed=50 | min_minimum_speed=0 | max_maximum_speed=59 | min_maximum_speed=9","logger":"lta_common","filename":"lta_common.py","lineno":350}
{"timestamp":"2026-04-15T11:48:09.253798Z","level":"info","event":"[UPSERT DONE] upserted=500 rows into traffic_speed_latest","logger":"lta_common","filename":"lta_common.py","lineno":388}
{"timestamp":"2026-04-15T11:48:09.254248Z","level":"info","event":"[SAVE START] inserting 500 rows into traffic_speed_recent","logger":"lta_common","filename":"lta_common.py","lineno":319}
{"timestamp":"2026-04-15T11:48:09.741824Z","level":"info","event":"[SAVE DONE] inserted=500 rows into traffic_speed_recent","logger":"lta_common","filename":"lta_common.py","lineno":337}
{"timestamp":"2026-04-15T11:48:09.742529Z","level":"info","event":"STEP 6: page saved skip=21500 | pages=44 | latest_rows=22000 | recent_rows=22000","logger":"unusual_prefix_faea391ec71b1d4b4651510353e4a48d62001c31_2_refresh_traffic_speed","filename":"2_refresh_traffic_speed.py","lineno":56}
{"timestamp":"2026-04-15T11:48:09.742720Z","level":"info","event":"========== PAGE START ==========","logger":"lta_common","filename":"lta_common.py","lineno":53}
{"timestamp":"2026-04-15T11:48:09.742897Z","level":"info","event":"[FETCH] requesting rows 22000–22499","logger":"lta_common","filename":"lta_common.py","lineno":54}
{"timestamp":"2026-04-15T11:48:09.743120Z","level":"info","event":"Fetching page from LTA: skip=22000","logger":"lta_common","filename":"lta_common.py","lineno":36}
{"timestamp":"2026-04-15T11:48:10.543372Z","level":"info","event":"Retrieved 500 rows from LTA at skip=22000","logger":"lta_common","filename":"lta_common.py","lineno":44}
{"timestamp":"2026-04-15T11:48:10.544707Z","level":"info","event":"[FETCH DONE] retrieved=500 rows at skip=22000","logger":"lta_common","filename":"lta_common.py","lineno":59}
{"timestamp":"2026-04-15T11:48:10.544927Z","level":"info","event":"STEP 4: processing page skip=22000 rows=500","logger":"unusual_prefix_faea391ec71b1d4b4651510353e4a48d62001c31_2_refresh_traffic_speed","filename":"2_refresh_traffic_speed.py","lineno":41}
{"timestamp":"2026-04-15T11:48:10.552379Z","level":"info","event":"[CLEAN DONE] rows=500 | null_speed_band=0 | null_minimum_speed=0 | null_maximum_speed=0","logger":"lta_common","filename":"lta_common.py","lineno":238}
{"timestamp":"2026-04-15T11:48:10.553226Z","level":"info","event":"STEP 5: built cleaned snapshot dataframe rows=500","logger":"unusual_prefix_faea391ec71b1d4b4651510353e4a48d62001c31_2_refresh_traffic_speed","filename":"2_refresh_traffic_speed.py","lineno":44}
{"timestamp":"2026-04-15T11:48:10.553549Z","level":"info","event":"[LATEST PREP] rows=500 | missing_measurement_rows=0","logger":"lta_common","filename":"lta_common.py","lineno":271}
{"timestamp":"2026-04-15T11:48:10.553779Z","level":"info","event":"[UPSERT START] upserting 500 rows into traffic_speed_latest","logger":"lta_common","filename":"lta_common.py","lineno":348}
{"timestamp":"2026-04-15T11:48:10.554054Z","level":"info","event":"[UPSERT DEBUG] max_link_id=34215 | min_link_id=33323 | max_speed_band=7 | min_speed_band=1 | max_minimum_speed=60 | min_minimum_speed=0 | max_maximum_speed=69 | min_maximum_speed=9","logger":"lta_common","filename":"lta_common.py","lineno":350}
{"timestamp":"2026-04-15T11:48:11.033303Z","level":"info","event":"[UPSERT DONE] upserted=500 rows into traffic_speed_latest","logger":"lta_common","filename":"lta_common.py","lineno":388}
{"timestamp":"2026-04-15T11:48:11.033692Z","level":"info","event":"[SAVE START] inserting 500 rows into traffic_speed_recent","logger":"lta_common","filename":"lta_common.py","lineno":319}
{"timestamp":"2026-04-15T11:48:11.567553Z","level":"info","event":"[SAVE DONE] inserted=500 rows into traffic_speed_recent","logger":"lta_common","filename":"lta_common.py","lineno":337}
{"timestamp":"2026-04-15T11:48:11.567698Z","level":"info","event":"STEP 6: page saved skip=22000 | pages=45 | latest_rows=22500 | recent_rows=22500","logger":"unusual_prefix_faea391ec71b1d4b4651510353e4a48d62001c31_2_refresh_traffic_speed","filename":"2_refresh_traffic_speed.py","lineno":56}
{"timestamp":"2026-04-15T11:48:11.567733Z","level":"info","event":"========== PAGE START ==========","logger":"lta_common","filename":"lta_common.py","lineno":53}
{"timestamp":"2026-04-15T11:48:11.567756Z","level":"info","event":"[FETCH] requesting rows 22500–22999","logger":"lta_common","filename":"lta_common.py","lineno":54}
{"timestamp":"2026-04-15T11:48:11.567791Z","level":"info","event":"Fetching page from LTA: skip=22500","logger":"lta_common","filename":"lta_common.py","lineno":36}
{"timestamp":"2026-04-15T11:48:12.411425Z","level":"info","event":"Retrieved 500 rows from LTA at skip=22500","logger":"lta_common","filename":"lta_common.py","lineno":44}
{"timestamp":"2026-04-15T11:48:12.415360Z","level":"info","event":"[FETCH DONE] retrieved=500 rows at skip=22500","logger":"lta_common","filename":"lta_common.py","lineno":59}
{"timestamp":"2026-04-15T11:48:12.415928Z","level":"info","event":"STEP 4: processing page skip=22500 rows=500","logger":"unusual_prefix_faea391ec71b1d4b4651510353e4a48d62001c31_2_refresh_traffic_speed","filename":"2_refresh_traffic_speed.py","lineno":41}
{"timestamp":"2026-04-15T11:48:12.430964Z","level":"info","event":"[CLEAN DONE] rows=500 | null_speed_band=0 | null_minimum_speed=0 | null_maximum_speed=0","logger":"lta_common","filename":"lta_common.py","lineno":238}
{"timestamp":"2026-04-15T11:48:12.432216Z","level":"info","event":"STEP 5: built cleaned snapshot dataframe rows=500","logger":"unusual_prefix_faea391ec71b1d4b4651510353e4a48d62001c31_2_refresh_traffic_speed","filename":"2_refresh_traffic_speed.py","lineno":44}
{"timestamp":"2026-04-15T11:48:12.432719Z","level":"info","event":"[LATEST PREP] rows=500 | missing_measurement_rows=0","logger":"lta_common","filename":"lta_common.py","lineno":271}
{"timestamp":"2026-04-15T11:48:12.433136Z","level":"info","event":"[UPSERT START] upserting 500 rows into traffic_speed_latest","logger":"lta_common","filename":"lta_common.py","lineno":348}
{"timestamp":"2026-04-15T11:48:12.433595Z","level":"info","event":"[UPSERT DEBUG] max_link_id=34774 | min_link_id=34217 | max_speed_band=7 | min_speed_band=1 | max_minimum_speed=60 | min_minimum_speed=0 | max_maximum_speed=69 | min_maximum_speed=9","logger":"lta_common","filename":"lta_common.py","lineno":350}
{"timestamp":"2026-04-15T11:48:13.052437Z","level":"info","event":"[UPSERT DONE] upserted=500 rows into traffic_speed_latest","logger":"lta_common","filename":"lta_common.py","lineno":388}
{"timestamp":"2026-04-15T11:48:13.052824Z","level":"info","event":"[SAVE START] inserting 500 rows into traffic_speed_recent","logger":"lta_common","filename":"lta_common.py","lineno":319}
{"timestamp":"2026-04-15T11:48:13.655694Z","level":"info","event":"[SAVE DONE] inserted=500 rows into traffic_speed_recent","logger":"lta_common","filename":"lta_common.py","lineno":337}
{"timestamp":"2026-04-15T11:48:13.655819Z","level":"info","event":"STEP 6: page saved skip=22500 | pages=46 | latest_rows=23000 | recent_rows=23000","logger":"unusual_prefix_faea391ec71b1d4b4651510353e4a48d62001c31_2_refresh_traffic_speed","filename":"2_refresh_traffic_speed.py","lineno":56}
{"timestamp":"2026-04-15T11:48:13.655863Z","level":"info","event":"========== PAGE START ==========","logger":"lta_common","filename":"lta_common.py","lineno":53}
{"timestamp":"2026-04-15T11:48:13.655886Z","level":"info","event":"[FETCH] requesting rows 23000–23499","logger":"lta_common","filename":"lta_common.py","lineno":54}
{"timestamp":"2026-04-15T11:48:13.655917Z","level":"info","event":"Fetching page from LTA: skip=23000","logger":"lta_common","filename":"lta_common.py","lineno":36}
{"timestamp":"2026-04-15T11:48:14.237211Z","level":"info","event":"Retrieved 500 rows from LTA at skip=23000","logger":"lta_common","filename":"lta_common.py","lineno":44}
{"timestamp":"2026-04-15T11:48:14.241978Z","level":"info","event":"[FETCH DONE] retrieved=500 rows at skip=23000","logger":"lta_common","filename":"lta_common.py","lineno":59}
{"timestamp":"2026-04-15T11:48:14.242410Z","level":"info","event":"STEP 4: processing page skip=23000 rows=500","logger":"unusual_prefix_faea391ec71b1d4b4651510353e4a48d62001c31_2_refresh_traffic_speed","filename":"2_refresh_traffic_speed.py","lineno":41}
{"timestamp":"2026-04-15T11:48:14.252493Z","level":"info","event":"[CLEAN DONE] rows=500 | null_speed_band=0 | null_minimum_speed=0 | null_maximum_speed=0","logger":"lta_common","filename":"lta_common.py","lineno":238}
{"timestamp":"2026-04-15T11:48:14.254717Z","level":"info","event":"STEP 5: built cleaned snapshot dataframe rows=500","logger":"unusual_prefix_faea391ec71b1d4b4651510353e4a48d62001c31_2_refresh_traffic_speed","filename":"2_refresh_traffic_speed.py","lineno":44}
{"timestamp":"2026-04-15T11:48:14.255117Z","level":"info","event":"[LATEST PREP] rows=500 | missing_measurement_rows=0","logger":"lta_common","filename":"lta_common.py","lineno":271}
{"timestamp":"2026-04-15T11:48:14.255426Z","level":"info","event":"[UPSERT START] upserting 500 rows into traffic_speed_latest","logger":"lta_common","filename":"lta_common.py","lineno":348}
{"timestamp":"2026-04-15T11:48:14.255765Z","level":"info","event":"[UPSERT DEBUG] max_link_id=35364 | min_link_id=34775 | max_speed_band=7 | min_speed_band=1 | max_minimum_speed=60 | min_minimum_speed=0 | max_maximum_speed=69 | min_maximum_speed=9","logger":"lta_common","filename":"lta_common.py","lineno":350}
{"timestamp":"2026-04-15T11:48:14.851553Z","level":"info","event":"[UPSERT DONE] upserted=500 rows into traffic_speed_latest","logger":"lta_common","filename":"lta_common.py","lineno":388}
{"timestamp":"2026-04-15T11:48:14.852741Z","level":"info","event":"[SAVE START] inserting 500 rows into traffic_speed_recent","logger":"lta_common","filename":"lta_common.py","lineno":319}
{"timestamp":"2026-04-15T11:48:15.410129Z","level":"info","event":"[SAVE DONE] inserted=500 rows into traffic_speed_recent","logger":"lta_common","filename":"lta_common.py","lineno":337}
{"timestamp":"2026-04-15T11:48:15.410382Z","level":"info","event":"STEP 6: page saved skip=23000 | pages=47 | latest_rows=23500 | recent_rows=23500","logger":"unusual_prefix_faea391ec71b1d4b4651510353e4a48d62001c31_2_refresh_traffic_speed","filename":"2_refresh_traffic_speed.py","lineno":56}
{"timestamp":"2026-04-15T11:48:15.410462Z","level":"info","event":"========== PAGE START ==========","logger":"lta_common","filename":"lta_common.py","lineno":53}
{"timestamp":"2026-04-15T11:48:15.410524Z","level":"info","event":"[FETCH] requesting rows 23500–23999","logger":"lta_common","filename":"lta_common.py","lineno":54}
{"timestamp":"2026-04-15T11:48:15.410601Z","level":"info","event":"Fetching page from LTA: skip=23500","logger":"lta_common","filename":"lta_common.py","lineno":36}
{"timestamp":"2026-04-15T11:48:16.051574Z","level":"info","event":"Retrieved 500 rows from LTA at skip=23500","logger":"lta_common","filename":"lta_common.py","lineno":44}
{"timestamp":"2026-04-15T11:48:16.056272Z","level":"info","event":"[FETCH DONE] retrieved=500 rows at skip=23500","logger":"lta_common","filename":"lta_common.py","lineno":59}
{"timestamp":"2026-04-15T11:48:16.056841Z","level":"info","event":"STEP 4: processing page skip=23500 rows=500","logger":"unusual_prefix_faea391ec71b1d4b4651510353e4a48d62001c31_2_refresh_traffic_speed","filename":"2_refresh_traffic_speed.py","lineno":41}
{"timestamp":"2026-04-15T11:48:16.076500Z","level":"info","event":"[CLEAN DONE] rows=500 | null_speed_band=0 | null_minimum_speed=0 | null_maximum_speed=0","logger":"lta_common","filename":"lta_common.py","lineno":238}
{"timestamp":"2026-04-15T11:48:16.078076Z","level":"info","event":"STEP 5: built cleaned snapshot dataframe rows=500","logger":"unusual_prefix_faea391ec71b1d4b4651510353e4a48d62001c31_2_refresh_traffic_speed","filename":"2_refresh_traffic_speed.py","lineno":44}
{"timestamp":"2026-04-15T11:48:16.078695Z","level":"info","event":"[LATEST PREP] rows=500 | missing_measurement_rows=0","logger":"lta_common","filename":"lta_common.py","lineno":271}
{"timestamp":"2026-04-15T11:48:16.079163Z","level":"info","event":"[UPSERT START] upserting 500 rows into traffic_speed_latest","logger":"lta_common","filename":"lta_common.py","lineno":348}
{"timestamp":"2026-04-15T11:48:16.079727Z","level":"info","event":"[UPSERT DEBUG] max_link_id=35912 | min_link_id=35365 | max_speed_band=7 | min_speed_band=1 | max_minimum_speed=60 | min_minimum_speed=0 | max_maximum_speed=69 | min_maximum_speed=9","logger":"lta_common","filename":"lta_common.py","lineno":350}
{"timestamp":"2026-04-15T11:48:16.636310Z","level":"info","event":"[UPSERT DONE] upserted=500 rows into traffic_speed_latest","logger":"lta_common","filename":"lta_common.py","lineno":388}
{"timestamp":"2026-04-15T11:48:16.638370Z","level":"info","event":"[SAVE START] inserting 500 rows into traffic_speed_recent","logger":"lta_common","filename":"lta_common.py","lineno":319}
{"timestamp":"2026-04-15T11:48:17.170465Z","level":"info","event":"[SAVE DONE] inserted=500 rows into traffic_speed_recent","logger":"lta_common","filename":"lta_common.py","lineno":337}
{"timestamp":"2026-04-15T11:48:17.170576Z","level":"info","event":"STEP 6: page saved skip=23500 | pages=48 | latest_rows=24000 | recent_rows=24000","logger":"unusual_prefix_faea391ec71b1d4b4651510353e4a48d62001c31_2_refresh_traffic_speed","filename":"2_refresh_traffic_speed.py","lineno":56}
{"timestamp":"2026-04-15T11:48:17.170607Z","level":"info","event":"========== PAGE START ==========","logger":"lta_common","filename":"lta_common.py","lineno":53}
{"timestamp":"2026-04-15T11:48:17.170629Z","level":"info","event":"[FETCH] requesting rows 24000–24499","logger":"lta_common","filename":"lta_common.py","lineno":54}
{"timestamp":"2026-04-15T11:48:17.170667Z","level":"info","event":"Fetching page from LTA: skip=24000","logger":"lta_common","filename":"lta_common.py","lineno":36}
{"timestamp":"2026-04-15T11:48:17.937174Z","level":"info","event":"Retrieved 500 rows from LTA at skip=24000","logger":"lta_common","filename":"lta_common.py","lineno":44}
{"timestamp":"2026-04-15T11:48:17.938384Z","level":"info","event":"[FETCH DONE] retrieved=500 rows at skip=24000","logger":"lta_common","filename":"lta_common.py","lineno":59}
{"timestamp":"2026-04-15T11:48:17.938466Z","level":"info","event":"STEP 4: processing page skip=24000 rows=500","logger":"unusual_prefix_faea391ec71b1d4b4651510353e4a48d62001c31_2_refresh_traffic_speed","filename":"2_refresh_traffic_speed.py","lineno":41}
{"timestamp":"2026-04-15T11:48:17.944739Z","level":"warning","event":"[SANITIZE] link_id=36040 field=maximum_speed suspicious sentinel value=999 -> NULL","logger":"lta_common","filename":"lta_common.py","lineno":143}
{"timestamp":"2026-04-15T11:48:17.946087Z","level":"info","event":"[CLEAN DONE] rows=500 | null_speed_band=0 | null_minimum_speed=0 | null_maximum_speed=1","logger":"lta_common","filename":"lta_common.py","lineno":238}
{"timestamp":"2026-04-15T11:48:17.946831Z","level":"info","event":"STEP 5: built cleaned snapshot dataframe rows=500","logger":"unusual_prefix_faea391ec71b1d4b4651510353e4a48d62001c31_2_refresh_traffic_speed","filename":"2_refresh_traffic_speed.py","lineno":44}
{"timestamp":"2026-04-15T11:48:17.947129Z","level":"info","event":"[LATEST PREP] rows=500 | missing_measurement_rows=0","logger":"lta_common","filename":"lta_common.py","lineno":271}
{"timestamp":"2026-04-15T11:48:17.947369Z","level":"info","event":"[UPSERT START] upserting 500 rows into traffic_speed_latest","logger":"lta_common","filename":"lta_common.py","lineno":348}
{"timestamp":"2026-04-15T11:48:17.947667Z","level":"info","event":"[UPSERT DEBUG] max_link_id=36489 | min_link_id=35913 | max_speed_band=8 | min_speed_band=1 | max_minimum_speed=70 | min_minimum_speed=0 | max_maximum_speed=69.0 | min_maximum_speed=9.0","logger":"lta_common","filename":"lta_common.py","lineno":350}
{"timestamp":"2026-04-15T11:48:18.597770Z","level":"info","event":"[UPSERT DONE] upserted=500 rows into traffic_speed_latest","logger":"lta_common","filename":"lta_common.py","lineno":388}
{"timestamp":"2026-04-15T11:48:18.600339Z","level":"info","event":"[SAVE START] inserting 500 rows into traffic_speed_recent","logger":"lta_common","filename":"lta_common.py","lineno":319}
{"timestamp":"2026-04-15T11:48:19.064481Z","level":"info","event":"[SAVE DONE] inserted=500 rows into traffic_speed_recent","logger":"lta_common","filename":"lta_common.py","lineno":337}
{"timestamp":"2026-04-15T11:48:19.065117Z","level":"info","event":"STEP 6: page saved skip=24000 | pages=49 | latest_rows=24500 | recent_rows=24500","logger":"unusual_prefix_faea391ec71b1d4b4651510353e4a48d62001c31_2_refresh_traffic_speed","filename":"2_refresh_traffic_speed.py","lineno":56}
{"timestamp":"2026-04-15T11:48:19.065309Z","level":"info","event":"========== PAGE START ==========","logger":"lta_common","filename":"lta_common.py","lineno":53}
{"timestamp":"2026-04-15T11:48:19.065463Z","level":"info","event":"[FETCH] requesting rows 24500–24999","logger":"lta_common","filename":"lta_common.py","lineno":54}
{"timestamp":"2026-04-15T11:48:19.065637Z","level":"info","event":"Fetching page from LTA: skip=24500","logger":"lta_common","filename":"lta_common.py","lineno":36}
{"timestamp":"2026-04-15T11:48:19.659395Z","level":"info","event":"Retrieved 500 rows from LTA at skip=24500","logger":"lta_common","filename":"lta_common.py","lineno":44}
{"timestamp":"2026-04-15T11:48:19.665165Z","level":"info","event":"[FETCH DONE] retrieved=500 rows at skip=24500","logger":"lta_common","filename":"lta_common.py","lineno":59}
{"timestamp":"2026-04-15T11:48:19.666186Z","level":"info","event":"STEP 4: processing page skip=24500 rows=500","logger":"unusual_prefix_faea391ec71b1d4b4651510353e4a48d62001c31_2_refresh_traffic_speed","filename":"2_refresh_traffic_speed.py","lineno":41}
{"timestamp":"2026-04-15T11:48:19.686020Z","level":"info","event":"[CLEAN DONE] rows=500 | null_speed_band=0 | null_minimum_speed=0 | null_maximum_speed=0","logger":"lta_common","filename":"lta_common.py","lineno":238}
{"timestamp":"2026-04-15T11:48:19.687617Z","level":"info","event":"STEP 5: built cleaned snapshot dataframe rows=500","logger":"unusual_prefix_faea391ec71b1d4b4651510353e4a48d62001c31_2_refresh_traffic_speed","filename":"2_refresh_traffic_speed.py","lineno":44}
{"timestamp":"2026-04-15T11:48:19.688188Z","level":"info","event":"[LATEST PREP] rows=500 | missing_measurement_rows=0","logger":"lta_common","filename":"lta_common.py","lineno":271}
{"timestamp":"2026-04-15T11:48:19.688582Z","level":"info","event":"[UPSERT START] upserting 500 rows into traffic_speed_latest","logger":"lta_common","filename":"lta_common.py","lineno":348}
{"timestamp":"2026-04-15T11:48:19.689073Z","level":"info","event":"[UPSERT DEBUG] max_link_id=37408 | min_link_id=36492 | max_speed_band=6 | min_speed_band=1 | max_minimum_speed=50 | min_minimum_speed=0 | max_maximum_speed=59 | min_maximum_speed=9","logger":"lta_common","filename":"lta_common.py","lineno":350}
{"timestamp":"2026-04-15T11:48:20.174103Z","level":"info","event":"[UPSERT DONE] upserted=500 rows into traffic_speed_latest","logger":"lta_common","filename":"lta_common.py","lineno":388}
{"timestamp":"2026-04-15T11:48:20.177327Z","level":"info","event":"[SAVE START] inserting 500 rows into traffic_speed_recent","logger":"lta_common","filename":"lta_common.py","lineno":319}
{"timestamp":"2026-04-15T11:48:20.677521Z","level":"info","event":"[SAVE DONE] inserted=500 rows into traffic_speed_recent","logger":"lta_common","filename":"lta_common.py","lineno":337}
{"timestamp":"2026-04-15T11:48:20.679088Z","level":"info","event":"STEP 6: page saved skip=24500 | pages=50 | latest_rows=25000 | recent_rows=25000","logger":"unusual_prefix_faea391ec71b1d4b4651510353e4a48d62001c31_2_refresh_traffic_speed","filename":"2_refresh_traffic_speed.py","lineno":56}
{"timestamp":"2026-04-15T11:48:20.679429Z","level":"info","event":"========== PAGE START ==========","logger":"lta_common","filename":"lta_common.py","lineno":53}
{"timestamp":"2026-04-15T11:48:20.679529Z","level":"info","event":"[FETCH] requesting rows 25000–25499","logger":"lta_common","filename":"lta_common.py","lineno":54}
{"timestamp":"2026-04-15T11:48:20.679628Z","level":"info","event":"Fetching page from LTA: skip=25000","logger":"lta_common","filename":"lta_common.py","lineno":36}
{"timestamp":"2026-04-15T11:48:21.608123Z","level":"info","event":"Retrieved 500 rows from LTA at skip=25000","logger":"lta_common","filename":"lta_common.py","lineno":44}
{"timestamp":"2026-04-15T11:48:21.609293Z","level":"info","event":"[FETCH DONE] retrieved=500 rows at skip=25000","logger":"lta_common","filename":"lta_common.py","lineno":59}
{"timestamp":"2026-04-15T11:48:21.609439Z","level":"info","event":"STEP 4: processing page skip=25000 rows=500","logger":"unusual_prefix_faea391ec71b1d4b4651510353e4a48d62001c31_2_refresh_traffic_speed","filename":"2_refresh_traffic_speed.py","lineno":41}
{"timestamp":"2026-04-15T11:48:21.616461Z","level":"warning","event":"[SANITIZE] link_id=38143 field=maximum_speed suspicious sentinel value=999 -> NULL","logger":"lta_common","filename":"lta_common.py","lineno":143}
{"timestamp":"2026-04-15T11:48:21.617134Z","level":"info","event":"[CLEAN DONE] rows=500 | null_speed_band=0 | null_minimum_speed=0 | null_maximum_speed=1","logger":"lta_common","filename":"lta_common.py","lineno":238}
{"timestamp":"2026-04-15T11:48:21.617890Z","level":"info","event":"STEP 5: built cleaned snapshot dataframe rows=500","logger":"unusual_prefix_faea391ec71b1d4b4651510353e4a48d62001c31_2_refresh_traffic_speed","filename":"2_refresh_traffic_speed.py","lineno":44}
{"timestamp":"2026-04-15T11:48:21.618177Z","level":"info","event":"[LATEST PREP] rows=500 | missing_measurement_rows=0","logger":"lta_common","filename":"lta_common.py","lineno":271}
{"timestamp":"2026-04-15T11:48:21.618414Z","level":"info","event":"[UPSERT START] upserting 500 rows into traffic_speed_latest","logger":"lta_common","filename":"lta_common.py","lineno":348}
{"timestamp":"2026-04-15T11:48:21.618708Z","level":"info","event":"[UPSERT DEBUG] max_link_id=38298 | min_link_id=37409 | max_speed_band=8 | min_speed_band=1 | max_minimum_speed=70 | min_minimum_speed=0 | max_maximum_speed=69.0 | min_maximum_speed=9.0","logger":"lta_common","filename":"lta_common.py","lineno":350}
{"timestamp":"2026-04-15T11:48:22.041235Z","level":"info","event":"[UPSERT DONE] upserted=500 rows into traffic_speed_latest","logger":"lta_common","filename":"lta_common.py","lineno":388}
{"timestamp":"2026-04-15T11:48:22.041634Z","level":"info","event":"[SAVE START] inserting 500 rows into traffic_speed_recent","logger":"lta_common","filename":"lta_common.py","lineno":319}
{"timestamp":"2026-04-15T11:48:22.514216Z","level":"info","event":"[SAVE DONE] inserted=500 rows into traffic_speed_recent","logger":"lta_common","filename":"lta_common.py","lineno":337}
{"timestamp":"2026-04-15T11:48:22.514335Z","level":"info","event":"STEP 6: page saved skip=25000 | pages=51 | latest_rows=25500 | recent_rows=25500","logger":"unusual_prefix_faea391ec71b1d4b4651510353e4a48d62001c31_2_refresh_traffic_speed","filename":"2_refresh_traffic_speed.py","lineno":56}
{"timestamp":"2026-04-15T11:48:22.514365Z","level":"info","event":"========== PAGE START ==========","logger":"lta_common","filename":"lta_common.py","lineno":53}
{"timestamp":"2026-04-15T11:48:22.514387Z","level":"info","event":"[FETCH] requesting rows 25500–25999","logger":"lta_common","filename":"lta_common.py","lineno":54}
{"timestamp":"2026-04-15T11:48:22.514416Z","level":"info","event":"Fetching page from LTA: skip=25500","logger":"lta_common","filename":"lta_common.py","lineno":36}
{"timestamp":"2026-04-15T11:48:23.183765Z","level":"info","event":"Retrieved 500 rows from LTA at skip=25500","logger":"lta_common","filename":"lta_common.py","lineno":44}
{"timestamp":"2026-04-15T11:48:23.189885Z","level":"info","event":"[FETCH DONE] retrieved=500 rows at skip=25500","logger":"lta_common","filename":"lta_common.py","lineno":59}
{"timestamp":"2026-04-15T11:48:23.190796Z","level":"info","event":"STEP 4: processing page skip=25500 rows=500","logger":"unusual_prefix_faea391ec71b1d4b4651510353e4a48d62001c31_2_refresh_traffic_speed","filename":"2_refresh_traffic_speed.py","lineno":41}
{"timestamp":"2026-04-15T11:48:23.208628Z","level":"warning","event":"[SANITIZE] link_id=38575 field=maximum_speed suspicious sentinel value=999 -> NULL","logger":"lta_common","filename":"lta_common.py","lineno":143}
{"timestamp":"2026-04-15T11:48:23.209688Z","level":"warning","event":"[SANITIZE] link_id=38643 field=maximum_speed suspicious sentinel value=999 -> NULL","logger":"lta_common","filename":"lta_common.py","lineno":143}
{"timestamp":"2026-04-15T11:48:23.210789Z","level":"warning","event":"[SANITIZE] link_id=38817 field=maximum_speed suspicious sentinel value=999 -> NULL","logger":"lta_common","filename":"lta_common.py","lineno":143}
{"timestamp":"2026-04-15T11:48:23.212134Z","level":"info","event":"[CLEAN DONE] rows=500 | null_speed_band=0 | null_minimum_speed=0 | null_maximum_speed=3","logger":"lta_common","filename":"lta_common.py","lineno":238}
{"timestamp":"2026-04-15T11:48:23.213674Z","level":"info","event":"STEP 5: built cleaned snapshot dataframe rows=500","logger":"unusual_prefix_faea391ec71b1d4b4651510353e4a48d62001c31_2_refresh_traffic_speed","filename":"2_refresh_traffic_speed.py","lineno":44}
{"timestamp":"2026-04-15T11:48:23.214389Z","level":"info","event":"[LATEST PREP] rows=500 | missing_measurement_rows=0","logger":"lta_common","filename":"lta_common.py","lineno":271}
{"timestamp":"2026-04-15T11:48:23.214926Z","level":"info","event":"[UPSERT START] upserting 500 rows into traffic_speed_latest","logger":"lta_common","filename":"lta_common.py","lineno":348}
{"timestamp":"2026-04-15T11:48:23.215694Z","level":"info","event":"[UPSERT DEBUG] max_link_id=38908 | min_link_id=38299 | max_speed_band=8 | min_speed_band=1 | max_minimum_speed=70 | min_minimum_speed=0 | max_maximum_speed=69.0 | min_maximum_speed=9.0","logger":"lta_common","filename":"lta_common.py","lineno":350}
{"timestamp":"2026-04-15T11:48:23.646818Z","level":"info","event":"[UPSERT DONE] upserted=500 rows into traffic_speed_latest","logger":"lta_common","filename":"lta_common.py","lineno":388}
{"timestamp":"2026-04-15T11:48:23.649721Z","level":"info","event":"[SAVE START] inserting 500 rows into traffic_speed_recent","logger":"lta_common","filename":"lta_common.py","lineno":319}
{"timestamp":"2026-04-15T11:48:24.115828Z","level":"info","event":"[SAVE DONE] inserted=500 rows into traffic_speed_recent","logger":"lta_common","filename":"lta_common.py","lineno":337}
{"timestamp":"2026-04-15T11:48:24.116580Z","level":"info","event":"STEP 6: page saved skip=25500 | pages=52 | latest_rows=26000 | recent_rows=26000","logger":"unusual_prefix_faea391ec71b1d4b4651510353e4a48d62001c31_2_refresh_traffic_speed","filename":"2_refresh_traffic_speed.py","lineno":56}
{"timestamp":"2026-04-15T11:48:24.116674Z","level":"info","event":"========== PAGE START ==========","logger":"lta_common","filename":"lta_common.py","lineno":53}
{"timestamp":"2026-04-15T11:48:24.116724Z","level":"info","event":"[FETCH] requesting rows 26000–26499","logger":"lta_common","filename":"lta_common.py","lineno":54}
{"timestamp":"2026-04-15T11:48:24.116787Z","level":"info","event":"Fetching page from LTA: skip=26000","logger":"lta_common","filename":"lta_common.py","lineno":36}
{"timestamp":"2026-04-15T11:48:24.720701Z","level":"info","event":"Retrieved 500 rows from LTA at skip=26000","logger":"lta_common","filename":"lta_common.py","lineno":44}
{"timestamp":"2026-04-15T11:48:24.727121Z","level":"info","event":"[FETCH DONE] retrieved=500 rows at skip=26000","logger":"lta_common","filename":"lta_common.py","lineno":59}
{"timestamp":"2026-04-15T11:48:24.728208Z","level":"info","event":"STEP 4: processing page skip=26000 rows=500","logger":"unusual_prefix_faea391ec71b1d4b4651510353e4a48d62001c31_2_refresh_traffic_speed","filename":"2_refresh_traffic_speed.py","lineno":41}
{"timestamp":"2026-04-15T11:48:24.744756Z","level":"warning","event":"[SANITIZE] link_id=39021 field=maximum_speed suspicious sentinel value=999 -> NULL","logger":"lta_common","filename":"lta_common.py","lineno":143}
{"timestamp":"2026-04-15T11:48:24.745637Z","level":"warning","event":"[SANITIZE] link_id=39170 field=maximum_speed suspicious sentinel value=999 -> NULL","logger":"lta_common","filename":"lta_common.py","lineno":143}
{"timestamp":"2026-04-15T11:48:24.748514Z","level":"info","event":"[CLEAN DONE] rows=500 | null_speed_band=0 | null_minimum_speed=0 | null_maximum_speed=2","logger":"lta_common","filename":"lta_common.py","lineno":238}
{"timestamp":"2026-04-15T11:48:24.750290Z","level":"info","event":"STEP 5: built cleaned snapshot dataframe rows=500","logger":"unusual_prefix_faea391ec71b1d4b4651510353e4a48d62001c31_2_refresh_traffic_speed","filename":"2_refresh_traffic_speed.py","lineno":44}
{"timestamp":"2026-04-15T11:48:24.750976Z","level":"info","event":"[LATEST PREP] rows=500 | missing_measurement_rows=0","logger":"lta_common","filename":"lta_common.py","lineno":271}
{"timestamp":"2026-04-15T11:48:24.751495Z","level":"info","event":"[UPSERT START] upserting 500 rows into traffic_speed_latest","logger":"lta_common","filename":"lta_common.py","lineno":348}
{"timestamp":"2026-04-15T11:48:24.752111Z","level":"info","event":"[UPSERT DEBUG] max_link_id=39873 | min_link_id=38909 | max_speed_band=8 | min_speed_band=1 | max_minimum_speed=70 | min_minimum_speed=0 | max_maximum_speed=69.0 | min_maximum_speed=9.0","logger":"lta_common","filename":"lta_common.py","lineno":350}
{"timestamp":"2026-04-15T11:48:25.177627Z","level":"info","event":"[UPSERT DONE] upserted=500 rows into traffic_speed_latest","logger":"lta_common","filename":"lta_common.py","lineno":388}
{"timestamp":"2026-04-15T11:48:25.180528Z","level":"info","event":"[SAVE START] inserting 500 rows into traffic_speed_recent","logger":"lta_common","filename":"lta_common.py","lineno":319}
{"timestamp":"2026-04-15T11:48:25.639700Z","level":"info","event":"[SAVE DONE] inserted=500 rows into traffic_speed_recent","logger":"lta_common","filename":"lta_common.py","lineno":337}
{"timestamp":"2026-04-15T11:48:25.640431Z","level":"info","event":"STEP 6: page saved skip=26000 | pages=53 | latest_rows=26500 | recent_rows=26500","logger":"unusual_prefix_faea391ec71b1d4b4651510353e4a48d62001c31_2_refresh_traffic_speed","filename":"2_refresh_traffic_speed.py","lineno":56}
{"timestamp":"2026-04-15T11:48:25.640629Z","level":"info","event":"========== PAGE START ==========","logger":"lta_common","filename":"lta_common.py","lineno":53}
{"timestamp":"2026-04-15T11:48:25.640765Z","level":"info","event":"[FETCH] requesting rows 26500–26999","logger":"lta_common","filename":"lta_common.py","lineno":54}
{"timestamp":"2026-04-15T11:48:25.641005Z","level":"info","event":"Fetching page from LTA: skip=26500","logger":"lta_common","filename":"lta_common.py","lineno":36}
{"timestamp":"2026-04-15T11:48:26.558386Z","level":"info","event":"Retrieved 500 rows from LTA at skip=26500","logger":"lta_common","filename":"lta_common.py","lineno":44}
{"timestamp":"2026-04-15T11:48:26.559499Z","level":"info","event":"[FETCH DONE] retrieved=500 rows at skip=26500","logger":"lta_common","filename":"lta_common.py","lineno":59}
{"timestamp":"2026-04-15T11:48:26.559713Z","level":"info","event":"STEP 4: processing page skip=26500 rows=500","logger":"unusual_prefix_faea391ec71b1d4b4651510353e4a48d62001c31_2_refresh_traffic_speed","filename":"2_refresh_traffic_speed.py","lineno":41}
{"timestamp":"2026-04-15T11:48:26.565631Z","level":"warning","event":"[SANITIZE] link_id=39900 field=maximum_speed suspicious sentinel value=999 -> NULL","logger":"lta_common","filename":"lta_common.py","lineno":143}
{"timestamp":"2026-04-15T11:48:26.565681Z","level":"warning","event":"[SANITIZE] link_id=39901 field=maximum_speed suspicious sentinel value=999 -> NULL","logger":"lta_common","filename":"lta_common.py","lineno":143}
{"timestamp":"2026-04-15T11:48:26.567225Z","level":"info","event":"[CLEAN DONE] rows=500 | null_speed_band=0 | null_minimum_speed=0 | null_maximum_speed=2","logger":"lta_common","filename":"lta_common.py","lineno":238}
{"timestamp":"2026-04-15T11:48:26.567981Z","level":"info","event":"STEP 5: built cleaned snapshot dataframe rows=500","logger":"unusual_prefix_faea391ec71b1d4b4651510353e4a48d62001c31_2_refresh_traffic_speed","filename":"2_refresh_traffic_speed.py","lineno":44}
{"timestamp":"2026-04-15T11:48:26.568283Z","level":"info","event":"[LATEST PREP] rows=500 | missing_measurement_rows=0","logger":"lta_common","filename":"lta_common.py","lineno":271}
{"timestamp":"2026-04-15T11:48:26.568518Z","level":"info","event":"[UPSERT START] upserting 500 rows into traffic_speed_latest","logger":"lta_common","filename":"lta_common.py","lineno":348}
{"timestamp":"2026-04-15T11:48:26.568797Z","level":"info","event":"[UPSERT DEBUG] max_link_id=40419 | min_link_id=39874 | max_speed_band=8 | min_speed_band=1 | max_minimum_speed=70 | min_minimum_speed=0 | max_maximum_speed=69.0 | min_maximum_speed=9.0","logger":"lta_common","filename":"lta_common.py","lineno":350}
{"timestamp":"2026-04-15T11:48:26.967155Z","level":"info","event":"[UPSERT DONE] upserted=500 rows into traffic_speed_latest","logger":"lta_common","filename":"lta_common.py","lineno":388}
{"timestamp":"2026-04-15T11:48:26.967584Z","level":"info","event":"[SAVE START] inserting 500 rows into traffic_speed_recent","logger":"lta_common","filename":"lta_common.py","lineno":319}
{"timestamp":"2026-04-15T11:48:27.431755Z","level":"info","event":"[SAVE DONE] inserted=500 rows into traffic_speed_recent","logger":"lta_common","filename":"lta_common.py","lineno":337}
{"timestamp":"2026-04-15T11:48:27.432387Z","level":"info","event":"STEP 6: page saved skip=26500 | pages=54 | latest_rows=27000 | recent_rows=27000","logger":"unusual_prefix_faea391ec71b1d4b4651510353e4a48d62001c31_2_refresh_traffic_speed","filename":"2_refresh_traffic_speed.py","lineno":56}
{"timestamp":"2026-04-15T11:48:27.432575Z","level":"info","event":"========== PAGE START ==========","logger":"lta_common","filename":"lta_common.py","lineno":53}
{"timestamp":"2026-04-15T11:48:27.432715Z","level":"info","event":"[FETCH] requesting rows 27000–27499","logger":"lta_common","filename":"lta_common.py","lineno":54}
{"timestamp":"2026-04-15T11:48:27.432891Z","level":"info","event":"Fetching page from LTA: skip=27000","logger":"lta_common","filename":"lta_common.py","lineno":36}
{"timestamp":"2026-04-15T11:48:28.185192Z","level":"info","event":"Retrieved 500 rows from LTA at skip=27000","logger":"lta_common","filename":"lta_common.py","lineno":44}
{"timestamp":"2026-04-15T11:48:28.190426Z","level":"info","event":"[FETCH DONE] retrieved=500 rows at skip=27000","logger":"lta_common","filename":"lta_common.py","lineno":59}
{"timestamp":"2026-04-15T11:48:28.191393Z","level":"info","event":"STEP 4: processing page skip=27000 rows=500","logger":"unusual_prefix_faea391ec71b1d4b4651510353e4a48d62001c31_2_refresh_traffic_speed","filename":"2_refresh_traffic_speed.py","lineno":41}
{"timestamp":"2026-04-15T11:48:28.207004Z","level":"warning","event":"[SANITIZE] link_id=40437 field=maximum_speed suspicious sentinel value=999 -> NULL","logger":"lta_common","filename":"lta_common.py","lineno":143}
{"timestamp":"2026-04-15T11:48:28.210382Z","level":"info","event":"[CLEAN DONE] rows=500 | null_speed_band=0 | null_minimum_speed=0 | null_maximum_speed=1","logger":"lta_common","filename":"lta_common.py","lineno":238}
{"timestamp":"2026-04-15T11:48:28.212066Z","level":"info","event":"STEP 5: built cleaned snapshot dataframe rows=500","logger":"unusual_prefix_faea391ec71b1d4b4651510353e4a48d62001c31_2_refresh_traffic_speed","filename":"2_refresh_traffic_speed.py","lineno":44}
{"timestamp":"2026-04-15T11:48:28.212650Z","level":"info","event":"[LATEST PREP] rows=500 | missing_measurement_rows=0","logger":"lta_common","filename":"lta_common.py","lineno":271}
{"timestamp":"2026-04-15T11:48:28.213060Z","level":"info","event":"[UPSERT START] upserting 500 rows into traffic_speed_latest","logger":"lta_common","filename":"lta_common.py","lineno":348}
{"timestamp":"2026-04-15T11:48:28.213547Z","level":"info","event":"[UPSERT DEBUG] max_link_id=41139 | min_link_id=40420 | max_speed_band=8 | min_speed_band=1 | max_minimum_speed=70 | min_minimum_speed=0 | max_maximum_speed=69.0 | min_maximum_speed=9.0","logger":"lta_common","filename":"lta_common.py","lineno":350}
{"timestamp":"2026-04-15T11:48:28.725719Z","level":"info","event":"[UPSERT DONE] upserted=500 rows into traffic_speed_latest","logger":"lta_common","filename":"lta_common.py","lineno":388}
{"timestamp":"2026-04-15T11:48:28.727461Z","level":"info","event":"[SAVE START] inserting 500 rows into traffic_speed_recent","logger":"lta_common","filename":"lta_common.py","lineno":319}
{"timestamp":"2026-04-15T11:48:29.177020Z","level":"info","event":"[SAVE DONE] inserted=500 rows into traffic_speed_recent","logger":"lta_common","filename":"lta_common.py","lineno":337}
{"timestamp":"2026-04-15T11:48:29.177751Z","level":"info","event":"STEP 6: page saved skip=27000 | pages=55 | latest_rows=27500 | recent_rows=27500","logger":"unusual_prefix_faea391ec71b1d4b4651510353e4a48d62001c31_2_refresh_traffic_speed","filename":"2_refresh_traffic_speed.py","lineno":56}
{"timestamp":"2026-04-15T11:48:29.177882Z","level":"info","event":"========== PAGE START ==========","logger":"lta_common","filename":"lta_common.py","lineno":53}
{"timestamp":"2026-04-15T11:48:29.178019Z","level":"info","event":"[FETCH] requesting rows 27500–27999","logger":"lta_common","filename":"lta_common.py","lineno":54}
{"timestamp":"2026-04-15T11:48:29.178175Z","level":"info","event":"Fetching page from LTA: skip=27500","logger":"lta_common","filename":"lta_common.py","lineno":36}
{"timestamp":"2026-04-15T11:48:29.801831Z","level":"info","event":"Retrieved 500 rows from LTA at skip=27500","logger":"lta_common","filename":"lta_common.py","lineno":44}
{"timestamp":"2026-04-15T11:48:29.807963Z","level":"info","event":"[FETCH DONE] retrieved=500 rows at skip=27500","logger":"lta_common","filename":"lta_common.py","lineno":59}
{"timestamp":"2026-04-15T11:48:29.809612Z","level":"info","event":"STEP 4: processing page skip=27500 rows=500","logger":"unusual_prefix_faea391ec71b1d4b4651510353e4a48d62001c31_2_refresh_traffic_speed","filename":"2_refresh_traffic_speed.py","lineno":41}
{"timestamp":"2026-04-15T11:48:29.828899Z","level":"warning","event":"[SANITIZE] link_id=41529 field=maximum_speed suspicious sentinel value=999 -> NULL","logger":"lta_common","filename":"lta_common.py","lineno":143}
{"timestamp":"2026-04-15T11:48:29.831175Z","level":"info","event":"[CLEAN DONE] rows=500 | null_speed_band=0 | null_minimum_speed=1 | null_maximum_speed=2","logger":"lta_common","filename":"lta_common.py","lineno":238}
{"timestamp":"2026-04-15T11:48:29.832808Z","level":"info","event":"STEP 5: built cleaned snapshot dataframe rows=500","logger":"unusual_prefix_faea391ec71b1d4b4651510353e4a48d62001c31_2_refresh_traffic_speed","filename":"2_refresh_traffic_speed.py","lineno":44}
{"timestamp":"2026-04-15T11:48:29.833412Z","level":"info","event":"[LATEST PREP] rows=500 | missing_measurement_rows=1","logger":"lta_common","filename":"lta_common.py","lineno":271}
{"timestamp":"2026-04-15T11:48:29.833808Z","level":"info","event":"[UPSERT START] upserting 500 rows into traffic_speed_latest","logger":"lta_common","filename":"lta_common.py","lineno":348}
{"timestamp":"2026-04-15T11:48:29.834335Z","level":"info","event":"[UPSERT DEBUG] max_link_id=41954 | min_link_id=41140 | max_speed_band=8 | min_speed_band=1 | max_minimum_speed=70.0 | min_minimum_speed=0.0 | max_maximum_speed=69.0 | min_maximum_speed=9.0","logger":"lta_common","filename":"lta_common.py","lineno":350}
{"timestamp":"2026-04-15T11:48:30.213591Z","level":"info","event":"[UPSERT DONE] upserted=500 rows into traffic_speed_latest","logger":"lta_common","filename":"lta_common.py","lineno":388}
{"timestamp":"2026-04-15T11:48:30.214120Z","level":"info","event":"[SAVE START] inserting 500 rows into traffic_speed_recent","logger":"lta_common","filename":"lta_common.py","lineno":319}
{"timestamp":"2026-04-15T11:48:30.640051Z","level":"info","event":"[SAVE DONE] inserted=500 rows into traffic_speed_recent","logger":"lta_common","filename":"lta_common.py","lineno":337}
{"timestamp":"2026-04-15T11:48:30.640169Z","level":"info","event":"STEP 6: page saved skip=27500 | pages=56 | latest_rows=28000 | recent_rows=28000","logger":"unusual_prefix_faea391ec71b1d4b4651510353e4a48d62001c31_2_refresh_traffic_speed","filename":"2_refresh_traffic_speed.py","lineno":56}
{"timestamp":"2026-04-15T11:48:30.640201Z","level":"info","event":"========== PAGE START ==========","logger":"lta_common","filename":"lta_common.py","lineno":53}
{"timestamp":"2026-04-15T11:48:30.640223Z","level":"info","event":"[FETCH] requesting rows 28000–28499","logger":"lta_common","filename":"lta_common.py","lineno":54}
{"timestamp":"2026-04-15T11:48:30.640254Z","level":"info","event":"Fetching page from LTA: skip=28000","logger":"lta_common","filename":"lta_common.py","lineno":36}
{"timestamp":"2026-04-15T11:48:31.461120Z","level":"info","event":"Retrieved 500 rows from LTA at skip=28000","logger":"lta_common","filename":"lta_common.py","lineno":44}
{"timestamp":"2026-04-15T11:48:31.462443Z","level":"info","event":"[FETCH DONE] retrieved=500 rows at skip=28000","logger":"lta_common","filename":"lta_common.py","lineno":59}
{"timestamp":"2026-04-15T11:48:31.462686Z","level":"info","event":"STEP 4: processing page skip=28000 rows=500","logger":"unusual_prefix_faea391ec71b1d4b4651510353e4a48d62001c31_2_refresh_traffic_speed","filename":"2_refresh_traffic_speed.py","lineno":41}
{"timestamp":"2026-04-15T11:48:31.470410Z","level":"info","event":"[CLEAN DONE] rows=500 | null_speed_band=0 | null_minimum_speed=0 | null_maximum_speed=0","logger":"lta_common","filename":"lta_common.py","lineno":238}
{"timestamp":"2026-04-15T11:48:31.471255Z","level":"info","event":"STEP 5: built cleaned snapshot dataframe rows=500","logger":"unusual_prefix_faea391ec71b1d4b4651510353e4a48d62001c31_2_refresh_traffic_speed","filename":"2_refresh_traffic_speed.py","lineno":44}
{"timestamp":"2026-04-15T11:48:31.471600Z","level":"info","event":"[LATEST PREP] rows=500 | missing_measurement_rows=0","logger":"lta_common","filename":"lta_common.py","lineno":271}
{"timestamp":"2026-04-15T11:48:31.471833Z","level":"info","event":"[UPSERT START] upserting 500 rows into traffic_speed_latest","logger":"lta_common","filename":"lta_common.py","lineno":348}
{"timestamp":"2026-04-15T11:48:31.472117Z","level":"info","event":"[UPSERT DEBUG] max_link_id=42931 | min_link_id=41955 | max_speed_band=7 | min_speed_band=1 | max_minimum_speed=60 | min_minimum_speed=0 | max_maximum_speed=69 | min_maximum_speed=9","logger":"lta_common","filename":"lta_common.py","lineno":350}
{"timestamp":"2026-04-15T11:48:31.910801Z","level":"info","event":"[UPSERT DONE] upserted=500 rows into traffic_speed_latest","logger":"lta_common","filename":"lta_common.py","lineno":388}
{"timestamp":"2026-04-15T11:48:31.912554Z","level":"info","event":"[SAVE START] inserting 500 rows into traffic_speed_recent","logger":"lta_common","filename":"lta_common.py","lineno":319}
{"timestamp":"2026-04-15T11:48:32.533135Z","level":"info","event":"[SAVE DONE] inserted=500 rows into traffic_speed_recent","logger":"lta_common","filename":"lta_common.py","lineno":337}
{"timestamp":"2026-04-15T11:48:32.535825Z","level":"info","event":"STEP 6: page saved skip=28000 | pages=57 | latest_rows=28500 | recent_rows=28500","logger":"unusual_prefix_faea391ec71b1d4b4651510353e4a48d62001c31_2_refresh_traffic_speed","filename":"2_refresh_traffic_speed.py","lineno":56}
{"timestamp":"2026-04-15T11:48:32.536044Z","level":"info","event":"========== PAGE START ==========","logger":"lta_common","filename":"lta_common.py","lineno":53}
{"timestamp":"2026-04-15T11:48:32.536135Z","level":"info","event":"[FETCH] requesting rows 28500–28999","logger":"lta_common","filename":"lta_common.py","lineno":54}
{"timestamp":"2026-04-15T11:48:32.536249Z","level":"info","event":"Fetching page from LTA: skip=28500","logger":"lta_common","filename":"lta_common.py","lineno":36}
{"timestamp":"2026-04-15T11:48:32.888022Z","level":"info","event":"Retrieved 500 rows from LTA at skip=28500","logger":"lta_common","filename":"lta_common.py","lineno":44}
{"timestamp":"2026-04-15T11:48:32.891375Z","level":"info","event":"[FETCH DONE] retrieved=500 rows at skip=28500","logger":"lta_common","filename":"lta_common.py","lineno":59}
{"timestamp":"2026-04-15T11:48:32.891748Z","level":"info","event":"STEP 4: processing page skip=28500 rows=500","logger":"unusual_prefix_faea391ec71b1d4b4651510353e4a48d62001c31_2_refresh_traffic_speed","filename":"2_refresh_traffic_speed.py","lineno":41}
{"timestamp":"2026-04-15T11:48:32.904822Z","level":"warning","event":"[SANITIZE] link_id=43285 field=maximum_speed suspicious sentinel value=999 -> NULL","logger":"lta_common","filename":"lta_common.py","lineno":143}
{"timestamp":"2026-04-15T11:48:32.904979Z","level":"warning","event":"[SANITIZE] link_id=43312 field=maximum_speed suspicious sentinel value=999 -> NULL","logger":"lta_common","filename":"lta_common.py","lineno":143}
{"timestamp":"2026-04-15T11:48:32.905121Z","level":"warning","event":"[SANITIZE] link_id=43343 field=maximum_speed suspicious sentinel value=999 -> NULL","logger":"lta_common","filename":"lta_common.py","lineno":143}
{"timestamp":"2026-04-15T11:48:32.906727Z","level":"info","event":"[CLEAN DONE] rows=500 | null_speed_band=0 | null_minimum_speed=0 | null_maximum_speed=3","logger":"lta_common","filename":"lta_common.py","lineno":238}
{"timestamp":"2026-04-15T11:48:32.908044Z","level":"info","event":"STEP 5: built cleaned snapshot dataframe rows=500","logger":"unusual_prefix_faea391ec71b1d4b4651510353e4a48d62001c31_2_refresh_traffic_speed","filename":"2_refresh_traffic_speed.py","lineno":44}
{"timestamp":"2026-04-15T11:48:32.908538Z","level":"info","event":"[LATEST PREP] rows=500 | missing_measurement_rows=0","logger":"lta_common","filename":"lta_common.py","lineno":271}
{"timestamp":"2026-04-15T11:48:32.908957Z","level":"info","event":"[UPSERT START] upserting 500 rows into traffic_speed_latest","logger":"lta_common","filename":"lta_common.py","lineno":348}
{"timestamp":"2026-04-15T11:48:32.909464Z","level":"info","event":"[UPSERT DEBUG] max_link_id=43721 | min_link_id=42932 | max_speed_band=8 | min_speed_band=1 | max_minimum_speed=70 | min_minimum_speed=0 | max_maximum_speed=69.0 | min_maximum_speed=9.0","logger":"lta_common","filename":"lta_common.py","lineno":350}
{"timestamp":"2026-04-15T11:48:33.375645Z","level":"info","event":"[UPSERT DONE] upserted=500 rows into traffic_speed_latest","logger":"lta_common","filename":"lta_common.py","lineno":388}
{"timestamp":"2026-04-15T11:48:33.377636Z","level":"info","event":"[SAVE START] inserting 500 rows into traffic_speed_recent","logger":"lta_common","filename":"lta_common.py","lineno":319}
{"timestamp":"2026-04-15T11:48:33.833556Z","level":"info","event":"[SAVE DONE] inserted=500 rows into traffic_speed_recent","logger":"lta_common","filename":"lta_common.py","lineno":337}
{"timestamp":"2026-04-15T11:48:33.833660Z","level":"info","event":"STEP 6: page saved skip=28500 | pages=58 | latest_rows=29000 | recent_rows=29000","logger":"unusual_prefix_faea391ec71b1d4b4651510353e4a48d62001c31_2_refresh_traffic_speed","filename":"2_refresh_traffic_speed.py","lineno":56}
{"timestamp":"2026-04-15T11:48:33.833691Z","level":"info","event":"========== PAGE START ==========","logger":"lta_common","filename":"lta_common.py","lineno":53}
{"timestamp":"2026-04-15T11:48:33.833714Z","level":"info","event":"[FETCH] requesting rows 29000–29499","logger":"lta_common","filename":"lta_common.py","lineno":54}
{"timestamp":"2026-04-15T11:48:33.833742Z","level":"info","event":"Fetching page from LTA: skip=29000","logger":"lta_common","filename":"lta_common.py","lineno":36}
{"timestamp":"2026-04-15T11:48:34.152081Z","level":"info","event":"Retrieved 500 rows from LTA at skip=29000","logger":"lta_common","filename":"lta_common.py","lineno":44}
{"timestamp":"2026-04-15T11:48:34.153227Z","level":"info","event":"[FETCH DONE] retrieved=500 rows at skip=29000","logger":"lta_common","filename":"lta_common.py","lineno":59}
{"timestamp":"2026-04-15T11:48:34.153422Z","level":"info","event":"STEP 4: processing page skip=29000 rows=500","logger":"unusual_prefix_faea391ec71b1d4b4651510353e4a48d62001c31_2_refresh_traffic_speed","filename":"2_refresh_traffic_speed.py","lineno":41}
{"timestamp":"2026-04-15T11:48:34.160176Z","level":"warning","event":"[SANITIZE] link_id=44081 field=maximum_speed suspicious sentinel value=999 -> NULL","logger":"lta_common","filename":"lta_common.py","lineno":143}
{"timestamp":"2026-04-15T11:48:34.160359Z","level":"warning","event":"[SANITIZE] link_id=44147 field=maximum_speed suspicious sentinel value=999 -> NULL","logger":"lta_common","filename":"lta_common.py","lineno":143}
{"timestamp":"2026-04-15T11:48:34.161006Z","level":"warning","event":"[SANITIZE] link_id=44647 field=maximum_speed suspicious sentinel value=999 -> NULL","logger":"lta_common","filename":"lta_common.py","lineno":143}
{"timestamp":"2026-04-15T11:48:34.161043Z","level":"warning","event":"[SANITIZE] link_id=44650 field=maximum_speed suspicious sentinel value=999 -> NULL","logger":"lta_common","filename":"lta_common.py","lineno":143}
{"timestamp":"2026-04-15T11:48:34.161068Z","level":"warning","event":"[SANITIZE] link_id=44652 field=maximum_speed suspicious sentinel value=999 -> NULL","logger":"lta_common","filename":"lta_common.py","lineno":143}
{"timestamp":"2026-04-15T11:48:34.161420Z","level":"info","event":"[CLEAN DONE] rows=500 | null_speed_band=0 | null_minimum_speed=0 | null_maximum_speed=5","logger":"lta_common","filename":"lta_common.py","lineno":238}
{"timestamp":"2026-04-15T11:48:34.162205Z","level":"info","event":"STEP 5: built cleaned snapshot dataframe rows=500","logger":"unusual_prefix_faea391ec71b1d4b4651510353e4a48d62001c31_2_refresh_traffic_speed","filename":"2_refresh_traffic_speed.py","lineno":44}
{"timestamp":"2026-04-15T11:48:34.162509Z","level":"info","event":"[LATEST PREP] rows=500 | missing_measurement_rows=0","logger":"lta_common","filename":"lta_common.py","lineno":271}
{"timestamp":"2026-04-15T11:48:34.162754Z","level":"info","event":"[UPSERT START] upserting 500 rows into traffic_speed_latest","logger":"lta_common","filename":"lta_common.py","lineno":348}
{"timestamp":"2026-04-15T11:48:34.163050Z","level":"info","event":"[UPSERT DEBUG] max_link_id=44654 | min_link_id=43722 | max_speed_band=8 | min_speed_band=1 | max_minimum_speed=70 | min_minimum_speed=0 | max_maximum_speed=69.0 | min_maximum_speed=9.0","logger":"lta_common","filename":"lta_common.py","lineno":350}
{"timestamp":"2026-04-15T11:48:34.597888Z","level":"info","event":"[UPSERT DONE] upserted=500 rows into traffic_speed_latest","logger":"lta_common","filename":"lta_common.py","lineno":388}
{"timestamp":"2026-04-15T11:48:34.598362Z","level":"info","event":"[SAVE START] inserting 500 rows into traffic_speed_recent","logger":"lta_common","filename":"lta_common.py","lineno":319}
{"timestamp":"2026-04-15T11:48:35.107043Z","level":"info","event":"[SAVE DONE] inserted=500 rows into traffic_speed_recent","logger":"lta_common","filename":"lta_common.py","lineno":337}
{"timestamp":"2026-04-15T11:48:35.107172Z","level":"info","event":"STEP 6: page saved skip=29000 | pages=59 | latest_rows=29500 | recent_rows=29500","logger":"unusual_prefix_faea391ec71b1d4b4651510353e4a48d62001c31_2_refresh_traffic_speed","filename":"2_refresh_traffic_speed.py","lineno":56}
{"timestamp":"2026-04-15T11:48:35.107209Z","level":"info","event":"========== PAGE START ==========","logger":"lta_common","filename":"lta_common.py","lineno":53}
{"timestamp":"2026-04-15T11:48:35.107232Z","level":"info","event":"[FETCH] requesting rows 29500–29999","logger":"lta_common","filename":"lta_common.py","lineno":54}
{"timestamp":"2026-04-15T11:48:35.107262Z","level":"info","event":"Fetching page from LTA: skip=29500","logger":"lta_common","filename":"lta_common.py","lineno":36}
{"timestamp":"2026-04-15T11:48:35.386325Z","level":"info","event":"Retrieved 500 rows from LTA at skip=29500","logger":"lta_common","filename":"lta_common.py","lineno":44}
{"timestamp":"2026-04-15T11:48:35.387755Z","level":"info","event":"[FETCH DONE] retrieved=500 rows at skip=29500","logger":"lta_common","filename":"lta_common.py","lineno":59}
{"timestamp":"2026-04-15T11:48:35.387923Z","level":"info","event":"STEP 4: processing page skip=29500 rows=500","logger":"unusual_prefix_faea391ec71b1d4b4651510353e4a48d62001c31_2_refresh_traffic_speed","filename":"2_refresh_traffic_speed.py","lineno":41}
{"timestamp":"2026-04-15T11:48:35.394391Z","level":"warning","event":"[SANITIZE] link_id=44669 field=maximum_speed suspicious sentinel value=999 -> NULL","logger":"lta_common","filename":"lta_common.py","lineno":143}
{"timestamp":"2026-04-15T11:48:35.394449Z","level":"warning","event":"[SANITIZE] link_id=44671 field=maximum_speed suspicious sentinel value=999 -> NULL","logger":"lta_common","filename":"lta_common.py","lineno":143}
{"timestamp":"2026-04-15T11:48:35.394476Z","level":"warning","event":"[SANITIZE] link_id=44672 field=maximum_speed suspicious sentinel value=999 -> NULL","logger":"lta_common","filename":"lta_common.py","lineno":143}
{"timestamp":"2026-04-15T11:48:35.394500Z","level":"warning","event":"[SANITIZE] link_id=44673 field=maximum_speed suspicious sentinel value=999 -> NULL","logger":"lta_common","filename":"lta_common.py","lineno":143}
{"timestamp":"2026-04-15T11:48:35.394527Z","level":"warning","event":"[SANITIZE] link_id=44676 field=maximum_speed suspicious sentinel value=999 -> NULL","logger":"lta_common","filename":"lta_common.py","lineno":143}
{"timestamp":"2026-04-15T11:48:35.394553Z","level":"warning","event":"[SANITIZE] link_id=44678 field=maximum_speed suspicious sentinel value=999 -> NULL","logger":"lta_common","filename":"lta_common.py","lineno":143}
{"timestamp":"2026-04-15T11:48:35.394578Z","level":"warning","event":"[SANITIZE] link_id=44680 field=maximum_speed suspicious sentinel value=999 -> NULL","logger":"lta_common","filename":"lta_common.py","lineno":143}
{"timestamp":"2026-04-15T11:48:35.394602Z","level":"warning","event":"[SANITIZE] link_id=44682 field=maximum_speed suspicious sentinel value=999 -> NULL","logger":"lta_common","filename":"lta_common.py","lineno":143}
{"timestamp":"2026-04-15T11:48:35.394623Z","level":"warning","event":"[SANITIZE] link_id=44683 field=maximum_speed suspicious sentinel value=999 -> NULL","logger":"lta_common","filename":"lta_common.py","lineno":143}
{"timestamp":"2026-04-15T11:48:35.394644Z","level":"warning","event":"[SANITIZE] link_id=44684 field=maximum_speed suspicious sentinel value=999 -> NULL","logger":"lta_common","filename":"lta_common.py","lineno":143}
{"timestamp":"2026-04-15T11:48:35.394675Z","level":"warning","event":"[SANITIZE] link_id=44685 field=maximum_speed suspicious sentinel value=999 -> NULL","logger":"lta_common","filename":"lta_common.py","lineno":143}
{"timestamp":"2026-04-15T11:48:35.394696Z","level":"warning","event":"[SANITIZE] link_id=44686 field=maximum_speed suspicious sentinel value=999 -> NULL","logger":"lta_common","filename":"lta_common.py","lineno":143}
{"timestamp":"2026-04-15T11:48:35.394717Z","level":"warning","event":"[SANITIZE] link_id=44687 field=maximum_speed suspicious sentinel value=999 -> NULL","logger":"lta_common","filename":"lta_common.py","lineno":143}
{"timestamp":"2026-04-15T11:48:35.394800Z","level":"warning","event":"[SANITIZE] link_id=44712 field=maximum_speed suspicious sentinel value=999 -> NULL","logger":"lta_common","filename":"lta_common.py","lineno":143}
{"timestamp":"2026-04-15T11:48:35.394820Z","level":"warning","event":"[SANITIZE] link_id=44713 field=maximum_speed suspicious sentinel value=999 -> NULL","logger":"lta_common","filename":"lta_common.py","lineno":143}
{"timestamp":"2026-04-15T11:48:35.394841Z","level":"warning","event":"[SANITIZE] link_id=44714 field=maximum_speed suspicious sentinel value=999 -> NULL","logger":"lta_common","filename":"lta_common.py","lineno":143}
{"timestamp":"2026-04-15T11:48:35.394872Z","level":"warning","event":"[SANITIZE] link_id=44719 field=maximum_speed suspicious sentinel value=999 -> NULL","logger":"lta_common","filename":"lta_common.py","lineno":143}
{"timestamp":"2026-04-15T11:48:35.394948Z","level":"warning","event":"[SANITIZE] link_id=44737 field=maximum_speed suspicious sentinel value=999 -> NULL","logger":"lta_common","filename":"lta_common.py","lineno":143}
{"timestamp":"2026-04-15T11:48:35.394976Z","level":"warning","event":"[SANITIZE] link_id=44739 field=maximum_speed suspicious sentinel value=999 -> NULL","logger":"lta_common","filename":"lta_common.py","lineno":143}
{"timestamp":"2026-04-15T11:48:35.394996Z","level":"warning","event":"[SANITIZE] link_id=44740 field=maximum_speed suspicious sentinel value=999 -> NULL","logger":"lta_common","filename":"lta_common.py","lineno":143}
{"timestamp":"2026-04-15T11:48:35.395053Z","level":"warning","event":"[SANITIZE] link_id=44755 field=maximum_speed suspicious sentinel value=999 -> NULL","logger":"lta_common","filename":"lta_common.py","lineno":143}
{"timestamp":"2026-04-15T11:48:35.395074Z","level":"warning","event":"[SANITIZE] link_id=44756 field=maximum_speed suspicious sentinel value=999 -> NULL","logger":"lta_common","filename":"lta_common.py","lineno":143}
{"timestamp":"2026-04-15T11:48:35.395106Z","level":"warning","event":"[SANITIZE] link_id=44761 field=maximum_speed suspicious sentinel value=999 -> NULL","logger":"lta_common","filename":"lta_common.py","lineno":143}
{"timestamp":"2026-04-15T11:48:35.395158Z","level":"warning","event":"[SANITIZE] link_id=44771 field=maximum_speed suspicious sentinel value=999 -> NULL","logger":"lta_common","filename":"lta_common.py","lineno":143}
{"timestamp":"2026-04-15T11:48:35.395182Z","level":"warning","event":"[SANITIZE] link_id=44772 field=maximum_speed suspicious sentinel value=999 -> NULL","logger":"lta_common","filename":"lta_common.py","lineno":143}
{"timestamp":"2026-04-15T11:48:35.395203Z","level":"warning","event":"[SANITIZE] link_id=44773 field=maximum_speed suspicious sentinel value=999 -> NULL","logger":"lta_common","filename":"lta_common.py","lineno":143}
{"timestamp":"2026-04-15T11:48:35.395223Z","level":"warning","event":"[SANITIZE] link_id=44774 field=maximum_speed suspicious sentinel value=999 -> NULL","logger":"lta_common","filename":"lta_common.py","lineno":143}
{"timestamp":"2026-04-15T11:48:35.395243Z","level":"warning","event":"[SANITIZE] link_id=44775 field=maximum_speed suspicious sentinel value=999 -> NULL","logger":"lta_common","filename":"lta_common.py","lineno":143}
{"timestamp":"2026-04-15T11:48:35.395291Z","level":"warning","event":"[SANITIZE] link_id=44788 field=maximum_speed suspicious sentinel value=999 -> NULL","logger":"lta_common","filename":"lta_common.py","lineno":143}
{"timestamp":"2026-04-15T11:48:35.395311Z","level":"warning","event":"[SANITIZE] link_id=44789 field=maximum_speed suspicious sentinel value=999 -> NULL","logger":"lta_common","filename":"lta_common.py","lineno":143}
{"timestamp":"2026-04-15T11:48:35.395333Z","level":"warning","event":"[SANITIZE] link_id=44790 field=maximum_speed suspicious sentinel value=999 -> NULL","logger":"lta_common","filename":"lta_common.py","lineno":143}
{"timestamp":"2026-04-15T11:48:35.395374Z","level":"warning","event":"[SANITIZE] link_id=44799 field=maximum_speed suspicious sentinel value=999 -> NULL","logger":"lta_common","filename":"lta_common.py","lineno":143}
{"timestamp":"2026-04-15T11:48:35.395403Z","level":"warning","event":"[SANITIZE] link_id=44800 field=maximum_speed suspicious sentinel value=999 -> NULL","logger":"lta_common","filename":"lta_common.py","lineno":143}
{"timestamp":"2026-04-15T11:48:35.395438Z","level":"warning","event":"[SANITIZE] link_id=44806 field=maximum_speed suspicious sentinel value=999 -> NULL","logger":"lta_common","filename":"lta_common.py","lineno":143}
{"timestamp":"2026-04-15T11:48:35.395464Z","level":"warning","event":"[SANITIZE] link_id=44811 field=maximum_speed suspicious sentinel value=999 -> NULL","logger":"lta_common","filename":"lta_common.py","lineno":143}
{"timestamp":"2026-04-15T11:48:35.395484Z","level":"warning","event":"[SANITIZE] link_id=44812 field=maximum_speed suspicious sentinel value=999 -> NULL","logger":"lta_common","filename":"lta_common.py","lineno":143}
{"timestamp":"2026-04-15T11:48:35.395504Z","level":"warning","event":"[SANITIZE] link_id=44813 field=maximum_speed suspicious sentinel value=999 -> NULL","logger":"lta_common","filename":"lta_common.py","lineno":143}
{"timestamp":"2026-04-15T11:48:35.395524Z","level":"warning","event":"[SANITIZE] link_id=44814 field=maximum_speed suspicious sentinel value=999 -> NULL","logger":"lta_common","filename":"lta_common.py","lineno":143}
{"timestamp":"2026-04-15T11:48:35.395544Z","level":"warning","event":"[SANITIZE] link_id=44815 field=maximum_speed suspicious sentinel value=999 -> NULL","logger":"lta_common","filename":"lta_common.py","lineno":143}
{"timestamp":"2026-04-15T11:48:35.395565Z","level":"warning","event":"[SANITIZE] link_id=44816 field=maximum_speed suspicious sentinel value=999 -> NULL","logger":"lta_common","filename":"lta_common.py","lineno":143}
{"timestamp":"2026-04-15T11:48:35.395584Z","level":"warning","event":"[SANITIZE] link_id=44817 field=maximum_speed suspicious sentinel value=999 -> NULL","logger":"lta_common","filename":"lta_common.py","lineno":143}
{"timestamp":"2026-04-15T11:48:35.395604Z","level":"warning","event":"[SANITIZE] link_id=44818 field=maximum_speed suspicious sentinel value=999 -> NULL","logger":"lta_common","filename":"lta_common.py","lineno":143}
{"timestamp":"2026-04-15T11:48:35.395624Z","level":"warning","event":"[SANITIZE] link_id=44819 field=maximum_speed suspicious sentinel value=999 -> NULL","logger":"lta_common","filename":"lta_common.py","lineno":143}
{"timestamp":"2026-04-15T11:48:35.395644Z","level":"warning","event":"[SANITIZE] link_id=44820 field=maximum_speed suspicious sentinel value=999 -> NULL","logger":"lta_common","filename":"lta_common.py","lineno":143}
{"timestamp":"2026-04-15T11:48:35.395664Z","level":"warning","event":"[SANITIZE] link_id=44821 field=maximum_speed suspicious sentinel value=999 -> NULL","logger":"lta_common","filename":"lta_common.py","lineno":143}
{"timestamp":"2026-04-15T11:48:35.395684Z","level":"warning","event":"[SANITIZE] link_id=44822 field=maximum_speed suspicious sentinel value=999 -> NULL","logger":"lta_common","filename":"lta_common.py","lineno":143}
{"timestamp":"2026-04-15T11:48:35.395704Z","level":"warning","event":"[SANITIZE] link_id=44823 field=maximum_speed suspicious sentinel value=999 -> NULL","logger":"lta_common","filename":"lta_common.py","lineno":143}
{"timestamp":"2026-04-15T11:48:35.395727Z","level":"warning","event":"[SANITIZE] link_id=44824 field=maximum_speed suspicious sentinel value=999 -> NULL","logger":"lta_common","filename":"lta_common.py","lineno":143}
{"timestamp":"2026-04-15T11:48:35.395750Z","level":"warning","event":"[SANITIZE] link_id=44826 field=maximum_speed suspicious sentinel value=999 -> NULL","logger":"lta_common","filename":"lta_common.py","lineno":143}
{"timestamp":"2026-04-15T11:48:35.395836Z","level":"warning","event":"[SANITIZE] link_id=44849 field=maximum_speed suspicious sentinel value=999 -> NULL","logger":"lta_common","filename":"lta_common.py","lineno":143}
{"timestamp":"2026-04-15T11:48:35.395876Z","level":"warning","event":"[SANITIZE] link_id=44856 field=maximum_speed suspicious sentinel value=999 -> NULL","logger":"lta_common","filename":"lta_common.py","lineno":143}
{"timestamp":"2026-04-15T11:48:35.395896Z","level":"warning","event":"[SANITIZE] link_id=44857 field=maximum_speed suspicious sentinel value=999 -> NULL","logger":"lta_common","filename":"lta_common.py","lineno":143}
{"timestamp":"2026-04-15T11:48:35.395941Z","level":"warning","event":"[SANITIZE] link_id=44862 field=maximum_speed suspicious sentinel value=999 -> NULL","logger":"lta_common","filename":"lta_common.py","lineno":143}
{"timestamp":"2026-04-15T11:48:35.395990Z","level":"warning","event":"[SANITIZE] link_id=44876 field=maximum_speed suspicious sentinel value=999 -> NULL","logger":"lta_common","filename":"lta_common.py","lineno":143}
{"timestamp":"2026-04-15T11:48:35.396011Z","level":"warning","event":"[SANITIZE] link_id=44877 field=maximum_speed suspicious sentinel value=999 -> NULL","logger":"lta_common","filename":"lta_common.py","lineno":143}
{"timestamp":"2026-04-15T11:48:35.396031Z","level":"warning","event":"[SANITIZE] link_id=44878 field=maximum_speed suspicious sentinel value=999 -> NULL","logger":"lta_common","filename":"lta_common.py","lineno":143}
{"timestamp":"2026-04-15T11:48:35.396053Z","level":"warning","event":"[SANITIZE] link_id=44880 field=maximum_speed suspicious sentinel value=999 -> NULL","logger":"lta_common","filename":"lta_common.py","lineno":143}
{"timestamp":"2026-04-15T11:48:35.396073Z","level":"warning","event":"[SANITIZE] link_id=44881 field=maximum_speed suspicious sentinel value=999 -> NULL","logger":"lta_common","filename":"lta_common.py","lineno":143}
{"timestamp":"2026-04-15T11:48:35.396094Z","level":"warning","event":"[SANITIZE] link_id=44882 field=maximum_speed suspicious sentinel value=999 -> NULL","logger":"lta_common","filename":"lta_common.py","lineno":143}
{"timestamp":"2026-04-15T11:48:35.396117Z","level":"warning","event":"[SANITIZE] link_id=44884 field=maximum_speed suspicious sentinel value=999 -> NULL","logger":"lta_common","filename":"lta_common.py","lineno":143}
{"timestamp":"2026-04-15T11:48:35.396185Z","level":"warning","event":"[SANITIZE] link_id=44900 field=maximum_speed suspicious sentinel value=999 -> NULL","logger":"lta_common","filename":"lta_common.py","lineno":143}
{"timestamp":"2026-04-15T11:48:35.396207Z","level":"warning","event":"[SANITIZE] link_id=44901 field=maximum_speed suspicious sentinel value=999 -> NULL","logger":"lta_common","filename":"lta_common.py","lineno":143}
{"timestamp":"2026-04-15T11:48:35.396227Z","level":"warning","event":"[SANITIZE] link_id=44902 field=maximum_speed suspicious sentinel value=999 -> NULL","logger":"lta_common","filename":"lta_common.py","lineno":143}
{"timestamp":"2026-04-15T11:48:35.396247Z","level":"warning","event":"[SANITIZE] link_id=44903 field=maximum_speed suspicious sentinel value=999 -> NULL","logger":"lta_common","filename":"lta_common.py","lineno":143}
{"timestamp":"2026-04-15T11:48:35.396267Z","level":"warning","event":"[SANITIZE] link_id=44904 field=maximum_speed suspicious sentinel value=999 -> NULL","logger":"lta_common","filename":"lta_common.py","lineno":143}
{"timestamp":"2026-04-15T11:48:35.396287Z","level":"warning","event":"[SANITIZE] link_id=44905 field=maximum_speed suspicious sentinel value=999 -> NULL","logger":"lta_common","filename":"lta_common.py","lineno":143}
{"timestamp":"2026-04-15T11:48:35.396323Z","level":"warning","event":"[SANITIZE] link_id=44907 field=maximum_speed suspicious sentinel value=999 -> NULL","logger":"lta_common","filename":"lta_common.py","lineno":143}
{"timestamp":"2026-04-15T11:48:35.396355Z","level":"warning","event":"[SANITIZE] link_id=44908 field=maximum_speed suspicious sentinel value=999 -> NULL","logger":"lta_common","filename":"lta_common.py","lineno":143}
{"timestamp":"2026-04-15T11:48:35.396376Z","level":"warning","event":"[SANITIZE] link_id=44909 field=maximum_speed suspicious sentinel value=999 -> NULL","logger":"lta_common","filename":"lta_common.py","lineno":143}
{"timestamp":"2026-04-15T11:48:35.396396Z","level":"warning","event":"[SANITIZE] link_id=44910 field=maximum_speed suspicious sentinel value=999 -> NULL","logger":"lta_common","filename":"lta_common.py","lineno":143}
{"timestamp":"2026-04-15T11:48:35.396421Z","level":"warning","event":"[SANITIZE] link_id=44913 field=maximum_speed suspicious sentinel value=999 -> NULL","logger":"lta_common","filename":"lta_common.py","lineno":143}
{"timestamp":"2026-04-15T11:48:35.396441Z","level":"warning","event":"[SANITIZE] link_id=44914 field=maximum_speed suspicious sentinel value=999 -> NULL","logger":"lta_common","filename":"lta_common.py","lineno":143}
{"timestamp":"2026-04-15T11:48:35.396461Z","level":"warning","event":"[SANITIZE] link_id=44915 field=maximum_speed suspicious sentinel value=999 -> NULL","logger":"lta_common","filename":"lta_common.py","lineno":143}
{"timestamp":"2026-04-15T11:48:35.396481Z","level":"warning","event":"[SANITIZE] link_id=44916 field=maximum_speed suspicious sentinel value=999 -> NULL","logger":"lta_common","filename":"lta_common.py","lineno":143}
{"timestamp":"2026-04-15T11:48:35.396502Z","level":"warning","event":"[SANITIZE] link_id=44917 field=maximum_speed suspicious sentinel value=999 -> NULL","logger":"lta_common","filename":"lta_common.py","lineno":143}
{"timestamp":"2026-04-15T11:48:35.396530Z","level":"warning","event":"[SANITIZE] link_id=44921 field=maximum_speed suspicious sentinel value=999 -> NULL","logger":"lta_common","filename":"lta_common.py","lineno":143}
{"timestamp":"2026-04-15T11:48:35.396550Z","level":"warning","event":"[SANITIZE] link_id=44922 field=maximum_speed suspicious sentinel value=999 -> NULL","logger":"lta_common","filename":"lta_common.py","lineno":143}
{"timestamp":"2026-04-15T11:48:35.396570Z","level":"warning","event":"[SANITIZE] link_id=44923 field=maximum_speed suspicious sentinel value=999 -> NULL","logger":"lta_common","filename":"lta_common.py","lineno":143}
{"timestamp":"2026-04-15T11:48:35.396589Z","level":"warning","event":"[SANITIZE] link_id=44924 field=maximum_speed suspicious sentinel value=999 -> NULL","logger":"lta_common","filename":"lta_common.py","lineno":143}
{"timestamp":"2026-04-15T11:48:35.396612Z","level":"warning","event":"[SANITIZE] link_id=44926 field=maximum_speed suspicious sentinel value=999 -> NULL","logger":"lta_common","filename":"lta_common.py","lineno":143}
{"timestamp":"2026-04-15T11:48:35.396632Z","level":"warning","event":"[SANITIZE] link_id=44927 field=maximum_speed suspicious sentinel value=999 -> NULL","logger":"lta_common","filename":"lta_common.py","lineno":143}
{"timestamp":"2026-04-15T11:48:35.396652Z","level":"warning","event":"[SANITIZE] link_id=44928 field=maximum_speed suspicious sentinel value=999 -> NULL","logger":"lta_common","filename":"lta_common.py","lineno":143}
{"timestamp":"2026-04-15T11:48:35.396675Z","level":"warning","event":"[SANITIZE] link_id=44930 field=maximum_speed suspicious sentinel value=999 -> NULL","logger":"lta_common","filename":"lta_common.py","lineno":143}
{"timestamp":"2026-04-15T11:48:35.396698Z","level":"warning","event":"[SANITIZE] link_id=44932 field=maximum_speed suspicious sentinel value=999 -> NULL","logger":"lta_common","filename":"lta_common.py","lineno":143}
{"timestamp":"2026-04-15T11:48:35.396721Z","level":"warning","event":"[SANITIZE] link_id=44934 field=maximum_speed suspicious sentinel value=999 -> NULL","logger":"lta_common","filename":"lta_common.py","lineno":143}
{"timestamp":"2026-04-15T11:48:35.396741Z","level":"warning","event":"[SANITIZE] link_id=44935 field=maximum_speed suspicious sentinel value=999 -> NULL","logger":"lta_common","filename":"lta_common.py","lineno":143}
{"timestamp":"2026-04-15T11:48:35.396762Z","level":"warning","event":"[SANITIZE] link_id=44936 field=maximum_speed suspicious sentinel value=999 -> NULL","logger":"lta_common","filename":"lta_common.py","lineno":143}
{"timestamp":"2026-04-15T11:48:35.396782Z","level":"warning","event":"[SANITIZE] link_id=44937 field=maximum_speed suspicious sentinel value=999 -> NULL","logger":"lta_common","filename":"lta_common.py","lineno":143}
{"timestamp":"2026-04-15T11:48:35.396801Z","level":"warning","event":"[SANITIZE] link_id=44938 field=maximum_speed suspicious sentinel value=999 -> NULL","logger":"lta_common","filename":"lta_common.py","lineno":143}
{"timestamp":"2026-04-15T11:48:35.396821Z","level":"warning","event":"[SANITIZE] link_id=44939 field=maximum_speed suspicious sentinel value=999 -> NULL","logger":"lta_common","filename":"lta_common.py","lineno":143}
{"timestamp":"2026-04-15T11:48:35.396841Z","level":"warning","event":"[SANITIZE] link_id=44940 field=maximum_speed suspicious sentinel value=999 -> NULL","logger":"lta_common","filename":"lta_common.py","lineno":143}
{"timestamp":"2026-04-15T11:48:35.396861Z","level":"warning","event":"[SANITIZE] link_id=44941 field=maximum_speed suspicious sentinel value=999 -> NULL","logger":"lta_common","filename":"lta_common.py","lineno":143}
{"timestamp":"2026-04-15T11:48:35.396881Z","level":"warning","event":"[SANITIZE] link_id=44942 field=maximum_speed suspicious sentinel value=999 -> NULL","logger":"lta_common","filename":"lta_common.py","lineno":143}
{"timestamp":"2026-04-15T11:48:35.396912Z","level":"warning","event":"[SANITIZE] link_id=44943 field=maximum_speed suspicious sentinel value=999 -> NULL","logger":"lta_common","filename":"lta_common.py","lineno":143}
{"timestamp":"2026-04-15T11:48:35.396943Z","level":"warning","event":"[SANITIZE] link_id=44944 field=maximum_speed suspicious sentinel value=999 -> NULL","logger":"lta_common","filename":"lta_common.py","lineno":143}
{"timestamp":"2026-04-15T11:48:35.396964Z","level":"warning","event":"[SANITIZE] link_id=44945 field=maximum_speed suspicious sentinel value=999 -> NULL","logger":"lta_common","filename":"lta_common.py","lineno":143}
{"timestamp":"2026-04-15T11:48:35.396984Z","level":"warning","event":"[SANITIZE] link_id=44946 field=maximum_speed suspicious sentinel value=999 -> NULL","logger":"lta_common","filename":"lta_common.py","lineno":143}
{"timestamp":"2026-04-15T11:48:35.397004Z","level":"warning","event":"[SANITIZE] link_id=44947 field=maximum_speed suspicious sentinel value=999 -> NULL","logger":"lta_common","filename":"lta_common.py","lineno":143}
{"timestamp":"2026-04-15T11:48:35.397024Z","level":"warning","event":"[SANITIZE] link_id=44948 field=maximum_speed suspicious sentinel value=999 -> NULL","logger":"lta_common","filename":"lta_common.py","lineno":143}
{"timestamp":"2026-04-15T11:48:35.397052Z","level":"warning","event":"[SANITIZE] link_id=44952 field=maximum_speed suspicious sentinel value=999 -> NULL","logger":"lta_common","filename":"lta_common.py","lineno":143}
{"timestamp":"2026-04-15T11:48:35.397079Z","level":"warning","event":"[SANITIZE] link_id=44953 field=maximum_speed suspicious sentinel value=999 -> NULL","logger":"lta_common","filename":"lta_common.py","lineno":143}
{"timestamp":"2026-04-15T11:48:35.397109Z","level":"warning","event":"[SANITIZE] link_id=44956 field=maximum_speed suspicious sentinel value=999 -> NULL","logger":"lta_common","filename":"lta_common.py","lineno":143}
{"timestamp":"2026-04-15T11:48:35.397129Z","level":"warning","event":"[SANITIZE] link_id=44957 field=maximum_speed suspicious sentinel value=999 -> NULL","logger":"lta_common","filename":"lta_common.py","lineno":143}
{"timestamp":"2026-04-15T11:48:35.397149Z","level":"warning","event":"[SANITIZE] link_id=44958 field=maximum_speed suspicious sentinel value=999 -> NULL","logger":"lta_common","filename":"lta_common.py","lineno":143}
{"timestamp":"2026-04-15T11:48:35.397169Z","level":"warning","event":"[SANITIZE] link_id=44959 field=maximum_speed suspicious sentinel value=999 -> NULL","logger":"lta_common","filename":"lta_common.py","lineno":143}
{"timestamp":"2026-04-15T11:48:35.397189Z","level":"warning","event":"[SANITIZE] link_id=44960 field=maximum_speed suspicious sentinel value=999 -> NULL","logger":"lta_common","filename":"lta_common.py","lineno":143}
{"timestamp":"2026-04-15T11:48:35.397246Z","level":"warning","event":"[SANITIZE] link_id=44975 field=maximum_speed suspicious sentinel value=999 -> NULL","logger":"lta_common","filename":"lta_common.py","lineno":143}
{"timestamp":"2026-04-15T11:48:35.397274Z","level":"warning","event":"[SANITIZE] link_id=44979 field=maximum_speed suspicious sentinel value=999 -> NULL","logger":"lta_common","filename":"lta_common.py","lineno":143}
{"timestamp":"2026-04-15T11:48:35.397302Z","level":"warning","event":"[SANITIZE] link_id=44983 field=maximum_speed suspicious sentinel value=999 -> NULL","logger":"lta_common","filename":"lta_common.py","lineno":143}
{"timestamp":"2026-04-15T11:48:35.397335Z","level":"warning","event":"[SANITIZE] link_id=44985 field=maximum_speed suspicious sentinel value=999 -> NULL","logger":"lta_common","filename":"lta_common.py","lineno":143}
{"timestamp":"2026-04-15T11:48:35.397359Z","level":"warning","event":"[SANITIZE] link_id=44986 field=maximum_speed suspicious sentinel value=999 -> NULL","logger":"lta_common","filename":"lta_common.py","lineno":143}
{"timestamp":"2026-04-15T11:48:35.397422Z","level":"warning","event":"[SANITIZE] link_id=45003 field=maximum_speed suspicious sentinel value=999 -> NULL","logger":"lta_common","filename":"lta_common.py","lineno":143}
{"timestamp":"2026-04-15T11:48:35.397446Z","level":"warning","event":"[SANITIZE] link_id=45004 field=maximum_speed suspicious sentinel value=999 -> NULL","logger":"lta_common","filename":"lta_common.py","lineno":143}
{"timestamp":"2026-04-15T11:48:35.397466Z","level":"warning","event":"[SANITIZE] link_id=45005 field=maximum_speed suspicious sentinel value=999 -> NULL","logger":"lta_common","filename":"lta_common.py","lineno":143}
{"timestamp":"2026-04-15T11:48:35.397486Z","level":"warning","event":"[SANITIZE] link_id=45006 field=maximum_speed suspicious sentinel value=999 -> NULL","logger":"lta_common","filename":"lta_common.py","lineno":143}
{"timestamp":"2026-04-15T11:48:35.397506Z","level":"warning","event":"[SANITIZE] link_id=45007 field=maximum_speed suspicious sentinel value=999 -> NULL","logger":"lta_common","filename":"lta_common.py","lineno":143}
{"timestamp":"2026-04-15T11:48:35.397528Z","level":"warning","event":"[SANITIZE] link_id=45008 field=maximum_speed suspicious sentinel value=999 -> NULL","logger":"lta_common","filename":"lta_common.py","lineno":143}
{"timestamp":"2026-04-15T11:48:35.397602Z","level":"warning","event":"[SANITIZE] link_id=45030 field=maximum_speed suspicious sentinel value=999 -> NULL","logger":"lta_common","filename":"lta_common.py","lineno":143}
{"timestamp":"2026-04-15T11:48:35.397701Z","level":"warning","event":"[SANITIZE] link_id=45064 field=maximum_speed suspicious sentinel value=999 -> NULL","logger":"lta_common","filename":"lta_common.py","lineno":143}
{"timestamp":"2026-04-15T11:48:35.397760Z","level":"warning","event":"[SANITIZE] link_id=45081 field=maximum_speed suspicious sentinel value=999 -> NULL","logger":"lta_common","filename":"lta_common.py","lineno":143}
{"timestamp":"2026-04-15T11:48:35.397817Z","level":"warning","event":"[SANITIZE] link_id=45093 field=maximum_speed suspicious sentinel value=999 -> NULL","logger":"lta_common","filename":"lta_common.py","lineno":143}
{"timestamp":"2026-04-15T11:48:35.397849Z","level":"warning","event":"[SANITIZE] link_id=45094 field=maximum_speed suspicious sentinel value=999 -> NULL","logger":"lta_common","filename":"lta_common.py","lineno":143}
{"timestamp":"2026-04-15T11:48:35.397914Z","level":"warning","event":"[SANITIZE] link_id=45105 field=maximum_speed suspicious sentinel value=999 -> NULL","logger":"lta_common","filename":"lta_common.py","lineno":143}
{"timestamp":"2026-04-15T11:48:35.397967Z","level":"warning","event":"[SANITIZE] link_id=45111 field=maximum_speed suspicious sentinel value=999 -> NULL","logger":"lta_common","filename":"lta_common.py","lineno":143}
{"timestamp":"2026-04-15T11:48:35.398009Z","level":"warning","event":"[SANITIZE] link_id=45115 field=maximum_speed suspicious sentinel value=999 -> NULL","logger":"lta_common","filename":"lta_common.py","lineno":143}
{"timestamp":"2026-04-15T11:48:35.398065Z","level":"warning","event":"[SANITIZE] link_id=45124 field=maximum_speed suspicious sentinel value=999 -> NULL","logger":"lta_common","filename":"lta_common.py","lineno":143}
{"timestamp":"2026-04-15T11:48:35.398112Z","level":"warning","event":"[SANITIZE] link_id=45134 field=maximum_speed suspicious sentinel value=999 -> NULL","logger":"lta_common","filename":"lta_common.py","lineno":143}
{"timestamp":"2026-04-15T11:48:35.398132Z","level":"warning","event":"[SANITIZE] link_id=45135 field=maximum_speed suspicious sentinel value=999 -> NULL","logger":"lta_common","filename":"lta_common.py","lineno":143}
{"timestamp":"2026-04-15T11:48:35.398164Z","level":"warning","event":"[SANITIZE] link_id=45137 field=maximum_speed suspicious sentinel value=999 -> NULL","logger":"lta_common","filename":"lta_common.py","lineno":143}
{"timestamp":"2026-04-15T11:48:35.398201Z","level":"warning","event":"[SANITIZE] link_id=45138 field=maximum_speed suspicious sentinel value=999 -> NULL","logger":"lta_common","filename":"lta_common.py","lineno":143}
{"timestamp":"2026-04-15T11:48:35.398233Z","level":"warning","event":"[SANITIZE] link_id=45142 field=maximum_speed suspicious sentinel value=999 -> NULL","logger":"lta_common","filename":"lta_common.py","lineno":143}
{"timestamp":"2026-04-15T11:48:35.398253Z","level":"warning","event":"[SANITIZE] link_id=45143 field=maximum_speed suspicious sentinel value=999 -> NULL","logger":"lta_common","filename":"lta_common.py","lineno":143}
{"timestamp":"2026-04-15T11:48:35.398286Z","level":"warning","event":"[SANITIZE] link_id=45150 field=maximum_speed suspicious sentinel value=999 -> NULL","logger":"lta_common","filename":"lta_common.py","lineno":143}
{"timestamp":"2026-04-15T11:48:35.398339Z","level":"warning","event":"[SANITIZE] link_id=45167 field=maximum_speed suspicious sentinel value=999 -> NULL","logger":"lta_common","filename":"lta_common.py","lineno":143}
{"timestamp":"2026-04-15T11:48:35.398372Z","level":"warning","event":"[SANITIZE] link_id=45169 field=maximum_speed suspicious sentinel value=999 -> NULL","logger":"lta_common","filename":"lta_common.py","lineno":143}
{"timestamp":"2026-04-15T11:48:35.398395Z","level":"warning","event":"[SANITIZE] link_id=45170 field=maximum_speed suspicious sentinel value=999 -> NULL","logger":"lta_common","filename":"lta_common.py","lineno":143}
{"timestamp":"2026-04-15T11:48:35.398415Z","level":"warning","event":"[SANITIZE] link_id=45171 field=maximum_speed suspicious sentinel value=999 -> NULL","logger":"lta_common","filename":"lta_common.py","lineno":143}
{"timestamp":"2026-04-15T11:48:35.398435Z","level":"warning","event":"[SANITIZE] link_id=45172 field=maximum_speed suspicious sentinel value=999 -> NULL","logger":"lta_common","filename":"lta_common.py","lineno":143}
{"timestamp":"2026-04-15T11:48:35.398460Z","level":"warning","event":"[SANITIZE] link_id=45175 field=maximum_speed suspicious sentinel value=999 -> NULL","logger":"lta_common","filename":"lta_common.py","lineno":143}
{"timestamp":"2026-04-15T11:48:35.398818Z","level":"info","event":"[CLEAN DONE] rows=500 | null_speed_band=0 | null_minimum_speed=0 | null_maximum_speed=139","logger":"lta_common","filename":"lta_common.py","lineno":238}
{"timestamp":"2026-04-15T11:48:35.399671Z","level":"info","event":"STEP 5: built cleaned snapshot dataframe rows=500","logger":"unusual_prefix_faea391ec71b1d4b4651510353e4a48d62001c31_2_refresh_traffic_speed","filename":"2_refresh_traffic_speed.py","lineno":44}
{"timestamp":"2026-04-15T11:48:35.399992Z","level":"info","event":"[LATEST PREP] rows=500 | missing_measurement_rows=0","logger":"lta_common","filename":"lta_common.py","lineno":271}
{"timestamp":"2026-04-15T11:48:35.400238Z","level":"info","event":"[UPSERT START] upserting 500 rows into traffic_speed_latest","logger":"lta_common","filename":"lta_common.py","lineno":348}
{"timestamp":"2026-04-15T11:48:35.400501Z","level":"info","event":"[UPSERT DEBUG] max_link_id=45175 | min_link_id=44655 | max_speed_band=8 | min_speed_band=2 | max_minimum_speed=70 | min_minimum_speed=10 | max_maximum_speed=69.0 | min_maximum_speed=19.0","logger":"lta_common","filename":"lta_common.py","lineno":350}
{"timestamp":"2026-04-15T11:48:35.852992Z","level":"info","event":"[UPSERT DONE] upserted=500 rows into traffic_speed_latest","logger":"lta_common","filename":"lta_common.py","lineno":388}
{"timestamp":"2026-04-15T11:48:35.853436Z","level":"info","event":"[SAVE START] inserting 500 rows into traffic_speed_recent","logger":"lta_common","filename":"lta_common.py","lineno":319}
{"timestamp":"2026-04-15T11:48:36.293987Z","level":"info","event":"[SAVE DONE] inserted=500 rows into traffic_speed_recent","logger":"lta_common","filename":"lta_common.py","lineno":337}
{"timestamp":"2026-04-15T11:48:36.294129Z","level":"info","event":"STEP 6: page saved skip=29500 | pages=60 | latest_rows=30000 | recent_rows=30000","logger":"unusual_prefix_faea391ec71b1d4b4651510353e4a48d62001c31_2_refresh_traffic_speed","filename":"2_refresh_traffic_speed.py","lineno":56}
{"timestamp":"2026-04-15T11:48:36.294172Z","level":"info","event":"========== PAGE START ==========","logger":"lta_common","filename":"lta_common.py","lineno":53}
{"timestamp":"2026-04-15T11:48:36.294205Z","level":"info","event":"[FETCH] requesting rows 30000–30499","logger":"lta_common","filename":"lta_common.py","lineno":54}
{"timestamp":"2026-04-15T11:48:36.294252Z","level":"info","event":"Fetching page from LTA: skip=30000","logger":"lta_common","filename":"lta_common.py","lineno":36}
{"timestamp":"2026-04-15T11:48:36.614247Z","level":"info","event":"Retrieved 500 rows from LTA at skip=30000","logger":"lta_common","filename":"lta_common.py","lineno":44}
{"timestamp":"2026-04-15T11:48:36.617374Z","level":"info","event":"[FETCH DONE] retrieved=500 rows at skip=30000","logger":"lta_common","filename":"lta_common.py","lineno":59}
{"timestamp":"2026-04-15T11:48:36.617818Z","level":"info","event":"STEP 4: processing page skip=30000 rows=500","logger":"unusual_prefix_faea391ec71b1d4b4651510353e4a48d62001c31_2_refresh_traffic_speed","filename":"2_refresh_traffic_speed.py","lineno":41}
{"timestamp":"2026-04-15T11:48:36.634438Z","level":"warning","event":"[SANITIZE] link_id=45176 field=maximum_speed suspicious sentinel value=999 -> NULL","logger":"lta_common","filename":"lta_common.py","lineno":143}
{"timestamp":"2026-04-15T11:48:36.634537Z","level":"warning","event":"[SANITIZE] link_id=45177 field=maximum_speed suspicious sentinel value=999 -> NULL","logger":"lta_common","filename":"lta_common.py","lineno":143}
{"timestamp":"2026-04-15T11:48:36.634583Z","level":"warning","event":"[SANITIZE] link_id=45178 field=maximum_speed suspicious sentinel value=999 -> NULL","logger":"lta_common","filename":"lta_common.py","lineno":143}
{"timestamp":"2026-04-15T11:48:36.634619Z","level":"warning","event":"[SANITIZE] link_id=45179 field=maximum_speed suspicious sentinel value=999 -> NULL","logger":"lta_common","filename":"lta_common.py","lineno":143}
{"timestamp":"2026-04-15T11:48:36.634651Z","level":"warning","event":"[SANITIZE] link_id=45180 field=maximum_speed suspicious sentinel value=999 -> NULL","logger":"lta_common","filename":"lta_common.py","lineno":143}
{"timestamp":"2026-04-15T11:48:36.634685Z","level":"warning","event":"[SANITIZE] link_id=45181 field=maximum_speed suspicious sentinel value=999 -> NULL","logger":"lta_common","filename":"lta_common.py","lineno":143}
{"timestamp":"2026-04-15T11:48:36.634735Z","level":"warning","event":"[SANITIZE] link_id=45185 field=maximum_speed suspicious sentinel value=999 -> NULL","logger":"lta_common","filename":"lta_common.py","lineno":143}
{"timestamp":"2026-04-15T11:48:36.634777Z","level":"warning","event":"[SANITIZE] link_id=45188 field=maximum_speed suspicious sentinel value=999 -> NULL","logger":"lta_common","filename":"lta_common.py","lineno":143}
{"timestamp":"2026-04-15T11:48:36.634869Z","level":"warning","event":"[SANITIZE] link_id=45205 field=maximum_speed suspicious sentinel value=999 -> NULL","logger":"lta_common","filename":"lta_common.py","lineno":143}
{"timestamp":"2026-04-15T11:48:36.634937Z","level":"warning","event":"[SANITIZE] link_id=45211 field=maximum_speed suspicious sentinel value=999 -> NULL","logger":"lta_common","filename":"lta_common.py","lineno":143}
{"timestamp":"2026-04-15T11:48:36.635004Z","level":"warning","event":"[SANITIZE] link_id=45225 field=maximum_speed suspicious sentinel value=999 -> NULL","logger":"lta_common","filename":"lta_common.py","lineno":143}
{"timestamp":"2026-04-15T11:48:36.635035Z","level":"warning","event":"[SANITIZE] link_id=45226 field=maximum_speed suspicious sentinel value=999 -> NULL","logger":"lta_common","filename":"lta_common.py","lineno":143}
{"timestamp":"2026-04-15T11:48:36.635070Z","level":"warning","event":"[SANITIZE] link_id=45228 field=maximum_speed suspicious sentinel value=999 -> NULL","logger":"lta_common","filename":"lta_common.py","lineno":143}
{"timestamp":"2026-04-15T11:48:36.635106Z","level":"warning","event":"[SANITIZE] link_id=45230 field=maximum_speed suspicious sentinel value=999 -> NULL","logger":"lta_common","filename":"lta_common.py","lineno":143}
{"timestamp":"2026-04-15T11:48:36.635167Z","level":"warning","event":"[SANITIZE] link_id=45232 field=maximum_speed suspicious sentinel value=999 -> NULL","logger":"lta_common","filename":"lta_common.py","lineno":143}
{"timestamp":"2026-04-15T11:48:36.635218Z","level":"warning","event":"[SANITIZE] link_id=45237 field=maximum_speed suspicious sentinel value=999 -> NULL","logger":"lta_common","filename":"lta_common.py","lineno":143}
{"timestamp":"2026-04-15T11:48:36.635268Z","level":"warning","event":"[SANITIZE] link_id=45240 field=maximum_speed suspicious sentinel value=999 -> NULL","logger":"lta_common","filename":"lta_common.py","lineno":143}
{"timestamp":"2026-04-15T11:48:36.635314Z","level":"warning","event":"[SANITIZE] link_id=45243 field=maximum_speed suspicious sentinel value=999 -> NULL","logger":"lta_common","filename":"lta_common.py","lineno":143}
{"timestamp":"2026-04-15T11:48:36.635353Z","level":"warning","event":"[SANITIZE] link_id=45246 field=maximum_speed suspicious sentinel value=999 -> NULL","logger":"lta_common","filename":"lta_common.py","lineno":143}
{"timestamp":"2026-04-15T11:48:36.635440Z","level":"warning","event":"[SANITIZE] link_id=45265 field=maximum_speed suspicious sentinel value=999 -> NULL","logger":"lta_common","filename":"lta_common.py","lineno":143}
{"timestamp":"2026-04-15T11:48:36.635594Z","level":"warning","event":"[SANITIZE] link_id=45302 field=maximum_speed suspicious sentinel value=999 -> NULL","logger":"lta_common","filename":"lta_common.py","lineno":143}
{"timestamp":"2026-04-15T11:48:36.635625Z","level":"warning","event":"[SANITIZE] link_id=45303 field=maximum_speed suspicious sentinel value=999 -> NULL","logger":"lta_common","filename":"lta_common.py","lineno":143}
{"timestamp":"2026-04-15T11:48:36.635730Z","level":"warning","event":"[SANITIZE] link_id=45324 field=maximum_speed suspicious sentinel value=999 -> NULL","logger":"lta_common","filename":"lta_common.py","lineno":143}
{"timestamp":"2026-04-15T11:48:36.635760Z","level":"warning","event":"[SANITIZE] link_id=45325 field=maximum_speed suspicious sentinel value=999 -> NULL","logger":"lta_common","filename":"lta_common.py","lineno":143}
{"timestamp":"2026-04-15T11:48:36.635795Z","level":"warning","event":"[SANITIZE] link_id=45327 field=maximum_speed suspicious sentinel value=999 -> NULL","logger":"lta_common","filename":"lta_common.py","lineno":143}
{"timestamp":"2026-04-15T11:48:36.635828Z","level":"warning","event":"[SANITIZE] link_id=45329 field=maximum_speed suspicious sentinel value=999 -> NULL","logger":"lta_common","filename":"lta_common.py","lineno":143}
{"timestamp":"2026-04-15T11:48:36.635859Z","level":"warning","event":"[SANITIZE] link_id=45330 field=maximum_speed suspicious sentinel value=999 -> NULL","logger":"lta_common","filename":"lta_common.py","lineno":143}
{"timestamp":"2026-04-15T11:48:36.635894Z","level":"warning","event":"[SANITIZE] link_id=45332 field=maximum_speed suspicious sentinel value=999 -> NULL","logger":"lta_common","filename":"lta_common.py","lineno":143}
{"timestamp":"2026-04-15T11:48:36.635948Z","level":"warning","event":"[SANITIZE] link_id=45333 field=maximum_speed suspicious sentinel value=999 -> NULL","logger":"lta_common","filename":"lta_common.py","lineno":143}
{"timestamp":"2026-04-15T11:48:36.635988Z","level":"warning","event":"[SANITIZE] link_id=45334 field=maximum_speed suspicious sentinel value=999 -> NULL","logger":"lta_common","filename":"lta_common.py","lineno":143}
{"timestamp":"2026-04-15T11:48:36.636029Z","level":"warning","event":"[SANITIZE] link_id=45335 field=maximum_speed suspicious sentinel value=999 -> NULL","logger":"lta_common","filename":"lta_common.py","lineno":143}
{"timestamp":"2026-04-15T11:48:36.636059Z","level":"warning","event":"[SANITIZE] link_id=45336 field=maximum_speed suspicious sentinel value=999 -> NULL","logger":"lta_common","filename":"lta_common.py","lineno":143}
{"timestamp":"2026-04-15T11:48:36.636094Z","level":"warning","event":"[SANITIZE] link_id=45338 field=maximum_speed suspicious sentinel value=999 -> NULL","logger":"lta_common","filename":"lta_common.py","lineno":143}
{"timestamp":"2026-04-15T11:48:36.636148Z","level":"warning","event":"[SANITIZE] link_id=45339 field=maximum_speed suspicious sentinel value=999 -> NULL","logger":"lta_common","filename":"lta_common.py","lineno":143}
{"timestamp":"2026-04-15T11:48:36.636187Z","level":"warning","event":"[SANITIZE] link_id=45340 field=maximum_speed suspicious sentinel value=999 -> NULL","logger":"lta_common","filename":"lta_common.py","lineno":143}
{"timestamp":"2026-04-15T11:48:36.636217Z","level":"warning","event":"[SANITIZE] link_id=45341 field=maximum_speed suspicious sentinel value=999 -> NULL","logger":"lta_common","filename":"lta_common.py","lineno":143}
{"timestamp":"2026-04-15T11:48:36.636302Z","level":"warning","event":"[SANITIZE] link_id=45353 field=maximum_speed suspicious sentinel value=999 -> NULL","logger":"lta_common","filename":"lta_common.py","lineno":143}
{"timestamp":"2026-04-15T11:48:36.636337Z","level":"warning","event":"[SANITIZE] link_id=45354 field=maximum_speed suspicious sentinel value=999 -> NULL","logger":"lta_common","filename":"lta_common.py","lineno":143}
{"timestamp":"2026-04-15T11:48:36.636368Z","level":"warning","event":"[SANITIZE] link_id=45355 field=maximum_speed suspicious sentinel value=999 -> NULL","logger":"lta_common","filename":"lta_common.py","lineno":143}
{"timestamp":"2026-04-15T11:48:36.636425Z","level":"warning","event":"[SANITIZE] link_id=45356 field=maximum_speed suspicious sentinel value=999 -> NULL","logger":"lta_common","filename":"lta_common.py","lineno":143}
{"timestamp":"2026-04-15T11:48:36.636469Z","level":"warning","event":"[SANITIZE] link_id=45359 field=maximum_speed suspicious sentinel value=999 -> NULL","logger":"lta_common","filename":"lta_common.py","lineno":143}
{"timestamp":"2026-04-15T11:48:36.636500Z","level":"warning","event":"[SANITIZE] link_id=45360 field=maximum_speed suspicious sentinel value=999 -> NULL","logger":"lta_common","filename":"lta_common.py","lineno":143}
{"timestamp":"2026-04-15T11:48:36.636530Z","level":"warning","event":"[SANITIZE] link_id=45361 field=maximum_speed suspicious sentinel value=999 -> NULL","logger":"lta_common","filename":"lta_common.py","lineno":143}
{"timestamp":"2026-04-15T11:48:36.636560Z","level":"warning","event":"[SANITIZE] link_id=45362 field=maximum_speed suspicious sentinel value=999 -> NULL","logger":"lta_common","filename":"lta_common.py","lineno":143}
{"timestamp":"2026-04-15T11:48:36.636606Z","level":"warning","event":"[SANITIZE] link_id=45367 field=maximum_speed suspicious sentinel value=999 -> NULL","logger":"lta_common","filename":"lta_common.py","lineno":143}
{"timestamp":"2026-04-15T11:48:36.636637Z","level":"warning","event":"[SANITIZE] link_id=45368 field=maximum_speed suspicious sentinel value=999 -> NULL","logger":"lta_common","filename":"lta_common.py","lineno":143}
{"timestamp":"2026-04-15T11:48:36.636670Z","level":"warning","event":"[SANITIZE] link_id=45370 field=maximum_speed suspicious sentinel value=999 -> NULL","logger":"lta_common","filename":"lta_common.py","lineno":143}
{"timestamp":"2026-04-15T11:48:36.636700Z","level":"warning","event":"[SANITIZE] link_id=45371 field=maximum_speed suspicious sentinel value=999 -> NULL","logger":"lta_common","filename":"lta_common.py","lineno":143}
{"timestamp":"2026-04-15T11:48:36.636730Z","level":"warning","event":"[SANITIZE] link_id=45372 field=maximum_speed suspicious sentinel value=999 -> NULL","logger":"lta_common","filename":"lta_common.py","lineno":143}
{"timestamp":"2026-04-15T11:48:36.636760Z","level":"warning","event":"[SANITIZE] link_id=45373 field=maximum_speed suspicious sentinel value=999 -> NULL","logger":"lta_common","filename":"lta_common.py","lineno":143}
{"timestamp":"2026-04-15T11:48:36.636802Z","level":"warning","event":"[SANITIZE] link_id=45377 field=maximum_speed suspicious sentinel value=999 -> NULL","logger":"lta_common","filename":"lta_common.py","lineno":143}
{"timestamp":"2026-04-15T11:48:36.636841Z","level":"warning","event":"[SANITIZE] link_id=45380 field=maximum_speed suspicious sentinel value=999 -> NULL","logger":"lta_common","filename":"lta_common.py","lineno":143}
{"timestamp":"2026-04-15T11:48:36.636872Z","level":"warning","event":"[SANITIZE] link_id=45381 field=maximum_speed suspicious sentinel value=999 -> NULL","logger":"lta_common","filename":"lta_common.py","lineno":143}
{"timestamp":"2026-04-15T11:48:36.636925Z","level":"warning","event":"[SANITIZE] link_id=45382 field=maximum_speed suspicious sentinel value=999 -> NULL","logger":"lta_common","filename":"lta_common.py","lineno":143}
{"timestamp":"2026-04-15T11:48:36.636980Z","level":"warning","event":"[SANITIZE] link_id=45383 field=maximum_speed suspicious sentinel value=999 -> NULL","logger":"lta_common","filename":"lta_common.py","lineno":143}
{"timestamp":"2026-04-15T11:48:36.637019Z","level":"warning","event":"[SANITIZE] link_id=45384 field=maximum_speed suspicious sentinel value=999 -> NULL","logger":"lta_common","filename":"lta_common.py","lineno":143}
{"timestamp":"2026-04-15T11:48:36.637060Z","level":"warning","event":"[SANITIZE] link_id=45386 field=maximum_speed suspicious sentinel value=999 -> NULL","logger":"lta_common","filename":"lta_common.py","lineno":143}
{"timestamp":"2026-04-15T11:48:36.637099Z","level":"warning","event":"[SANITIZE] link_id=45387 field=maximum_speed suspicious sentinel value=999 -> NULL","logger":"lta_common","filename":"lta_common.py","lineno":143}
{"timestamp":"2026-04-15T11:48:36.637130Z","level":"warning","event":"[SANITIZE] link_id=45388 field=maximum_speed suspicious sentinel value=999 -> NULL","logger":"lta_common","filename":"lta_common.py","lineno":143}
{"timestamp":"2026-04-15T11:48:36.637159Z","level":"warning","event":"[SANITIZE] link_id=45389 field=maximum_speed suspicious sentinel value=999 -> NULL","logger":"lta_common","filename":"lta_common.py","lineno":143}
{"timestamp":"2026-04-15T11:48:36.637190Z","level":"warning","event":"[SANITIZE] link_id=45390 field=maximum_speed suspicious sentinel value=999 -> NULL","logger":"lta_common","filename":"lta_common.py","lineno":143}
{"timestamp":"2026-04-15T11:48:36.637229Z","level":"warning","event":"[SANITIZE] link_id=45393 field=maximum_speed suspicious sentinel value=999 -> NULL","logger":"lta_common","filename":"lta_common.py","lineno":143}
{"timestamp":"2026-04-15T11:48:36.637259Z","level":"warning","event":"[SANITIZE] link_id=45394 field=maximum_speed suspicious sentinel value=999 -> NULL","logger":"lta_common","filename":"lta_common.py","lineno":143}
{"timestamp":"2026-04-15T11:48:36.637290Z","level":"warning","event":"[SANITIZE] link_id=45395 field=maximum_speed suspicious sentinel value=999 -> NULL","logger":"lta_common","filename":"lta_common.py","lineno":143}
{"timestamp":"2026-04-15T11:48:36.637321Z","level":"warning","event":"[SANITIZE] link_id=45396 field=maximum_speed suspicious sentinel value=999 -> NULL","logger":"lta_common","filename":"lta_common.py","lineno":143}
{"timestamp":"2026-04-15T11:48:36.637352Z","level":"warning","event":"[SANITIZE] link_id=45398 field=maximum_speed suspicious sentinel value=999 -> NULL","logger":"lta_common","filename":"lta_common.py","lineno":143}
{"timestamp":"2026-04-15T11:48:36.637382Z","level":"warning","event":"[SANITIZE] link_id=45399 field=maximum_speed suspicious sentinel value=999 -> NULL","logger":"lta_common","filename":"lta_common.py","lineno":143}
{"timestamp":"2026-04-15T11:48:36.637412Z","level":"warning","event":"[SANITIZE] link_id=45400 field=maximum_speed suspicious sentinel value=999 -> NULL","logger":"lta_common","filename":"lta_common.py","lineno":143}
{"timestamp":"2026-04-15T11:48:36.637442Z","level":"warning","event":"[SANITIZE] link_id=45401 field=maximum_speed suspicious sentinel value=999 -> NULL","logger":"lta_common","filename":"lta_common.py","lineno":143}
{"timestamp":"2026-04-15T11:48:36.637473Z","level":"warning","event":"[SANITIZE] link_id=45402 field=maximum_speed suspicious sentinel value=999 -> NULL","logger":"lta_common","filename":"lta_common.py","lineno":143}
{"timestamp":"2026-04-15T11:48:36.637503Z","level":"warning","event":"[SANITIZE] link_id=45403 field=maximum_speed suspicious sentinel value=999 -> NULL","logger":"lta_common","filename":"lta_common.py","lineno":143}
{"timestamp":"2026-04-15T11:48:36.637533Z","level":"warning","event":"[SANITIZE] link_id=45404 field=maximum_speed suspicious sentinel value=999 -> NULL","logger":"lta_common","filename":"lta_common.py","lineno":143}
{"timestamp":"2026-04-15T11:48:36.637575Z","level":"warning","event":"[SANITIZE] link_id=45408 field=maximum_speed suspicious sentinel value=999 -> NULL","logger":"lta_common","filename":"lta_common.py","lineno":143}
{"timestamp":"2026-04-15T11:48:36.637605Z","level":"warning","event":"[SANITIZE] link_id=45409 field=maximum_speed suspicious sentinel value=999 -> NULL","logger":"lta_common","filename":"lta_common.py","lineno":143}
{"timestamp":"2026-04-15T11:48:36.637635Z","level":"warning","event":"[SANITIZE] link_id=45410 field=maximum_speed suspicious sentinel value=999 -> NULL","logger":"lta_common","filename":"lta_common.py","lineno":143}
{"timestamp":"2026-04-15T11:48:36.637669Z","level":"warning","event":"[SANITIZE] link_id=45412 field=maximum_speed suspicious sentinel value=999 -> NULL","logger":"lta_common","filename":"lta_common.py","lineno":143}
{"timestamp":"2026-04-15T11:48:36.637699Z","level":"warning","event":"[SANITIZE] link_id=45413 field=maximum_speed suspicious sentinel value=999 -> NULL","logger":"lta_common","filename":"lta_common.py","lineno":143}
{"timestamp":"2026-04-15T11:48:36.637728Z","level":"warning","event":"[SANITIZE] link_id=45414 field=maximum_speed suspicious sentinel value=999 -> NULL","logger":"lta_common","filename":"lta_common.py","lineno":143}
{"timestamp":"2026-04-15T11:48:36.637803Z","level":"warning","event":"[SANITIZE] link_id=45424 field=maximum_speed suspicious sentinel value=999 -> NULL","logger":"lta_common","filename":"lta_common.py","lineno":143}
{"timestamp":"2026-04-15T11:48:36.637836Z","level":"warning","event":"[SANITIZE] link_id=45425 field=maximum_speed suspicious sentinel value=999 -> NULL","logger":"lta_common","filename":"lta_common.py","lineno":143}
{"timestamp":"2026-04-15T11:48:36.637866Z","level":"warning","event":"[SANITIZE] link_id=45426 field=maximum_speed suspicious sentinel value=999 -> NULL","logger":"lta_common","filename":"lta_common.py","lineno":143}
{"timestamp":"2026-04-15T11:48:36.637895Z","level":"warning","event":"[SANITIZE] link_id=45427 field=maximum_speed suspicious sentinel value=999 -> NULL","logger":"lta_common","filename":"lta_common.py","lineno":143}
{"timestamp":"2026-04-15T11:48:36.637948Z","level":"warning","event":"[SANITIZE] link_id=45428 field=maximum_speed suspicious sentinel value=999 -> NULL","logger":"lta_common","filename":"lta_common.py","lineno":143}
{"timestamp":"2026-04-15T11:48:36.638027Z","level":"warning","event":"[SANITIZE] link_id=45441 field=maximum_speed suspicious sentinel value=999 -> NULL","logger":"lta_common","filename":"lta_common.py","lineno":143}
{"timestamp":"2026-04-15T11:48:36.638057Z","level":"warning","event":"[SANITIZE] link_id=45442 field=maximum_speed suspicious sentinel value=999 -> NULL","logger":"lta_common","filename":"lta_common.py","lineno":143}
{"timestamp":"2026-04-15T11:48:36.638087Z","level":"warning","event":"[SANITIZE] link_id=45443 field=maximum_speed suspicious sentinel value=999 -> NULL","logger":"lta_common","filename":"lta_common.py","lineno":143}
{"timestamp":"2026-04-15T11:48:36.638167Z","level":"warning","event":"[SANITIZE] link_id=45454 field=maximum_speed suspicious sentinel value=999 -> NULL","logger":"lta_common","filename":"lta_common.py","lineno":143}
{"timestamp":"2026-04-15T11:48:36.638208Z","level":"warning","event":"[SANITIZE] link_id=45456 field=maximum_speed suspicious sentinel value=999 -> NULL","logger":"lta_common","filename":"lta_common.py","lineno":143}
{"timestamp":"2026-04-15T11:48:36.638242Z","level":"warning","event":"[SANITIZE] link_id=45458 field=maximum_speed suspicious sentinel value=999 -> NULL","logger":"lta_common","filename":"lta_common.py","lineno":143}
{"timestamp":"2026-04-15T11:48:36.638293Z","level":"warning","event":"[SANITIZE] link_id=45464 field=maximum_speed suspicious sentinel value=999 -> NULL","logger":"lta_common","filename":"lta_common.py","lineno":143}
{"timestamp":"2026-04-15T11:48:36.638323Z","level":"warning","event":"[SANITIZE] link_id=45465 field=maximum_speed suspicious sentinel value=999 -> NULL","logger":"lta_common","filename":"lta_common.py","lineno":143}
{"timestamp":"2026-04-15T11:48:36.638353Z","level":"warning","event":"[SANITIZE] link_id=45466 field=maximum_speed suspicious sentinel value=999 -> NULL","logger":"lta_common","filename":"lta_common.py","lineno":143}
{"timestamp":"2026-04-15T11:48:36.638398Z","level":"warning","event":"[SANITIZE] link_id=45471 field=maximum_speed suspicious sentinel value=999 -> NULL","logger":"lta_common","filename":"lta_common.py","lineno":143}
{"timestamp":"2026-04-15T11:48:36.638432Z","level":"warning","event":"[SANITIZE] link_id=45473 field=maximum_speed suspicious sentinel value=999 -> NULL","logger":"lta_common","filename":"lta_common.py","lineno":143}
{"timestamp":"2026-04-15T11:48:36.638462Z","level":"warning","event":"[SANITIZE] link_id=45474 field=maximum_speed suspicious sentinel value=999 -> NULL","logger":"lta_common","filename":"lta_common.py","lineno":143}
{"timestamp":"2026-04-15T11:48:36.638491Z","level":"warning","event":"[SANITIZE] link_id=45476 field=maximum_speed suspicious sentinel value=999 -> NULL","logger":"lta_common","filename":"lta_common.py","lineno":143}
{"timestamp":"2026-04-15T11:48:36.638521Z","level":"warning","event":"[SANITIZE] link_id=45477 field=maximum_speed suspicious sentinel value=999 -> NULL","logger":"lta_common","filename":"lta_common.py","lineno":143}
{"timestamp":"2026-04-15T11:48:36.638551Z","level":"warning","event":"[SANITIZE] link_id=45478 field=maximum_speed suspicious sentinel value=999 -> NULL","logger":"lta_common","filename":"lta_common.py","lineno":143}
{"timestamp":"2026-04-15T11:48:36.638581Z","level":"warning","event":"[SANITIZE] link_id=45479 field=maximum_speed suspicious sentinel value=999 -> NULL","logger":"lta_common","filename":"lta_common.py","lineno":143}
{"timestamp":"2026-04-15T11:48:36.638611Z","level":"warning","event":"[SANITIZE] link_id=45480 field=maximum_speed suspicious sentinel value=999 -> NULL","logger":"lta_common","filename":"lta_common.py","lineno":143}
{"timestamp":"2026-04-15T11:48:36.638641Z","level":"warning","event":"[SANITIZE] link_id=45481 field=maximum_speed suspicious sentinel value=999 -> NULL","logger":"lta_common","filename":"lta_common.py","lineno":143}
{"timestamp":"2026-04-15T11:48:36.638671Z","level":"warning","event":"[SANITIZE] link_id=45482 field=maximum_speed suspicious sentinel value=999 -> NULL","logger":"lta_common","filename":"lta_common.py","lineno":143}
{"timestamp":"2026-04-15T11:48:36.638701Z","level":"warning","event":"[SANITIZE] link_id=45483 field=maximum_speed suspicious sentinel value=999 -> NULL","logger":"lta_common","filename":"lta_common.py","lineno":143}
{"timestamp":"2026-04-15T11:48:36.638746Z","level":"warning","event":"[SANITIZE] link_id=45494 field=maximum_speed suspicious sentinel value=999 -> NULL","logger":"lta_common","filename":"lta_common.py","lineno":143}
{"timestamp":"2026-04-15T11:48:36.638774Z","level":"warning","event":"[SANITIZE] link_id=45495 field=maximum_speed suspicious sentinel value=999 -> NULL","logger":"lta_common","filename":"lta_common.py","lineno":143}
{"timestamp":"2026-04-15T11:48:36.638802Z","level":"warning","event":"[SANITIZE] link_id=45496 field=maximum_speed suspicious sentinel value=999 -> NULL","logger":"lta_common","filename":"lta_common.py","lineno":143}
{"timestamp":"2026-04-15T11:48:36.638830Z","level":"warning","event":"[SANITIZE] link_id=45497 field=maximum_speed suspicious sentinel value=999 -> NULL","logger":"lta_common","filename":"lta_common.py","lineno":143}
{"timestamp":"2026-04-15T11:48:36.638879Z","level":"warning","event":"[SANITIZE] link_id=45504 field=maximum_speed suspicious sentinel value=999 -> NULL","logger":"lta_common","filename":"lta_common.py","lineno":143}
{"timestamp":"2026-04-15T11:48:36.638922Z","level":"warning","event":"[SANITIZE] link_id=45505 field=maximum_speed suspicious sentinel value=999 -> NULL","logger":"lta_common","filename":"lta_common.py","lineno":143}
{"timestamp":"2026-04-15T11:48:36.638965Z","level":"warning","event":"[SANITIZE] link_id=45507 field=maximum_speed suspicious sentinel value=999 -> NULL","logger":"lta_common","filename":"lta_common.py","lineno":143}
{"timestamp":"2026-04-15T11:48:36.638993Z","level":"warning","event":"[SANITIZE] link_id=45508 field=maximum_speed suspicious sentinel value=999 -> NULL","logger":"lta_common","filename":"lta_common.py","lineno":143}
{"timestamp":"2026-04-15T11:48:36.639021Z","level":"warning","event":"[SANITIZE] link_id=45509 field=maximum_speed suspicious sentinel value=999 -> NULL","logger":"lta_common","filename":"lta_common.py","lineno":143}
{"timestamp":"2026-04-15T11:48:36.639048Z","level":"warning","event":"[SANITIZE] link_id=45510 field=maximum_speed suspicious sentinel value=999 -> NULL","logger":"lta_common","filename":"lta_common.py","lineno":143}
{"timestamp":"2026-04-15T11:48:36.639076Z","level":"warning","event":"[SANITIZE] link_id=45511 field=maximum_speed suspicious sentinel value=999 -> NULL","logger":"lta_common","filename":"lta_common.py","lineno":143}
{"timestamp":"2026-04-15T11:48:36.639104Z","level":"warning","event":"[SANITIZE] link_id=45512 field=maximum_speed suspicious sentinel value=999 -> NULL","logger":"lta_common","filename":"lta_common.py","lineno":143}
{"timestamp":"2026-04-15T11:48:36.639138Z","level":"warning","event":"[SANITIZE] link_id=45513 field=maximum_speed suspicious sentinel value=999 -> NULL","logger":"lta_common","filename":"lta_common.py","lineno":143}
{"timestamp":"2026-04-15T11:48:36.639166Z","level":"warning","event":"[SANITIZE] link_id=45514 field=maximum_speed suspicious sentinel value=999 -> NULL","logger":"lta_common","filename":"lta_common.py","lineno":143}
{"timestamp":"2026-04-15T11:48:36.639194Z","level":"warning","event":"[SANITIZE] link_id=45515 field=maximum_speed suspicious sentinel value=999 -> NULL","logger":"lta_common","filename":"lta_common.py","lineno":143}
{"timestamp":"2026-04-15T11:48:36.639222Z","level":"warning","event":"[SANITIZE] link_id=45516 field=maximum_speed suspicious sentinel value=999 -> NULL","logger":"lta_common","filename":"lta_common.py","lineno":143}
{"timestamp":"2026-04-15T11:48:36.639249Z","level":"warning","event":"[SANITIZE] link_id=45517 field=maximum_speed suspicious sentinel value=999 -> NULL","logger":"lta_common","filename":"lta_common.py","lineno":143}
{"timestamp":"2026-04-15T11:48:36.639303Z","level":"warning","event":"[SANITIZE] link_id=45525 field=maximum_speed suspicious sentinel value=999 -> NULL","logger":"lta_common","filename":"lta_common.py","lineno":143}
{"timestamp":"2026-04-15T11:48:36.639331Z","level":"warning","event":"[SANITIZE] link_id=45526 field=maximum_speed suspicious sentinel value=999 -> NULL","logger":"lta_common","filename":"lta_common.py","lineno":143}
{"timestamp":"2026-04-15T11:48:36.639359Z","level":"warning","event":"[SANITIZE] link_id=45528 field=maximum_speed suspicious sentinel value=999 -> NULL","logger":"lta_common","filename":"lta_common.py","lineno":143}
{"timestamp":"2026-04-15T11:48:36.639396Z","level":"warning","event":"[SANITIZE] link_id=45530 field=maximum_speed suspicious sentinel value=999 -> NULL","logger":"lta_common","filename":"lta_common.py","lineno":143}
{"timestamp":"2026-04-15T11:48:36.639438Z","level":"warning","event":"[SANITIZE] link_id=45531 field=maximum_speed suspicious sentinel value=999 -> NULL","logger":"lta_common","filename":"lta_common.py","lineno":143}
{"timestamp":"2026-04-15T11:48:36.639467Z","level":"warning","event":"[SANITIZE] link_id=45532 field=maximum_speed suspicious sentinel value=999 -> NULL","logger":"lta_common","filename":"lta_common.py","lineno":143}
{"timestamp":"2026-04-15T11:48:36.639508Z","level":"warning","event":"[SANITIZE] link_id=45533 field=maximum_speed suspicious sentinel value=999 -> NULL","logger":"lta_common","filename":"lta_common.py","lineno":143}
{"timestamp":"2026-04-15T11:48:36.639554Z","level":"warning","event":"[SANITIZE] link_id=45534 field=maximum_speed suspicious sentinel value=999 -> NULL","logger":"lta_common","filename":"lta_common.py","lineno":143}
{"timestamp":"2026-04-15T11:48:36.639586Z","level":"warning","event":"[SANITIZE] link_id=45535 field=maximum_speed suspicious sentinel value=999 -> NULL","logger":"lta_common","filename":"lta_common.py","lineno":143}
{"timestamp":"2026-04-15T11:48:36.639614Z","level":"warning","event":"[SANITIZE] link_id=45536 field=maximum_speed suspicious sentinel value=999 -> NULL","logger":"lta_common","filename":"lta_common.py","lineno":143}
{"timestamp":"2026-04-15T11:48:36.639657Z","level":"warning","event":"[SANITIZE] link_id=45537 field=maximum_speed suspicious sentinel value=999 -> NULL","logger":"lta_common","filename":"lta_common.py","lineno":143}
{"timestamp":"2026-04-15T11:48:36.639702Z","level":"warning","event":"[SANITIZE] link_id=45538 field=maximum_speed suspicious sentinel value=999 -> NULL","logger":"lta_common","filename":"lta_common.py","lineno":143}
{"timestamp":"2026-04-15T11:48:36.639735Z","level":"warning","event":"[SANITIZE] link_id=45539 field=maximum_speed suspicious sentinel value=999 -> NULL","logger":"lta_common","filename":"lta_common.py","lineno":143}
{"timestamp":"2026-04-15T11:48:36.639762Z","level":"warning","event":"[SANITIZE] link_id=45540 field=maximum_speed suspicious sentinel value=999 -> NULL","logger":"lta_common","filename":"lta_common.py","lineno":143}
{"timestamp":"2026-04-15T11:48:36.639790Z","level":"warning","event":"[SANITIZE] link_id=45541 field=maximum_speed suspicious sentinel value=999 -> NULL","logger":"lta_common","filename":"lta_common.py","lineno":143}
{"timestamp":"2026-04-15T11:48:36.639818Z","level":"warning","event":"[SANITIZE] link_id=45542 field=maximum_speed suspicious sentinel value=999 -> NULL","logger":"lta_common","filename":"lta_common.py","lineno":143}
{"timestamp":"2026-04-15T11:48:36.639861Z","level":"warning","event":"[SANITIZE] link_id=45547 field=maximum_speed suspicious sentinel value=999 -> NULL","logger":"lta_common","filename":"lta_common.py","lineno":143}
{"timestamp":"2026-04-15T11:48:36.639888Z","level":"warning","event":"[SANITIZE] link_id=45548 field=maximum_speed suspicious sentinel value=999 -> NULL","logger":"lta_common","filename":"lta_common.py","lineno":143}
{"timestamp":"2026-04-15T11:48:36.639925Z","level":"warning","event":"[SANITIZE] link_id=45549 field=maximum_speed suspicious sentinel value=999 -> NULL","logger":"lta_common","filename":"lta_common.py","lineno":143}
{"timestamp":"2026-04-15T11:48:36.639959Z","level":"warning","event":"[SANITIZE] link_id=45551 field=maximum_speed suspicious sentinel value=999 -> NULL","logger":"lta_common","filename":"lta_common.py","lineno":143}
{"timestamp":"2026-04-15T11:48:36.639988Z","level":"warning","event":"[SANITIZE] link_id=45552 field=maximum_speed suspicious sentinel value=999 -> NULL","logger":"lta_common","filename":"lta_common.py","lineno":143}
{"timestamp":"2026-04-15T11:48:36.640017Z","level":"warning","event":"[SANITIZE] link_id=45553 field=maximum_speed suspicious sentinel value=999 -> NULL","logger":"lta_common","filename":"lta_common.py","lineno":143}
{"timestamp":"2026-04-15T11:48:36.640044Z","level":"warning","event":"[SANITIZE] link_id=45554 field=maximum_speed suspicious sentinel value=999 -> NULL","logger":"lta_common","filename":"lta_common.py","lineno":143}
{"timestamp":"2026-04-15T11:48:36.640072Z","level":"warning","event":"[SANITIZE] link_id=45555 field=maximum_speed suspicious sentinel value=999 -> NULL","logger":"lta_common","filename":"lta_common.py","lineno":143}
{"timestamp":"2026-04-15T11:48:36.640101Z","level":"warning","event":"[SANITIZE] link_id=45556 field=maximum_speed suspicious sentinel value=999 -> NULL","logger":"lta_common","filename":"lta_common.py","lineno":143}
{"timestamp":"2026-04-15T11:48:36.640128Z","level":"warning","event":"[SANITIZE] link_id=45557 field=maximum_speed suspicious sentinel value=999 -> NULL","logger":"lta_common","filename":"lta_common.py","lineno":143}
{"timestamp":"2026-04-15T11:48:36.640156Z","level":"warning","event":"[SANITIZE] link_id=45558 field=maximum_speed suspicious sentinel value=999 -> NULL","logger":"lta_common","filename":"lta_common.py","lineno":143}
{"timestamp":"2026-04-15T11:48:36.640185Z","level":"warning","event":"[SANITIZE] link_id=45559 field=maximum_speed suspicious sentinel value=999 -> NULL","logger":"lta_common","filename":"lta_common.py","lineno":143}
{"timestamp":"2026-04-15T11:48:36.640212Z","level":"warning","event":"[SANITIZE] link_id=45560 field=maximum_speed suspicious sentinel value=999 -> NULL","logger":"lta_common","filename":"lta_common.py","lineno":143}
{"timestamp":"2026-04-15T11:48:36.640240Z","level":"warning","event":"[SANITIZE] link_id=45561 field=maximum_speed suspicious sentinel value=999 -> NULL","logger":"lta_common","filename":"lta_common.py","lineno":143}
{"timestamp":"2026-04-15T11:48:36.640268Z","level":"warning","event":"[SANITIZE] link_id=45562 field=maximum_speed suspicious sentinel value=999 -> NULL","logger":"lta_common","filename":"lta_common.py","lineno":143}
{"timestamp":"2026-04-15T11:48:36.640296Z","level":"warning","event":"[SANITIZE] link_id=45563 field=maximum_speed suspicious sentinel value=999 -> NULL","logger":"lta_common","filename":"lta_common.py","lineno":143}
{"timestamp":"2026-04-15T11:48:36.640324Z","level":"warning","event":"[SANITIZE] link_id=45564 field=maximum_speed suspicious sentinel value=999 -> NULL","logger":"lta_common","filename":"lta_common.py","lineno":143}
{"timestamp":"2026-04-15T11:48:36.640351Z","level":"warning","event":"[SANITIZE] link_id=45565 field=maximum_speed suspicious sentinel value=999 -> NULL","logger":"lta_common","filename":"lta_common.py","lineno":143}
{"timestamp":"2026-04-15T11:48:36.640379Z","level":"warning","event":"[SANITIZE] link_id=45566 field=maximum_speed suspicious sentinel value=999 -> NULL","logger":"lta_common","filename":"lta_common.py","lineno":143}
{"timestamp":"2026-04-15T11:48:36.640412Z","level":"warning","event":"[SANITIZE] link_id=45568 field=maximum_speed suspicious sentinel value=999 -> NULL","logger":"lta_common","filename":"lta_common.py","lineno":143}
{"timestamp":"2026-04-15T11:48:36.640440Z","level":"warning","event":"[SANITIZE] link_id=45569 field=maximum_speed suspicious sentinel value=999 -> NULL","logger":"lta_common","filename":"lta_common.py","lineno":143}
{"timestamp":"2026-04-15T11:48:36.640469Z","level":"warning","event":"[SANITIZE] link_id=45570 field=maximum_speed suspicious sentinel value=999 -> NULL","logger":"lta_common","filename":"lta_common.py","lineno":143}
{"timestamp":"2026-04-15T11:48:36.640496Z","level":"warning","event":"[SANITIZE] link_id=45571 field=maximum_speed suspicious sentinel value=999 -> NULL","logger":"lta_common","filename":"lta_common.py","lineno":143}
{"timestamp":"2026-04-15T11:48:36.640524Z","level":"warning","event":"[SANITIZE] link_id=45572 field=maximum_speed suspicious sentinel value=999 -> NULL","logger":"lta_common","filename":"lta_common.py","lineno":143}
{"timestamp":"2026-04-15T11:48:36.640567Z","level":"warning","event":"[SANITIZE] link_id=45579 field=maximum_speed suspicious sentinel value=999 -> NULL","logger":"lta_common","filename":"lta_common.py","lineno":143}
{"timestamp":"2026-04-15T11:48:36.640602Z","level":"warning","event":"[SANITIZE] link_id=45582 field=maximum_speed suspicious sentinel value=999 -> NULL","logger":"lta_common","filename":"lta_common.py","lineno":143}
{"timestamp":"2026-04-15T11:48:36.640697Z","level":"warning","event":"[SANITIZE] link_id=45605 field=maximum_speed suspicious sentinel value=999 -> NULL","logger":"lta_common","filename":"lta_common.py","lineno":143}
{"timestamp":"2026-04-15T11:48:36.640725Z","level":"warning","event":"[SANITIZE] link_id=45606 field=maximum_speed suspicious sentinel value=999 -> NULL","logger":"lta_common","filename":"lta_common.py","lineno":143}
{"timestamp":"2026-04-15T11:48:36.640753Z","level":"warning","event":"[SANITIZE] link_id=45608 field=maximum_speed suspicious sentinel value=999 -> NULL","logger":"lta_common","filename":"lta_common.py","lineno":143}
{"timestamp":"2026-04-15T11:48:36.640838Z","level":"warning","event":"[SANITIZE] link_id=45625 field=maximum_speed suspicious sentinel value=999 -> NULL","logger":"lta_common","filename":"lta_common.py","lineno":143}
{"timestamp":"2026-04-15T11:48:36.640975Z","level":"warning","event":"[SANITIZE] link_id=45652 field=maximum_speed suspicious sentinel value=999 -> NULL","logger":"lta_common","filename":"lta_common.py","lineno":143}
{"timestamp":"2026-04-15T11:48:36.641031Z","level":"warning","event":"[SANITIZE] link_id=45660 field=maximum_speed suspicious sentinel value=999 -> NULL","logger":"lta_common","filename":"lta_common.py","lineno":143}
{"timestamp":"2026-04-15T11:48:36.641059Z","level":"warning","event":"[SANITIZE] link_id=45661 field=maximum_speed suspicious sentinel value=999 -> NULL","logger":"lta_common","filename":"lta_common.py","lineno":143}
{"timestamp":"2026-04-15T11:48:36.641087Z","level":"warning","event":"[SANITIZE] link_id=45662 field=maximum_speed suspicious sentinel value=999 -> NULL","logger":"lta_common","filename":"lta_common.py","lineno":143}
{"timestamp":"2026-04-15T11:48:36.641115Z","level":"warning","event":"[SANITIZE] link_id=45663 field=maximum_speed suspicious sentinel value=999 -> NULL","logger":"lta_common","filename":"lta_common.py","lineno":143}
{"timestamp":"2026-04-15T11:48:36.641143Z","level":"warning","event":"[SANITIZE] link_id=45664 field=maximum_speed suspicious sentinel value=999 -> NULL","logger":"lta_common","filename":"lta_common.py","lineno":143}
{"timestamp":"2026-04-15T11:48:36.641249Z","level":"warning","event":"[SANITIZE] link_id=45687 field=maximum_speed suspicious sentinel value=999 -> NULL","logger":"lta_common","filename":"lta_common.py","lineno":143}
{"timestamp":"2026-04-15T11:48:36.641281Z","level":"warning","event":"[SANITIZE] link_id=45689 field=maximum_speed suspicious sentinel value=999 -> NULL","logger":"lta_common","filename":"lta_common.py","lineno":143}
{"timestamp":"2026-04-15T11:48:36.641319Z","level":"warning","event":"[SANITIZE] link_id=45694 field=maximum_speed suspicious sentinel value=999 -> NULL","logger":"lta_common","filename":"lta_common.py","lineno":143}
{"timestamp":"2026-04-15T11:48:36.641347Z","level":"warning","event":"[SANITIZE] link_id=45695 field=maximum_speed suspicious sentinel value=999 -> NULL","logger":"lta_common","filename":"lta_common.py","lineno":143}
{"timestamp":"2026-04-15T11:48:36.641374Z","level":"warning","event":"[SANITIZE] link_id=45696 field=maximum_speed suspicious sentinel value=999 -> NULL","logger":"lta_common","filename":"lta_common.py","lineno":143}
{"timestamp":"2026-04-15T11:48:36.641402Z","level":"warning","event":"[SANITIZE] link_id=45697 field=maximum_speed suspicious sentinel value=999 -> NULL","logger":"lta_common","filename":"lta_common.py","lineno":143}
{"timestamp":"2026-04-15T11:48:36.641430Z","level":"warning","event":"[SANITIZE] link_id=45698 field=maximum_speed suspicious sentinel value=999 -> NULL","logger":"lta_common","filename":"lta_common.py","lineno":143}
{"timestamp":"2026-04-15T11:48:36.641477Z","level":"warning","event":"[SANITIZE] link_id=45704 field=maximum_speed suspicious sentinel value=999 -> NULL","logger":"lta_common","filename":"lta_common.py","lineno":143}
{"timestamp":"2026-04-15T11:48:36.641530Z","level":"warning","event":"[SANITIZE] link_id=45713 field=maximum_speed suspicious sentinel value=999 -> NULL","logger":"lta_common","filename":"lta_common.py","lineno":143}
{"timestamp":"2026-04-15T11:48:36.641558Z","level":"warning","event":"[SANITIZE] link_id=45714 field=maximum_speed suspicious sentinel value=999 -> NULL","logger":"lta_common","filename":"lta_common.py","lineno":143}
{"timestamp":"2026-04-15T11:48:36.641586Z","level":"warning","event":"[SANITIZE] link_id=45715 field=maximum_speed suspicious sentinel value=999 -> NULL","logger":"lta_common","filename":"lta_common.py","lineno":143}
{"timestamp":"2026-04-15T11:48:36.641613Z","level":"warning","event":"[SANITIZE] link_id=45716 field=maximum_speed suspicious sentinel value=999 -> NULL","logger":"lta_common","filename":"lta_common.py","lineno":143}
{"timestamp":"2026-04-15T11:48:36.641640Z","level":"warning","event":"[SANITIZE] link_id=45717 field=maximum_speed suspicious sentinel value=999 -> NULL","logger":"lta_common","filename":"lta_common.py","lineno":143}
{"timestamp":"2026-04-15T11:48:36.642154Z","level":"info","event":"[CLEAN DONE] rows=500 | null_speed_band=0 | null_minimum_speed=0 | null_maximum_speed=185","logger":"lta_common","filename":"lta_common.py","lineno":238}
{"timestamp":"2026-04-15T11:48:36.643311Z","level":"info","event":"STEP 5: built cleaned snapshot dataframe rows=500","logger":"unusual_prefix_faea391ec71b1d4b4651510353e4a48d62001c31_2_refresh_traffic_speed","filename":"2_refresh_traffic_speed.py","lineno":44}
{"timestamp":"2026-04-15T11:48:36.643712Z","level":"info","event":"[LATEST PREP] rows=500 | missing_measurement_rows=0","logger":"lta_common","filename":"lta_common.py","lineno":271}
{"timestamp":"2026-04-15T11:48:36.644033Z","level":"info","event":"[UPSERT START] upserting 500 rows into traffic_speed_latest","logger":"lta_common","filename":"lta_common.py","lineno":348}
{"timestamp":"2026-04-15T11:48:36.644399Z","level":"info","event":"[UPSERT DEBUG] max_link_id=45721 | min_link_id=45176 | max_speed_band=8 | min_speed_band=1 | max_minimum_speed=70 | min_minimum_speed=0 | max_maximum_speed=69.0 | min_maximum_speed=9.0","logger":"lta_common","filename":"lta_common.py","lineno":350}
{"timestamp":"2026-04-15T11:48:37.093403Z","level":"info","event":"[UPSERT DONE] upserted=500 rows into traffic_speed_latest","logger":"lta_common","filename":"lta_common.py","lineno":388}
{"timestamp":"2026-04-15T11:48:37.095191Z","level":"info","event":"[SAVE START] inserting 500 rows into traffic_speed_recent","logger":"lta_common","filename":"lta_common.py","lineno":319}
{"timestamp":"2026-04-15T11:48:37.690446Z","level":"info","event":"[SAVE DONE] inserted=500 rows into traffic_speed_recent","logger":"lta_common","filename":"lta_common.py","lineno":337}
{"timestamp":"2026-04-15T11:48:37.692191Z","level":"info","event":"STEP 6: page saved skip=30000 | pages=61 | latest_rows=30500 | recent_rows=30500","logger":"unusual_prefix_faea391ec71b1d4b4651510353e4a48d62001c31_2_refresh_traffic_speed","filename":"2_refresh_traffic_speed.py","lineno":56}
{"timestamp":"2026-04-15T11:48:37.692618Z","level":"info","event":"========== PAGE START ==========","logger":"lta_common","filename":"lta_common.py","lineno":53}
{"timestamp":"2026-04-15T11:48:37.692736Z","level":"info","event":"[FETCH] requesting rows 30500–30999","logger":"lta_common","filename":"lta_common.py","lineno":54}
{"timestamp":"2026-04-15T11:48:37.692845Z","level":"info","event":"Fetching page from LTA: skip=30500","logger":"lta_common","filename":"lta_common.py","lineno":36}
{"timestamp":"2026-04-15T11:48:38.069438Z","level":"info","event":"Retrieved 500 rows from LTA at skip=30500","logger":"lta_common","filename":"lta_common.py","lineno":44}
{"timestamp":"2026-04-15T11:48:38.076537Z","level":"info","event":"[FETCH DONE] retrieved=500 rows at skip=30500","logger":"lta_common","filename":"lta_common.py","lineno":59}
{"timestamp":"2026-04-15T11:48:38.078222Z","level":"info","event":"STEP 4: processing page skip=30500 rows=500","logger":"unusual_prefix_faea391ec71b1d4b4651510353e4a48d62001c31_2_refresh_traffic_speed","filename":"2_refresh_traffic_speed.py","lineno":41}
{"timestamp":"2026-04-15T11:48:38.094342Z","level":"warning","event":"[SANITIZE] link_id=45730 field=maximum_speed suspicious sentinel value=999 -> NULL","logger":"lta_common","filename":"lta_common.py","lineno":143}
{"timestamp":"2026-04-15T11:48:38.094518Z","level":"warning","event":"[SANITIZE] link_id=45731 field=maximum_speed suspicious sentinel value=999 -> NULL","logger":"lta_common","filename":"lta_common.py","lineno":143}
{"timestamp":"2026-04-15T11:48:38.094575Z","level":"warning","event":"[SANITIZE] link_id=45732 field=maximum_speed suspicious sentinel value=999 -> NULL","logger":"lta_common","filename":"lta_common.py","lineno":143}
{"timestamp":"2026-04-15T11:48:38.094633Z","level":"warning","event":"[SANITIZE] link_id=45736 field=maximum_speed suspicious sentinel value=999 -> NULL","logger":"lta_common","filename":"lta_common.py","lineno":143}
{"timestamp":"2026-04-15T11:48:38.094682Z","level":"warning","event":"[SANITIZE] link_id=45738 field=maximum_speed suspicious sentinel value=999 -> NULL","logger":"lta_common","filename":"lta_common.py","lineno":143}
{"timestamp":"2026-04-15T11:48:38.094724Z","level":"warning","event":"[SANITIZE] link_id=45739 field=maximum_speed suspicious sentinel value=999 -> NULL","logger":"lta_common","filename":"lta_common.py","lineno":143}
{"timestamp":"2026-04-15T11:48:38.094766Z","level":"warning","event":"[SANITIZE] link_id=45740 field=maximum_speed suspicious sentinel value=999 -> NULL","logger":"lta_common","filename":"lta_common.py","lineno":143}
{"timestamp":"2026-04-15T11:48:38.094887Z","level":"warning","event":"[SANITIZE] link_id=45754 field=maximum_speed suspicious sentinel value=999 -> NULL","logger":"lta_common","filename":"lta_common.py","lineno":143}
{"timestamp":"2026-04-15T11:48:38.095104Z","level":"warning","event":"[SANITIZE] link_id=45785 field=maximum_speed suspicious sentinel value=999 -> NULL","logger":"lta_common","filename":"lta_common.py","lineno":143}
{"timestamp":"2026-04-15T11:48:38.095168Z","level":"warning","event":"[SANITIZE] link_id=45786 field=maximum_speed suspicious sentinel value=999 -> NULL","logger":"lta_common","filename":"lta_common.py","lineno":143}
{"timestamp":"2026-04-15T11:48:38.095209Z","level":"warning","event":"[SANITIZE] link_id=45787 field=maximum_speed suspicious sentinel value=999 -> NULL","logger":"lta_common","filename":"lta_common.py","lineno":143}
{"timestamp":"2026-04-15T11:48:38.095249Z","level":"warning","event":"[SANITIZE] link_id=45788 field=maximum_speed suspicious sentinel value=999 -> NULL","logger":"lta_common","filename":"lta_common.py","lineno":143}
{"timestamp":"2026-04-15T11:48:38.095289Z","level":"warning","event":"[SANITIZE] link_id=45789 field=maximum_speed suspicious sentinel value=999 -> NULL","logger":"lta_common","filename":"lta_common.py","lineno":143}
{"timestamp":"2026-04-15T11:48:38.095328Z","level":"warning","event":"[SANITIZE] link_id=45790 field=maximum_speed suspicious sentinel value=999 -> NULL","logger":"lta_common","filename":"lta_common.py","lineno":143}
{"timestamp":"2026-04-15T11:48:38.095372Z","level":"warning","event":"[SANITIZE] link_id=45795 field=maximum_speed suspicious sentinel value=999 -> NULL","logger":"lta_common","filename":"lta_common.py","lineno":143}
{"timestamp":"2026-04-15T11:48:38.095412Z","level":"warning","event":"[SANITIZE] link_id=45798 field=maximum_speed suspicious sentinel value=999 -> NULL","logger":"lta_common","filename":"lta_common.py","lineno":143}
{"timestamp":"2026-04-15T11:48:38.095451Z","level":"warning","event":"[SANITIZE] link_id=45799 field=maximum_speed suspicious sentinel value=999 -> NULL","logger":"lta_common","filename":"lta_common.py","lineno":143}
{"timestamp":"2026-04-15T11:48:38.095490Z","level":"warning","event":"[SANITIZE] link_id=45800 field=maximum_speed suspicious sentinel value=999 -> NULL","logger":"lta_common","filename":"lta_common.py","lineno":143}
{"timestamp":"2026-04-15T11:48:38.095530Z","level":"warning","event":"[SANITIZE] link_id=45801 field=maximum_speed suspicious sentinel value=999 -> NULL","logger":"lta_common","filename":"lta_common.py","lineno":143}
{"timestamp":"2026-04-15T11:48:38.095570Z","level":"warning","event":"[SANITIZE] link_id=45803 field=maximum_speed suspicious sentinel value=999 -> NULL","logger":"lta_common","filename":"lta_common.py","lineno":143}
{"timestamp":"2026-04-15T11:48:38.095611Z","level":"warning","event":"[SANITIZE] link_id=45804 field=maximum_speed suspicious sentinel value=999 -> NULL","logger":"lta_common","filename":"lta_common.py","lineno":143}
{"timestamp":"2026-04-15T11:48:38.095652Z","level":"warning","event":"[SANITIZE] link_id=45805 field=maximum_speed suspicious sentinel value=999 -> NULL","logger":"lta_common","filename":"lta_common.py","lineno":143}
{"timestamp":"2026-04-15T11:48:38.095696Z","level":"warning","event":"[SANITIZE] link_id=45807 field=maximum_speed suspicious sentinel value=999 -> NULL","logger":"lta_common","filename":"lta_common.py","lineno":143}
{"timestamp":"2026-04-15T11:48:38.095736Z","level":"warning","event":"[SANITIZE] link_id=45808 field=maximum_speed suspicious sentinel value=999 -> NULL","logger":"lta_common","filename":"lta_common.py","lineno":143}
{"timestamp":"2026-04-15T11:48:38.095774Z","level":"warning","event":"[SANITIZE] link_id=45809 field=maximum_speed suspicious sentinel value=999 -> NULL","logger":"lta_common","filename":"lta_common.py","lineno":143}
{"timestamp":"2026-04-15T11:48:38.095813Z","level":"warning","event":"[SANITIZE] link_id=45810 field=maximum_speed suspicious sentinel value=999 -> NULL","logger":"lta_common","filename":"lta_common.py","lineno":143}
{"timestamp":"2026-04-15T11:48:38.095851Z","level":"warning","event":"[SANITIZE] link_id=45811 field=maximum_speed suspicious sentinel value=999 -> NULL","logger":"lta_common","filename":"lta_common.py","lineno":143}
{"timestamp":"2026-04-15T11:48:38.095889Z","level":"warning","event":"[SANITIZE] link_id=45812 field=maximum_speed suspicious sentinel value=999 -> NULL","logger":"lta_common","filename":"lta_common.py","lineno":143}
{"timestamp":"2026-04-15T11:48:38.095958Z","level":"warning","event":"[SANITIZE] link_id=45816 field=maximum_speed suspicious sentinel value=999 -> NULL","logger":"lta_common","filename":"lta_common.py","lineno":143}
{"timestamp":"2026-04-15T11:48:38.095997Z","level":"warning","event":"[SANITIZE] link_id=45817 field=maximum_speed suspicious sentinel value=999 -> NULL","logger":"lta_common","filename":"lta_common.py","lineno":143}
{"timestamp":"2026-04-15T11:48:38.096037Z","level":"warning","event":"[SANITIZE] link_id=45818 field=maximum_speed suspicious sentinel value=999 -> NULL","logger":"lta_common","filename":"lta_common.py","lineno":143}
{"timestamp":"2026-04-15T11:48:38.096076Z","level":"warning","event":"[SANITIZE] link_id=45819 field=maximum_speed suspicious sentinel value=999 -> NULL","logger":"lta_common","filename":"lta_common.py","lineno":143}
{"timestamp":"2026-04-15T11:48:38.096116Z","level":"warning","event":"[SANITIZE] link_id=45820 field=maximum_speed suspicious sentinel value=999 -> NULL","logger":"lta_common","filename":"lta_common.py","lineno":143}
{"timestamp":"2026-04-15T11:48:38.096155Z","level":"warning","event":"[SANITIZE] link_id=45821 field=maximum_speed suspicious sentinel value=999 -> NULL","logger":"lta_common","filename":"lta_common.py","lineno":143}
{"timestamp":"2026-04-15T11:48:38.096195Z","level":"warning","event":"[SANITIZE] link_id=45822 field=maximum_speed suspicious sentinel value=999 -> NULL","logger":"lta_common","filename":"lta_common.py","lineno":143}
{"timestamp":"2026-04-15T11:48:38.096234Z","level":"warning","event":"[SANITIZE] link_id=45823 field=maximum_speed suspicious sentinel value=999 -> NULL","logger":"lta_common","filename":"lta_common.py","lineno":143}
{"timestamp":"2026-04-15T11:48:38.096273Z","level":"warning","event":"[SANITIZE] link_id=45824 field=maximum_speed suspicious sentinel value=999 -> NULL","logger":"lta_common","filename":"lta_common.py","lineno":143}
{"timestamp":"2026-04-15T11:48:38.096311Z","level":"warning","event":"[SANITIZE] link_id=45825 field=maximum_speed suspicious sentinel value=999 -> NULL","logger":"lta_common","filename":"lta_common.py","lineno":143}
{"timestamp":"2026-04-15T11:48:38.096350Z","level":"warning","event":"[SANITIZE] link_id=45826 field=maximum_speed suspicious sentinel value=999 -> NULL","logger":"lta_common","filename":"lta_common.py","lineno":143}
{"timestamp":"2026-04-15T11:48:38.096388Z","level":"warning","event":"[SANITIZE] link_id=45827 field=maximum_speed suspicious sentinel value=999 -> NULL","logger":"lta_common","filename":"lta_common.py","lineno":143}
{"timestamp":"2026-04-15T11:48:38.096426Z","level":"warning","event":"[SANITIZE] link_id=45828 field=maximum_speed suspicious sentinel value=999 -> NULL","logger":"lta_common","filename":"lta_common.py","lineno":143}
{"timestamp":"2026-04-15T11:48:38.096465Z","level":"warning","event":"[SANITIZE] link_id=45829 field=maximum_speed suspicious sentinel value=999 -> NULL","logger":"lta_common","filename":"lta_common.py","lineno":143}
{"timestamp":"2026-04-15T11:48:38.096505Z","level":"warning","event":"[SANITIZE] link_id=45830 field=maximum_speed suspicious sentinel value=999 -> NULL","logger":"lta_common","filename":"lta_common.py","lineno":143}
{"timestamp":"2026-04-15T11:48:38.096544Z","level":"warning","event":"[SANITIZE] link_id=45831 field=maximum_speed suspicious sentinel value=999 -> NULL","logger":"lta_common","filename":"lta_common.py","lineno":143}
{"timestamp":"2026-04-15T11:48:38.096583Z","level":"warning","event":"[SANITIZE] link_id=45832 field=maximum_speed suspicious sentinel value=999 -> NULL","logger":"lta_common","filename":"lta_common.py","lineno":143}
{"timestamp":"2026-04-15T11:48:38.096622Z","level":"warning","event":"[SANITIZE] link_id=45833 field=maximum_speed suspicious sentinel value=999 -> NULL","logger":"lta_common","filename":"lta_common.py","lineno":143}
{"timestamp":"2026-04-15T11:48:38.096660Z","level":"warning","event":"[SANITIZE] link_id=45834 field=maximum_speed suspicious sentinel value=999 -> NULL","logger":"lta_common","filename":"lta_common.py","lineno":143}
{"timestamp":"2026-04-15T11:48:38.096699Z","level":"warning","event":"[SANITIZE] link_id=45835 field=maximum_speed suspicious sentinel value=999 -> NULL","logger":"lta_common","filename":"lta_common.py","lineno":143}
{"timestamp":"2026-04-15T11:48:38.096740Z","level":"warning","event":"[SANITIZE] link_id=45836 field=maximum_speed suspicious sentinel value=999 -> NULL","logger":"lta_common","filename":"lta_common.py","lineno":143}
{"timestamp":"2026-04-15T11:48:38.096779Z","level":"warning","event":"[SANITIZE] link_id=45837 field=maximum_speed suspicious sentinel value=999 -> NULL","logger":"lta_common","filename":"lta_common.py","lineno":143}
{"timestamp":"2026-04-15T11:48:38.096818Z","level":"warning","event":"[SANITIZE] link_id=45838 field=maximum_speed suspicious sentinel value=999 -> NULL","logger":"lta_common","filename":"lta_common.py","lineno":143}
{"timestamp":"2026-04-15T11:48:38.096856Z","level":"warning","event":"[SANITIZE] link_id=45839 field=maximum_speed suspicious sentinel value=999 -> NULL","logger":"lta_common","filename":"lta_common.py","lineno":143}
{"timestamp":"2026-04-15T11:48:38.096894Z","level":"warning","event":"[SANITIZE] link_id=45840 field=maximum_speed suspicious sentinel value=999 -> NULL","logger":"lta_common","filename":"lta_common.py","lineno":143}
{"timestamp":"2026-04-15T11:48:38.096956Z","level":"warning","event":"[SANITIZE] link_id=45842 field=maximum_speed suspicious sentinel value=999 -> NULL","logger":"lta_common","filename":"lta_common.py","lineno":143}
{"timestamp":"2026-04-15T11:48:38.096995Z","level":"warning","event":"[SANITIZE] link_id=45843 field=maximum_speed suspicious sentinel value=999 -> NULL","logger":"lta_common","filename":"lta_common.py","lineno":143}
{"timestamp":"2026-04-15T11:48:38.097034Z","level":"warning","event":"[SANITIZE] link_id=45844 field=maximum_speed suspicious sentinel value=999 -> NULL","logger":"lta_common","filename":"lta_common.py","lineno":143}
{"timestamp":"2026-04-15T11:48:38.097077Z","level":"warning","event":"[SANITIZE] link_id=45846 field=maximum_speed suspicious sentinel value=999 -> NULL","logger":"lta_common","filename":"lta_common.py","lineno":143}
{"timestamp":"2026-04-15T11:48:38.097116Z","level":"warning","event":"[SANITIZE] link_id=45847 field=maximum_speed suspicious sentinel value=999 -> NULL","logger":"lta_common","filename":"lta_common.py","lineno":143}
{"timestamp":"2026-04-15T11:48:38.097156Z","level":"warning","event":"[SANITIZE] link_id=45848 field=maximum_speed suspicious sentinel value=999 -> NULL","logger":"lta_common","filename":"lta_common.py","lineno":143}
{"timestamp":"2026-04-15T11:48:38.097195Z","level":"warning","event":"[SANITIZE] link_id=45849 field=maximum_speed suspicious sentinel value=999 -> NULL","logger":"lta_common","filename":"lta_common.py","lineno":143}
{"timestamp":"2026-04-15T11:48:38.097256Z","level":"warning","event":"[SANITIZE] link_id=45856 field=maximum_speed suspicious sentinel value=999 -> NULL","logger":"lta_common","filename":"lta_common.py","lineno":143}
{"timestamp":"2026-04-15T11:48:38.097295Z","level":"warning","event":"[SANITIZE] link_id=45857 field=maximum_speed suspicious sentinel value=999 -> NULL","logger":"lta_common","filename":"lta_common.py","lineno":143}
{"timestamp":"2026-04-15T11:48:38.097333Z","level":"warning","event":"[SANITIZE] link_id=45858 field=maximum_speed suspicious sentinel value=999 -> NULL","logger":"lta_common","filename":"lta_common.py","lineno":143}
{"timestamp":"2026-04-15T11:48:38.097371Z","level":"warning","event":"[SANITIZE] link_id=45859 field=maximum_speed suspicious sentinel value=999 -> NULL","logger":"lta_common","filename":"lta_common.py","lineno":143}
{"timestamp":"2026-04-15T11:48:38.097409Z","level":"warning","event":"[SANITIZE] link_id=45861 field=maximum_speed suspicious sentinel value=999 -> NULL","logger":"lta_common","filename":"lta_common.py","lineno":143}
{"timestamp":"2026-04-15T11:48:38.097448Z","level":"warning","event":"[SANITIZE] link_id=45862 field=maximum_speed suspicious sentinel value=999 -> NULL","logger":"lta_common","filename":"lta_common.py","lineno":143}
{"timestamp":"2026-04-15T11:48:38.097486Z","level":"warning","event":"[SANITIZE] link_id=45863 field=maximum_speed suspicious sentinel value=999 -> NULL","logger":"lta_common","filename":"lta_common.py","lineno":143}
{"timestamp":"2026-04-15T11:48:38.097540Z","level":"warning","event":"[SANITIZE] link_id=45867 field=maximum_speed suspicious sentinel value=999 -> NULL","logger":"lta_common","filename":"lta_common.py","lineno":143}
{"timestamp":"2026-04-15T11:48:38.097594Z","level":"warning","event":"[SANITIZE] link_id=45871 field=maximum_speed suspicious sentinel value=999 -> NULL","logger":"lta_common","filename":"lta_common.py","lineno":143}
{"timestamp":"2026-04-15T11:48:38.097632Z","level":"warning","event":"[SANITIZE] link_id=45872 field=maximum_speed suspicious sentinel value=999 -> NULL","logger":"lta_common","filename":"lta_common.py","lineno":143}
{"timestamp":"2026-04-15T11:48:38.097670Z","level":"warning","event":"[SANITIZE] link_id=45873 field=maximum_speed suspicious sentinel value=999 -> NULL","logger":"lta_common","filename":"lta_common.py","lineno":143}
{"timestamp":"2026-04-15T11:48:38.097709Z","level":"warning","event":"[SANITIZE] link_id=45874 field=maximum_speed suspicious sentinel value=999 -> NULL","logger":"lta_common","filename":"lta_common.py","lineno":143}
{"timestamp":"2026-04-15T11:48:38.097764Z","level":"warning","event":"[SANITIZE] link_id=45878 field=maximum_speed suspicious sentinel value=999 -> NULL","logger":"lta_common","filename":"lta_common.py","lineno":143}
{"timestamp":"2026-04-15T11:48:38.097807Z","level":"warning","event":"[SANITIZE] link_id=45880 field=maximum_speed suspicious sentinel value=999 -> NULL","logger":"lta_common","filename":"lta_common.py","lineno":143}
{"timestamp":"2026-04-15T11:48:38.097881Z","level":"warning","event":"[SANITIZE] link_id=45890 field=maximum_speed suspicious sentinel value=999 -> NULL","logger":"lta_common","filename":"lta_common.py","lineno":143}
{"timestamp":"2026-04-15T11:48:38.097979Z","level":"warning","event":"[SANITIZE] link_id=45906 field=maximum_speed suspicious sentinel value=999 -> NULL","logger":"lta_common","filename":"lta_common.py","lineno":143}
{"timestamp":"2026-04-15T11:48:38.098013Z","level":"warning","event":"[SANITIZE] link_id=45907 field=maximum_speed suspicious sentinel value=999 -> NULL","logger":"lta_common","filename":"lta_common.py","lineno":143}
{"timestamp":"2026-04-15T11:48:38.098060Z","level":"warning","event":"[SANITIZE] link_id=45912 field=maximum_speed suspicious sentinel value=999 -> NULL","logger":"lta_common","filename":"lta_common.py","lineno":143}
{"timestamp":"2026-04-15T11:48:38.098129Z","level":"warning","event":"[SANITIZE] link_id=45928 field=maximum_speed suspicious sentinel value=999 -> NULL","logger":"lta_common","filename":"lta_common.py","lineno":143}
{"timestamp":"2026-04-15T11:48:38.098175Z","level":"warning","event":"[SANITIZE] link_id=45932 field=maximum_speed suspicious sentinel value=999 -> NULL","logger":"lta_common","filename":"lta_common.py","lineno":143}
{"timestamp":"2026-04-15T11:48:38.098208Z","level":"warning","event":"[SANITIZE] link_id=45933 field=maximum_speed suspicious sentinel value=999 -> NULL","logger":"lta_common","filename":"lta_common.py","lineno":143}
{"timestamp":"2026-04-15T11:48:38.098262Z","level":"warning","event":"[SANITIZE] link_id=45943 field=maximum_speed suspicious sentinel value=999 -> NULL","logger":"lta_common","filename":"lta_common.py","lineno":143}
{"timestamp":"2026-04-15T11:48:38.098322Z","level":"warning","event":"[SANITIZE] link_id=45950 field=maximum_speed suspicious sentinel value=999 -> NULL","logger":"lta_common","filename":"lta_common.py","lineno":143}
{"timestamp":"2026-04-15T11:48:38.098360Z","level":"warning","event":"[SANITIZE] link_id=45952 field=maximum_speed suspicious sentinel value=999 -> NULL","logger":"lta_common","filename":"lta_common.py","lineno":143}
{"timestamp":"2026-04-15T11:48:38.098398Z","level":"warning","event":"[SANITIZE] link_id=45954 field=maximum_speed suspicious sentinel value=999 -> NULL","logger":"lta_common","filename":"lta_common.py","lineno":143}
{"timestamp":"2026-04-15T11:48:38.098432Z","level":"warning","event":"[SANITIZE] link_id=45955 field=maximum_speed suspicious sentinel value=999 -> NULL","logger":"lta_common","filename":"lta_common.py","lineno":143}
{"timestamp":"2026-04-15T11:48:38.098465Z","level":"warning","event":"[SANITIZE] link_id=45956 field=maximum_speed suspicious sentinel value=999 -> NULL","logger":"lta_common","filename":"lta_common.py","lineno":143}
{"timestamp":"2026-04-15T11:48:38.098498Z","level":"warning","event":"[SANITIZE] link_id=45957 field=maximum_speed suspicious sentinel value=999 -> NULL","logger":"lta_common","filename":"lta_common.py","lineno":143}
{"timestamp":"2026-04-15T11:48:38.098545Z","level":"warning","event":"[SANITIZE] link_id=45963 field=maximum_speed suspicious sentinel value=999 -> NULL","logger":"lta_common","filename":"lta_common.py","lineno":143}
{"timestamp":"2026-04-15T11:48:38.098625Z","level":"warning","event":"[SANITIZE] link_id=45974 field=maximum_speed suspicious sentinel value=999 -> NULL","logger":"lta_common","filename":"lta_common.py","lineno":143}
{"timestamp":"2026-04-15T11:48:38.098660Z","level":"warning","event":"[SANITIZE] link_id=45975 field=maximum_speed suspicious sentinel value=999 -> NULL","logger":"lta_common","filename":"lta_common.py","lineno":143}
{"timestamp":"2026-04-15T11:48:38.098694Z","level":"warning","event":"[SANITIZE] link_id=45976 field=maximum_speed suspicious sentinel value=999 -> NULL","logger":"lta_common","filename":"lta_common.py","lineno":143}
{"timestamp":"2026-04-15T11:48:38.098727Z","level":"warning","event":"[SANITIZE] link_id=45977 field=maximum_speed suspicious sentinel value=999 -> NULL","logger":"lta_common","filename":"lta_common.py","lineno":143}
{"timestamp":"2026-04-15T11:48:38.098764Z","level":"warning","event":"[SANITIZE] link_id=45979 field=maximum_speed suspicious sentinel value=999 -> NULL","logger":"lta_common","filename":"lta_common.py","lineno":143}
{"timestamp":"2026-04-15T11:48:38.098802Z","level":"warning","event":"[SANITIZE] link_id=45981 field=maximum_speed suspicious sentinel value=999 -> NULL","logger":"lta_common","filename":"lta_common.py","lineno":143}
{"timestamp":"2026-04-15T11:48:38.098852Z","level":"warning","event":"[SANITIZE] link_id=45986 field=maximum_speed suspicious sentinel value=999 -> NULL","logger":"lta_common","filename":"lta_common.py","lineno":143}
{"timestamp":"2026-04-15T11:48:38.098886Z","level":"warning","event":"[SANITIZE] link_id=45987 field=maximum_speed suspicious sentinel value=999 -> NULL","logger":"lta_common","filename":"lta_common.py","lineno":143}
{"timestamp":"2026-04-15T11:48:38.098948Z","level":"warning","event":"[SANITIZE] link_id=45988 field=maximum_speed suspicious sentinel value=999 -> NULL","logger":"lta_common","filename":"lta_common.py","lineno":143}
{"timestamp":"2026-04-15T11:48:38.099005Z","level":"warning","event":"[SANITIZE] link_id=45990 field=maximum_speed suspicious sentinel value=999 -> NULL","logger":"lta_common","filename":"lta_common.py","lineno":143}
{"timestamp":"2026-04-15T11:48:38.099048Z","level":"warning","event":"[SANITIZE] link_id=45991 field=maximum_speed suspicious sentinel value=999 -> NULL","logger":"lta_common","filename":"lta_common.py","lineno":143}
{"timestamp":"2026-04-15T11:48:38.099091Z","level":"warning","event":"[SANITIZE] link_id=45995 field=maximum_speed suspicious sentinel value=999 -> NULL","logger":"lta_common","filename":"lta_common.py","lineno":143}
{"timestamp":"2026-04-15T11:48:38.099129Z","level":"warning","event":"[SANITIZE] link_id=45997 field=maximum_speed suspicious sentinel value=999 -> NULL","logger":"lta_common","filename":"lta_common.py","lineno":143}
{"timestamp":"2026-04-15T11:48:38.099166Z","level":"warning","event":"[SANITIZE] link_id=45999 field=maximum_speed suspicious sentinel value=999 -> NULL","logger":"lta_common","filename":"lta_common.py","lineno":143}
{"timestamp":"2026-04-15T11:48:38.099210Z","level":"warning","event":"[SANITIZE] link_id=46002 field=maximum_speed suspicious sentinel value=999 -> NULL","logger":"lta_common","filename":"lta_common.py","lineno":143}
{"timestamp":"2026-04-15T11:48:38.099252Z","level":"warning","event":"[SANITIZE] link_id=46006 field=maximum_speed suspicious sentinel value=999 -> NULL","logger":"lta_common","filename":"lta_common.py","lineno":143}
{"timestamp":"2026-04-15T11:48:38.099286Z","level":"warning","event":"[SANITIZE] link_id=46007 field=maximum_speed suspicious sentinel value=999 -> NULL","logger":"lta_common","filename":"lta_common.py","lineno":143}
{"timestamp":"2026-04-15T11:48:38.099318Z","level":"warning","event":"[SANITIZE] link_id=46008 field=maximum_speed suspicious sentinel value=999 -> NULL","logger":"lta_common","filename":"lta_common.py","lineno":143}
{"timestamp":"2026-04-15T11:48:38.099351Z","level":"warning","event":"[SANITIZE] link_id=46009 field=maximum_speed suspicious sentinel value=999 -> NULL","logger":"lta_common","filename":"lta_common.py","lineno":143}
{"timestamp":"2026-04-15T11:48:38.099393Z","level":"warning","event":"[SANITIZE] link_id=46012 field=maximum_speed suspicious sentinel value=999 -> NULL","logger":"lta_common","filename":"lta_common.py","lineno":143}
{"timestamp":"2026-04-15T11:48:38.099430Z","level":"warning","event":"[SANITIZE] link_id=46014 field=maximum_speed suspicious sentinel value=999 -> NULL","logger":"lta_common","filename":"lta_common.py","lineno":143}
{"timestamp":"2026-04-15T11:48:38.099463Z","level":"warning","event":"[SANITIZE] link_id=46015 field=maximum_speed suspicious sentinel value=999 -> NULL","logger":"lta_common","filename":"lta_common.py","lineno":143}
{"timestamp":"2026-04-15T11:48:38.099497Z","level":"warning","event":"[SANITIZE] link_id=46016 field=maximum_speed suspicious sentinel value=999 -> NULL","logger":"lta_common","filename":"lta_common.py","lineno":143}
{"timestamp":"2026-04-15T11:48:38.099763Z","level":"warning","event":"[SANITIZE] link_id=46083 field=maximum_speed suspicious sentinel value=999 -> NULL","logger":"lta_common","filename":"lta_common.py","lineno":143}
{"timestamp":"2026-04-15T11:48:38.099797Z","level":"warning","event":"[SANITIZE] link_id=46084 field=maximum_speed suspicious sentinel value=999 -> NULL","logger":"lta_common","filename":"lta_common.py","lineno":143}
{"timestamp":"2026-04-15T11:48:38.099830Z","level":"warning","event":"[SANITIZE] link_id=46085 field=maximum_speed suspicious sentinel value=999 -> NULL","logger":"lta_common","filename":"lta_common.py","lineno":143}
{"timestamp":"2026-04-15T11:48:38.099873Z","level":"warning","event":"[SANITIZE] link_id=46088 field=maximum_speed suspicious sentinel value=999 -> NULL","logger":"lta_common","filename":"lta_common.py","lineno":143}
{"timestamp":"2026-04-15T11:48:38.099919Z","level":"warning","event":"[SANITIZE] link_id=46089 field=maximum_speed suspicious sentinel value=999 -> NULL","logger":"lta_common","filename":"lta_common.py","lineno":143}
{"timestamp":"2026-04-15T11:48:38.099954Z","level":"warning","event":"[SANITIZE] link_id=46090 field=maximum_speed suspicious sentinel value=999 -> NULL","logger":"lta_common","filename":"lta_common.py","lineno":143}
{"timestamp":"2026-04-15T11:48:38.099988Z","level":"warning","event":"[SANITIZE] link_id=46091 field=maximum_speed suspicious sentinel value=999 -> NULL","logger":"lta_common","filename":"lta_common.py","lineno":143}
{"timestamp":"2026-04-15T11:48:38.100022Z","level":"warning","event":"[SANITIZE] link_id=46092 field=maximum_speed suspicious sentinel value=999 -> NULL","logger":"lta_common","filename":"lta_common.py","lineno":143}
{"timestamp":"2026-04-15T11:48:38.100055Z","level":"warning","event":"[SANITIZE] link_id=46093 field=maximum_speed suspicious sentinel value=999 -> NULL","logger":"lta_common","filename":"lta_common.py","lineno":143}
{"timestamp":"2026-04-15T11:48:38.100098Z","level":"warning","event":"[SANITIZE] link_id=46096 field=maximum_speed suspicious sentinel value=999 -> NULL","logger":"lta_common","filename":"lta_common.py","lineno":143}
{"timestamp":"2026-04-15T11:48:38.100135Z","level":"warning","event":"[SANITIZE] link_id=46098 field=maximum_speed suspicious sentinel value=999 -> NULL","logger":"lta_common","filename":"lta_common.py","lineno":143}
{"timestamp":"2026-04-15T11:48:38.100169Z","level":"warning","event":"[SANITIZE] link_id=46099 field=maximum_speed suspicious sentinel value=999 -> NULL","logger":"lta_common","filename":"lta_common.py","lineno":143}
{"timestamp":"2026-04-15T11:48:38.100211Z","level":"warning","event":"[SANITIZE] link_id=46102 field=maximum_speed suspicious sentinel value=999 -> NULL","logger":"lta_common","filename":"lta_common.py","lineno":143}
{"timestamp":"2026-04-15T11:48:38.100253Z","level":"warning","event":"[SANITIZE] link_id=46104 field=maximum_speed suspicious sentinel value=999 -> NULL","logger":"lta_common","filename":"lta_common.py","lineno":143}
{"timestamp":"2026-04-15T11:48:38.100332Z","level":"warning","event":"[SANITIZE] link_id=46115 field=maximum_speed suspicious sentinel value=999 -> NULL","logger":"lta_common","filename":"lta_common.py","lineno":143}
{"timestamp":"2026-04-15T11:48:38.100374Z","level":"warning","event":"[SANITIZE] link_id=46118 field=maximum_speed suspicious sentinel value=999 -> NULL","logger":"lta_common","filename":"lta_common.py","lineno":143}
{"timestamp":"2026-04-15T11:48:38.100627Z","level":"warning","event":"[SANITIZE] link_id=46168 field=maximum_speed suspicious sentinel value=999 -> NULL","logger":"lta_common","filename":"lta_common.py","lineno":143}
{"timestamp":"2026-04-15T11:48:38.100663Z","level":"warning","event":"[SANITIZE] link_id=46169 field=maximum_speed suspicious sentinel value=999 -> NULL","logger":"lta_common","filename":"lta_common.py","lineno":143}
{"timestamp":"2026-04-15T11:48:38.100704Z","level":"warning","event":"[SANITIZE] link_id=46170 field=maximum_speed suspicious sentinel value=999 -> NULL","logger":"lta_common","filename":"lta_common.py","lineno":143}
{"timestamp":"2026-04-15T11:48:38.100743Z","level":"warning","event":"[SANITIZE] link_id=46172 field=maximum_speed suspicious sentinel value=999 -> NULL","logger":"lta_common","filename":"lta_common.py","lineno":143}
{"timestamp":"2026-04-15T11:48:38.100776Z","level":"warning","event":"[SANITIZE] link_id=46173 field=maximum_speed suspicious sentinel value=999 -> NULL","logger":"lta_common","filename":"lta_common.py","lineno":143}
{"timestamp":"2026-04-15T11:48:38.100809Z","level":"warning","event":"[SANITIZE] link_id=46174 field=maximum_speed suspicious sentinel value=999 -> NULL","logger":"lta_common","filename":"lta_common.py","lineno":143}
{"timestamp":"2026-04-15T11:48:38.100841Z","level":"warning","event":"[SANITIZE] link_id=46175 field=maximum_speed suspicious sentinel value=999 -> NULL","logger":"lta_common","filename":"lta_common.py","lineno":143}
{"timestamp":"2026-04-15T11:48:38.100874Z","level":"warning","event":"[SANITIZE] link_id=46176 field=maximum_speed suspicious sentinel value=999 -> NULL","logger":"lta_common","filename":"lta_common.py","lineno":143}
{"timestamp":"2026-04-15T11:48:38.100939Z","level":"warning","event":"[SANITIZE] link_id=46181 field=maximum_speed suspicious sentinel value=999 -> NULL","logger":"lta_common","filename":"lta_common.py","lineno":143}
{"timestamp":"2026-04-15T11:48:38.100973Z","level":"warning","event":"[SANITIZE] link_id=46182 field=maximum_speed suspicious sentinel value=999 -> NULL","logger":"lta_common","filename":"lta_common.py","lineno":143}
{"timestamp":"2026-04-15T11:48:38.101006Z","level":"warning","event":"[SANITIZE] link_id=46183 field=maximum_speed suspicious sentinel value=999 -> NULL","logger":"lta_common","filename":"lta_common.py","lineno":143}
{"timestamp":"2026-04-15T11:48:38.101039Z","level":"warning","event":"[SANITIZE] link_id=46184 field=maximum_speed suspicious sentinel value=999 -> NULL","logger":"lta_common","filename":"lta_common.py","lineno":143}
{"timestamp":"2026-04-15T11:48:38.101072Z","level":"warning","event":"[SANITIZE] link_id=46185 field=maximum_speed suspicious sentinel value=999 -> NULL","logger":"lta_common","filename":"lta_common.py","lineno":143}
{"timestamp":"2026-04-15T11:48:38.101104Z","level":"warning","event":"[SANITIZE] link_id=46186 field=maximum_speed suspicious sentinel value=999 -> NULL","logger":"lta_common","filename":"lta_common.py","lineno":143}
{"timestamp":"2026-04-15T11:48:38.101137Z","level":"warning","event":"[SANITIZE] link_id=46187 field=maximum_speed suspicious sentinel value=999 -> NULL","logger":"lta_common","filename":"lta_common.py","lineno":143}
{"timestamp":"2026-04-15T11:48:38.101179Z","level":"warning","event":"[SANITIZE] link_id=46190 field=maximum_speed suspicious sentinel value=999 -> NULL","logger":"lta_common","filename":"lta_common.py","lineno":143}
{"timestamp":"2026-04-15T11:48:38.101211Z","level":"warning","event":"[SANITIZE] link_id=46191 field=maximum_speed suspicious sentinel value=999 -> NULL","logger":"lta_common","filename":"lta_common.py","lineno":143}
{"timestamp":"2026-04-15T11:48:38.101254Z","level":"warning","event":"[SANITIZE] link_id=46194 field=maximum_speed suspicious sentinel value=999 -> NULL","logger":"lta_common","filename":"lta_common.py","lineno":143}
{"timestamp":"2026-04-15T11:48:38.101291Z","level":"warning","event":"[SANITIZE] link_id=46196 field=maximum_speed suspicious sentinel value=999 -> NULL","logger":"lta_common","filename":"lta_common.py","lineno":143}
{"timestamp":"2026-04-15T11:48:38.101324Z","level":"warning","event":"[SANITIZE] link_id=46197 field=maximum_speed suspicious sentinel value=999 -> NULL","logger":"lta_common","filename":"lta_common.py","lineno":143}
{"timestamp":"2026-04-15T11:48:38.101357Z","level":"warning","event":"[SANITIZE] link_id=46198 field=maximum_speed suspicious sentinel value=999 -> NULL","logger":"lta_common","filename":"lta_common.py","lineno":143}
{"timestamp":"2026-04-15T11:48:38.101390Z","level":"warning","event":"[SANITIZE] link_id=46199 field=maximum_speed suspicious sentinel value=999 -> NULL","logger":"lta_common","filename":"lta_common.py","lineno":143}
{"timestamp":"2026-04-15T11:48:38.101431Z","level":"warning","event":"[SANITIZE] link_id=46202 field=maximum_speed suspicious sentinel value=999 -> NULL","logger":"lta_common","filename":"lta_common.py","lineno":143}
{"timestamp":"2026-04-15T11:48:38.101486Z","level":"warning","event":"[SANITIZE] link_id=46208 field=maximum_speed suspicious sentinel value=999 -> NULL","logger":"lta_common","filename":"lta_common.py","lineno":143}
{"timestamp":"2026-04-15T11:48:38.101528Z","level":"warning","event":"[SANITIZE] link_id=46211 field=maximum_speed suspicious sentinel value=999 -> NULL","logger":"lta_common","filename":"lta_common.py","lineno":143}
{"timestamp":"2026-04-15T11:48:38.101560Z","level":"warning","event":"[SANITIZE] link_id=46212 field=maximum_speed suspicious sentinel value=999 -> NULL","logger":"lta_common","filename":"lta_common.py","lineno":143}
{"timestamp":"2026-04-15T11:48:38.101607Z","level":"warning","event":"[SANITIZE] link_id=46217 field=maximum_speed suspicious sentinel value=999 -> NULL","logger":"lta_common","filename":"lta_common.py","lineno":143}
{"timestamp":"2026-04-15T11:48:38.101640Z","level":"warning","event":"[SANITIZE] link_id=46218 field=maximum_speed suspicious sentinel value=999 -> NULL","logger":"lta_common","filename":"lta_common.py","lineno":143}
{"timestamp":"2026-04-15T11:48:38.101674Z","level":"warning","event":"[SANITIZE] link_id=46219 field=maximum_speed suspicious sentinel value=999 -> NULL","logger":"lta_common","filename":"lta_common.py","lineno":143}
{"timestamp":"2026-04-15T11:48:38.101707Z","level":"warning","event":"[SANITIZE] link_id=46220 field=maximum_speed suspicious sentinel value=999 -> NULL","logger":"lta_common","filename":"lta_common.py","lineno":143}
{"timestamp":"2026-04-15T11:48:38.101740Z","level":"warning","event":"[SANITIZE] link_id=46223 field=maximum_speed suspicious sentinel value=999 -> NULL","logger":"lta_common","filename":"lta_common.py","lineno":143}
{"timestamp":"2026-04-15T11:48:38.101773Z","level":"warning","event":"[SANITIZE] link_id=46224 field=maximum_speed suspicious sentinel value=999 -> NULL","logger":"lta_common","filename":"lta_common.py","lineno":143}
{"timestamp":"2026-04-15T11:48:38.101828Z","level":"warning","event":"[SANITIZE] link_id=46230 field=maximum_speed suspicious sentinel value=999 -> NULL","logger":"lta_common","filename":"lta_common.py","lineno":143}
{"timestamp":"2026-04-15T11:48:38.101866Z","level":"warning","event":"[SANITIZE] link_id=46232 field=maximum_speed suspicious sentinel value=999 -> NULL","logger":"lta_common","filename":"lta_common.py","lineno":143}
{"timestamp":"2026-04-15T11:48:38.101994Z","level":"warning","event":"[SANITIZE] link_id=46254 field=maximum_speed suspicious sentinel value=999 -> NULL","logger":"lta_common","filename":"lta_common.py","lineno":143}
{"timestamp":"2026-04-15T11:48:38.102028Z","level":"warning","event":"[SANITIZE] link_id=46255 field=maximum_speed suspicious sentinel value=999 -> NULL","logger":"lta_common","filename":"lta_common.py","lineno":143}
{"timestamp":"2026-04-15T11:48:38.102083Z","level":"warning","event":"[SANITIZE] link_id=46263 field=maximum_speed suspicious sentinel value=999 -> NULL","logger":"lta_common","filename":"lta_common.py","lineno":143}
{"timestamp":"2026-04-15T11:48:38.102116Z","level":"warning","event":"[SANITIZE] link_id=46264 field=maximum_speed suspicious sentinel value=999 -> NULL","logger":"lta_common","filename":"lta_common.py","lineno":143}
{"timestamp":"2026-04-15T11:48:38.102149Z","level":"warning","event":"[SANITIZE] link_id=46265 field=maximum_speed suspicious sentinel value=999 -> NULL","logger":"lta_common","filename":"lta_common.py","lineno":143}
{"timestamp":"2026-04-15T11:48:38.102182Z","level":"warning","event":"[SANITIZE] link_id=46266 field=maximum_speed suspicious sentinel value=999 -> NULL","logger":"lta_common","filename":"lta_common.py","lineno":143}
{"timestamp":"2026-04-15T11:48:38.102767Z","level":"info","event":"[CLEAN DONE] rows=500 | null_speed_band=0 | null_minimum_speed=0 | null_maximum_speed=168","logger":"lta_common","filename":"lta_common.py","lineno":238}
{"timestamp":"2026-04-15T11:48:38.104234Z","level":"info","event":"STEP 5: built cleaned snapshot dataframe rows=500","logger":"unusual_prefix_faea391ec71b1d4b4651510353e4a48d62001c31_2_refresh_traffic_speed","filename":"2_refresh_traffic_speed.py","lineno":44}
{"timestamp":"2026-04-15T11:48:38.104726Z","level":"info","event":"[LATEST PREP] rows=500 | missing_measurement_rows=0","logger":"lta_common","filename":"lta_common.py","lineno":271}
{"timestamp":"2026-04-15T11:48:38.105113Z","level":"info","event":"[UPSERT START] upserting 500 rows into traffic_speed_latest","logger":"lta_common","filename":"lta_common.py","lineno":348}
{"timestamp":"2026-04-15T11:48:38.105572Z","level":"info","event":"[UPSERT DEBUG] max_link_id=46279 | min_link_id=45722 | max_speed_band=8 | min_speed_band=1 | max_minimum_speed=70 | min_minimum_speed=0 | max_maximum_speed=69.0 | min_maximum_speed=9.0","logger":"lta_common","filename":"lta_common.py","lineno":350}
{"timestamp":"2026-04-15T11:48:38.535837Z","level":"info","event":"[UPSERT DONE] upserted=500 rows into traffic_speed_latest","logger":"lta_common","filename":"lta_common.py","lineno":388}
{"timestamp":"2026-04-15T11:48:38.537876Z","level":"info","event":"[SAVE START] inserting 500 rows into traffic_speed_recent","logger":"lta_common","filename":"lta_common.py","lineno":319}
{"timestamp":"2026-04-15T11:48:39.129666Z","level":"info","event":"[SAVE DONE] inserted=500 rows into traffic_speed_recent","logger":"lta_common","filename":"lta_common.py","lineno":337}
{"timestamp":"2026-04-15T11:48:39.129893Z","level":"info","event":"STEP 6: page saved skip=30500 | pages=62 | latest_rows=31000 | recent_rows=31000","logger":"unusual_prefix_faea391ec71b1d4b4651510353e4a48d62001c31_2_refresh_traffic_speed","filename":"2_refresh_traffic_speed.py","lineno":56}
{"timestamp":"2026-04-15T11:48:39.129969Z","level":"info","event":"========== PAGE START ==========","logger":"lta_common","filename":"lta_common.py","lineno":53}
{"timestamp":"2026-04-15T11:48:39.130010Z","level":"info","event":"[FETCH] requesting rows 31000–31499","logger":"lta_common","filename":"lta_common.py","lineno":54}
{"timestamp":"2026-04-15T11:48:39.130059Z","level":"info","event":"Fetching page from LTA: skip=31000","logger":"lta_common","filename":"lta_common.py","lineno":36}
{"timestamp":"2026-04-15T11:48:39.402603Z","level":"info","event":"Retrieved 500 rows from LTA at skip=31000","logger":"lta_common","filename":"lta_common.py","lineno":44}
{"timestamp":"2026-04-15T11:48:39.403700Z","level":"info","event":"[FETCH DONE] retrieved=500 rows at skip=31000","logger":"lta_common","filename":"lta_common.py","lineno":59}
{"timestamp":"2026-04-15T11:48:39.403829Z","level":"info","event":"STEP 4: processing page skip=31000 rows=500","logger":"unusual_prefix_faea391ec71b1d4b4651510353e4a48d62001c31_2_refresh_traffic_speed","filename":"2_refresh_traffic_speed.py","lineno":41}
{"timestamp":"2026-04-15T11:48:39.409699Z","level":"warning","event":"[SANITIZE] link_id=46298 field=maximum_speed suspicious sentinel value=999 -> NULL","logger":"lta_common","filename":"lta_common.py","lineno":143}
{"timestamp":"2026-04-15T11:48:39.409747Z","level":"warning","event":"[SANITIZE] link_id=46299 field=maximum_speed suspicious sentinel value=999 -> NULL","logger":"lta_common","filename":"lta_common.py","lineno":143}
{"timestamp":"2026-04-15T11:48:39.409773Z","level":"warning","event":"[SANITIZE] link_id=46300 field=maximum_speed suspicious sentinel value=999 -> NULL","logger":"lta_common","filename":"lta_common.py","lineno":143}
{"timestamp":"2026-04-15T11:48:39.409796Z","level":"warning","event":"[SANITIZE] link_id=46303 field=maximum_speed suspicious sentinel value=999 -> NULL","logger":"lta_common","filename":"lta_common.py","lineno":143}
{"timestamp":"2026-04-15T11:48:39.409826Z","level":"warning","event":"[SANITIZE] link_id=46306 field=maximum_speed suspicious sentinel value=999 -> NULL","logger":"lta_common","filename":"lta_common.py","lineno":143}
{"timestamp":"2026-04-15T11:48:39.409851Z","level":"warning","event":"[SANITIZE] link_id=46308 field=maximum_speed suspicious sentinel value=999 -> NULL","logger":"lta_common","filename":"lta_common.py","lineno":143}
{"timestamp":"2026-04-15T11:48:39.409872Z","level":"warning","event":"[SANITIZE] link_id=46309 field=maximum_speed suspicious sentinel value=999 -> NULL","logger":"lta_common","filename":"lta_common.py","lineno":143}
{"timestamp":"2026-04-15T11:48:39.409896Z","level":"warning","event":"[SANITIZE] link_id=46311 field=maximum_speed suspicious sentinel value=999 -> NULL","logger":"lta_common","filename":"lta_common.py","lineno":143}
{"timestamp":"2026-04-15T11:48:39.409927Z","level":"warning","event":"[SANITIZE] link_id=46312 field=maximum_speed suspicious sentinel value=999 -> NULL","logger":"lta_common","filename":"lta_common.py","lineno":143}
{"timestamp":"2026-04-15T11:48:39.409965Z","level":"warning","event":"[SANITIZE] link_id=46318 field=maximum_speed suspicious sentinel value=999 -> NULL","logger":"lta_common","filename":"lta_common.py","lineno":143}
{"timestamp":"2026-04-15T11:48:39.409988Z","level":"warning","event":"[SANITIZE] link_id=46319 field=maximum_speed suspicious sentinel value=999 -> NULL","logger":"lta_common","filename":"lta_common.py","lineno":143}
{"timestamp":"2026-04-15T11:48:39.410022Z","level":"warning","event":"[SANITIZE] link_id=46324 field=maximum_speed suspicious sentinel value=999 -> NULL","logger":"lta_common","filename":"lta_common.py","lineno":143}
{"timestamp":"2026-04-15T11:48:39.410045Z","level":"warning","event":"[SANITIZE] link_id=46325 field=maximum_speed suspicious sentinel value=999 -> NULL","logger":"lta_common","filename":"lta_common.py","lineno":143}
{"timestamp":"2026-04-15T11:48:39.410065Z","level":"warning","event":"[SANITIZE] link_id=46326 field=maximum_speed suspicious sentinel value=999 -> NULL","logger":"lta_common","filename":"lta_common.py","lineno":143}
{"timestamp":"2026-04-15T11:48:39.410086Z","level":"warning","event":"[SANITIZE] link_id=46327 field=maximum_speed suspicious sentinel value=999 -> NULL","logger":"lta_common","filename":"lta_common.py","lineno":143}
{"timestamp":"2026-04-15T11:48:39.410109Z","level":"warning","event":"[SANITIZE] link_id=46328 field=maximum_speed suspicious sentinel value=999 -> NULL","logger":"lta_common","filename":"lta_common.py","lineno":143}
{"timestamp":"2026-04-15T11:48:39.410130Z","level":"warning","event":"[SANITIZE] link_id=46331 field=maximum_speed suspicious sentinel value=999 -> NULL","logger":"lta_common","filename":"lta_common.py","lineno":143}
{"timestamp":"2026-04-15T11:48:39.410156Z","level":"warning","event":"[SANITIZE] link_id=46333 field=maximum_speed suspicious sentinel value=999 -> NULL","logger":"lta_common","filename":"lta_common.py","lineno":143}
{"timestamp":"2026-04-15T11:48:39.410178Z","level":"warning","event":"[SANITIZE] link_id=46334 field=maximum_speed suspicious sentinel value=999 -> NULL","logger":"lta_common","filename":"lta_common.py","lineno":143}
{"timestamp":"2026-04-15T11:48:39.410212Z","level":"warning","event":"[SANITIZE] link_id=46340 field=maximum_speed suspicious sentinel value=999 -> NULL","logger":"lta_common","filename":"lta_common.py","lineno":143}
{"timestamp":"2026-04-15T11:48:39.410235Z","level":"warning","event":"[SANITIZE] link_id=46341 field=maximum_speed suspicious sentinel value=999 -> NULL","logger":"lta_common","filename":"lta_common.py","lineno":143}
{"timestamp":"2026-04-15T11:48:39.410256Z","level":"warning","event":"[SANITIZE] link_id=46342 field=maximum_speed suspicious sentinel value=999 -> NULL","logger":"lta_common","filename":"lta_common.py","lineno":143}
{"timestamp":"2026-04-15T11:48:39.410282Z","level":"warning","event":"[SANITIZE] link_id=46347 field=maximum_speed suspicious sentinel value=999 -> NULL","logger":"lta_common","filename":"lta_common.py","lineno":143}
{"timestamp":"2026-04-15T11:48:39.410306Z","level":"warning","event":"[SANITIZE] link_id=46349 field=maximum_speed suspicious sentinel value=999 -> NULL","logger":"lta_common","filename":"lta_common.py","lineno":143}
{"timestamp":"2026-04-15T11:48:39.410345Z","level":"warning","event":"[SANITIZE] link_id=46356 field=maximum_speed suspicious sentinel value=999 -> NULL","logger":"lta_common","filename":"lta_common.py","lineno":143}
{"timestamp":"2026-04-15T11:48:39.410380Z","level":"warning","event":"[SANITIZE] link_id=46358 field=maximum_speed suspicious sentinel value=999 -> NULL","logger":"lta_common","filename":"lta_common.py","lineno":143}
{"timestamp":"2026-04-15T11:48:39.410414Z","level":"warning","event":"[SANITIZE] link_id=46361 field=maximum_speed suspicious sentinel value=999 -> NULL","logger":"lta_common","filename":"lta_common.py","lineno":143}
{"timestamp":"2026-04-15T11:48:39.410481Z","level":"warning","event":"[SANITIZE] link_id=46378 field=maximum_speed suspicious sentinel value=999 -> NULL","logger":"lta_common","filename":"lta_common.py","lineno":143}
{"timestamp":"2026-04-15T11:48:39.410503Z","level":"warning","event":"[SANITIZE] link_id=46379 field=maximum_speed suspicious sentinel value=999 -> NULL","logger":"lta_common","filename":"lta_common.py","lineno":143}
{"timestamp":"2026-04-15T11:48:39.410525Z","level":"warning","event":"[SANITIZE] link_id=46380 field=maximum_speed suspicious sentinel value=999 -> NULL","logger":"lta_common","filename":"lta_common.py","lineno":143}
{"timestamp":"2026-04-15T11:48:39.410548Z","level":"warning","event":"[SANITIZE] link_id=46381 field=maximum_speed suspicious sentinel value=999 -> NULL","logger":"lta_common","filename":"lta_common.py","lineno":143}
{"timestamp":"2026-04-15T11:48:39.410569Z","level":"warning","event":"[SANITIZE] link_id=46382 field=maximum_speed suspicious sentinel value=999 -> NULL","logger":"lta_common","filename":"lta_common.py","lineno":143}
{"timestamp":"2026-04-15T11:48:39.410603Z","level":"warning","event":"[SANITIZE] link_id=46390 field=maximum_speed suspicious sentinel value=999 -> NULL","logger":"lta_common","filename":"lta_common.py","lineno":143}
{"timestamp":"2026-04-15T11:48:39.410626Z","level":"warning","event":"[SANITIZE] link_id=46391 field=maximum_speed suspicious sentinel value=999 -> NULL","logger":"lta_common","filename":"lta_common.py","lineno":143}
{"timestamp":"2026-04-15T11:48:39.410663Z","level":"warning","event":"[SANITIZE] link_id=46398 field=maximum_speed suspicious sentinel value=999 -> NULL","logger":"lta_common","filename":"lta_common.py","lineno":143}
{"timestamp":"2026-04-15T11:48:39.410684Z","level":"warning","event":"[SANITIZE] link_id=46399 field=maximum_speed suspicious sentinel value=999 -> NULL","logger":"lta_common","filename":"lta_common.py","lineno":143}
{"timestamp":"2026-04-15T11:48:39.410713Z","level":"warning","event":"[SANITIZE] link_id=46402 field=maximum_speed suspicious sentinel value=999 -> NULL","logger":"lta_common","filename":"lta_common.py","lineno":143}
{"timestamp":"2026-04-15T11:48:39.410737Z","level":"warning","event":"[SANITIZE] link_id=46404 field=maximum_speed suspicious sentinel value=999 -> NULL","logger":"lta_common","filename":"lta_common.py","lineno":143}
{"timestamp":"2026-04-15T11:48:39.410759Z","level":"warning","event":"[SANITIZE] link_id=46405 field=maximum_speed suspicious sentinel value=999 -> NULL","logger":"lta_common","filename":"lta_common.py","lineno":143}
{"timestamp":"2026-04-15T11:48:39.410781Z","level":"warning","event":"[SANITIZE] link_id=46406 field=maximum_speed suspicious sentinel value=999 -> NULL","logger":"lta_common","filename":"lta_common.py","lineno":143}
{"timestamp":"2026-04-15T11:48:39.410811Z","level":"warning","event":"[SANITIZE] link_id=46410 field=maximum_speed suspicious sentinel value=999 -> NULL","logger":"lta_common","filename":"lta_common.py","lineno":143}
{"timestamp":"2026-04-15T11:48:39.410839Z","level":"warning","event":"[SANITIZE] link_id=46416 field=maximum_speed suspicious sentinel value=999 -> NULL","logger":"lta_common","filename":"lta_common.py","lineno":143}
{"timestamp":"2026-04-15T11:48:39.410861Z","level":"warning","event":"[SANITIZE] link_id=46418 field=maximum_speed suspicious sentinel value=999 -> NULL","logger":"lta_common","filename":"lta_common.py","lineno":143}
{"timestamp":"2026-04-15T11:48:39.410884Z","level":"warning","event":"[SANITIZE] link_id=46419 field=maximum_speed suspicious sentinel value=999 -> NULL","logger":"lta_common","filename":"lta_common.py","lineno":143}
{"timestamp":"2026-04-15T11:48:39.410914Z","level":"warning","event":"[SANITIZE] link_id=46420 field=maximum_speed suspicious sentinel value=999 -> NULL","logger":"lta_common","filename":"lta_common.py","lineno":143}
{"timestamp":"2026-04-15T11:48:39.410950Z","level":"warning","event":"[SANITIZE] link_id=46421 field=maximum_speed suspicious sentinel value=999 -> NULL","logger":"lta_common","filename":"lta_common.py","lineno":143}
{"timestamp":"2026-04-15T11:48:39.410973Z","level":"warning","event":"[SANITIZE] link_id=46422 field=maximum_speed suspicious sentinel value=999 -> NULL","logger":"lta_common","filename":"lta_common.py","lineno":143}
{"timestamp":"2026-04-15T11:48:39.410996Z","level":"warning","event":"[SANITIZE] link_id=46423 field=maximum_speed suspicious sentinel value=999 -> NULL","logger":"lta_common","filename":"lta_common.py","lineno":143}
{"timestamp":"2026-04-15T11:48:39.411025Z","level":"warning","event":"[SANITIZE] link_id=46429 field=maximum_speed suspicious sentinel value=999 -> NULL","logger":"lta_common","filename":"lta_common.py","lineno":143}
{"timestamp":"2026-04-15T11:48:39.411046Z","level":"warning","event":"[SANITIZE] link_id=46430 field=maximum_speed suspicious sentinel value=999 -> NULL","logger":"lta_common","filename":"lta_common.py","lineno":143}
{"timestamp":"2026-04-15T11:48:39.411066Z","level":"warning","event":"[SANITIZE] link_id=46431 field=maximum_speed suspicious sentinel value=999 -> NULL","logger":"lta_common","filename":"lta_common.py","lineno":143}
{"timestamp":"2026-04-15T11:48:39.411120Z","level":"warning","event":"[SANITIZE] link_id=46442 field=maximum_speed suspicious sentinel value=999 -> NULL","logger":"lta_common","filename":"lta_common.py","lineno":143}
{"timestamp":"2026-04-15T11:48:39.411147Z","level":"warning","event":"[SANITIZE] link_id=46446 field=maximum_speed suspicious sentinel value=999 -> NULL","logger":"lta_common","filename":"lta_common.py","lineno":143}
{"timestamp":"2026-04-15T11:48:39.411168Z","level":"warning","event":"[SANITIZE] link_id=46447 field=maximum_speed suspicious sentinel value=999 -> NULL","logger":"lta_common","filename":"lta_common.py","lineno":143}
{"timestamp":"2026-04-15T11:48:39.411190Z","level":"warning","event":"[SANITIZE] link_id=46448 field=maximum_speed suspicious sentinel value=999 -> NULL","logger":"lta_common","filename":"lta_common.py","lineno":143}
{"timestamp":"2026-04-15T11:48:39.411214Z","level":"warning","event":"[SANITIZE] link_id=46450 field=maximum_speed suspicious sentinel value=999 -> NULL","logger":"lta_common","filename":"lta_common.py","lineno":143}
{"timestamp":"2026-04-15T11:48:39.411241Z","level":"warning","event":"[SANITIZE] link_id=46451 field=maximum_speed suspicious sentinel value=999 -> NULL","logger":"lta_common","filename":"lta_common.py","lineno":143}
{"timestamp":"2026-04-15T11:48:39.411264Z","level":"warning","event":"[SANITIZE] link_id=46452 field=maximum_speed suspicious sentinel value=999 -> NULL","logger":"lta_common","filename":"lta_common.py","lineno":143}
{"timestamp":"2026-04-15T11:48:39.411285Z","level":"warning","event":"[SANITIZE] link_id=46453 field=maximum_speed suspicious sentinel value=999 -> NULL","logger":"lta_common","filename":"lta_common.py","lineno":143}
{"timestamp":"2026-04-15T11:48:39.411315Z","level":"warning","event":"[SANITIZE] link_id=46455 field=maximum_speed suspicious sentinel value=999 -> NULL","logger":"lta_common","filename":"lta_common.py","lineno":143}
{"timestamp":"2026-04-15T11:48:39.411338Z","level":"warning","event":"[SANITIZE] link_id=46456 field=maximum_speed suspicious sentinel value=999 -> NULL","logger":"lta_common","filename":"lta_common.py","lineno":143}
{"timestamp":"2026-04-15T11:48:39.411359Z","level":"warning","event":"[SANITIZE] link_id=46457 field=maximum_speed suspicious sentinel value=999 -> NULL","logger":"lta_common","filename":"lta_common.py","lineno":143}
{"timestamp":"2026-04-15T11:48:39.411385Z","level":"warning","event":"[SANITIZE] link_id=46460 field=maximum_speed suspicious sentinel value=999 -> NULL","logger":"lta_common","filename":"lta_common.py","lineno":143}
{"timestamp":"2026-04-15T11:48:39.411407Z","level":"warning","event":"[SANITIZE] link_id=46461 field=maximum_speed suspicious sentinel value=999 -> NULL","logger":"lta_common","filename":"lta_common.py","lineno":143}
{"timestamp":"2026-04-15T11:48:39.411430Z","level":"warning","event":"[SANITIZE] link_id=46462 field=maximum_speed suspicious sentinel value=999 -> NULL","logger":"lta_common","filename":"lta_common.py","lineno":143}
{"timestamp":"2026-04-15T11:48:39.411458Z","level":"warning","event":"[SANITIZE] link_id=46465 field=maximum_speed suspicious sentinel value=999 -> NULL","logger":"lta_common","filename":"lta_common.py","lineno":143}
{"timestamp":"2026-04-15T11:48:39.411479Z","level":"warning","event":"[SANITIZE] link_id=46466 field=maximum_speed suspicious sentinel value=999 -> NULL","logger":"lta_common","filename":"lta_common.py","lineno":143}
{"timestamp":"2026-04-15T11:48:39.411502Z","level":"warning","event":"[SANITIZE] link_id=46467 field=maximum_speed suspicious sentinel value=999 -> NULL","logger":"lta_common","filename":"lta_common.py","lineno":143}
{"timestamp":"2026-04-15T11:48:39.411523Z","level":"warning","event":"[SANITIZE] link_id=46468 field=maximum_speed suspicious sentinel value=999 -> NULL","logger":"lta_common","filename":"lta_common.py","lineno":143}
{"timestamp":"2026-04-15T11:48:39.411546Z","level":"warning","event":"[SANITIZE] link_id=46475 field=maximum_speed suspicious sentinel value=999 -> NULL","logger":"lta_common","filename":"lta_common.py","lineno":143}
{"timestamp":"2026-04-15T11:48:39.411567Z","level":"warning","event":"[SANITIZE] link_id=46476 field=maximum_speed suspicious sentinel value=999 -> NULL","logger":"lta_common","filename":"lta_common.py","lineno":143}
{"timestamp":"2026-04-15T11:48:39.411590Z","level":"warning","event":"[SANITIZE] link_id=46477 field=maximum_speed suspicious sentinel value=999 -> NULL","logger":"lta_common","filename":"lta_common.py","lineno":143}
{"timestamp":"2026-04-15T11:48:39.411611Z","level":"warning","event":"[SANITIZE] link_id=46478 field=maximum_speed suspicious sentinel value=999 -> NULL","logger":"lta_common","filename":"lta_common.py","lineno":143}
{"timestamp":"2026-04-15T11:48:39.411633Z","level":"warning","event":"[SANITIZE] link_id=46479 field=maximum_speed suspicious sentinel value=999 -> NULL","logger":"lta_common","filename":"lta_common.py","lineno":143}
{"timestamp":"2026-04-15T11:48:39.411654Z","level":"warning","event":"[SANITIZE] link_id=46480 field=maximum_speed suspicious sentinel value=999 -> NULL","logger":"lta_common","filename":"lta_common.py","lineno":143}
{"timestamp":"2026-04-15T11:48:39.411680Z","level":"warning","event":"[SANITIZE] link_id=46482 field=maximum_speed suspicious sentinel value=999 -> NULL","logger":"lta_common","filename":"lta_common.py","lineno":143}
{"timestamp":"2026-04-15T11:48:39.411709Z","level":"warning","event":"[SANITIZE] link_id=46497 field=maximum_speed suspicious sentinel value=999 -> NULL","logger":"lta_common","filename":"lta_common.py","lineno":143}
{"timestamp":"2026-04-15T11:48:39.411730Z","level":"warning","event":"[SANITIZE] link_id=46498 field=maximum_speed suspicious sentinel value=999 -> NULL","logger":"lta_common","filename":"lta_common.py","lineno":143}
{"timestamp":"2026-04-15T11:48:39.411753Z","level":"warning","event":"[SANITIZE] link_id=46502 field=maximum_speed suspicious sentinel value=999 -> NULL","logger":"lta_common","filename":"lta_common.py","lineno":143}
{"timestamp":"2026-04-15T11:48:39.411777Z","level":"warning","event":"[SANITIZE] link_id=46506 field=maximum_speed suspicious sentinel value=999 -> NULL","logger":"lta_common","filename":"lta_common.py","lineno":143}
{"timestamp":"2026-04-15T11:48:39.411803Z","level":"warning","event":"[SANITIZE] link_id=46509 field=maximum_speed suspicious sentinel value=999 -> NULL","logger":"lta_common","filename":"lta_common.py","lineno":143}
{"timestamp":"2026-04-15T11:48:39.411830Z","level":"warning","event":"[SANITIZE] link_id=46513 field=maximum_speed suspicious sentinel value=999 -> NULL","logger":"lta_common","filename":"lta_common.py","lineno":143}
{"timestamp":"2026-04-15T11:48:39.411852Z","level":"warning","event":"[SANITIZE] link_id=46514 field=maximum_speed suspicious sentinel value=999 -> NULL","logger":"lta_common","filename":"lta_common.py","lineno":143}
{"timestamp":"2026-04-15T11:48:39.411881Z","level":"warning","event":"[SANITIZE] link_id=46518 field=maximum_speed suspicious sentinel value=999 -> NULL","logger":"lta_common","filename":"lta_common.py","lineno":143}
{"timestamp":"2026-04-15T11:48:39.411911Z","level":"warning","event":"[SANITIZE] link_id=46519 field=maximum_speed suspicious sentinel value=999 -> NULL","logger":"lta_common","filename":"lta_common.py","lineno":143}
{"timestamp":"2026-04-15T11:48:39.411935Z","level":"warning","event":"[SANITIZE] link_id=46523 field=maximum_speed suspicious sentinel value=999 -> NULL","logger":"lta_common","filename":"lta_common.py","lineno":143}
{"timestamp":"2026-04-15T11:48:39.411961Z","level":"warning","event":"[SANITIZE] link_id=46525 field=maximum_speed suspicious sentinel value=999 -> NULL","logger":"lta_common","filename":"lta_common.py","lineno":143}
{"timestamp":"2026-04-15T11:48:39.411987Z","level":"warning","event":"[SANITIZE] link_id=46526 field=maximum_speed suspicious sentinel value=999 -> NULL","logger":"lta_common","filename":"lta_common.py","lineno":143}
{"timestamp":"2026-04-15T11:48:39.412008Z","level":"warning","event":"[SANITIZE] link_id=46527 field=maximum_speed suspicious sentinel value=999 -> NULL","logger":"lta_common","filename":"lta_common.py","lineno":143}
{"timestamp":"2026-04-15T11:48:39.412028Z","level":"warning","event":"[SANITIZE] link_id=46528 field=maximum_speed suspicious sentinel value=999 -> NULL","logger":"lta_common","filename":"lta_common.py","lineno":143}
{"timestamp":"2026-04-15T11:48:39.412052Z","level":"warning","event":"[SANITIZE] link_id=46529 field=maximum_speed suspicious sentinel value=999 -> NULL","logger":"lta_common","filename":"lta_common.py","lineno":143}
{"timestamp":"2026-04-15T11:48:39.412074Z","level":"warning","event":"[SANITIZE] link_id=46530 field=maximum_speed suspicious sentinel value=999 -> NULL","logger":"lta_common","filename":"lta_common.py","lineno":143}
{"timestamp":"2026-04-15T11:48:39.412097Z","level":"warning","event":"[SANITIZE] link_id=46531 field=maximum_speed suspicious sentinel value=999 -> NULL","logger":"lta_common","filename":"lta_common.py","lineno":143}
{"timestamp":"2026-04-15T11:48:39.412118Z","level":"warning","event":"[SANITIZE] link_id=46532 field=maximum_speed suspicious sentinel value=999 -> NULL","logger":"lta_common","filename":"lta_common.py","lineno":143}
{"timestamp":"2026-04-15T11:48:39.412141Z","level":"warning","event":"[SANITIZE] link_id=46533 field=maximum_speed suspicious sentinel value=999 -> NULL","logger":"lta_common","filename":"lta_common.py","lineno":143}
{"timestamp":"2026-04-15T11:48:39.412161Z","level":"warning","event":"[SANITIZE] link_id=46534 field=maximum_speed suspicious sentinel value=999 -> NULL","logger":"lta_common","filename":"lta_common.py","lineno":143}
{"timestamp":"2026-04-15T11:48:39.412184Z","level":"warning","event":"[SANITIZE] link_id=46535 field=maximum_speed suspicious sentinel value=999 -> NULL","logger":"lta_common","filename":"lta_common.py","lineno":143}
{"timestamp":"2026-04-15T11:48:39.412208Z","level":"warning","event":"[SANITIZE] link_id=46537 field=maximum_speed suspicious sentinel value=999 -> NULL","logger":"lta_common","filename":"lta_common.py","lineno":143}
{"timestamp":"2026-04-15T11:48:39.412242Z","level":"warning","event":"[SANITIZE] link_id=46545 field=maximum_speed suspicious sentinel value=999 -> NULL","logger":"lta_common","filename":"lta_common.py","lineno":143}
{"timestamp":"2026-04-15T11:48:39.412265Z","level":"warning","event":"[SANITIZE] link_id=46546 field=maximum_speed suspicious sentinel value=999 -> NULL","logger":"lta_common","filename":"lta_common.py","lineno":143}
{"timestamp":"2026-04-15T11:48:39.412287Z","level":"warning","event":"[SANITIZE] link_id=46547 field=maximum_speed suspicious sentinel value=999 -> NULL","logger":"lta_common","filename":"lta_common.py","lineno":143}
{"timestamp":"2026-04-15T11:48:39.412309Z","level":"warning","event":"[SANITIZE] link_id=46548 field=maximum_speed suspicious sentinel value=999 -> NULL","logger":"lta_common","filename":"lta_common.py","lineno":143}
{"timestamp":"2026-04-15T11:48:39.412330Z","level":"warning","event":"[SANITIZE] link_id=46549 field=maximum_speed suspicious sentinel value=999 -> NULL","logger":"lta_common","filename":"lta_common.py","lineno":143}
{"timestamp":"2026-04-15T11:48:39.412355Z","level":"warning","event":"[SANITIZE] link_id=46551 field=maximum_speed suspicious sentinel value=999 -> NULL","logger":"lta_common","filename":"lta_common.py","lineno":143}
{"timestamp":"2026-04-15T11:48:39.412392Z","level":"warning","event":"[SANITIZE] link_id=46557 field=maximum_speed suspicious sentinel value=999 -> NULL","logger":"lta_common","filename":"lta_common.py","lineno":143}
{"timestamp":"2026-04-15T11:48:39.412420Z","level":"warning","event":"[SANITIZE] link_id=46560 field=maximum_speed suspicious sentinel value=999 -> NULL","logger":"lta_common","filename":"lta_common.py","lineno":143}
{"timestamp":"2026-04-15T11:48:39.412447Z","level":"warning","event":"[SANITIZE] link_id=46565 field=maximum_speed suspicious sentinel value=999 -> NULL","logger":"lta_common","filename":"lta_common.py","lineno":143}
{"timestamp":"2026-04-15T11:48:39.412470Z","level":"warning","event":"[SANITIZE] link_id=46566 field=maximum_speed suspicious sentinel value=999 -> NULL","logger":"lta_common","filename":"lta_common.py","lineno":143}
{"timestamp":"2026-04-15T11:48:39.412497Z","level":"warning","event":"[SANITIZE] link_id=46569 field=maximum_speed suspicious sentinel value=999 -> NULL","logger":"lta_common","filename":"lta_common.py","lineno":143}
{"timestamp":"2026-04-15T11:48:39.412519Z","level":"warning","event":"[SANITIZE] link_id=46571 field=maximum_speed suspicious sentinel value=999 -> NULL","logger":"lta_common","filename":"lta_common.py","lineno":143}
{"timestamp":"2026-04-15T11:48:39.412541Z","level":"warning","event":"[SANITIZE] link_id=46573 field=maximum_speed suspicious sentinel value=999 -> NULL","logger":"lta_common","filename":"lta_common.py","lineno":143}
{"timestamp":"2026-04-15T11:48:39.412560Z","level":"warning","event":"[SANITIZE] link_id=46574 field=maximum_speed suspicious sentinel value=999 -> NULL","logger":"lta_common","filename":"lta_common.py","lineno":143}
{"timestamp":"2026-04-15T11:48:39.412668Z","level":"warning","event":"[SANITIZE] link_id=46620 field=maximum_speed suspicious sentinel value=999 -> NULL","logger":"lta_common","filename":"lta_common.py","lineno":143}
{"timestamp":"2026-04-15T11:48:39.412737Z","level":"warning","event":"[SANITIZE] link_id=46647 field=maximum_speed suspicious sentinel value=999 -> NULL","logger":"lta_common","filename":"lta_common.py","lineno":143}
{"timestamp":"2026-04-15T11:48:39.412771Z","level":"warning","event":"[SANITIZE] link_id=46660 field=maximum_speed suspicious sentinel value=999 -> NULL","logger":"lta_common","filename":"lta_common.py","lineno":143}
{"timestamp":"2026-04-15T11:48:39.412791Z","level":"warning","event":"[SANITIZE] link_id=46661 field=maximum_speed suspicious sentinel value=999 -> NULL","logger":"lta_common","filename":"lta_common.py","lineno":143}
{"timestamp":"2026-04-15T11:48:39.412812Z","level":"warning","event":"[SANITIZE] link_id=46663 field=maximum_speed suspicious sentinel value=999 -> NULL","logger":"lta_common","filename":"lta_common.py","lineno":143}
{"timestamp":"2026-04-15T11:48:39.412832Z","level":"warning","event":"[SANITIZE] link_id=46664 field=maximum_speed suspicious sentinel value=999 -> NULL","logger":"lta_common","filename":"lta_common.py","lineno":143}
{"timestamp":"2026-04-15T11:48:39.412851Z","level":"warning","event":"[SANITIZE] link_id=46665 field=maximum_speed suspicious sentinel value=999 -> NULL","logger":"lta_common","filename":"lta_common.py","lineno":143}
{"timestamp":"2026-04-15T11:48:39.412870Z","level":"warning","event":"[SANITIZE] link_id=46666 field=maximum_speed suspicious sentinel value=999 -> NULL","logger":"lta_common","filename":"lta_common.py","lineno":143}
{"timestamp":"2026-04-15T11:48:39.412889Z","level":"warning","event":"[SANITIZE] link_id=46667 field=maximum_speed suspicious sentinel value=999 -> NULL","logger":"lta_common","filename":"lta_common.py","lineno":143}
{"timestamp":"2026-04-15T11:48:39.412915Z","level":"warning","event":"[SANITIZE] link_id=46668 field=maximum_speed suspicious sentinel value=999 -> NULL","logger":"lta_common","filename":"lta_common.py","lineno":143}
{"timestamp":"2026-04-15T11:48:39.412934Z","level":"warning","event":"[SANITIZE] link_id=46669 field=maximum_speed suspicious sentinel value=999 -> NULL","logger":"lta_common","filename":"lta_common.py","lineno":143}
{"timestamp":"2026-04-15T11:48:39.412953Z","level":"warning","event":"[SANITIZE] link_id=46671 field=maximum_speed suspicious sentinel value=999 -> NULL","logger":"lta_common","filename":"lta_common.py","lineno":143}
{"timestamp":"2026-04-15T11:48:39.412975Z","level":"warning","event":"[SANITIZE] link_id=46700 field=maximum_speed suspicious sentinel value=999 -> NULL","logger":"lta_common","filename":"lta_common.py","lineno":143}
{"timestamp":"2026-04-15T11:48:39.412994Z","level":"warning","event":"[SANITIZE] link_id=46701 field=maximum_speed suspicious sentinel value=999 -> NULL","logger":"lta_common","filename":"lta_common.py","lineno":143}
{"timestamp":"2026-04-15T11:48:39.413013Z","level":"warning","event":"[SANITIZE] link_id=46702 field=maximum_speed suspicious sentinel value=999 -> NULL","logger":"lta_common","filename":"lta_common.py","lineno":143}
{"timestamp":"2026-04-15T11:48:39.413032Z","level":"warning","event":"[SANITIZE] link_id=46703 field=maximum_speed suspicious sentinel value=999 -> NULL","logger":"lta_common","filename":"lta_common.py","lineno":143}
{"timestamp":"2026-04-15T11:48:39.413052Z","level":"warning","event":"[SANITIZE] link_id=46705 field=maximum_speed suspicious sentinel value=999 -> NULL","logger":"lta_common","filename":"lta_common.py","lineno":143}
{"timestamp":"2026-04-15T11:48:39.413071Z","level":"warning","event":"[SANITIZE] link_id=46706 field=maximum_speed suspicious sentinel value=999 -> NULL","logger":"lta_common","filename":"lta_common.py","lineno":143}
{"timestamp":"2026-04-15T11:48:39.413090Z","level":"warning","event":"[SANITIZE] link_id=46707 field=maximum_speed suspicious sentinel value=999 -> NULL","logger":"lta_common","filename":"lta_common.py","lineno":143}
{"timestamp":"2026-04-15T11:48:39.413112Z","level":"warning","event":"[SANITIZE] link_id=46709 field=maximum_speed suspicious sentinel value=999 -> NULL","logger":"lta_common","filename":"lta_common.py","lineno":143}
{"timestamp":"2026-04-15T11:48:39.413174Z","level":"warning","event":"[SANITIZE] link_id=46727 field=maximum_speed suspicious sentinel value=999 -> NULL","logger":"lta_common","filename":"lta_common.py","lineno":143}
{"timestamp":"2026-04-15T11:48:39.413194Z","level":"warning","event":"[SANITIZE] link_id=46728 field=maximum_speed suspicious sentinel value=999 -> NULL","logger":"lta_common","filename":"lta_common.py","lineno":143}
{"timestamp":"2026-04-15T11:48:39.413213Z","level":"warning","event":"[SANITIZE] link_id=46729 field=maximum_speed suspicious sentinel value=999 -> NULL","logger":"lta_common","filename":"lta_common.py","lineno":143}
{"timestamp":"2026-04-15T11:48:39.413232Z","level":"warning","event":"[SANITIZE] link_id=46730 field=maximum_speed suspicious sentinel value=999 -> NULL","logger":"lta_common","filename":"lta_common.py","lineno":143}
{"timestamp":"2026-04-15T11:48:39.413251Z","level":"warning","event":"[SANITIZE] link_id=46731 field=maximum_speed suspicious sentinel value=999 -> NULL","logger":"lta_common","filename":"lta_common.py","lineno":143}
{"timestamp":"2026-04-15T11:48:39.413272Z","level":"warning","event":"[SANITIZE] link_id=46732 field=maximum_speed suspicious sentinel value=999 -> NULL","logger":"lta_common","filename":"lta_common.py","lineno":143}
{"timestamp":"2026-04-15T11:48:39.413292Z","level":"warning","event":"[SANITIZE] link_id=46733 field=maximum_speed suspicious sentinel value=999 -> NULL","logger":"lta_common","filename":"lta_common.py","lineno":143}
{"timestamp":"2026-04-15T11:48:39.413311Z","level":"warning","event":"[SANITIZE] link_id=46734 field=maximum_speed suspicious sentinel value=999 -> NULL","logger":"lta_common","filename":"lta_common.py","lineno":143}
{"timestamp":"2026-04-15T11:48:39.413330Z","level":"warning","event":"[SANITIZE] link_id=46735 field=maximum_speed suspicious sentinel value=999 -> NULL","logger":"lta_common","filename":"lta_common.py","lineno":143}
{"timestamp":"2026-04-15T11:48:39.413349Z","level":"warning","event":"[SANITIZE] link_id=46736 field=maximum_speed suspicious sentinel value=999 -> NULL","logger":"lta_common","filename":"lta_common.py","lineno":143}
{"timestamp":"2026-04-15T11:48:39.413368Z","level":"warning","event":"[SANITIZE] link_id=46737 field=maximum_speed suspicious sentinel value=999 -> NULL","logger":"lta_common","filename":"lta_common.py","lineno":143}
{"timestamp":"2026-04-15T11:48:39.413412Z","level":"warning","event":"[SANITIZE] link_id=46748 field=maximum_speed suspicious sentinel value=999 -> NULL","logger":"lta_common","filename":"lta_common.py","lineno":143}
{"timestamp":"2026-04-15T11:48:39.413434Z","level":"warning","event":"[SANITIZE] link_id=46750 field=maximum_speed suspicious sentinel value=999 -> NULL","logger":"lta_common","filename":"lta_common.py","lineno":143}
{"timestamp":"2026-04-15T11:48:39.413459Z","level":"warning","event":"[SANITIZE] link_id=46753 field=maximum_speed suspicious sentinel value=999 -> NULL","logger":"lta_common","filename":"lta_common.py","lineno":143}
{"timestamp":"2026-04-15T11:48:39.413481Z","level":"warning","event":"[SANITIZE] link_id=46755 field=maximum_speed suspicious sentinel value=999 -> NULL","logger":"lta_common","filename":"lta_common.py","lineno":143}
{"timestamp":"2026-04-15T11:48:39.413500Z","level":"warning","event":"[SANITIZE] link_id=46756 field=maximum_speed suspicious sentinel value=999 -> NULL","logger":"lta_common","filename":"lta_common.py","lineno":143}
{"timestamp":"2026-04-15T11:48:39.413521Z","level":"warning","event":"[SANITIZE] link_id=46758 field=maximum_speed suspicious sentinel value=999 -> NULL","logger":"lta_common","filename":"lta_common.py","lineno":143}
{"timestamp":"2026-04-15T11:48:39.413548Z","level":"warning","event":"[SANITIZE] link_id=46762 field=maximum_speed suspicious sentinel value=999 -> NULL","logger":"lta_common","filename":"lta_common.py","lineno":143}
{"timestamp":"2026-04-15T11:48:39.413567Z","level":"warning","event":"[SANITIZE] link_id=46763 field=maximum_speed suspicious sentinel value=999 -> NULL","logger":"lta_common","filename":"lta_common.py","lineno":143}
{"timestamp":"2026-04-15T11:48:39.413589Z","level":"warning","event":"[SANITIZE] link_id=46765 field=maximum_speed suspicious sentinel value=999 -> NULL","logger":"lta_common","filename":"lta_common.py","lineno":143}
{"timestamp":"2026-04-15T11:48:39.413608Z","level":"warning","event":"[SANITIZE] link_id=46766 field=maximum_speed suspicious sentinel value=999 -> NULL","logger":"lta_common","filename":"lta_common.py","lineno":143}
{"timestamp":"2026-04-15T11:48:39.413660Z","level":"warning","event":"[SANITIZE] link_id=46782 field=maximum_speed suspicious sentinel value=999 -> NULL","logger":"lta_common","filename":"lta_common.py","lineno":143}
{"timestamp":"2026-04-15T11:48:39.413679Z","level":"warning","event":"[SANITIZE] link_id=46783 field=maximum_speed suspicious sentinel value=999 -> NULL","logger":"lta_common","filename":"lta_common.py","lineno":143}
{"timestamp":"2026-04-15T11:48:39.413698Z","level":"warning","event":"[SANITIZE] link_id=46784 field=maximum_speed suspicious sentinel value=999 -> NULL","logger":"lta_common","filename":"lta_common.py","lineno":143}
{"timestamp":"2026-04-15T11:48:39.413717Z","level":"warning","event":"[SANITIZE] link_id=46785 field=maximum_speed suspicious sentinel value=999 -> NULL","logger":"lta_common","filename":"lta_common.py","lineno":143}
{"timestamp":"2026-04-15T11:48:39.413760Z","level":"warning","event":"[SANITIZE] link_id=46804 field=maximum_speed suspicious sentinel value=999 -> NULL","logger":"lta_common","filename":"lta_common.py","lineno":143}
{"timestamp":"2026-04-15T11:48:39.413779Z","level":"warning","event":"[SANITIZE] link_id=46805 field=maximum_speed suspicious sentinel value=999 -> NULL","logger":"lta_common","filename":"lta_common.py","lineno":143}
{"timestamp":"2026-04-15T11:48:39.413798Z","level":"warning","event":"[SANITIZE] link_id=46806 field=maximum_speed suspicious sentinel value=999 -> NULL","logger":"lta_common","filename":"lta_common.py","lineno":143}
{"timestamp":"2026-04-15T11:48:39.413817Z","level":"warning","event":"[SANITIZE] link_id=46807 field=maximum_speed suspicious sentinel value=999 -> NULL","logger":"lta_common","filename":"lta_common.py","lineno":143}
{"timestamp":"2026-04-15T11:48:39.413836Z","level":"warning","event":"[SANITIZE] link_id=46808 field=maximum_speed suspicious sentinel value=999 -> NULL","logger":"lta_common","filename":"lta_common.py","lineno":143}
{"timestamp":"2026-04-15T11:48:39.413862Z","level":"warning","event":"[SANITIZE] link_id=46809 field=maximum_speed suspicious sentinel value=999 -> NULL","logger":"lta_common","filename":"lta_common.py","lineno":143}
{"timestamp":"2026-04-15T11:48:39.413886Z","level":"warning","event":"[SANITIZE] link_id=46810 field=maximum_speed suspicious sentinel value=999 -> NULL","logger":"lta_common","filename":"lta_common.py","lineno":143}
{"timestamp":"2026-04-15T11:48:39.413911Z","level":"warning","event":"[SANITIZE] link_id=46811 field=maximum_speed suspicious sentinel value=999 -> NULL","logger":"lta_common","filename":"lta_common.py","lineno":143}
{"timestamp":"2026-04-15T11:48:39.413931Z","level":"warning","event":"[SANITIZE] link_id=46812 field=maximum_speed suspicious sentinel value=999 -> NULL","logger":"lta_common","filename":"lta_common.py","lineno":143}
{"timestamp":"2026-04-15T11:48:39.413952Z","level":"warning","event":"[SANITIZE] link_id=46813 field=maximum_speed suspicious sentinel value=999 -> NULL","logger":"lta_common","filename":"lta_common.py","lineno":143}
{"timestamp":"2026-04-15T11:48:39.413974Z","level":"warning","event":"[SANITIZE] link_id=46814 field=maximum_speed suspicious sentinel value=999 -> NULL","logger":"lta_common","filename":"lta_common.py","lineno":143}
{"timestamp":"2026-04-15T11:48:39.413995Z","level":"warning","event":"[SANITIZE] link_id=46815 field=maximum_speed suspicious sentinel value=999 -> NULL","logger":"lta_common","filename":"lta_common.py","lineno":143}
{"timestamp":"2026-04-15T11:48:39.414017Z","level":"warning","event":"[SANITIZE] link_id=46816 field=maximum_speed suspicious sentinel value=999 -> NULL","logger":"lta_common","filename":"lta_common.py","lineno":143}
{"timestamp":"2026-04-15T11:48:39.414041Z","level":"warning","event":"[SANITIZE] link_id=46818 field=maximum_speed suspicious sentinel value=999 -> NULL","logger":"lta_common","filename":"lta_common.py","lineno":143}
{"timestamp":"2026-04-15T11:48:39.414070Z","level":"warning","event":"[SANITIZE] link_id=46821 field=maximum_speed suspicious sentinel value=999 -> NULL","logger":"lta_common","filename":"lta_common.py","lineno":143}
{"timestamp":"2026-04-15T11:48:39.414095Z","level":"warning","event":"[SANITIZE] link_id=46824 field=maximum_speed suspicious sentinel value=999 -> NULL","logger":"lta_common","filename":"lta_common.py","lineno":143}
{"timestamp":"2026-04-15T11:48:39.414116Z","level":"warning","event":"[SANITIZE] link_id=46825 field=maximum_speed suspicious sentinel value=999 -> NULL","logger":"lta_common","filename":"lta_common.py","lineno":143}
{"timestamp":"2026-04-15T11:48:39.414156Z","level":"warning","event":"[SANITIZE] link_id=46833 field=maximum_speed suspicious sentinel value=999 -> NULL","logger":"lta_common","filename":"lta_common.py","lineno":143}
{"timestamp":"2026-04-15T11:48:39.414177Z","level":"warning","event":"[SANITIZE] link_id=46834 field=maximum_speed suspicious sentinel value=999 -> NULL","logger":"lta_common","filename":"lta_common.py","lineno":143}
{"timestamp":"2026-04-15T11:48:39.414199Z","level":"warning","event":"[SANITIZE] link_id=46835 field=maximum_speed suspicious sentinel value=999 -> NULL","logger":"lta_common","filename":"lta_common.py","lineno":143}
{"timestamp":"2026-04-15T11:48:39.414220Z","level":"warning","event":"[SANITIZE] link_id=46836 field=maximum_speed suspicious sentinel value=999 -> NULL","logger":"lta_common","filename":"lta_common.py","lineno":143}
{"timestamp":"2026-04-15T11:48:39.414241Z","level":"warning","event":"[SANITIZE] link_id=46837 field=maximum_speed suspicious sentinel value=999 -> NULL","logger":"lta_common","filename":"lta_common.py","lineno":143}
{"timestamp":"2026-04-15T11:48:39.414263Z","level":"warning","event":"[SANITIZE] link_id=46838 field=maximum_speed suspicious sentinel value=999 -> NULL","logger":"lta_common","filename":"lta_common.py","lineno":143}
{"timestamp":"2026-04-15T11:48:39.414287Z","level":"warning","event":"[SANITIZE] link_id=46840 field=maximum_speed suspicious sentinel value=999 -> NULL","logger":"lta_common","filename":"lta_common.py","lineno":143}
{"timestamp":"2026-04-15T11:48:39.414313Z","level":"warning","event":"[SANITIZE] link_id=46842 field=maximum_speed suspicious sentinel value=999 -> NULL","logger":"lta_common","filename":"lta_common.py","lineno":143}
{"timestamp":"2026-04-15T11:48:39.414333Z","level":"warning","event":"[SANITIZE] link_id=46843 field=maximum_speed suspicious sentinel value=999 -> NULL","logger":"lta_common","filename":"lta_common.py","lineno":143}
{"timestamp":"2026-04-15T11:48:39.414356Z","level":"warning","event":"[SANITIZE] link_id=46844 field=maximum_speed suspicious sentinel value=999 -> NULL","logger":"lta_common","filename":"lta_common.py","lineno":143}
{"timestamp":"2026-04-15T11:48:39.414377Z","level":"warning","event":"[SANITIZE] link_id=46845 field=maximum_speed suspicious sentinel value=999 -> NULL","logger":"lta_common","filename":"lta_common.py","lineno":143}
{"timestamp":"2026-04-15T11:48:39.414399Z","level":"warning","event":"[SANITIZE] link_id=46846 field=maximum_speed suspicious sentinel value=999 -> NULL","logger":"lta_common","filename":"lta_common.py","lineno":143}
{"timestamp":"2026-04-15T11:48:39.414422Z","level":"warning","event":"[SANITIZE] link_id=46848 field=maximum_speed suspicious sentinel value=999 -> NULL","logger":"lta_common","filename":"lta_common.py","lineno":143}
{"timestamp":"2026-04-15T11:48:39.414455Z","level":"warning","event":"[SANITIZE] link_id=46853 field=maximum_speed suspicious sentinel value=999 -> NULL","logger":"lta_common","filename":"lta_common.py","lineno":143}
{"timestamp":"2026-04-15T11:48:39.414484Z","level":"warning","event":"[SANITIZE] link_id=46859 field=maximum_speed suspicious sentinel value=999 -> NULL","logger":"lta_common","filename":"lta_common.py","lineno":143}
{"timestamp":"2026-04-15T11:48:39.414533Z","level":"warning","event":"[SANITIZE] link_id=46874 field=maximum_speed suspicious sentinel value=999 -> NULL","logger":"lta_common","filename":"lta_common.py","lineno":143}
{"timestamp":"2026-04-15T11:48:39.414584Z","level":"warning","event":"[SANITIZE] link_id=46888 field=maximum_speed suspicious sentinel value=999 -> NULL","logger":"lta_common","filename":"lta_common.py","lineno":143}
{"timestamp":"2026-04-15T11:48:39.414609Z","level":"warning","event":"[SANITIZE] link_id=46890 field=maximum_speed suspicious sentinel value=999 -> NULL","logger":"lta_common","filename":"lta_common.py","lineno":143}
{"timestamp":"2026-04-15T11:48:39.414640Z","level":"warning","event":"[SANITIZE] link_id=46894 field=maximum_speed suspicious sentinel value=999 -> NULL","logger":"lta_common","filename":"lta_common.py","lineno":143}
{"timestamp":"2026-04-15T11:48:39.414666Z","level":"warning","event":"[SANITIZE] link_id=46897 field=maximum_speed suspicious sentinel value=999 -> NULL","logger":"lta_common","filename":"lta_common.py","lineno":143}
{"timestamp":"2026-04-15T11:48:39.414691Z","level":"warning","event":"[SANITIZE] link_id=46899 field=maximum_speed suspicious sentinel value=999 -> NULL","logger":"lta_common","filename":"lta_common.py","lineno":143}
{"timestamp":"2026-04-15T11:48:39.414713Z","level":"warning","event":"[SANITIZE] link_id=46900 field=maximum_speed suspicious sentinel value=999 -> NULL","logger":"lta_common","filename":"lta_common.py","lineno":143}
{"timestamp":"2026-04-15T11:48:39.414740Z","level":"warning","event":"[SANITIZE] link_id=46903 field=maximum_speed suspicious sentinel value=999 -> NULL","logger":"lta_common","filename":"lta_common.py","lineno":143}
{"timestamp":"2026-04-15T11:48:39.414763Z","level":"warning","event":"[SANITIZE] link_id=46904 field=maximum_speed suspicious sentinel value=999 -> NULL","logger":"lta_common","filename":"lta_common.py","lineno":143}
{"timestamp":"2026-04-15T11:48:39.414790Z","level":"warning","event":"[SANITIZE] link_id=46907 field=maximum_speed suspicious sentinel value=999 -> NULL","logger":"lta_common","filename":"lta_common.py","lineno":143}
{"timestamp":"2026-04-15T11:48:39.414814Z","level":"warning","event":"[SANITIZE] link_id=46909 field=maximum_speed suspicious sentinel value=999 -> NULL","logger":"lta_common","filename":"lta_common.py","lineno":143}
{"timestamp":"2026-04-15T11:48:39.414838Z","level":"warning","event":"[SANITIZE] link_id=46910 field=maximum_speed suspicious sentinel value=999 -> NULL","logger":"lta_common","filename":"lta_common.py","lineno":143}
{"timestamp":"2026-04-15T11:48:39.415214Z","level":"info","event":"[CLEAN DONE] rows=500 | null_speed_band=0 | null_minimum_speed=0 | null_maximum_speed=201","logger":"lta_common","filename":"lta_common.py","lineno":238}
{"timestamp":"2026-04-15T11:48:39.416050Z","level":"info","event":"STEP 5: built cleaned snapshot dataframe rows=500","logger":"unusual_prefix_faea391ec71b1d4b4651510353e4a48d62001c31_2_refresh_traffic_speed","filename":"2_refresh_traffic_speed.py","lineno":44}
{"timestamp":"2026-04-15T11:48:39.416328Z","level":"info","event":"[LATEST PREP] rows=500 | missing_measurement_rows=0","logger":"lta_common","filename":"lta_common.py","lineno":271}
{"timestamp":"2026-04-15T11:48:39.416545Z","level":"info","event":"[UPSERT START] upserting 500 rows into traffic_speed_latest","logger":"lta_common","filename":"lta_common.py","lineno":348}
{"timestamp":"2026-04-15T11:48:39.416796Z","level":"info","event":"[UPSERT DEBUG] max_link_id=46910 | min_link_id=46281 | max_speed_band=8 | min_speed_band=1 | max_minimum_speed=70 | min_minimum_speed=0 | max_maximum_speed=69.0 | min_maximum_speed=9.0","logger":"lta_common","filename":"lta_common.py","lineno":350}
{"timestamp":"2026-04-15T11:48:39.836380Z","level":"info","event":"[UPSERT DONE] upserted=500 rows into traffic_speed_latest","logger":"lta_common","filename":"lta_common.py","lineno":388}
{"timestamp":"2026-04-15T11:48:39.836790Z","level":"info","event":"[SAVE START] inserting 500 rows into traffic_speed_recent","logger":"lta_common","filename":"lta_common.py","lineno":319}
{"timestamp":"2026-04-15T11:48:40.203259Z","level":"info","event":"[SAVE DONE] inserted=500 rows into traffic_speed_recent","logger":"lta_common","filename":"lta_common.py","lineno":337}
{"timestamp":"2026-04-15T11:48:40.203379Z","level":"info","event":"STEP 6: page saved skip=31000 | pages=63 | latest_rows=31500 | recent_rows=31500","logger":"unusual_prefix_faea391ec71b1d4b4651510353e4a48d62001c31_2_refresh_traffic_speed","filename":"2_refresh_traffic_speed.py","lineno":56}
{"timestamp":"2026-04-15T11:48:40.203412Z","level":"info","event":"========== PAGE START ==========","logger":"lta_common","filename":"lta_common.py","lineno":53}
{"timestamp":"2026-04-15T11:48:40.203435Z","level":"info","event":"[FETCH] requesting rows 31500–31999","logger":"lta_common","filename":"lta_common.py","lineno":54}
{"timestamp":"2026-04-15T11:48:40.203465Z","level":"info","event":"Fetching page from LTA: skip=31500","logger":"lta_common","filename":"lta_common.py","lineno":36}
{"timestamp":"2026-04-15T11:48:40.495196Z","level":"info","event":"Retrieved 500 rows from LTA at skip=31500","logger":"lta_common","filename":"lta_common.py","lineno":44}
{"timestamp":"2026-04-15T11:48:40.496448Z","level":"info","event":"[FETCH DONE] retrieved=500 rows at skip=31500","logger":"lta_common","filename":"lta_common.py","lineno":59}
{"timestamp":"2026-04-15T11:48:40.496675Z","level":"info","event":"STEP 4: processing page skip=31500 rows=500","logger":"unusual_prefix_faea391ec71b1d4b4651510353e4a48d62001c31_2_refresh_traffic_speed","filename":"2_refresh_traffic_speed.py","lineno":41}
{"timestamp":"2026-04-15T11:48:40.503700Z","level":"warning","event":"[SANITIZE] link_id=46916 field=maximum_speed suspicious sentinel value=999 -> NULL","logger":"lta_common","filename":"lta_common.py","lineno":143}
{"timestamp":"2026-04-15T11:48:40.503768Z","level":"warning","event":"[SANITIZE] link_id=46918 field=maximum_speed suspicious sentinel value=999 -> NULL","logger":"lta_common","filename":"lta_common.py","lineno":143}
{"timestamp":"2026-04-15T11:48:40.503803Z","level":"warning","event":"[SANITIZE] link_id=46921 field=maximum_speed suspicious sentinel value=999 -> NULL","logger":"lta_common","filename":"lta_common.py","lineno":143}
{"timestamp":"2026-04-15T11:48:40.503826Z","level":"warning","event":"[SANITIZE] link_id=46922 field=maximum_speed suspicious sentinel value=999 -> NULL","logger":"lta_common","filename":"lta_common.py","lineno":143}
{"timestamp":"2026-04-15T11:48:40.503849Z","level":"warning","event":"[SANITIZE] link_id=46923 field=maximum_speed suspicious sentinel value=999 -> NULL","logger":"lta_common","filename":"lta_common.py","lineno":143}
{"timestamp":"2026-04-15T11:48:40.503876Z","level":"warning","event":"[SANITIZE] link_id=46929 field=maximum_speed suspicious sentinel value=999 -> NULL","logger":"lta_common","filename":"lta_common.py","lineno":143}
{"timestamp":"2026-04-15T11:48:40.503927Z","level":"warning","event":"[SANITIZE] link_id=46937 field=maximum_speed suspicious sentinel value=999 -> NULL","logger":"lta_common","filename":"lta_common.py","lineno":143}
{"timestamp":"2026-04-15T11:48:40.503962Z","level":"warning","event":"[SANITIZE] link_id=46941 field=maximum_speed suspicious sentinel value=999 -> NULL","logger":"lta_common","filename":"lta_common.py","lineno":143}
{"timestamp":"2026-04-15T11:48:40.503983Z","level":"warning","event":"[SANITIZE] link_id=46942 field=maximum_speed suspicious sentinel value=999 -> NULL","logger":"lta_common","filename":"lta_common.py","lineno":143}
{"timestamp":"2026-04-15T11:48:40.504012Z","level":"warning","event":"[SANITIZE] link_id=46948 field=maximum_speed suspicious sentinel value=999 -> NULL","logger":"lta_common","filename":"lta_common.py","lineno":143}
{"timestamp":"2026-04-15T11:48:40.504033Z","level":"warning","event":"[SANITIZE] link_id=46949 field=maximum_speed suspicious sentinel value=999 -> NULL","logger":"lta_common","filename":"lta_common.py","lineno":143}
{"timestamp":"2026-04-15T11:48:40.504062Z","level":"warning","event":"[SANITIZE] link_id=46953 field=maximum_speed suspicious sentinel value=999 -> NULL","logger":"lta_common","filename":"lta_common.py","lineno":143}
{"timestamp":"2026-04-15T11:48:40.504088Z","level":"warning","event":"[SANITIZE] link_id=46965 field=maximum_speed suspicious sentinel value=999 -> NULL","logger":"lta_common","filename":"lta_common.py","lineno":143}
{"timestamp":"2026-04-15T11:48:40.504108Z","level":"warning","event":"[SANITIZE] link_id=46966 field=maximum_speed suspicious sentinel value=999 -> NULL","logger":"lta_common","filename":"lta_common.py","lineno":143}
{"timestamp":"2026-04-15T11:48:40.504143Z","level":"warning","event":"[SANITIZE] link_id=46970 field=maximum_speed suspicious sentinel value=999 -> NULL","logger":"lta_common","filename":"lta_common.py","lineno":143}
{"timestamp":"2026-04-15T11:48:40.504174Z","level":"warning","event":"[SANITIZE] link_id=46971 field=maximum_speed suspicious sentinel value=999 -> NULL","logger":"lta_common","filename":"lta_common.py","lineno":143}
{"timestamp":"2026-04-15T11:48:40.504272Z","level":"warning","event":"[SANITIZE] link_id=47006 field=maximum_speed suspicious sentinel value=999 -> NULL","logger":"lta_common","filename":"lta_common.py","lineno":143}
{"timestamp":"2026-04-15T11:48:40.504293Z","level":"warning","event":"[SANITIZE] link_id=47007 field=maximum_speed suspicious sentinel value=999 -> NULL","logger":"lta_common","filename":"lta_common.py","lineno":143}
{"timestamp":"2026-04-15T11:48:40.504329Z","level":"warning","event":"[SANITIZE] link_id=47014 field=maximum_speed suspicious sentinel value=999 -> NULL","logger":"lta_common","filename":"lta_common.py","lineno":143}
{"timestamp":"2026-04-15T11:48:40.504349Z","level":"warning","event":"[SANITIZE] link_id=47015 field=maximum_speed suspicious sentinel value=999 -> NULL","logger":"lta_common","filename":"lta_common.py","lineno":143}
{"timestamp":"2026-04-15T11:48:40.504369Z","level":"warning","event":"[SANITIZE] link_id=47016 field=maximum_speed suspicious sentinel value=999 -> NULL","logger":"lta_common","filename":"lta_common.py","lineno":143}
{"timestamp":"2026-04-15T11:48:40.504618Z","level":"warning","event":"[SANITIZE] link_id=47124 field=maximum_speed suspicious sentinel value=999 -> NULL","logger":"lta_common","filename":"lta_common.py","lineno":143}
{"timestamp":"2026-04-15T11:48:40.504643Z","level":"warning","event":"[SANITIZE] link_id=47125 field=maximum_speed suspicious sentinel value=999 -> NULL","logger":"lta_common","filename":"lta_common.py","lineno":143}
{"timestamp":"2026-04-15T11:48:40.504664Z","level":"warning","event":"[SANITIZE] link_id=47126 field=maximum_speed suspicious sentinel value=999 -> NULL","logger":"lta_common","filename":"lta_common.py","lineno":143}
{"timestamp":"2026-04-15T11:48:40.504689Z","level":"warning","event":"[SANITIZE] link_id=47127 field=maximum_speed suspicious sentinel value=999 -> NULL","logger":"lta_common","filename":"lta_common.py","lineno":143}
{"timestamp":"2026-04-15T11:48:40.504717Z","level":"warning","event":"[SANITIZE] link_id=47128 field=maximum_speed suspicious sentinel value=999 -> NULL","logger":"lta_common","filename":"lta_common.py","lineno":143}
{"timestamp":"2026-04-15T11:48:40.504738Z","level":"warning","event":"[SANITIZE] link_id=47129 field=maximum_speed suspicious sentinel value=999 -> NULL","logger":"lta_common","filename":"lta_common.py","lineno":143}
{"timestamp":"2026-04-15T11:48:40.504758Z","level":"warning","event":"[SANITIZE] link_id=47130 field=maximum_speed suspicious sentinel value=999 -> NULL","logger":"lta_common","filename":"lta_common.py","lineno":143}
{"timestamp":"2026-04-15T11:48:40.504778Z","level":"warning","event":"[SANITIZE] link_id=47131 field=maximum_speed suspicious sentinel value=999 -> NULL","logger":"lta_common","filename":"lta_common.py","lineno":143}
{"timestamp":"2026-04-15T11:48:40.504811Z","level":"warning","event":"[SANITIZE] link_id=47137 field=maximum_speed suspicious sentinel value=999 -> NULL","logger":"lta_common","filename":"lta_common.py","lineno":143}
{"timestamp":"2026-04-15T11:48:40.504831Z","level":"warning","event":"[SANITIZE] link_id=47138 field=maximum_speed suspicious sentinel value=999 -> NULL","logger":"lta_common","filename":"lta_common.py","lineno":143}
{"timestamp":"2026-04-15T11:48:40.504851Z","level":"warning","event":"[SANITIZE] link_id=47139 field=maximum_speed suspicious sentinel value=999 -> NULL","logger":"lta_common","filename":"lta_common.py","lineno":143}
{"timestamp":"2026-04-15T11:48:40.504897Z","level":"warning","event":"[SANITIZE] link_id=47152 field=maximum_speed suspicious sentinel value=999 -> NULL","logger":"lta_common","filename":"lta_common.py","lineno":143}
{"timestamp":"2026-04-15T11:48:40.504938Z","level":"warning","event":"[SANITIZE] link_id=47162 field=maximum_speed suspicious sentinel value=999 -> NULL","logger":"lta_common","filename":"lta_common.py","lineno":143}
{"timestamp":"2026-04-15T11:48:40.504963Z","level":"warning","event":"[SANITIZE] link_id=47166 field=maximum_speed suspicious sentinel value=999 -> NULL","logger":"lta_common","filename":"lta_common.py","lineno":143}
{"timestamp":"2026-04-15T11:48:40.504983Z","level":"warning","event":"[SANITIZE] link_id=47167 field=maximum_speed suspicious sentinel value=999 -> NULL","logger":"lta_common","filename":"lta_common.py","lineno":143}
{"timestamp":"2026-04-15T11:48:40.505003Z","level":"warning","event":"[SANITIZE] link_id=47168 field=maximum_speed suspicious sentinel value=999 -> NULL","logger":"lta_common","filename":"lta_common.py","lineno":143}
{"timestamp":"2026-04-15T11:48:40.505023Z","level":"warning","event":"[SANITIZE] link_id=47169 field=maximum_speed suspicious sentinel value=999 -> NULL","logger":"lta_common","filename":"lta_common.py","lineno":143}
{"timestamp":"2026-04-15T11:48:40.505066Z","level":"warning","event":"[SANITIZE] link_id=47186 field=maximum_speed suspicious sentinel value=999 -> NULL","logger":"lta_common","filename":"lta_common.py","lineno":143}
{"timestamp":"2026-04-15T11:48:40.505086Z","level":"warning","event":"[SANITIZE] link_id=47187 field=maximum_speed suspicious sentinel value=999 -> NULL","logger":"lta_common","filename":"lta_common.py","lineno":143}
{"timestamp":"2026-04-15T11:48:40.505123Z","level":"warning","event":"[SANITIZE] link_id=47196 field=maximum_speed suspicious sentinel value=999 -> NULL","logger":"lta_common","filename":"lta_common.py","lineno":143}
{"timestamp":"2026-04-15T11:48:40.505147Z","level":"warning","event":"[SANITIZE] link_id=47198 field=maximum_speed suspicious sentinel value=999 -> NULL","logger":"lta_common","filename":"lta_common.py","lineno":143}
{"timestamp":"2026-04-15T11:48:40.505183Z","level":"warning","event":"[SANITIZE] link_id=47205 field=maximum_speed suspicious sentinel value=999 -> NULL","logger":"lta_common","filename":"lta_common.py","lineno":143}
{"timestamp":"2026-04-15T11:48:40.505214Z","level":"warning","event":"[SANITIZE] link_id=47210 field=maximum_speed suspicious sentinel value=999 -> NULL","logger":"lta_common","filename":"lta_common.py","lineno":143}
{"timestamp":"2026-04-15T11:48:40.505239Z","level":"warning","event":"[SANITIZE] link_id=47215 field=maximum_speed suspicious sentinel value=999 -> NULL","logger":"lta_common","filename":"lta_common.py","lineno":143}
{"timestamp":"2026-04-15T11:48:40.505272Z","level":"warning","event":"[SANITIZE] link_id=47230 field=maximum_speed suspicious sentinel value=999 -> NULL","logger":"lta_common","filename":"lta_common.py","lineno":143}
{"timestamp":"2026-04-15T11:48:40.505292Z","level":"warning","event":"[SANITIZE] link_id=47231 field=maximum_speed suspicious sentinel value=999 -> NULL","logger":"lta_common","filename":"lta_common.py","lineno":143}
{"timestamp":"2026-04-15T11:48:40.505312Z","level":"warning","event":"[SANITIZE] link_id=47232 field=maximum_speed suspicious sentinel value=999 -> NULL","logger":"lta_common","filename":"lta_common.py","lineno":143}
{"timestamp":"2026-04-15T11:48:40.505335Z","level":"warning","event":"[SANITIZE] link_id=47234 field=maximum_speed suspicious sentinel value=999 -> NULL","logger":"lta_common","filename":"lta_common.py","lineno":143}
{"timestamp":"2026-04-15T11:48:40.505355Z","level":"warning","event":"[SANITIZE] link_id=47235 field=maximum_speed suspicious sentinel value=999 -> NULL","logger":"lta_common","filename":"lta_common.py","lineno":143}
{"timestamp":"2026-04-15T11:48:40.505387Z","level":"warning","event":"[SANITIZE] link_id=47240 field=maximum_speed suspicious sentinel value=999 -> NULL","logger":"lta_common","filename":"lta_common.py","lineno":143}
{"timestamp":"2026-04-15T11:48:40.505407Z","level":"warning","event":"[SANITIZE] link_id=47241 field=maximum_speed suspicious sentinel value=999 -> NULL","logger":"lta_common","filename":"lta_common.py","lineno":143}
{"timestamp":"2026-04-15T11:48:40.505430Z","level":"warning","event":"[SANITIZE] link_id=47243 field=maximum_speed suspicious sentinel value=999 -> NULL","logger":"lta_common","filename":"lta_common.py","lineno":143}
{"timestamp":"2026-04-15T11:48:40.505475Z","level":"warning","event":"[SANITIZE] link_id=47254 field=maximum_speed suspicious sentinel value=999 -> NULL","logger":"lta_common","filename":"lta_common.py","lineno":143}
{"timestamp":"2026-04-15T11:48:40.505494Z","level":"warning","event":"[SANITIZE] link_id=47255 field=maximum_speed suspicious sentinel value=999 -> NULL","logger":"lta_common","filename":"lta_common.py","lineno":143}
{"timestamp":"2026-04-15T11:48:40.505514Z","level":"warning","event":"[SANITIZE] link_id=47256 field=maximum_speed suspicious sentinel value=999 -> NULL","logger":"lta_common","filename":"lta_common.py","lineno":143}
{"timestamp":"2026-04-15T11:48:40.505535Z","level":"warning","event":"[SANITIZE] link_id=47257 field=maximum_speed suspicious sentinel value=999 -> NULL","logger":"lta_common","filename":"lta_common.py","lineno":143}
{"timestamp":"2026-04-15T11:48:40.505555Z","level":"warning","event":"[SANITIZE] link_id=47258 field=maximum_speed suspicious sentinel value=999 -> NULL","logger":"lta_common","filename":"lta_common.py","lineno":143}
{"timestamp":"2026-04-15T11:48:40.505583Z","level":"warning","event":"[SANITIZE] link_id=47263 field=maximum_speed suspicious sentinel value=999 -> NULL","logger":"lta_common","filename":"lta_common.py","lineno":143}
{"timestamp":"2026-04-15T11:48:40.505602Z","level":"warning","event":"[SANITIZE] link_id=47264 field=maximum_speed suspicious sentinel value=999 -> NULL","logger":"lta_common","filename":"lta_common.py","lineno":143}
{"timestamp":"2026-04-15T11:48:40.505622Z","level":"warning","event":"[SANITIZE] link_id=47265 field=maximum_speed suspicious sentinel value=999 -> NULL","logger":"lta_common","filename":"lta_common.py","lineno":143}
{"timestamp":"2026-04-15T11:48:40.505641Z","level":"warning","event":"[SANITIZE] link_id=47267 field=maximum_speed suspicious sentinel value=999 -> NULL","logger":"lta_common","filename":"lta_common.py","lineno":143}
{"timestamp":"2026-04-15T11:48:40.505673Z","level":"warning","event":"[SANITIZE] link_id=47276 field=maximum_speed suspicious sentinel value=999 -> NULL","logger":"lta_common","filename":"lta_common.py","lineno":143}
{"timestamp":"2026-04-15T11:48:40.505693Z","level":"warning","event":"[SANITIZE] link_id=47277 field=maximum_speed suspicious sentinel value=999 -> NULL","logger":"lta_common","filename":"lta_common.py","lineno":143}
{"timestamp":"2026-04-15T11:48:40.505718Z","level":"warning","event":"[SANITIZE] link_id=47280 field=maximum_speed suspicious sentinel value=999 -> NULL","logger":"lta_common","filename":"lta_common.py","lineno":143}
{"timestamp":"2026-04-15T11:48:40.505743Z","level":"warning","event":"[SANITIZE] link_id=47283 field=maximum_speed suspicious sentinel value=999 -> NULL","logger":"lta_common","filename":"lta_common.py","lineno":143}
{"timestamp":"2026-04-15T11:48:40.505763Z","level":"warning","event":"[SANITIZE] link_id=47284 field=maximum_speed suspicious sentinel value=999 -> NULL","logger":"lta_common","filename":"lta_common.py","lineno":143}
{"timestamp":"2026-04-15T11:48:40.505782Z","level":"warning","event":"[SANITIZE] link_id=47285 field=maximum_speed suspicious sentinel value=999 -> NULL","logger":"lta_common","filename":"lta_common.py","lineno":143}
{"timestamp":"2026-04-15T11:48:40.505807Z","level":"warning","event":"[SANITIZE] link_id=47288 field=maximum_speed suspicious sentinel value=999 -> NULL","logger":"lta_common","filename":"lta_common.py","lineno":143}
{"timestamp":"2026-04-15T11:48:40.505863Z","level":"warning","event":"[SANITIZE] link_id=47304 field=maximum_speed suspicious sentinel value=999 -> NULL","logger":"lta_common","filename":"lta_common.py","lineno":143}
{"timestamp":"2026-04-15T11:48:40.505890Z","level":"warning","event":"[SANITIZE] link_id=47308 field=maximum_speed suspicious sentinel value=999 -> NULL","logger":"lta_common","filename":"lta_common.py","lineno":143}
{"timestamp":"2026-04-15T11:48:40.505924Z","level":"warning","event":"[SANITIZE] link_id=47310 field=maximum_speed suspicious sentinel value=999 -> NULL","logger":"lta_common","filename":"lta_common.py","lineno":143}
{"timestamp":"2026-04-15T11:48:40.505965Z","level":"warning","event":"[SANITIZE] link_id=47320 field=maximum_speed suspicious sentinel value=999 -> NULL","logger":"lta_common","filename":"lta_common.py","lineno":143}
{"timestamp":"2026-04-15T11:48:40.505986Z","level":"warning","event":"[SANITIZE] link_id=47321 field=maximum_speed suspicious sentinel value=999 -> NULL","logger":"lta_common","filename":"lta_common.py","lineno":143}
{"timestamp":"2026-04-15T11:48:40.506006Z","level":"warning","event":"[SANITIZE] link_id=47322 field=maximum_speed suspicious sentinel value=999 -> NULL","logger":"lta_common","filename":"lta_common.py","lineno":143}
{"timestamp":"2026-04-15T11:48:40.506027Z","level":"warning","event":"[SANITIZE] link_id=47323 field=maximum_speed suspicious sentinel value=999 -> NULL","logger":"lta_common","filename":"lta_common.py","lineno":143}
{"timestamp":"2026-04-15T11:48:40.506047Z","level":"warning","event":"[SANITIZE] link_id=47324 field=maximum_speed suspicious sentinel value=999 -> NULL","logger":"lta_common","filename":"lta_common.py","lineno":143}
{"timestamp":"2026-04-15T11:48:40.506068Z","level":"warning","event":"[SANITIZE] link_id=47325 field=maximum_speed suspicious sentinel value=999 -> NULL","logger":"lta_common","filename":"lta_common.py","lineno":143}
{"timestamp":"2026-04-15T11:48:40.506088Z","level":"warning","event":"[SANITIZE] link_id=47326 field=maximum_speed suspicious sentinel value=999 -> NULL","logger":"lta_common","filename":"lta_common.py","lineno":143}
{"timestamp":"2026-04-15T11:48:40.506108Z","level":"warning","event":"[SANITIZE] link_id=47327 field=maximum_speed suspicious sentinel value=999 -> NULL","logger":"lta_common","filename":"lta_common.py","lineno":143}
{"timestamp":"2026-04-15T11:48:40.506128Z","level":"warning","event":"[SANITIZE] link_id=47328 field=maximum_speed suspicious sentinel value=999 -> NULL","logger":"lta_common","filename":"lta_common.py","lineno":143}
{"timestamp":"2026-04-15T11:48:40.506153Z","level":"warning","event":"[SANITIZE] link_id=47331 field=maximum_speed suspicious sentinel value=999 -> NULL","logger":"lta_common","filename":"lta_common.py","lineno":143}
{"timestamp":"2026-04-15T11:48:40.506173Z","level":"warning","event":"[SANITIZE] link_id=47332 field=maximum_speed suspicious sentinel value=999 -> NULL","logger":"lta_common","filename":"lta_common.py","lineno":143}
{"timestamp":"2026-04-15T11:48:40.506193Z","level":"warning","event":"[SANITIZE] link_id=47333 field=maximum_speed suspicious sentinel value=999 -> NULL","logger":"lta_common","filename":"lta_common.py","lineno":143}
{"timestamp":"2026-04-15T11:48:40.506213Z","level":"warning","event":"[SANITIZE] link_id=47334 field=maximum_speed suspicious sentinel value=999 -> NULL","logger":"lta_common","filename":"lta_common.py","lineno":143}
{"timestamp":"2026-04-15T11:48:40.506233Z","level":"warning","event":"[SANITIZE] link_id=47335 field=maximum_speed suspicious sentinel value=999 -> NULL","logger":"lta_common","filename":"lta_common.py","lineno":143}
{"timestamp":"2026-04-15T11:48:40.506254Z","level":"warning","event":"[SANITIZE] link_id=47336 field=maximum_speed suspicious sentinel value=999 -> NULL","logger":"lta_common","filename":"lta_common.py","lineno":143}
{"timestamp":"2026-04-15T11:48:40.506275Z","level":"warning","event":"[SANITIZE] link_id=47337 field=maximum_speed suspicious sentinel value=999 -> NULL","logger":"lta_common","filename":"lta_common.py","lineno":143}
{"timestamp":"2026-04-15T11:48:40.506295Z","level":"warning","event":"[SANITIZE] link_id=47338 field=maximum_speed suspicious sentinel value=999 -> NULL","logger":"lta_common","filename":"lta_common.py","lineno":143}
{"timestamp":"2026-04-15T11:48:40.506315Z","level":"warning","event":"[SANITIZE] link_id=47339 field=maximum_speed suspicious sentinel value=999 -> NULL","logger":"lta_common","filename":"lta_common.py","lineno":143}
{"timestamp":"2026-04-15T11:48:40.506335Z","level":"warning","event":"[SANITIZE] link_id=47340 field=maximum_speed suspicious sentinel value=999 -> NULL","logger":"lta_common","filename":"lta_common.py","lineno":143}
{"timestamp":"2026-04-15T11:48:40.506356Z","level":"warning","event":"[SANITIZE] link_id=47341 field=maximum_speed suspicious sentinel value=999 -> NULL","logger":"lta_common","filename":"lta_common.py","lineno":143}
{"timestamp":"2026-04-15T11:48:40.506376Z","level":"warning","event":"[SANITIZE] link_id=47342 field=maximum_speed suspicious sentinel value=999 -> NULL","logger":"lta_common","filename":"lta_common.py","lineno":143}
{"timestamp":"2026-04-15T11:48:40.506396Z","level":"warning","event":"[SANITIZE] link_id=47343 field=maximum_speed suspicious sentinel value=999 -> NULL","logger":"lta_common","filename":"lta_common.py","lineno":143}
{"timestamp":"2026-04-15T11:48:40.506416Z","level":"warning","event":"[SANITIZE] link_id=47344 field=maximum_speed suspicious sentinel value=999 -> NULL","logger":"lta_common","filename":"lta_common.py","lineno":143}
{"timestamp":"2026-04-15T11:48:40.506436Z","level":"warning","event":"[SANITIZE] link_id=47345 field=maximum_speed suspicious sentinel value=999 -> NULL","logger":"lta_common","filename":"lta_common.py","lineno":143}
{"timestamp":"2026-04-15T11:48:40.506464Z","level":"warning","event":"[SANITIZE] link_id=47349 field=maximum_speed suspicious sentinel value=999 -> NULL","logger":"lta_common","filename":"lta_common.py","lineno":143}
{"timestamp":"2026-04-15T11:48:40.506484Z","level":"warning","event":"[SANITIZE] link_id=47350 field=maximum_speed suspicious sentinel value=999 -> NULL","logger":"lta_common","filename":"lta_common.py","lineno":143}
{"timestamp":"2026-04-15T11:48:40.506504Z","level":"warning","event":"[SANITIZE] link_id=47351 field=maximum_speed suspicious sentinel value=999 -> NULL","logger":"lta_common","filename":"lta_common.py","lineno":143}
{"timestamp":"2026-04-15T11:48:40.506529Z","level":"warning","event":"[SANITIZE] link_id=47354 field=maximum_speed suspicious sentinel value=999 -> NULL","logger":"lta_common","filename":"lta_common.py","lineno":143}
{"timestamp":"2026-04-15T11:48:40.506568Z","level":"warning","event":"[SANITIZE] link_id=47363 field=maximum_speed suspicious sentinel value=999 -> NULL","logger":"lta_common","filename":"lta_common.py","lineno":143}
{"timestamp":"2026-04-15T11:48:40.506588Z","level":"warning","event":"[SANITIZE] link_id=47364 field=maximum_speed suspicious sentinel value=999 -> NULL","logger":"lta_common","filename":"lta_common.py","lineno":143}
{"timestamp":"2026-04-15T11:48:40.506608Z","level":"warning","event":"[SANITIZE] link_id=47365 field=maximum_speed suspicious sentinel value=999 -> NULL","logger":"lta_common","filename":"lta_common.py","lineno":143}
{"timestamp":"2026-04-15T11:48:40.506631Z","level":"warning","event":"[SANITIZE] link_id=47367 field=maximum_speed suspicious sentinel value=999 -> NULL","logger":"lta_common","filename":"lta_common.py","lineno":143}
{"timestamp":"2026-04-15T11:48:40.506651Z","level":"warning","event":"[SANITIZE] link_id=47368 field=maximum_speed suspicious sentinel value=999 -> NULL","logger":"lta_common","filename":"lta_common.py","lineno":143}
{"timestamp":"2026-04-15T11:48:40.506671Z","level":"warning","event":"[SANITIZE] link_id=47369 field=maximum_speed suspicious sentinel value=999 -> NULL","logger":"lta_common","filename":"lta_common.py","lineno":143}
{"timestamp":"2026-04-15T11:48:40.506691Z","level":"warning","event":"[SANITIZE] link_id=47370 field=maximum_speed suspicious sentinel value=999 -> NULL","logger":"lta_common","filename":"lta_common.py","lineno":143}
{"timestamp":"2026-04-15T11:48:40.506711Z","level":"warning","event":"[SANITIZE] link_id=47371 field=maximum_speed suspicious sentinel value=999 -> NULL","logger":"lta_common","filename":"lta_common.py","lineno":143}
{"timestamp":"2026-04-15T11:48:40.506731Z","level":"warning","event":"[SANITIZE] link_id=47372 field=maximum_speed suspicious sentinel value=999 -> NULL","logger":"lta_common","filename":"lta_common.py","lineno":143}
{"timestamp":"2026-04-15T11:48:40.506751Z","level":"warning","event":"[SANITIZE] link_id=47373 field=maximum_speed suspicious sentinel value=999 -> NULL","logger":"lta_common","filename":"lta_common.py","lineno":143}
{"timestamp":"2026-04-15T11:48:40.506770Z","level":"warning","event":"[SANITIZE] link_id=47374 field=maximum_speed suspicious sentinel value=999 -> NULL","logger":"lta_common","filename":"lta_common.py","lineno":143}
{"timestamp":"2026-04-15T11:48:40.506790Z","level":"warning","event":"[SANITIZE] link_id=47375 field=maximum_speed suspicious sentinel value=999 -> NULL","logger":"lta_common","filename":"lta_common.py","lineno":143}
{"timestamp":"2026-04-15T11:48:40.506810Z","level":"warning","event":"[SANITIZE] link_id=47376 field=maximum_speed suspicious sentinel value=999 -> NULL","logger":"lta_common","filename":"lta_common.py","lineno":143}
{"timestamp":"2026-04-15T11:48:40.506830Z","level":"warning","event":"[SANITIZE] link_id=47377 field=maximum_speed suspicious sentinel value=999 -> NULL","logger":"lta_common","filename":"lta_common.py","lineno":143}
{"timestamp":"2026-04-15T11:48:40.506850Z","level":"warning","event":"[SANITIZE] link_id=47378 field=maximum_speed suspicious sentinel value=999 -> NULL","logger":"lta_common","filename":"lta_common.py","lineno":143}
{"timestamp":"2026-04-15T11:48:40.506870Z","level":"warning","event":"[SANITIZE] link_id=47379 field=maximum_speed suspicious sentinel value=999 -> NULL","logger":"lta_common","filename":"lta_common.py","lineno":143}
{"timestamp":"2026-04-15T11:48:40.506890Z","level":"warning","event":"[SANITIZE] link_id=47380 field=maximum_speed suspicious sentinel value=999 -> NULL","logger":"lta_common","filename":"lta_common.py","lineno":143}
{"timestamp":"2026-04-15T11:48:40.506921Z","level":"warning","event":"[SANITIZE] link_id=47381 field=maximum_speed suspicious sentinel value=999 -> NULL","logger":"lta_common","filename":"lta_common.py","lineno":143}
{"timestamp":"2026-04-15T11:48:40.506948Z","level":"warning","event":"[SANITIZE] link_id=47382 field=maximum_speed suspicious sentinel value=999 -> NULL","logger":"lta_common","filename":"lta_common.py","lineno":143}
{"timestamp":"2026-04-15T11:48:40.506971Z","level":"warning","event":"[SANITIZE] link_id=47384 field=maximum_speed suspicious sentinel value=999 -> NULL","logger":"lta_common","filename":"lta_common.py","lineno":143}
{"timestamp":"2026-04-15T11:48:40.506999Z","level":"warning","event":"[SANITIZE] link_id=47391 field=maximum_speed suspicious sentinel value=999 -> NULL","logger":"lta_common","filename":"lta_common.py","lineno":143}
{"timestamp":"2026-04-15T11:48:40.507019Z","level":"warning","event":"[SANITIZE] link_id=47392 field=maximum_speed suspicious sentinel value=999 -> NULL","logger":"lta_common","filename":"lta_common.py","lineno":143}
{"timestamp":"2026-04-15T11:48:40.507039Z","level":"warning","event":"[SANITIZE] link_id=47393 field=maximum_speed suspicious sentinel value=999 -> NULL","logger":"lta_common","filename":"lta_common.py","lineno":143}
{"timestamp":"2026-04-15T11:48:40.507059Z","level":"warning","event":"[SANITIZE] link_id=47394 field=maximum_speed suspicious sentinel value=999 -> NULL","logger":"lta_common","filename":"lta_common.py","lineno":143}
{"timestamp":"2026-04-15T11:48:40.507079Z","level":"warning","event":"[SANITIZE] link_id=47395 field=maximum_speed suspicious sentinel value=999 -> NULL","logger":"lta_common","filename":"lta_common.py","lineno":143}
{"timestamp":"2026-04-15T11:48:40.507099Z","level":"warning","event":"[SANITIZE] link_id=47396 field=maximum_speed suspicious sentinel value=999 -> NULL","logger":"lta_common","filename":"lta_common.py","lineno":143}
{"timestamp":"2026-04-15T11:48:40.507119Z","level":"warning","event":"[SANITIZE] link_id=47397 field=maximum_speed suspicious sentinel value=999 -> NULL","logger":"lta_common","filename":"lta_common.py","lineno":143}
{"timestamp":"2026-04-15T11:48:40.507141Z","level":"warning","event":"[SANITIZE] link_id=47399 field=maximum_speed suspicious sentinel value=999 -> NULL","logger":"lta_common","filename":"lta_common.py","lineno":143}
{"timestamp":"2026-04-15T11:48:40.507161Z","level":"warning","event":"[SANITIZE] link_id=47400 field=maximum_speed suspicious sentinel value=999 -> NULL","logger":"lta_common","filename":"lta_common.py","lineno":143}
{"timestamp":"2026-04-15T11:48:40.507182Z","level":"warning","event":"[SANITIZE] link_id=47401 field=maximum_speed suspicious sentinel value=999 -> NULL","logger":"lta_common","filename":"lta_common.py","lineno":143}
{"timestamp":"2026-04-15T11:48:40.507202Z","level":"warning","event":"[SANITIZE] link_id=47402 field=maximum_speed suspicious sentinel value=999 -> NULL","logger":"lta_common","filename":"lta_common.py","lineno":143}
{"timestamp":"2026-04-15T11:48:40.507227Z","level":"warning","event":"[SANITIZE] link_id=47405 field=maximum_speed suspicious sentinel value=999 -> NULL","logger":"lta_common","filename":"lta_common.py","lineno":143}
{"timestamp":"2026-04-15T11:48:40.507247Z","level":"warning","event":"[SANITIZE] link_id=47406 field=maximum_speed suspicious sentinel value=999 -> NULL","logger":"lta_common","filename":"lta_common.py","lineno":143}
{"timestamp":"2026-04-15T11:48:40.507266Z","level":"warning","event":"[SANITIZE] link_id=47407 field=maximum_speed suspicious sentinel value=999 -> NULL","logger":"lta_common","filename":"lta_common.py","lineno":143}
{"timestamp":"2026-04-15T11:48:40.507286Z","level":"warning","event":"[SANITIZE] link_id=47408 field=maximum_speed suspicious sentinel value=999 -> NULL","logger":"lta_common","filename":"lta_common.py","lineno":143}
{"timestamp":"2026-04-15T11:48:40.507325Z","level":"warning","event":"[SANITIZE] link_id=47416 field=maximum_speed suspicious sentinel value=999 -> NULL","logger":"lta_common","filename":"lta_common.py","lineno":143}
{"timestamp":"2026-04-15T11:48:40.507345Z","level":"warning","event":"[SANITIZE] link_id=47421 field=maximum_speed suspicious sentinel value=999 -> NULL","logger":"lta_common","filename":"lta_common.py","lineno":143}
{"timestamp":"2026-04-15T11:48:40.507365Z","level":"warning","event":"[SANITIZE] link_id=47422 field=maximum_speed suspicious sentinel value=999 -> NULL","logger":"lta_common","filename":"lta_common.py","lineno":143}
{"timestamp":"2026-04-15T11:48:40.507395Z","level":"warning","event":"[SANITIZE] link_id=47427 field=maximum_speed suspicious sentinel value=999 -> NULL","logger":"lta_common","filename":"lta_common.py","lineno":143}
{"timestamp":"2026-04-15T11:48:40.507415Z","level":"warning","event":"[SANITIZE] link_id=47428 field=maximum_speed suspicious sentinel value=999 -> NULL","logger":"lta_common","filename":"lta_common.py","lineno":143}
{"timestamp":"2026-04-15T11:48:40.507435Z","level":"warning","event":"[SANITIZE] link_id=47429 field=maximum_speed suspicious sentinel value=999 -> NULL","logger":"lta_common","filename":"lta_common.py","lineno":143}
{"timestamp":"2026-04-15T11:48:40.507454Z","level":"warning","event":"[SANITIZE] link_id=47430 field=maximum_speed suspicious sentinel value=999 -> NULL","logger":"lta_common","filename":"lta_common.py","lineno":143}
{"timestamp":"2026-04-15T11:48:40.507474Z","level":"warning","event":"[SANITIZE] link_id=47431 field=maximum_speed suspicious sentinel value=999 -> NULL","logger":"lta_common","filename":"lta_common.py","lineno":143}
{"timestamp":"2026-04-15T11:48:40.507493Z","level":"warning","event":"[SANITIZE] link_id=47432 field=maximum_speed suspicious sentinel value=999 -> NULL","logger":"lta_common","filename":"lta_common.py","lineno":143}
{"timestamp":"2026-04-15T11:48:40.507513Z","level":"warning","event":"[SANITIZE] link_id=47433 field=maximum_speed suspicious sentinel value=999 -> NULL","logger":"lta_common","filename":"lta_common.py","lineno":143}
{"timestamp":"2026-04-15T11:48:40.507532Z","level":"warning","event":"[SANITIZE] link_id=47434 field=maximum_speed suspicious sentinel value=999 -> NULL","logger":"lta_common","filename":"lta_common.py","lineno":143}
{"timestamp":"2026-04-15T11:48:40.507560Z","level":"warning","event":"[SANITIZE] link_id=47438 field=maximum_speed suspicious sentinel value=999 -> NULL","logger":"lta_common","filename":"lta_common.py","lineno":143}
{"timestamp":"2026-04-15T11:48:40.507584Z","level":"warning","event":"[SANITIZE] link_id=47441 field=maximum_speed suspicious sentinel value=999 -> NULL","logger":"lta_common","filename":"lta_common.py","lineno":143}
{"timestamp":"2026-04-15T11:48:40.507604Z","level":"warning","event":"[SANITIZE] link_id=47442 field=maximum_speed suspicious sentinel value=999 -> NULL","logger":"lta_common","filename":"lta_common.py","lineno":143}
{"timestamp":"2026-04-15T11:48:40.507623Z","level":"warning","event":"[SANITIZE] link_id=47443 field=maximum_speed suspicious sentinel value=999 -> NULL","logger":"lta_common","filename":"lta_common.py","lineno":143}
{"timestamp":"2026-04-15T11:48:40.507642Z","level":"warning","event":"[SANITIZE] link_id=47444 field=maximum_speed suspicious sentinel value=999 -> NULL","logger":"lta_common","filename":"lta_common.py","lineno":143}
{"timestamp":"2026-04-15T11:48:40.507662Z","level":"warning","event":"[SANITIZE] link_id=47445 field=maximum_speed suspicious sentinel value=999 -> NULL","logger":"lta_common","filename":"lta_common.py","lineno":143}
{"timestamp":"2026-04-15T11:48:40.507682Z","level":"warning","event":"[SANITIZE] link_id=47446 field=maximum_speed suspicious sentinel value=999 -> NULL","logger":"lta_common","filename":"lta_common.py","lineno":143}
{"timestamp":"2026-04-15T11:48:40.507727Z","level":"warning","event":"[SANITIZE] link_id=47457 field=maximum_speed suspicious sentinel value=999 -> NULL","logger":"lta_common","filename":"lta_common.py","lineno":143}
{"timestamp":"2026-04-15T11:48:40.507754Z","level":"warning","event":"[SANITIZE] link_id=47461 field=maximum_speed suspicious sentinel value=999 -> NULL","logger":"lta_common","filename":"lta_common.py","lineno":143}
{"timestamp":"2026-04-15T11:48:40.507773Z","level":"warning","event":"[SANITIZE] link_id=47462 field=maximum_speed suspicious sentinel value=999 -> NULL","logger":"lta_common","filename":"lta_common.py","lineno":143}
{"timestamp":"2026-04-15T11:48:40.507792Z","level":"warning","event":"[SANITIZE] link_id=47463 field=maximum_speed suspicious sentinel value=999 -> NULL","logger":"lta_common","filename":"lta_common.py","lineno":143}
{"timestamp":"2026-04-15T11:48:40.507821Z","level":"warning","event":"[SANITIZE] link_id=47468 field=maximum_speed suspicious sentinel value=999 -> NULL","logger":"lta_common","filename":"lta_common.py","lineno":143}
{"timestamp":"2026-04-15T11:48:40.507841Z","level":"warning","event":"[SANITIZE] link_id=47469 field=maximum_speed suspicious sentinel value=999 -> NULL","logger":"lta_common","filename":"lta_common.py","lineno":143}
{"timestamp":"2026-04-15T11:48:40.507860Z","level":"warning","event":"[SANITIZE] link_id=47470 field=maximum_speed suspicious sentinel value=999 -> NULL","logger":"lta_common","filename":"lta_common.py","lineno":143}
{"timestamp":"2026-04-15T11:48:40.507880Z","level":"warning","event":"[SANITIZE] link_id=47471 field=maximum_speed suspicious sentinel value=999 -> NULL","logger":"lta_common","filename":"lta_common.py","lineno":143}
{"timestamp":"2026-04-15T11:48:40.507899Z","level":"warning","event":"[SANITIZE] link_id=47472 field=maximum_speed suspicious sentinel value=999 -> NULL","logger":"lta_common","filename":"lta_common.py","lineno":143}
{"timestamp":"2026-04-15T11:48:40.507925Z","level":"warning","event":"[SANITIZE] link_id=47473 field=maximum_speed suspicious sentinel value=999 -> NULL","logger":"lta_common","filename":"lta_common.py","lineno":143}
{"timestamp":"2026-04-15T11:48:40.507944Z","level":"warning","event":"[SANITIZE] link_id=47474 field=maximum_speed suspicious sentinel value=999 -> NULL","logger":"lta_common","filename":"lta_common.py","lineno":143}
{"timestamp":"2026-04-15T11:48:40.507963Z","level":"warning","event":"[SANITIZE] link_id=47475 field=maximum_speed suspicious sentinel value=999 -> NULL","logger":"lta_common","filename":"lta_common.py","lineno":143}
{"timestamp":"2026-04-15T11:48:40.507993Z","level":"warning","event":"[SANITIZE] link_id=47480 field=maximum_speed suspicious sentinel value=999 -> NULL","logger":"lta_common","filename":"lta_common.py","lineno":143}
{"timestamp":"2026-04-15T11:48:40.508013Z","level":"warning","event":"[SANITIZE] link_id=47481 field=maximum_speed suspicious sentinel value=999 -> NULL","logger":"lta_common","filename":"lta_common.py","lineno":143}
{"timestamp":"2026-04-15T11:48:40.508032Z","level":"warning","event":"[SANITIZE] link_id=47482 field=maximum_speed suspicious sentinel value=999 -> NULL","logger":"lta_common","filename":"lta_common.py","lineno":143}
{"timestamp":"2026-04-15T11:48:40.508051Z","level":"warning","event":"[SANITIZE] link_id=47483 field=maximum_speed suspicious sentinel value=999 -> NULL","logger":"lta_common","filename":"lta_common.py","lineno":143}
{"timestamp":"2026-04-15T11:48:40.508073Z","level":"warning","event":"[SANITIZE] link_id=47485 field=maximum_speed suspicious sentinel value=999 -> NULL","logger":"lta_common","filename":"lta_common.py","lineno":143}
{"timestamp":"2026-04-15T11:48:40.508092Z","level":"warning","event":"[SANITIZE] link_id=47486 field=maximum_speed suspicious sentinel value=999 -> NULL","logger":"lta_common","filename":"lta_common.py","lineno":143}
{"timestamp":"2026-04-15T11:48:40.508111Z","level":"warning","event":"[SANITIZE] link_id=47487 field=maximum_speed suspicious sentinel value=999 -> NULL","logger":"lta_common","filename":"lta_common.py","lineno":143}
{"timestamp":"2026-04-15T11:48:40.508131Z","level":"warning","event":"[SANITIZE] link_id=47488 field=maximum_speed suspicious sentinel value=999 -> NULL","logger":"lta_common","filename":"lta_common.py","lineno":143}
{"timestamp":"2026-04-15T11:48:40.508155Z","level":"warning","event":"[SANITIZE] link_id=47491 field=maximum_speed suspicious sentinel value=999 -> NULL","logger":"lta_common","filename":"lta_common.py","lineno":143}
{"timestamp":"2026-04-15T11:48:40.508175Z","level":"warning","event":"[SANITIZE] link_id=47492 field=maximum_speed suspicious sentinel value=999 -> NULL","logger":"lta_common","filename":"lta_common.py","lineno":143}
{"timestamp":"2026-04-15T11:48:40.508194Z","level":"warning","event":"[SANITIZE] link_id=47493 field=maximum_speed suspicious sentinel value=999 -> NULL","logger":"lta_common","filename":"lta_common.py","lineno":143}
{"timestamp":"2026-04-15T11:48:40.508213Z","level":"warning","event":"[SANITIZE] link_id=47494 field=maximum_speed suspicious sentinel value=999 -> NULL","logger":"lta_common","filename":"lta_common.py","lineno":143}
{"timestamp":"2026-04-15T11:48:40.508232Z","level":"warning","event":"[SANITIZE] link_id=47495 field=maximum_speed suspicious sentinel value=999 -> NULL","logger":"lta_common","filename":"lta_common.py","lineno":143}
{"timestamp":"2026-04-15T11:48:40.508252Z","level":"warning","event":"[SANITIZE] link_id=47496 field=maximum_speed suspicious sentinel value=999 -> NULL","logger":"lta_common","filename":"lta_common.py","lineno":143}
{"timestamp":"2026-04-15T11:48:40.508271Z","level":"warning","event":"[SANITIZE] link_id=47497 field=maximum_speed suspicious sentinel value=999 -> NULL","logger":"lta_common","filename":"lta_common.py","lineno":143}
{"timestamp":"2026-04-15T11:48:40.508293Z","level":"warning","event":"[SANITIZE] link_id=47499 field=maximum_speed suspicious sentinel value=999 -> NULL","logger":"lta_common","filename":"lta_common.py","lineno":143}
{"timestamp":"2026-04-15T11:48:40.508313Z","level":"warning","event":"[SANITIZE] link_id=47500 field=maximum_speed suspicious sentinel value=999 -> NULL","logger":"lta_common","filename":"lta_common.py","lineno":143}
{"timestamp":"2026-04-15T11:48:40.508332Z","level":"warning","event":"[SANITIZE] link_id=47501 field=maximum_speed suspicious sentinel value=999 -> NULL","logger":"lta_common","filename":"lta_common.py","lineno":143}
{"timestamp":"2026-04-15T11:48:40.508705Z","level":"info","event":"[CLEAN DONE] rows=500 | null_speed_band=0 | null_minimum_speed=0 | null_maximum_speed=183","logger":"lta_common","filename":"lta_common.py","lineno":238}
{"timestamp":"2026-04-15T11:48:40.509504Z","level":"info","event":"STEP 5: built cleaned snapshot dataframe rows=500","logger":"unusual_prefix_faea391ec71b1d4b4651510353e4a48d62001c31_2_refresh_traffic_speed","filename":"2_refresh_traffic_speed.py","lineno":44}
{"timestamp":"2026-04-15T11:48:40.509786Z","level":"info","event":"[LATEST PREP] rows=500 | missing_measurement_rows=0","logger":"lta_common","filename":"lta_common.py","lineno":271}
{"timestamp":"2026-04-15T11:48:40.510012Z","level":"info","event":"[UPSERT START] upserting 500 rows into traffic_speed_latest","logger":"lta_common","filename":"lta_common.py","lineno":348}
{"timestamp":"2026-04-15T11:48:40.510298Z","level":"info","event":"[UPSERT DEBUG] max_link_id=47501 | min_link_id=46911 | max_speed_band=8 | min_speed_band=1 | max_minimum_speed=70 | min_minimum_speed=0 | max_maximum_speed=69.0 | min_maximum_speed=9.0","logger":"lta_common","filename":"lta_common.py","lineno":350}
{"timestamp":"2026-04-15T11:48:40.883821Z","level":"info","event":"[UPSERT DONE] upserted=500 rows into traffic_speed_latest","logger":"lta_common","filename":"lta_common.py","lineno":388}
{"timestamp":"2026-04-15T11:48:40.886492Z","level":"info","event":"[SAVE START] inserting 500 rows into traffic_speed_recent","logger":"lta_common","filename":"lta_common.py","lineno":319}
{"timestamp":"2026-04-15T11:48:41.342913Z","level":"info","event":"[SAVE DONE] inserted=500 rows into traffic_speed_recent","logger":"lta_common","filename":"lta_common.py","lineno":337}
{"timestamp":"2026-04-15T11:48:41.343198Z","level":"info","event":"STEP 6: page saved skip=31500 | pages=64 | latest_rows=32000 | recent_rows=32000","logger":"unusual_prefix_faea391ec71b1d4b4651510353e4a48d62001c31_2_refresh_traffic_speed","filename":"2_refresh_traffic_speed.py","lineno":56}
{"timestamp":"2026-04-15T11:48:41.343269Z","level":"info","event":"========== PAGE START ==========","logger":"lta_common","filename":"lta_common.py","lineno":53}
{"timestamp":"2026-04-15T11:48:41.343318Z","level":"info","event":"[FETCH] requesting rows 32000–32499","logger":"lta_common","filename":"lta_common.py","lineno":54}
{"timestamp":"2026-04-15T11:48:41.343386Z","level":"info","event":"Fetching page from LTA: skip=32000","logger":"lta_common","filename":"lta_common.py","lineno":36}
{"timestamp":"2026-04-15T11:48:41.607893Z","level":"info","event":"Retrieved 500 rows from LTA at skip=32000","logger":"lta_common","filename":"lta_common.py","lineno":44}
{"timestamp":"2026-04-15T11:48:41.609205Z","level":"info","event":"[FETCH DONE] retrieved=500 rows at skip=32000","logger":"lta_common","filename":"lta_common.py","lineno":59}
{"timestamp":"2026-04-15T11:48:41.609449Z","level":"info","event":"STEP 4: processing page skip=32000 rows=500","logger":"unusual_prefix_faea391ec71b1d4b4651510353e4a48d62001c31_2_refresh_traffic_speed","filename":"2_refresh_traffic_speed.py","lineno":41}
{"timestamp":"2026-04-15T11:48:41.617133Z","level":"warning","event":"[SANITIZE] link_id=47502 field=maximum_speed suspicious sentinel value=999 -> NULL","logger":"lta_common","filename":"lta_common.py","lineno":143}
{"timestamp":"2026-04-15T11:48:41.617314Z","level":"warning","event":"[SANITIZE] link_id=47503 field=maximum_speed suspicious sentinel value=999 -> NULL","logger":"lta_common","filename":"lta_common.py","lineno":143}
{"timestamp":"2026-04-15T11:48:41.617453Z","level":"warning","event":"[SANITIZE] link_id=47506 field=maximum_speed suspicious sentinel value=999 -> NULL","logger":"lta_common","filename":"lta_common.py","lineno":143}
{"timestamp":"2026-04-15T11:48:41.617587Z","level":"warning","event":"[SANITIZE] link_id=47509 field=maximum_speed suspicious sentinel value=999 -> NULL","logger":"lta_common","filename":"lta_common.py","lineno":143}
{"timestamp":"2026-04-15T11:48:41.617739Z","level":"warning","event":"[SANITIZE] link_id=47522 field=maximum_speed suspicious sentinel value=999 -> NULL","logger":"lta_common","filename":"lta_common.py","lineno":143}
{"timestamp":"2026-04-15T11:48:41.617844Z","level":"warning","event":"[SANITIZE] link_id=47523 field=maximum_speed suspicious sentinel value=999 -> NULL","logger":"lta_common","filename":"lta_common.py","lineno":143}
{"timestamp":"2026-04-15T11:48:41.617957Z","level":"warning","event":"[SANITIZE] link_id=47527 field=maximum_speed suspicious sentinel value=999 -> NULL","logger":"lta_common","filename":"lta_common.py","lineno":143}
{"timestamp":"2026-04-15T11:48:41.618053Z","level":"warning","event":"[SANITIZE] link_id=47528 field=maximum_speed suspicious sentinel value=999 -> NULL","logger":"lta_common","filename":"lta_common.py","lineno":143}
{"timestamp":"2026-04-15T11:48:41.618148Z","level":"warning","event":"[SANITIZE] link_id=47529 field=maximum_speed suspicious sentinel value=999 -> NULL","logger":"lta_common","filename":"lta_common.py","lineno":143}
{"timestamp":"2026-04-15T11:48:41.618236Z","level":"warning","event":"[SANITIZE] link_id=47530 field=maximum_speed suspicious sentinel value=999 -> NULL","logger":"lta_common","filename":"lta_common.py","lineno":143}
{"timestamp":"2026-04-15T11:48:41.618327Z","level":"warning","event":"[SANITIZE] link_id=47531 field=maximum_speed suspicious sentinel value=999 -> NULL","logger":"lta_common","filename":"lta_common.py","lineno":143}
{"timestamp":"2026-04-15T11:48:41.618475Z","level":"warning","event":"[SANITIZE] link_id=47532 field=maximum_speed suspicious sentinel value=999 -> NULL","logger":"lta_common","filename":"lta_common.py","lineno":143}
{"timestamp":"2026-04-15T11:48:41.618570Z","level":"warning","event":"[SANITIZE] link_id=47533 field=maximum_speed suspicious sentinel value=999 -> NULL","logger":"lta_common","filename":"lta_common.py","lineno":143}
{"timestamp":"2026-04-15T11:48:41.618666Z","level":"warning","event":"[SANITIZE] link_id=47534 field=maximum_speed suspicious sentinel value=999 -> NULL","logger":"lta_common","filename":"lta_common.py","lineno":143}
{"timestamp":"2026-04-15T11:48:41.618803Z","level":"warning","event":"[SANITIZE] link_id=47548 field=maximum_speed suspicious sentinel value=999 -> NULL","logger":"lta_common","filename":"lta_common.py","lineno":143}
{"timestamp":"2026-04-15T11:48:41.618896Z","level":"warning","event":"[SANITIZE] link_id=47549 field=maximum_speed suspicious sentinel value=999 -> NULL","logger":"lta_common","filename":"lta_common.py","lineno":143}
{"timestamp":"2026-04-15T11:48:41.618994Z","level":"warning","event":"[SANITIZE] link_id=47550 field=maximum_speed suspicious sentinel value=999 -> NULL","logger":"lta_common","filename":"lta_common.py","lineno":143}
{"timestamp":"2026-04-15T11:48:41.619086Z","level":"warning","event":"[SANITIZE] link_id=47551 field=maximum_speed suspicious sentinel value=999 -> NULL","logger":"lta_common","filename":"lta_common.py","lineno":143}
{"timestamp":"2026-04-15T11:48:41.619200Z","level":"warning","event":"[SANITIZE] link_id=47561 field=maximum_speed suspicious sentinel value=999 -> NULL","logger":"lta_common","filename":"lta_common.py","lineno":143}
{"timestamp":"2026-04-15T11:48:41.619289Z","level":"warning","event":"[SANITIZE] link_id=47562 field=maximum_speed suspicious sentinel value=999 -> NULL","logger":"lta_common","filename":"lta_common.py","lineno":143}
{"timestamp":"2026-04-15T11:48:41.619421Z","level":"warning","event":"[SANITIZE] link_id=47582 field=maximum_speed suspicious sentinel value=999 -> NULL","logger":"lta_common","filename":"lta_common.py","lineno":143}
{"timestamp":"2026-04-15T11:48:41.619612Z","level":"warning","event":"[SANITIZE] link_id=47617 field=maximum_speed suspicious sentinel value=999 -> NULL","logger":"lta_common","filename":"lta_common.py","lineno":143}
{"timestamp":"2026-04-15T11:48:41.619699Z","level":"warning","event":"[SANITIZE] link_id=47618 field=maximum_speed suspicious sentinel value=999 -> NULL","logger":"lta_common","filename":"lta_common.py","lineno":143}
{"timestamp":"2026-04-15T11:48:41.619797Z","level":"warning","event":"[SANITIZE] link_id=47623 field=maximum_speed suspicious sentinel value=999 -> NULL","logger":"lta_common","filename":"lta_common.py","lineno":143}
{"timestamp":"2026-04-15T11:48:41.619985Z","level":"warning","event":"[SANITIZE] link_id=47625 field=maximum_speed suspicious sentinel value=999 -> NULL","logger":"lta_common","filename":"lta_common.py","lineno":143}
{"timestamp":"2026-04-15T11:48:41.620090Z","level":"warning","event":"[SANITIZE] link_id=47630 field=maximum_speed suspicious sentinel value=999 -> NULL","logger":"lta_common","filename":"lta_common.py","lineno":143}
{"timestamp":"2026-04-15T11:48:41.620218Z","level":"warning","event":"[SANITIZE] link_id=47643 field=maximum_speed suspicious sentinel value=999 -> NULL","logger":"lta_common","filename":"lta_common.py","lineno":143}
{"timestamp":"2026-04-15T11:48:41.620306Z","level":"warning","event":"[SANITIZE] link_id=47644 field=maximum_speed suspicious sentinel value=999 -> NULL","logger":"lta_common","filename":"lta_common.py","lineno":143}
{"timestamp":"2026-04-15T11:48:41.620423Z","level":"warning","event":"[SANITIZE] link_id=47650 field=maximum_speed suspicious sentinel value=999 -> NULL","logger":"lta_common","filename":"lta_common.py","lineno":143}
{"timestamp":"2026-04-15T11:48:41.620545Z","level":"warning","event":"[SANITIZE] link_id=47666 field=maximum_speed suspicious sentinel value=999 -> NULL","logger":"lta_common","filename":"lta_common.py","lineno":143}
{"timestamp":"2026-04-15T11:48:41.620667Z","level":"warning","event":"[SANITIZE] link_id=47679 field=maximum_speed suspicious sentinel value=999 -> NULL","logger":"lta_common","filename":"lta_common.py","lineno":143}
{"timestamp":"2026-04-15T11:48:41.620754Z","level":"warning","event":"[SANITIZE] link_id=47680 field=maximum_speed suspicious sentinel value=999 -> NULL","logger":"lta_common","filename":"lta_common.py","lineno":143}
{"timestamp":"2026-04-15T11:48:41.620851Z","level":"warning","event":"[SANITIZE] link_id=47681 field=maximum_speed suspicious sentinel value=999 -> NULL","logger":"lta_common","filename":"lta_common.py","lineno":143}
{"timestamp":"2026-04-15T11:48:41.620943Z","level":"warning","event":"[SANITIZE] link_id=47682 field=maximum_speed suspicious sentinel value=999 -> NULL","logger":"lta_common","filename":"lta_common.py","lineno":143}
{"timestamp":"2026-04-15T11:48:41.620986Z","level":"warning","event":"[SANITIZE] link_id=47683 field=maximum_speed suspicious sentinel value=999 -> NULL","logger":"lta_common","filename":"lta_common.py","lineno":143}
{"timestamp":"2026-04-15T11:48:41.621012Z","level":"warning","event":"[SANITIZE] link_id=47684 field=maximum_speed suspicious sentinel value=999 -> NULL","logger":"lta_common","filename":"lta_common.py","lineno":143}
{"timestamp":"2026-04-15T11:48:41.621036Z","level":"warning","event":"[SANITIZE] link_id=47685 field=maximum_speed suspicious sentinel value=999 -> NULL","logger":"lta_common","filename":"lta_common.py","lineno":143}
{"timestamp":"2026-04-15T11:48:41.621060Z","level":"warning","event":"[SANITIZE] link_id=47686 field=maximum_speed suspicious sentinel value=999 -> NULL","logger":"lta_common","filename":"lta_common.py","lineno":143}
{"timestamp":"2026-04-15T11:48:41.621084Z","level":"warning","event":"[SANITIZE] link_id=47687 field=maximum_speed suspicious sentinel value=999 -> NULL","logger":"lta_common","filename":"lta_common.py","lineno":143}
{"timestamp":"2026-04-15T11:48:41.621107Z","level":"warning","event":"[SANITIZE] link_id=47690 field=maximum_speed suspicious sentinel value=999 -> NULL","logger":"lta_common","filename":"lta_common.py","lineno":143}
{"timestamp":"2026-04-15T11:48:41.621130Z","level":"warning","event":"[SANITIZE] link_id=47691 field=maximum_speed suspicious sentinel value=999 -> NULL","logger":"lta_common","filename":"lta_common.py","lineno":143}
{"timestamp":"2026-04-15T11:48:41.621153Z","level":"warning","event":"[SANITIZE] link_id=47693 field=maximum_speed suspicious sentinel value=999 -> NULL","logger":"lta_common","filename":"lta_common.py","lineno":143}
{"timestamp":"2026-04-15T11:48:41.621176Z","level":"warning","event":"[SANITIZE] link_id=47694 field=maximum_speed suspicious sentinel value=999 -> NULL","logger":"lta_common","filename":"lta_common.py","lineno":143}
{"timestamp":"2026-04-15T11:48:41.621200Z","level":"warning","event":"[SANITIZE] link_id=47695 field=maximum_speed suspicious sentinel value=999 -> NULL","logger":"lta_common","filename":"lta_common.py","lineno":143}
{"timestamp":"2026-04-15T11:48:41.621225Z","level":"warning","event":"[SANITIZE] link_id=47697 field=maximum_speed suspicious sentinel value=999 -> NULL","logger":"lta_common","filename":"lta_common.py","lineno":143}
{"timestamp":"2026-04-15T11:48:41.621266Z","level":"warning","event":"[SANITIZE] link_id=47705 field=maximum_speed suspicious sentinel value=999 -> NULL","logger":"lta_common","filename":"lta_common.py","lineno":143}
{"timestamp":"2026-04-15T11:48:41.621301Z","level":"warning","event":"[SANITIZE] link_id=47710 field=maximum_speed suspicious sentinel value=999 -> NULL","logger":"lta_common","filename":"lta_common.py","lineno":143}
{"timestamp":"2026-04-15T11:48:41.621324Z","level":"warning","event":"[SANITIZE] link_id=47711 field=maximum_speed suspicious sentinel value=999 -> NULL","logger":"lta_common","filename":"lta_common.py","lineno":143}
{"timestamp":"2026-04-15T11:48:41.621410Z","level":"warning","event":"[SANITIZE] link_id=47736 field=maximum_speed suspicious sentinel value=999 -> NULL","logger":"lta_common","filename":"lta_common.py","lineno":143}
{"timestamp":"2026-04-15T11:48:41.621437Z","level":"warning","event":"[SANITIZE] link_id=47737 field=maximum_speed suspicious sentinel value=999 -> NULL","logger":"lta_common","filename":"lta_common.py","lineno":143}
{"timestamp":"2026-04-15T11:48:41.621460Z","level":"warning","event":"[SANITIZE] link_id=47738 field=maximum_speed suspicious sentinel value=999 -> NULL","logger":"lta_common","filename":"lta_common.py","lineno":143}
{"timestamp":"2026-04-15T11:48:41.621483Z","level":"warning","event":"[SANITIZE] link_id=47739 field=maximum_speed suspicious sentinel value=999 -> NULL","logger":"lta_common","filename":"lta_common.py","lineno":143}
{"timestamp":"2026-04-15T11:48:41.621509Z","level":"warning","event":"[SANITIZE] link_id=47741 field=maximum_speed suspicious sentinel value=999 -> NULL","logger":"lta_common","filename":"lta_common.py","lineno":143}
{"timestamp":"2026-04-15T11:48:41.621533Z","level":"warning","event":"[SANITIZE] link_id=47742 field=maximum_speed suspicious sentinel value=999 -> NULL","logger":"lta_common","filename":"lta_common.py","lineno":143}
{"timestamp":"2026-04-15T11:48:41.621556Z","level":"warning","event":"[SANITIZE] link_id=47743 field=maximum_speed suspicious sentinel value=999 -> NULL","logger":"lta_common","filename":"lta_common.py","lineno":143}
{"timestamp":"2026-04-15T11:48:41.621588Z","level":"warning","event":"[SANITIZE] link_id=47747 field=maximum_speed suspicious sentinel value=999 -> NULL","logger":"lta_common","filename":"lta_common.py","lineno":143}
{"timestamp":"2026-04-15T11:48:41.621611Z","level":"warning","event":"[SANITIZE] link_id=47748 field=maximum_speed suspicious sentinel value=999 -> NULL","logger":"lta_common","filename":"lta_common.py","lineno":143}
{"timestamp":"2026-04-15T11:48:41.621635Z","level":"warning","event":"[SANITIZE] link_id=47749 field=maximum_speed suspicious sentinel value=999 -> NULL","logger":"lta_common","filename":"lta_common.py","lineno":143}
{"timestamp":"2026-04-15T11:48:41.621658Z","level":"warning","event":"[SANITIZE] link_id=47750 field=maximum_speed suspicious sentinel value=999 -> NULL","logger":"lta_common","filename":"lta_common.py","lineno":143}
{"timestamp":"2026-04-15T11:48:41.621681Z","level":"warning","event":"[SANITIZE] link_id=47751 field=maximum_speed suspicious sentinel value=999 -> NULL","logger":"lta_common","filename":"lta_common.py","lineno":143}
{"timestamp":"2026-04-15T11:48:41.621704Z","level":"warning","event":"[SANITIZE] link_id=47752 field=maximum_speed suspicious sentinel value=999 -> NULL","logger":"lta_common","filename":"lta_common.py","lineno":143}
{"timestamp":"2026-04-15T11:48:41.621726Z","level":"warning","event":"[SANITIZE] link_id=47753 field=maximum_speed suspicious sentinel value=999 -> NULL","logger":"lta_common","filename":"lta_common.py","lineno":143}
{"timestamp":"2026-04-15T11:48:41.621749Z","level":"warning","event":"[SANITIZE] link_id=47754 field=maximum_speed suspicious sentinel value=999 -> NULL","logger":"lta_common","filename":"lta_common.py","lineno":143}
{"timestamp":"2026-04-15T11:48:41.621772Z","level":"warning","event":"[SANITIZE] link_id=47755 field=maximum_speed suspicious sentinel value=999 -> NULL","logger":"lta_common","filename":"lta_common.py","lineno":143}
{"timestamp":"2026-04-15T11:48:41.621825Z","level":"warning","event":"[SANITIZE] link_id=47774 field=maximum_speed suspicious sentinel value=999 -> NULL","logger":"lta_common","filename":"lta_common.py","lineno":143}
{"timestamp":"2026-04-15T11:48:41.621856Z","level":"warning","event":"[SANITIZE] link_id=47783 field=maximum_speed suspicious sentinel value=999 -> NULL","logger":"lta_common","filename":"lta_common.py","lineno":143}
{"timestamp":"2026-04-15T11:48:41.621879Z","level":"warning","event":"[SANITIZE] link_id=47784 field=maximum_speed suspicious sentinel value=999 -> NULL","logger":"lta_common","filename":"lta_common.py","lineno":143}
{"timestamp":"2026-04-15T11:48:41.621970Z","level":"warning","event":"[SANITIZE] link_id=47785 field=maximum_speed suspicious sentinel value=999 -> NULL","logger":"lta_common","filename":"lta_common.py","lineno":143}
{"timestamp":"2026-04-15T11:48:41.622187Z","level":"warning","event":"[SANITIZE] link_id=47786 field=maximum_speed suspicious sentinel value=999 -> NULL","logger":"lta_common","filename":"lta_common.py","lineno":143}
{"timestamp":"2026-04-15T11:48:41.622393Z","level":"warning","event":"[SANITIZE] link_id=47787 field=maximum_speed suspicious sentinel value=999 -> NULL","logger":"lta_common","filename":"lta_common.py","lineno":143}
{"timestamp":"2026-04-15T11:48:41.622546Z","level":"warning","event":"[SANITIZE] link_id=47788 field=maximum_speed suspicious sentinel value=999 -> NULL","logger":"lta_common","filename":"lta_common.py","lineno":143}
{"timestamp":"2026-04-15T11:48:41.622649Z","level":"warning","event":"[SANITIZE] link_id=47791 field=maximum_speed suspicious sentinel value=999 -> NULL","logger":"lta_common","filename":"lta_common.py","lineno":143}
{"timestamp":"2026-04-15T11:48:41.622882Z","level":"warning","event":"[SANITIZE] link_id=47792 field=maximum_speed suspicious sentinel value=999 -> NULL","logger":"lta_common","filename":"lta_common.py","lineno":143}
{"timestamp":"2026-04-15T11:48:41.623062Z","level":"warning","event":"[SANITIZE] link_id=47793 field=maximum_speed suspicious sentinel value=999 -> NULL","logger":"lta_common","filename":"lta_common.py","lineno":143}
{"timestamp":"2026-04-15T11:48:41.623385Z","level":"warning","event":"[SANITIZE] link_id=47800 field=maximum_speed suspicious sentinel value=999 -> NULL","logger":"lta_common","filename":"lta_common.py","lineno":143}
{"timestamp":"2026-04-15T11:48:41.623431Z","level":"warning","event":"[SANITIZE] link_id=47801 field=maximum_speed suspicious sentinel value=999 -> NULL","logger":"lta_common","filename":"lta_common.py","lineno":143}
{"timestamp":"2026-04-15T11:48:41.623545Z","level":"warning","event":"[SANITIZE] link_id=47802 field=maximum_speed suspicious sentinel value=999 -> NULL","logger":"lta_common","filename":"lta_common.py","lineno":143}
{"timestamp":"2026-04-15T11:48:41.623588Z","level":"warning","event":"[SANITIZE] link_id=47810 field=maximum_speed suspicious sentinel value=999 -> NULL","logger":"lta_common","filename":"lta_common.py","lineno":143}
{"timestamp":"2026-04-15T11:48:41.623619Z","level":"warning","event":"[SANITIZE] link_id=47813 field=maximum_speed suspicious sentinel value=999 -> NULL","logger":"lta_common","filename":"lta_common.py","lineno":143}
{"timestamp":"2026-04-15T11:48:41.623642Z","level":"warning","event":"[SANITIZE] link_id=47814 field=maximum_speed suspicious sentinel value=999 -> NULL","logger":"lta_common","filename":"lta_common.py","lineno":143}
{"timestamp":"2026-04-15T11:48:41.623666Z","level":"warning","event":"[SANITIZE] link_id=47815 field=maximum_speed suspicious sentinel value=999 -> NULL","logger":"lta_common","filename":"lta_common.py","lineno":143}
{"timestamp":"2026-04-15T11:48:41.623721Z","level":"warning","event":"[SANITIZE] link_id=47829 field=maximum_speed suspicious sentinel value=999 -> NULL","logger":"lta_common","filename":"lta_common.py","lineno":143}
{"timestamp":"2026-04-15T11:48:41.623744Z","level":"warning","event":"[SANITIZE] link_id=47830 field=maximum_speed suspicious sentinel value=999 -> NULL","logger":"lta_common","filename":"lta_common.py","lineno":143}
{"timestamp":"2026-04-15T11:48:41.623768Z","level":"warning","event":"[SANITIZE] link_id=47831 field=maximum_speed suspicious sentinel value=999 -> NULL","logger":"lta_common","filename":"lta_common.py","lineno":143}
{"timestamp":"2026-04-15T11:48:41.623815Z","level":"warning","event":"[SANITIZE] link_id=47837 field=maximum_speed suspicious sentinel value=999 -> NULL","logger":"lta_common","filename":"lta_common.py","lineno":143}
{"timestamp":"2026-04-15T11:48:41.623842Z","level":"warning","event":"[SANITIZE] link_id=47838 field=maximum_speed suspicious sentinel value=999 -> NULL","logger":"lta_common","filename":"lta_common.py","lineno":143}
{"timestamp":"2026-04-15T11:48:41.623866Z","level":"warning","event":"[SANITIZE] link_id=47839 field=maximum_speed suspicious sentinel value=999 -> NULL","logger":"lta_common","filename":"lta_common.py","lineno":143}
{"timestamp":"2026-04-15T11:48:41.623889Z","level":"warning","event":"[SANITIZE] link_id=47840 field=maximum_speed suspicious sentinel value=999 -> NULL","logger":"lta_common","filename":"lta_common.py","lineno":143}
{"timestamp":"2026-04-15T11:48:41.623920Z","level":"warning","event":"[SANITIZE] link_id=47841 field=maximum_speed suspicious sentinel value=999 -> NULL","logger":"lta_common","filename":"lta_common.py","lineno":143}
{"timestamp":"2026-04-15T11:48:41.623946Z","level":"warning","event":"[SANITIZE] link_id=47843 field=maximum_speed suspicious sentinel value=999 -> NULL","logger":"lta_common","filename":"lta_common.py","lineno":143}
{"timestamp":"2026-04-15T11:48:41.623969Z","level":"warning","event":"[SANITIZE] link_id=47844 field=maximum_speed suspicious sentinel value=999 -> NULL","logger":"lta_common","filename":"lta_common.py","lineno":143}
{"timestamp":"2026-04-15T11:48:41.623992Z","level":"warning","event":"[SANITIZE] link_id=47845 field=maximum_speed suspicious sentinel value=999 -> NULL","logger":"lta_common","filename":"lta_common.py","lineno":143}
{"timestamp":"2026-04-15T11:48:41.624015Z","level":"warning","event":"[SANITIZE] link_id=47846 field=maximum_speed suspicious sentinel value=999 -> NULL","logger":"lta_common","filename":"lta_common.py","lineno":143}
{"timestamp":"2026-04-15T11:48:41.624039Z","level":"warning","event":"[SANITIZE] link_id=47847 field=maximum_speed suspicious sentinel value=999 -> NULL","logger":"lta_common","filename":"lta_common.py","lineno":143}
{"timestamp":"2026-04-15T11:48:41.624080Z","level":"warning","event":"[SANITIZE] link_id=47856 field=maximum_speed suspicious sentinel value=999 -> NULL","logger":"lta_common","filename":"lta_common.py","lineno":143}
{"timestamp":"2026-04-15T11:48:41.624118Z","level":"warning","event":"[SANITIZE] link_id=47858 field=maximum_speed suspicious sentinel value=999 -> NULL","logger":"lta_common","filename":"lta_common.py","lineno":143}
{"timestamp":"2026-04-15T11:48:41.624142Z","level":"warning","event":"[SANITIZE] link_id=47859 field=maximum_speed suspicious sentinel value=999 -> NULL","logger":"lta_common","filename":"lta_common.py","lineno":143}
{"timestamp":"2026-04-15T11:48:41.624177Z","level":"warning","event":"[SANITIZE] link_id=47867 field=maximum_speed suspicious sentinel value=999 -> NULL","logger":"lta_common","filename":"lta_common.py","lineno":143}
{"timestamp":"2026-04-15T11:48:41.624200Z","level":"warning","event":"[SANITIZE] link_id=47868 field=maximum_speed suspicious sentinel value=999 -> NULL","logger":"lta_common","filename":"lta_common.py","lineno":143}
{"timestamp":"2026-04-15T11:48:41.624223Z","level":"warning","event":"[SANITIZE] link_id=47871 field=maximum_speed suspicious sentinel value=999 -> NULL","logger":"lta_common","filename":"lta_common.py","lineno":143}
{"timestamp":"2026-04-15T11:48:41.624246Z","level":"warning","event":"[SANITIZE] link_id=47872 field=maximum_speed suspicious sentinel value=999 -> NULL","logger":"lta_common","filename":"lta_common.py","lineno":143}
{"timestamp":"2026-04-15T11:48:41.624295Z","level":"warning","event":"[SANITIZE] link_id=47888 field=maximum_speed suspicious sentinel value=999 -> NULL","logger":"lta_common","filename":"lta_common.py","lineno":143}
{"timestamp":"2026-04-15T11:48:41.624330Z","level":"warning","event":"[SANITIZE] link_id=47890 field=maximum_speed suspicious sentinel value=999 -> NULL","logger":"lta_common","filename":"lta_common.py","lineno":143}
{"timestamp":"2026-04-15T11:48:41.624356Z","level":"warning","event":"[SANITIZE] link_id=47891 field=maximum_speed suspicious sentinel value=999 -> NULL","logger":"lta_common","filename":"lta_common.py","lineno":143}
{"timestamp":"2026-04-15T11:48:41.624380Z","level":"warning","event":"[SANITIZE] link_id=47892 field=maximum_speed suspicious sentinel value=999 -> NULL","logger":"lta_common","filename":"lta_common.py","lineno":143}
{"timestamp":"2026-04-15T11:48:41.624483Z","level":"warning","event":"[SANITIZE] link_id=47939 field=maximum_speed suspicious sentinel value=999 -> NULL","logger":"lta_common","filename":"lta_common.py","lineno":143}
{"timestamp":"2026-04-15T11:48:41.624518Z","level":"warning","event":"[SANITIZE] link_id=47944 field=maximum_speed suspicious sentinel value=999 -> NULL","logger":"lta_common","filename":"lta_common.py","lineno":143}
{"timestamp":"2026-04-15T11:48:41.624541Z","level":"warning","event":"[SANITIZE] link_id=47947 field=maximum_speed suspicious sentinel value=999 -> NULL","logger":"lta_common","filename":"lta_common.py","lineno":143}
{"timestamp":"2026-04-15T11:48:41.624572Z","level":"warning","event":"[SANITIZE] link_id=47952 field=maximum_speed suspicious sentinel value=999 -> NULL","logger":"lta_common","filename":"lta_common.py","lineno":143}
{"timestamp":"2026-04-15T11:48:41.624604Z","level":"warning","event":"[SANITIZE] link_id=47957 field=maximum_speed suspicious sentinel value=999 -> NULL","logger":"lta_common","filename":"lta_common.py","lineno":143}
{"timestamp":"2026-04-15T11:48:41.624633Z","level":"warning","event":"[SANITIZE] link_id=47960 field=maximum_speed suspicious sentinel value=999 -> NULL","logger":"lta_common","filename":"lta_common.py","lineno":143}
{"timestamp":"2026-04-15T11:48:41.624655Z","level":"warning","event":"[SANITIZE] link_id=47961 field=maximum_speed suspicious sentinel value=999 -> NULL","logger":"lta_common","filename":"lta_common.py","lineno":143}
{"timestamp":"2026-04-15T11:48:41.624677Z","level":"warning","event":"[SANITIZE] link_id=47962 field=maximum_speed suspicious sentinel value=999 -> NULL","logger":"lta_common","filename":"lta_common.py","lineno":143}
{"timestamp":"2026-04-15T11:48:41.624723Z","level":"warning","event":"[SANITIZE] link_id=47974 field=maximum_speed suspicious sentinel value=999 -> NULL","logger":"lta_common","filename":"lta_common.py","lineno":143}
{"timestamp":"2026-04-15T11:48:41.624749Z","level":"warning","event":"[SANITIZE] link_id=47975 field=maximum_speed suspicious sentinel value=999 -> NULL","logger":"lta_common","filename":"lta_common.py","lineno":143}
{"timestamp":"2026-04-15T11:48:41.624772Z","level":"warning","event":"[SANITIZE] link_id=47976 field=maximum_speed suspicious sentinel value=999 -> NULL","logger":"lta_common","filename":"lta_common.py","lineno":143}
{"timestamp":"2026-04-15T11:48:41.624794Z","level":"warning","event":"[SANITIZE] link_id=47977 field=maximum_speed suspicious sentinel value=999 -> NULL","logger":"lta_common","filename":"lta_common.py","lineno":143}
{"timestamp":"2026-04-15T11:48:41.624817Z","level":"warning","event":"[SANITIZE] link_id=47978 field=maximum_speed suspicious sentinel value=999 -> NULL","logger":"lta_common","filename":"lta_common.py","lineno":143}
{"timestamp":"2026-04-15T11:48:41.624839Z","level":"warning","event":"[SANITIZE] link_id=47980 field=maximum_speed suspicious sentinel value=999 -> NULL","logger":"lta_common","filename":"lta_common.py","lineno":143}
{"timestamp":"2026-04-15T11:48:41.624874Z","level":"warning","event":"[SANITIZE] link_id=47985 field=maximum_speed suspicious sentinel value=999 -> NULL","logger":"lta_common","filename":"lta_common.py","lineno":143}
{"timestamp":"2026-04-15T11:48:41.624896Z","level":"warning","event":"[SANITIZE] link_id=47986 field=maximum_speed suspicious sentinel value=999 -> NULL","logger":"lta_common","filename":"lta_common.py","lineno":143}
{"timestamp":"2026-04-15T11:48:41.624928Z","level":"warning","event":"[SANITIZE] link_id=47987 field=maximum_speed suspicious sentinel value=999 -> NULL","logger":"lta_common","filename":"lta_common.py","lineno":143}
{"timestamp":"2026-04-15T11:48:41.624953Z","level":"warning","event":"[SANITIZE] link_id=47988 field=maximum_speed suspicious sentinel value=999 -> NULL","logger":"lta_common","filename":"lta_common.py","lineno":143}
{"timestamp":"2026-04-15T11:48:41.625036Z","level":"warning","event":"[SANITIZE] link_id=48001 field=maximum_speed suspicious sentinel value=999 -> NULL","logger":"lta_common","filename":"lta_common.py","lineno":143}
{"timestamp":"2026-04-15T11:48:41.625071Z","level":"warning","event":"[SANITIZE] link_id=48005 field=maximum_speed suspicious sentinel value=999 -> NULL","logger":"lta_common","filename":"lta_common.py","lineno":143}
{"timestamp":"2026-04-15T11:48:41.625093Z","level":"warning","event":"[SANITIZE] link_id=48006 field=maximum_speed suspicious sentinel value=999 -> NULL","logger":"lta_common","filename":"lta_common.py","lineno":143}
{"timestamp":"2026-04-15T11:48:41.625114Z","level":"warning","event":"[SANITIZE] link_id=48008 field=maximum_speed suspicious sentinel value=999 -> NULL","logger":"lta_common","filename":"lta_common.py","lineno":143}
{"timestamp":"2026-04-15T11:48:41.625137Z","level":"warning","event":"[SANITIZE] link_id=48009 field=maximum_speed suspicious sentinel value=999 -> NULL","logger":"lta_common","filename":"lta_common.py","lineno":143}
{"timestamp":"2026-04-15T11:48:41.625159Z","level":"warning","event":"[SANITIZE] link_id=48010 field=maximum_speed suspicious sentinel value=999 -> NULL","logger":"lta_common","filename":"lta_common.py","lineno":143}
{"timestamp":"2026-04-15T11:48:41.625181Z","level":"warning","event":"[SANITIZE] link_id=48011 field=maximum_speed suspicious sentinel value=999 -> NULL","logger":"lta_common","filename":"lta_common.py","lineno":143}
{"timestamp":"2026-04-15T11:48:41.625202Z","level":"warning","event":"[SANITIZE] link_id=48012 field=maximum_speed suspicious sentinel value=999 -> NULL","logger":"lta_common","filename":"lta_common.py","lineno":143}
{"timestamp":"2026-04-15T11:48:41.625241Z","level":"warning","event":"[SANITIZE] link_id=48022 field=maximum_speed suspicious sentinel value=999 -> NULL","logger":"lta_common","filename":"lta_common.py","lineno":143}
{"timestamp":"2026-04-15T11:48:41.625263Z","level":"warning","event":"[SANITIZE] link_id=48023 field=maximum_speed suspicious sentinel value=999 -> NULL","logger":"lta_common","filename":"lta_common.py","lineno":143}
{"timestamp":"2026-04-15T11:48:41.625284Z","level":"warning","event":"[SANITIZE] link_id=48024 field=maximum_speed suspicious sentinel value=999 -> NULL","logger":"lta_common","filename":"lta_common.py","lineno":143}
{"timestamp":"2026-04-15T11:48:41.625306Z","level":"warning","event":"[SANITIZE] link_id=48025 field=maximum_speed suspicious sentinel value=999 -> NULL","logger":"lta_common","filename":"lta_common.py","lineno":143}
{"timestamp":"2026-04-15T11:48:41.625328Z","level":"warning","event":"[SANITIZE] link_id=48026 field=maximum_speed suspicious sentinel value=999 -> NULL","logger":"lta_common","filename":"lta_common.py","lineno":143}
{"timestamp":"2026-04-15T11:48:41.625359Z","level":"warning","event":"[SANITIZE] link_id=48030 field=maximum_speed suspicious sentinel value=999 -> NULL","logger":"lta_common","filename":"lta_common.py","lineno":143}
{"timestamp":"2026-04-15T11:48:41.625380Z","level":"warning","event":"[SANITIZE] link_id=48031 field=maximum_speed suspicious sentinel value=999 -> NULL","logger":"lta_common","filename":"lta_common.py","lineno":143}
{"timestamp":"2026-04-15T11:48:41.625403Z","level":"warning","event":"[SANITIZE] link_id=48032 field=maximum_speed suspicious sentinel value=999 -> NULL","logger":"lta_common","filename":"lta_common.py","lineno":143}
{"timestamp":"2026-04-15T11:48:41.625425Z","level":"warning","event":"[SANITIZE] link_id=48033 field=maximum_speed suspicious sentinel value=999 -> NULL","logger":"lta_common","filename":"lta_common.py","lineno":143}
{"timestamp":"2026-04-15T11:48:41.625446Z","level":"warning","event":"[SANITIZE] link_id=48034 field=maximum_speed suspicious sentinel value=999 -> NULL","logger":"lta_common","filename":"lta_common.py","lineno":143}
{"timestamp":"2026-04-15T11:48:41.625468Z","level":"warning","event":"[SANITIZE] link_id=48035 field=maximum_speed suspicious sentinel value=999 -> NULL","logger":"lta_common","filename":"lta_common.py","lineno":143}
{"timestamp":"2026-04-15T11:48:41.625490Z","level":"warning","event":"[SANITIZE] link_id=48036 field=maximum_speed suspicious sentinel value=999 -> NULL","logger":"lta_common","filename":"lta_common.py","lineno":143}
{"timestamp":"2026-04-15T11:48:41.625512Z","level":"warning","event":"[SANITIZE] link_id=48037 field=maximum_speed suspicious sentinel value=999 -> NULL","logger":"lta_common","filename":"lta_common.py","lineno":143}
{"timestamp":"2026-04-15T11:48:41.625533Z","level":"warning","event":"[SANITIZE] link_id=48038 field=maximum_speed suspicious sentinel value=999 -> NULL","logger":"lta_common","filename":"lta_common.py","lineno":143}
{"timestamp":"2026-04-15T11:48:41.625554Z","level":"warning","event":"[SANITIZE] link_id=48039 field=maximum_speed suspicious sentinel value=999 -> NULL","logger":"lta_common","filename":"lta_common.py","lineno":143}
{"timestamp":"2026-04-15T11:48:41.625577Z","level":"warning","event":"[SANITIZE] link_id=48043 field=maximum_speed suspicious sentinel value=999 -> NULL","logger":"lta_common","filename":"lta_common.py","lineno":143}
{"timestamp":"2026-04-15T11:48:41.625598Z","level":"warning","event":"[SANITIZE] link_id=48048 field=maximum_speed suspicious sentinel value=999 -> NULL","logger":"lta_common","filename":"lta_common.py","lineno":143}
{"timestamp":"2026-04-15T11:48:41.625620Z","level":"warning","event":"[SANITIZE] link_id=48049 field=maximum_speed suspicious sentinel value=999 -> NULL","logger":"lta_common","filename":"lta_common.py","lineno":143}
{"timestamp":"2026-04-15T11:48:41.625642Z","level":"warning","event":"[SANITIZE] link_id=48051 field=maximum_speed suspicious sentinel value=999 -> NULL","logger":"lta_common","filename":"lta_common.py","lineno":143}
{"timestamp":"2026-04-15T11:48:41.625663Z","level":"warning","event":"[SANITIZE] link_id=48055 field=maximum_speed suspicious sentinel value=999 -> NULL","logger":"lta_common","filename":"lta_common.py","lineno":143}
{"timestamp":"2026-04-15T11:48:41.625685Z","level":"warning","event":"[SANITIZE] link_id=48060 field=maximum_speed suspicious sentinel value=999 -> NULL","logger":"lta_common","filename":"lta_common.py","lineno":143}
{"timestamp":"2026-04-15T11:48:41.625715Z","level":"warning","event":"[SANITIZE] link_id=48068 field=maximum_speed suspicious sentinel value=999 -> NULL","logger":"lta_common","filename":"lta_common.py","lineno":143}
{"timestamp":"2026-04-15T11:48:41.625737Z","level":"warning","event":"[SANITIZE] link_id=48069 field=maximum_speed suspicious sentinel value=999 -> NULL","logger":"lta_common","filename":"lta_common.py","lineno":143}
{"timestamp":"2026-04-15T11:48:41.625770Z","level":"warning","event":"[SANITIZE] link_id=48076 field=maximum_speed suspicious sentinel value=999 -> NULL","logger":"lta_common","filename":"lta_common.py","lineno":143}
{"timestamp":"2026-04-15T11:48:41.625791Z","level":"warning","event":"[SANITIZE] link_id=48077 field=maximum_speed suspicious sentinel value=999 -> NULL","logger":"lta_common","filename":"lta_common.py","lineno":143}
{"timestamp":"2026-04-15T11:48:41.625813Z","level":"warning","event":"[SANITIZE] link_id=48078 field=maximum_speed suspicious sentinel value=999 -> NULL","logger":"lta_common","filename":"lta_common.py","lineno":143}
{"timestamp":"2026-04-15T11:48:41.625835Z","level":"warning","event":"[SANITIZE] link_id=48079 field=maximum_speed suspicious sentinel value=999 -> NULL","logger":"lta_common","filename":"lta_common.py","lineno":143}
{"timestamp":"2026-04-15T11:48:41.625857Z","level":"warning","event":"[SANITIZE] link_id=48082 field=maximum_speed suspicious sentinel value=999 -> NULL","logger":"lta_common","filename":"lta_common.py","lineno":143}
{"timestamp":"2026-04-15T11:48:41.625878Z","level":"warning","event":"[SANITIZE] link_id=48083 field=maximum_speed suspicious sentinel value=999 -> NULL","logger":"lta_common","filename":"lta_common.py","lineno":143}
{"timestamp":"2026-04-15T11:48:41.625943Z","level":"warning","event":"[SANITIZE] link_id=48084 field=maximum_speed suspicious sentinel value=999 -> NULL","logger":"lta_common","filename":"lta_common.py","lineno":143}
{"timestamp":"2026-04-15T11:48:41.626212Z","level":"warning","event":"[SANITIZE] link_id=48085 field=maximum_speed suspicious sentinel value=999 -> NULL","logger":"lta_common","filename":"lta_common.py","lineno":143}
{"timestamp":"2026-04-15T11:48:41.626416Z","level":"warning","event":"[SANITIZE] link_id=48086 field=maximum_speed suspicious sentinel value=999 -> NULL","logger":"lta_common","filename":"lta_common.py","lineno":143}
{"timestamp":"2026-04-15T11:48:41.626603Z","level":"warning","event":"[SANITIZE] link_id=48093 field=maximum_speed suspicious sentinel value=999 -> NULL","logger":"lta_common","filename":"lta_common.py","lineno":143}
{"timestamp":"2026-04-15T11:48:41.626771Z","level":"warning","event":"[SANITIZE] link_id=48094 field=maximum_speed suspicious sentinel value=999 -> NULL","logger":"lta_common","filename":"lta_common.py","lineno":143}
{"timestamp":"2026-04-15T11:48:41.627029Z","level":"warning","event":"[SANITIZE] link_id=48095 field=maximum_speed suspicious sentinel value=999 -> NULL","logger":"lta_common","filename":"lta_common.py","lineno":143}
{"timestamp":"2026-04-15T11:48:41.627226Z","level":"warning","event":"[SANITIZE] link_id=48096 field=maximum_speed suspicious sentinel value=999 -> NULL","logger":"lta_common","filename":"lta_common.py","lineno":143}
{"timestamp":"2026-04-15T11:48:41.627386Z","level":"warning","event":"[SANITIZE] link_id=48105 field=maximum_speed suspicious sentinel value=999 -> NULL","logger":"lta_common","filename":"lta_common.py","lineno":143}
{"timestamp":"2026-04-15T11:48:41.627782Z","level":"info","event":"[CLEAN DONE] rows=500 | null_speed_band=0 | null_minimum_speed=0 | null_maximum_speed=168","logger":"lta_common","filename":"lta_common.py","lineno":238}
{"timestamp":"2026-04-15T11:48:41.628750Z","level":"info","event":"STEP 5: built cleaned snapshot dataframe rows=500","logger":"unusual_prefix_faea391ec71b1d4b4651510353e4a48d62001c31_2_refresh_traffic_speed","filename":"2_refresh_traffic_speed.py","lineno":44}
{"timestamp":"2026-04-15T11:48:41.629103Z","level":"info","event":"[LATEST PREP] rows=500 | missing_measurement_rows=0","logger":"lta_common","filename":"lta_common.py","lineno":271}
{"timestamp":"2026-04-15T11:48:41.629356Z","level":"info","event":"[UPSERT START] upserting 500 rows into traffic_speed_latest","logger":"lta_common","filename":"lta_common.py","lineno":348}
{"timestamp":"2026-04-15T11:48:41.629644Z","level":"info","event":"[UPSERT DEBUG] max_link_id=48105 | min_link_id=47502 | max_speed_band=8 | min_speed_band=2 | max_minimum_speed=70 | min_minimum_speed=10 | max_maximum_speed=69.0 | min_maximum_speed=19.0","logger":"lta_common","filename":"lta_common.py","lineno":350}
{"timestamp":"2026-04-15T11:48:42.052570Z","level":"info","event":"[UPSERT DONE] upserted=500 rows into traffic_speed_latest","logger":"lta_common","filename":"lta_common.py","lineno":388}
{"timestamp":"2026-04-15T11:48:42.052985Z","level":"info","event":"[SAVE START] inserting 500 rows into traffic_speed_recent","logger":"lta_common","filename":"lta_common.py","lineno":319}
{"timestamp":"2026-04-15T11:48:42.496195Z","level":"info","event":"[SAVE DONE] inserted=500 rows into traffic_speed_recent","logger":"lta_common","filename":"lta_common.py","lineno":337}
{"timestamp":"2026-04-15T11:48:42.496325Z","level":"info","event":"STEP 6: page saved skip=32000 | pages=65 | latest_rows=32500 | recent_rows=32500","logger":"unusual_prefix_faea391ec71b1d4b4651510353e4a48d62001c31_2_refresh_traffic_speed","filename":"2_refresh_traffic_speed.py","lineno":56}
{"timestamp":"2026-04-15T11:48:42.496359Z","level":"info","event":"========== PAGE START ==========","logger":"lta_common","filename":"lta_common.py","lineno":53}
{"timestamp":"2026-04-15T11:48:42.496382Z","level":"info","event":"[FETCH] requesting rows 32500–32999","logger":"lta_common","filename":"lta_common.py","lineno":54}
{"timestamp":"2026-04-15T11:48:42.496413Z","level":"info","event":"Fetching page from LTA: skip=32500","logger":"lta_common","filename":"lta_common.py","lineno":36}
{"timestamp":"2026-04-15T11:48:42.781260Z","level":"info","event":"Retrieved 500 rows from LTA at skip=32500","logger":"lta_common","filename":"lta_common.py","lineno":44}
{"timestamp":"2026-04-15T11:48:42.788209Z","level":"info","event":"[FETCH DONE] retrieved=500 rows at skip=32500","logger":"lta_common","filename":"lta_common.py","lineno":59}
{"timestamp":"2026-04-15T11:48:42.789364Z","level":"info","event":"STEP 4: processing page skip=32500 rows=500","logger":"unusual_prefix_faea391ec71b1d4b4651510353e4a48d62001c31_2_refresh_traffic_speed","filename":"2_refresh_traffic_speed.py","lineno":41}
{"timestamp":"2026-04-15T11:48:42.805608Z","level":"warning","event":"[SANITIZE] link_id=48106 field=maximum_speed suspicious sentinel value=999 -> NULL","logger":"lta_common","filename":"lta_common.py","lineno":143}
{"timestamp":"2026-04-15T11:48:42.805795Z","level":"warning","event":"[SANITIZE] link_id=48107 field=maximum_speed suspicious sentinel value=999 -> NULL","logger":"lta_common","filename":"lta_common.py","lineno":143}
{"timestamp":"2026-04-15T11:48:42.805870Z","level":"warning","event":"[SANITIZE] link_id=48110 field=maximum_speed suspicious sentinel value=999 -> NULL","logger":"lta_common","filename":"lta_common.py","lineno":143}
{"timestamp":"2026-04-15T11:48:42.805946Z","level":"warning","event":"[SANITIZE] link_id=48111 field=maximum_speed suspicious sentinel value=999 -> NULL","logger":"lta_common","filename":"lta_common.py","lineno":143}
{"timestamp":"2026-04-15T11:48:42.806018Z","level":"warning","event":"[SANITIZE] link_id=48116 field=maximum_speed suspicious sentinel value=999 -> NULL","logger":"lta_common","filename":"lta_common.py","lineno":143}
{"timestamp":"2026-04-15T11:48:42.806063Z","level":"warning","event":"[SANITIZE] link_id=48117 field=maximum_speed suspicious sentinel value=999 -> NULL","logger":"lta_common","filename":"lta_common.py","lineno":143}
{"timestamp":"2026-04-15T11:48:42.806114Z","level":"warning","event":"[SANITIZE] link_id=48118 field=maximum_speed suspicious sentinel value=999 -> NULL","logger":"lta_common","filename":"lta_common.py","lineno":143}
{"timestamp":"2026-04-15T11:48:42.806199Z","level":"warning","event":"[SANITIZE] link_id=48128 field=maximum_speed suspicious sentinel value=999 -> NULL","logger":"lta_common","filename":"lta_common.py","lineno":143}
{"timestamp":"2026-04-15T11:48:42.806296Z","level":"warning","event":"[SANITIZE] link_id=48148 field=maximum_speed suspicious sentinel value=999 -> NULL","logger":"lta_common","filename":"lta_common.py","lineno":143}
{"timestamp":"2026-04-15T11:48:42.806411Z","level":"warning","event":"[SANITIZE] link_id=48165 field=maximum_speed suspicious sentinel value=999 -> NULL","logger":"lta_common","filename":"lta_common.py","lineno":143}
{"timestamp":"2026-04-15T11:48:42.806463Z","level":"warning","event":"[SANITIZE] link_id=48168 field=maximum_speed suspicious sentinel value=999 -> NULL","logger":"lta_common","filename":"lta_common.py","lineno":143}
{"timestamp":"2026-04-15T11:48:42.806503Z","level":"warning","event":"[SANITIZE] link_id=48169 field=maximum_speed suspicious sentinel value=999 -> NULL","logger":"lta_common","filename":"lta_common.py","lineno":143}
{"timestamp":"2026-04-15T11:48:42.806543Z","level":"warning","event":"[SANITIZE] link_id=48170 field=maximum_speed suspicious sentinel value=999 -> NULL","logger":"lta_common","filename":"lta_common.py","lineno":143}
{"timestamp":"2026-04-15T11:48:42.806631Z","level":"warning","event":"[SANITIZE] link_id=48181 field=maximum_speed suspicious sentinel value=999 -> NULL","logger":"lta_common","filename":"lta_common.py","lineno":143}
{"timestamp":"2026-04-15T11:48:42.806681Z","level":"warning","event":"[SANITIZE] link_id=48184 field=maximum_speed suspicious sentinel value=999 -> NULL","logger":"lta_common","filename":"lta_common.py","lineno":143}
{"timestamp":"2026-04-15T11:48:42.806754Z","level":"warning","event":"[SANITIZE] link_id=48198 field=maximum_speed suspicious sentinel value=999 -> NULL","logger":"lta_common","filename":"lta_common.py","lineno":143}
{"timestamp":"2026-04-15T11:48:42.807059Z","level":"warning","event":"[SANITIZE] link_id=48264 field=maximum_speed suspicious sentinel value=999 -> NULL","logger":"lta_common","filename":"lta_common.py","lineno":143}
{"timestamp":"2026-04-15T11:48:42.807181Z","level":"warning","event":"[SANITIZE] link_id=48285 field=maximum_speed suspicious sentinel value=999 -> NULL","logger":"lta_common","filename":"lta_common.py","lineno":143}
{"timestamp":"2026-04-15T11:48:42.807226Z","level":"warning","event":"[SANITIZE] link_id=48287 field=maximum_speed suspicious sentinel value=999 -> NULL","logger":"lta_common","filename":"lta_common.py","lineno":143}
{"timestamp":"2026-04-15T11:48:42.807281Z","level":"warning","event":"[SANITIZE] link_id=48291 field=maximum_speed suspicious sentinel value=999 -> NULL","logger":"lta_common","filename":"lta_common.py","lineno":143}
{"timestamp":"2026-04-15T11:48:42.807325Z","level":"warning","event":"[SANITIZE] link_id=48294 field=maximum_speed suspicious sentinel value=999 -> NULL","logger":"lta_common","filename":"lta_common.py","lineno":143}
{"timestamp":"2026-04-15T11:48:42.807363Z","level":"warning","event":"[SANITIZE] link_id=48295 field=maximum_speed suspicious sentinel value=999 -> NULL","logger":"lta_common","filename":"lta_common.py","lineno":143}
{"timestamp":"2026-04-15T11:48:42.807402Z","level":"warning","event":"[SANITIZE] link_id=48296 field=maximum_speed suspicious sentinel value=999 -> NULL","logger":"lta_common","filename":"lta_common.py","lineno":143}
{"timestamp":"2026-04-15T11:48:42.807442Z","level":"warning","event":"[SANITIZE] link_id=48297 field=maximum_speed suspicious sentinel value=999 -> NULL","logger":"lta_common","filename":"lta_common.py","lineno":143}
{"timestamp":"2026-04-15T11:48:42.807480Z","level":"warning","event":"[SANITIZE] link_id=48298 field=maximum_speed suspicious sentinel value=999 -> NULL","logger":"lta_common","filename":"lta_common.py","lineno":143}
{"timestamp":"2026-04-15T11:48:42.807539Z","level":"warning","event":"[SANITIZE] link_id=48305 field=maximum_speed suspicious sentinel value=999 -> NULL","logger":"lta_common","filename":"lta_common.py","lineno":143}
{"timestamp":"2026-04-15T11:48:42.807598Z","level":"warning","event":"[SANITIZE] link_id=48310 field=maximum_speed suspicious sentinel value=999 -> NULL","logger":"lta_common","filename":"lta_common.py","lineno":143}
{"timestamp":"2026-04-15T11:48:42.807668Z","level":"warning","event":"[SANITIZE] link_id=48317 field=maximum_speed suspicious sentinel value=999 -> NULL","logger":"lta_common","filename":"lta_common.py","lineno":143}
{"timestamp":"2026-04-15T11:48:42.807709Z","level":"warning","event":"[SANITIZE] link_id=48318 field=maximum_speed suspicious sentinel value=999 -> NULL","logger":"lta_common","filename":"lta_common.py","lineno":143}
{"timestamp":"2026-04-15T11:48:42.807784Z","level":"warning","event":"[SANITIZE] link_id=48328 field=maximum_speed suspicious sentinel value=999 -> NULL","logger":"lta_common","filename":"lta_common.py","lineno":143}
{"timestamp":"2026-04-15T11:48:42.807823Z","level":"warning","event":"[SANITIZE] link_id=48330 field=maximum_speed suspicious sentinel value=999 -> NULL","logger":"lta_common","filename":"lta_common.py","lineno":143}
{"timestamp":"2026-04-15T11:48:42.807872Z","level":"warning","event":"[SANITIZE] link_id=48333 field=maximum_speed suspicious sentinel value=999 -> NULL","logger":"lta_common","filename":"lta_common.py","lineno":143}
{"timestamp":"2026-04-15T11:48:42.807976Z","level":"warning","event":"[SANITIZE] link_id=48347 field=maximum_speed suspicious sentinel value=999 -> NULL","logger":"lta_common","filename":"lta_common.py","lineno":143}
{"timestamp":"2026-04-15T11:48:42.808015Z","level":"warning","event":"[SANITIZE] link_id=48348 field=maximum_speed suspicious sentinel value=999 -> NULL","logger":"lta_common","filename":"lta_common.py","lineno":143}
{"timestamp":"2026-04-15T11:48:42.808059Z","level":"warning","event":"[SANITIZE] link_id=48350 field=maximum_speed suspicious sentinel value=999 -> NULL","logger":"lta_common","filename":"lta_common.py","lineno":143}
{"timestamp":"2026-04-15T11:48:42.808112Z","level":"warning","event":"[SANITIZE] link_id=48354 field=maximum_speed suspicious sentinel value=999 -> NULL","logger":"lta_common","filename":"lta_common.py","lineno":143}
{"timestamp":"2026-04-15T11:48:42.808161Z","level":"warning","event":"[SANITIZE] link_id=48357 field=maximum_speed suspicious sentinel value=999 -> NULL","logger":"lta_common","filename":"lta_common.py","lineno":143}
{"timestamp":"2026-04-15T11:48:42.808208Z","level":"warning","event":"[SANITIZE] link_id=48361 field=maximum_speed suspicious sentinel value=999 -> NULL","logger":"lta_common","filename":"lta_common.py","lineno":143}
{"timestamp":"2026-04-15T11:48:42.808241Z","level":"warning","event":"[SANITIZE] link_id=48362 field=maximum_speed suspicious sentinel value=999 -> NULL","logger":"lta_common","filename":"lta_common.py","lineno":143}
{"timestamp":"2026-04-15T11:48:42.808274Z","level":"warning","event":"[SANITIZE] link_id=48363 field=maximum_speed suspicious sentinel value=999 -> NULL","logger":"lta_common","filename":"lta_common.py","lineno":143}
{"timestamp":"2026-04-15T11:48:42.808329Z","level":"warning","event":"[SANITIZE] link_id=48369 field=maximum_speed suspicious sentinel value=999 -> NULL","logger":"lta_common","filename":"lta_common.py","lineno":143}
{"timestamp":"2026-04-15T11:48:42.808370Z","level":"warning","event":"[SANITIZE] link_id=48372 field=maximum_speed suspicious sentinel value=999 -> NULL","logger":"lta_common","filename":"lta_common.py","lineno":143}
{"timestamp":"2026-04-15T11:48:42.808408Z","level":"warning","event":"[SANITIZE] link_id=48374 field=maximum_speed suspicious sentinel value=999 -> NULL","logger":"lta_common","filename":"lta_common.py","lineno":143}
{"timestamp":"2026-04-15T11:48:42.808441Z","level":"warning","event":"[SANITIZE] link_id=48375 field=maximum_speed suspicious sentinel value=999 -> NULL","logger":"lta_common","filename":"lta_common.py","lineno":143}
{"timestamp":"2026-04-15T11:48:42.808487Z","level":"warning","event":"[SANITIZE] link_id=48379 field=maximum_speed suspicious sentinel value=999 -> NULL","logger":"lta_common","filename":"lta_common.py","lineno":143}
{"timestamp":"2026-04-15T11:48:42.808534Z","level":"warning","event":"[SANITIZE] link_id=48383 field=maximum_speed suspicious sentinel value=999 -> NULL","logger":"lta_common","filename":"lta_common.py","lineno":143}
{"timestamp":"2026-04-15T11:48:42.808567Z","level":"warning","event":"[SANITIZE] link_id=48384 field=maximum_speed suspicious sentinel value=999 -> NULL","logger":"lta_common","filename":"lta_common.py","lineno":143}
{"timestamp":"2026-04-15T11:48:42.808600Z","level":"warning","event":"[SANITIZE] link_id=48386 field=maximum_speed suspicious sentinel value=999 -> NULL","logger":"lta_common","filename":"lta_common.py","lineno":143}
{"timestamp":"2026-04-15T11:48:42.808633Z","level":"warning","event":"[SANITIZE] link_id=48387 field=maximum_speed suspicious sentinel value=999 -> NULL","logger":"lta_common","filename":"lta_common.py","lineno":143}
{"timestamp":"2026-04-15T11:48:42.808666Z","level":"warning","event":"[SANITIZE] link_id=48388 field=maximum_speed suspicious sentinel value=999 -> NULL","logger":"lta_common","filename":"lta_common.py","lineno":143}
{"timestamp":"2026-04-15T11:48:42.808741Z","level":"warning","event":"[SANITIZE] link_id=48399 field=maximum_speed suspicious sentinel value=999 -> NULL","logger":"lta_common","filename":"lta_common.py","lineno":143}
{"timestamp":"2026-04-15T11:48:42.808806Z","level":"warning","event":"[SANITIZE] link_id=48403 field=maximum_speed suspicious sentinel value=999 -> NULL","logger":"lta_common","filename":"lta_common.py","lineno":143}
{"timestamp":"2026-04-15T11:48:42.808846Z","level":"warning","event":"[SANITIZE] link_id=48405 field=maximum_speed suspicious sentinel value=999 -> NULL","logger":"lta_common","filename":"lta_common.py","lineno":143}
{"timestamp":"2026-04-15T11:48:42.808880Z","level":"warning","event":"[SANITIZE] link_id=48406 field=maximum_speed suspicious sentinel value=999 -> NULL","logger":"lta_common","filename":"lta_common.py","lineno":143}
{"timestamp":"2026-04-15T11:48:42.808970Z","level":"warning","event":"[SANITIZE] link_id=48414 field=maximum_speed suspicious sentinel value=999 -> NULL","logger":"lta_common","filename":"lta_common.py","lineno":143}
{"timestamp":"2026-04-15T11:48:42.809052Z","level":"warning","event":"[SANITIZE] link_id=48424 field=maximum_speed suspicious sentinel value=999 -> NULL","logger":"lta_common","filename":"lta_common.py","lineno":143}
{"timestamp":"2026-04-15T11:48:42.809086Z","level":"warning","event":"[SANITIZE] link_id=48425 field=maximum_speed suspicious sentinel value=999 -> NULL","logger":"lta_common","filename":"lta_common.py","lineno":143}
{"timestamp":"2026-04-15T11:48:42.809153Z","level":"warning","event":"[SANITIZE] link_id=48431 field=maximum_speed suspicious sentinel value=999 -> NULL","logger":"lta_common","filename":"lta_common.py","lineno":143}
{"timestamp":"2026-04-15T11:48:42.809207Z","level":"warning","event":"[SANITIZE] link_id=48435 field=maximum_speed suspicious sentinel value=999 -> NULL","logger":"lta_common","filename":"lta_common.py","lineno":143}
{"timestamp":"2026-04-15T11:48:42.809246Z","level":"warning","event":"[SANITIZE] link_id=48437 field=maximum_speed suspicious sentinel value=999 -> NULL","logger":"lta_common","filename":"lta_common.py","lineno":143}
{"timestamp":"2026-04-15T11:48:42.809324Z","level":"warning","event":"[SANITIZE] link_id=48449 field=maximum_speed suspicious sentinel value=999 -> NULL","logger":"lta_common","filename":"lta_common.py","lineno":143}
{"timestamp":"2026-04-15T11:48:42.809371Z","level":"warning","event":"[SANITIZE] link_id=48453 field=maximum_speed suspicious sentinel value=999 -> NULL","logger":"lta_common","filename":"lta_common.py","lineno":143}
{"timestamp":"2026-04-15T11:48:42.809413Z","level":"warning","event":"[SANITIZE] link_id=48456 field=maximum_speed suspicious sentinel value=999 -> NULL","logger":"lta_common","filename":"lta_common.py","lineno":143}
{"timestamp":"2026-04-15T11:48:42.809464Z","level":"warning","event":"[SANITIZE] link_id=48461 field=maximum_speed suspicious sentinel value=999 -> NULL","logger":"lta_common","filename":"lta_common.py","lineno":143}
{"timestamp":"2026-04-15T11:48:42.809512Z","level":"warning","event":"[SANITIZE] link_id=48465 field=maximum_speed suspicious sentinel value=999 -> NULL","logger":"lta_common","filename":"lta_common.py","lineno":143}
{"timestamp":"2026-04-15T11:48:42.809554Z","level":"warning","event":"[SANITIZE] link_id=48468 field=maximum_speed suspicious sentinel value=999 -> NULL","logger":"lta_common","filename":"lta_common.py","lineno":143}
{"timestamp":"2026-04-15T11:48:42.809592Z","level":"warning","event":"[SANITIZE] link_id=48470 field=maximum_speed suspicious sentinel value=999 -> NULL","logger":"lta_common","filename":"lta_common.py","lineno":143}
{"timestamp":"2026-04-15T11:48:42.809626Z","level":"warning","event":"[SANITIZE] link_id=48471 field=maximum_speed suspicious sentinel value=999 -> NULL","logger":"lta_common","filename":"lta_common.py","lineno":143}
{"timestamp":"2026-04-15T11:48:42.809668Z","level":"warning","event":"[SANITIZE] link_id=48474 field=maximum_speed suspicious sentinel value=999 -> NULL","logger":"lta_common","filename":"lta_common.py","lineno":143}
{"timestamp":"2026-04-15T11:48:42.809719Z","level":"warning","event":"[SANITIZE] link_id=48481 field=maximum_speed suspicious sentinel value=999 -> NULL","logger":"lta_common","filename":"lta_common.py","lineno":143}
{"timestamp":"2026-04-15T11:48:42.809803Z","level":"warning","event":"[SANITIZE] link_id=48494 field=maximum_speed suspicious sentinel value=999 -> NULL","logger":"lta_common","filename":"lta_common.py","lineno":143}
{"timestamp":"2026-04-15T11:48:42.809867Z","level":"warning","event":"[SANITIZE] link_id=48502 field=maximum_speed suspicious sentinel value=999 -> NULL","logger":"lta_common","filename":"lta_common.py","lineno":143}
{"timestamp":"2026-04-15T11:48:42.809950Z","level":"warning","event":"[SANITIZE] link_id=48505 field=maximum_speed suspicious sentinel value=999 -> NULL","logger":"lta_common","filename":"lta_common.py","lineno":143}
{"timestamp":"2026-04-15T11:48:42.810010Z","level":"warning","event":"[SANITIZE] link_id=48506 field=maximum_speed suspicious sentinel value=999 -> NULL","logger":"lta_common","filename":"lta_common.py","lineno":143}
{"timestamp":"2026-04-15T11:48:42.810060Z","level":"warning","event":"[SANITIZE] link_id=48509 field=maximum_speed suspicious sentinel value=999 -> NULL","logger":"lta_common","filename":"lta_common.py","lineno":143}
{"timestamp":"2026-04-15T11:48:42.810099Z","level":"warning","event":"[SANITIZE] link_id=48511 field=maximum_speed suspicious sentinel value=999 -> NULL","logger":"lta_common","filename":"lta_common.py","lineno":143}
{"timestamp":"2026-04-15T11:48:42.810180Z","level":"warning","event":"[SANITIZE] link_id=48519 field=maximum_speed suspicious sentinel value=999 -> NULL","logger":"lta_common","filename":"lta_common.py","lineno":143}
{"timestamp":"2026-04-15T11:48:42.810214Z","level":"warning","event":"[SANITIZE] link_id=48520 field=maximum_speed suspicious sentinel value=999 -> NULL","logger":"lta_common","filename":"lta_common.py","lineno":143}
{"timestamp":"2026-04-15T11:48:42.810257Z","level":"warning","event":"[SANITIZE] link_id=48523 field=maximum_speed suspicious sentinel value=999 -> NULL","logger":"lta_common","filename":"lta_common.py","lineno":143}
{"timestamp":"2026-04-15T11:48:42.810291Z","level":"warning","event":"[SANITIZE] link_id=48524 field=maximum_speed suspicious sentinel value=999 -> NULL","logger":"lta_common","filename":"lta_common.py","lineno":143}
{"timestamp":"2026-04-15T11:48:42.810324Z","level":"warning","event":"[SANITIZE] link_id=48525 field=maximum_speed suspicious sentinel value=999 -> NULL","logger":"lta_common","filename":"lta_common.py","lineno":143}
{"timestamp":"2026-04-15T11:48:42.810358Z","level":"warning","event":"[SANITIZE] link_id=48526 field=maximum_speed suspicious sentinel value=999 -> NULL","logger":"lta_common","filename":"lta_common.py","lineno":143}
{"timestamp":"2026-04-15T11:48:42.810409Z","level":"warning","event":"[SANITIZE] link_id=48531 field=maximum_speed suspicious sentinel value=999 -> NULL","logger":"lta_common","filename":"lta_common.py","lineno":143}
{"timestamp":"2026-04-15T11:48:42.810443Z","level":"warning","event":"[SANITIZE] link_id=48532 field=maximum_speed suspicious sentinel value=999 -> NULL","logger":"lta_common","filename":"lta_common.py","lineno":143}
{"timestamp":"2026-04-15T11:48:42.810498Z","level":"warning","event":"[SANITIZE] link_id=48538 field=maximum_speed suspicious sentinel value=999 -> NULL","logger":"lta_common","filename":"lta_common.py","lineno":143}
{"timestamp":"2026-04-15T11:48:42.810541Z","level":"warning","event":"[SANITIZE] link_id=48541 field=maximum_speed suspicious sentinel value=999 -> NULL","logger":"lta_common","filename":"lta_common.py","lineno":143}
{"timestamp":"2026-04-15T11:48:42.810574Z","level":"warning","event":"[SANITIZE] link_id=48542 field=maximum_speed suspicious sentinel value=999 -> NULL","logger":"lta_common","filename":"lta_common.py","lineno":143}
{"timestamp":"2026-04-15T11:48:42.810612Z","level":"warning","event":"[SANITIZE] link_id=48544 field=maximum_speed suspicious sentinel value=999 -> NULL","logger":"lta_common","filename":"lta_common.py","lineno":143}
{"timestamp":"2026-04-15T11:48:42.810659Z","level":"warning","event":"[SANITIZE] link_id=48548 field=maximum_speed suspicious sentinel value=999 -> NULL","logger":"lta_common","filename":"lta_common.py","lineno":143}
{"timestamp":"2026-04-15T11:48:42.810696Z","level":"warning","event":"[SANITIZE] link_id=48550 field=maximum_speed suspicious sentinel value=999 -> NULL","logger":"lta_common","filename":"lta_common.py","lineno":143}
{"timestamp":"2026-04-15T11:48:42.810729Z","level":"warning","event":"[SANITIZE] link_id=48552 field=maximum_speed suspicious sentinel value=999 -> NULL","logger":"lta_common","filename":"lta_common.py","lineno":143}
{"timestamp":"2026-04-15T11:48:42.810767Z","level":"warning","event":"[SANITIZE] link_id=48555 field=maximum_speed suspicious sentinel value=999 -> NULL","logger":"lta_common","filename":"lta_common.py","lineno":143}
{"timestamp":"2026-04-15T11:48:42.810801Z","level":"warning","event":"[SANITIZE] link_id=48556 field=maximum_speed suspicious sentinel value=999 -> NULL","logger":"lta_common","filename":"lta_common.py","lineno":143}
{"timestamp":"2026-04-15T11:48:42.810842Z","level":"warning","event":"[SANITIZE] link_id=48560 field=maximum_speed suspicious sentinel value=999 -> NULL","logger":"lta_common","filename":"lta_common.py","lineno":143}
{"timestamp":"2026-04-15T11:48:42.810885Z","level":"warning","event":"[SANITIZE] link_id=48564 field=maximum_speed suspicious sentinel value=999 -> NULL","logger":"lta_common","filename":"lta_common.py","lineno":143}
{"timestamp":"2026-04-15T11:48:42.811003Z","level":"warning","event":"[SANITIZE] link_id=48583 field=maximum_speed suspicious sentinel value=999 -> NULL","logger":"lta_common","filename":"lta_common.py","lineno":143}
{"timestamp":"2026-04-15T11:48:42.811037Z","level":"warning","event":"[SANITIZE] link_id=48584 field=maximum_speed suspicious sentinel value=999 -> NULL","logger":"lta_common","filename":"lta_common.py","lineno":143}
{"timestamp":"2026-04-15T11:48:42.811070Z","level":"warning","event":"[SANITIZE] link_id=48585 field=maximum_speed suspicious sentinel value=999 -> NULL","logger":"lta_common","filename":"lta_common.py","lineno":143}
{"timestamp":"2026-04-15T11:48:42.811103Z","level":"warning","event":"[SANITIZE] link_id=48586 field=maximum_speed suspicious sentinel value=999 -> NULL","logger":"lta_common","filename":"lta_common.py","lineno":143}
{"timestamp":"2026-04-15T11:48:42.811168Z","level":"warning","event":"[SANITIZE] link_id=48592 field=maximum_speed suspicious sentinel value=999 -> NULL","logger":"lta_common","filename":"lta_common.py","lineno":143}
{"timestamp":"2026-04-15T11:48:42.811207Z","level":"warning","event":"[SANITIZE] link_id=48594 field=maximum_speed suspicious sentinel value=999 -> NULL","logger":"lta_common","filename":"lta_common.py","lineno":143}
{"timestamp":"2026-04-15T11:48:42.811278Z","level":"warning","event":"[SANITIZE] link_id=48604 field=maximum_speed suspicious sentinel value=999 -> NULL","logger":"lta_common","filename":"lta_common.py","lineno":143}
{"timestamp":"2026-04-15T11:48:42.811312Z","level":"warning","event":"[SANITIZE] link_id=48605 field=maximum_speed suspicious sentinel value=999 -> NULL","logger":"lta_common","filename":"lta_common.py","lineno":143}
{"timestamp":"2026-04-15T11:48:42.811411Z","level":"warning","event":"[SANITIZE] link_id=48619 field=maximum_speed suspicious sentinel value=999 -> NULL","logger":"lta_common","filename":"lta_common.py","lineno":143}
{"timestamp":"2026-04-15T11:48:42.811449Z","level":"warning","event":"[SANITIZE] link_id=48621 field=maximum_speed suspicious sentinel value=999 -> NULL","logger":"lta_common","filename":"lta_common.py","lineno":143}
{"timestamp":"2026-04-15T11:48:42.811487Z","level":"warning","event":"[SANITIZE] link_id=48623 field=maximum_speed suspicious sentinel value=999 -> NULL","logger":"lta_common","filename":"lta_common.py","lineno":143}
{"timestamp":"2026-04-15T11:48:42.811527Z","level":"warning","event":"[SANITIZE] link_id=48627 field=maximum_speed suspicious sentinel value=999 -> NULL","logger":"lta_common","filename":"lta_common.py","lineno":143}
{"timestamp":"2026-04-15T11:48:42.811560Z","level":"warning","event":"[SANITIZE] link_id=48628 field=maximum_speed suspicious sentinel value=999 -> NULL","logger":"lta_common","filename":"lta_common.py","lineno":143}
{"timestamp":"2026-04-15T11:48:42.811594Z","level":"warning","event":"[SANITIZE] link_id=48629 field=maximum_speed suspicious sentinel value=999 -> NULL","logger":"lta_common","filename":"lta_common.py","lineno":143}
{"timestamp":"2026-04-15T11:48:42.811627Z","level":"warning","event":"[SANITIZE] link_id=48630 field=maximum_speed suspicious sentinel value=999 -> NULL","logger":"lta_common","filename":"lta_common.py","lineno":143}
{"timestamp":"2026-04-15T11:48:42.811664Z","level":"warning","event":"[SANITIZE] link_id=48632 field=maximum_speed suspicious sentinel value=999 -> NULL","logger":"lta_common","filename":"lta_common.py","lineno":143}
{"timestamp":"2026-04-15T11:48:42.811703Z","level":"warning","event":"[SANITIZE] link_id=48634 field=maximum_speed suspicious sentinel value=999 -> NULL","logger":"lta_common","filename":"lta_common.py","lineno":143}
{"timestamp":"2026-04-15T11:48:42.811751Z","level":"warning","event":"[SANITIZE] link_id=48637 field=maximum_speed suspicious sentinel value=999 -> NULL","logger":"lta_common","filename":"lta_common.py","lineno":143}
{"timestamp":"2026-04-15T11:48:42.811790Z","level":"warning","event":"[SANITIZE] link_id=48639 field=maximum_speed suspicious sentinel value=999 -> NULL","logger":"lta_common","filename":"lta_common.py","lineno":143}
{"timestamp":"2026-04-15T11:48:42.811823Z","level":"warning","event":"[SANITIZE] link_id=48640 field=maximum_speed suspicious sentinel value=999 -> NULL","logger":"lta_common","filename":"lta_common.py","lineno":143}
{"timestamp":"2026-04-15T11:48:42.811860Z","level":"warning","event":"[SANITIZE] link_id=48642 field=maximum_speed suspicious sentinel value=999 -> NULL","logger":"lta_common","filename":"lta_common.py","lineno":143}
{"timestamp":"2026-04-15T11:48:42.811912Z","level":"warning","event":"[SANITIZE] link_id=48645 field=maximum_speed suspicious sentinel value=999 -> NULL","logger":"lta_common","filename":"lta_common.py","lineno":143}
{"timestamp":"2026-04-15T11:48:42.811992Z","level":"warning","event":"[SANITIZE] link_id=48651 field=maximum_speed suspicious sentinel value=999 -> NULL","logger":"lta_common","filename":"lta_common.py","lineno":143}
{"timestamp":"2026-04-15T11:48:42.812047Z","level":"warning","event":"[SANITIZE] link_id=48658 field=maximum_speed suspicious sentinel value=999 -> NULL","logger":"lta_common","filename":"lta_common.py","lineno":143}
{"timestamp":"2026-04-15T11:48:42.812115Z","level":"warning","event":"[SANITIZE] link_id=48668 field=maximum_speed suspicious sentinel value=999 -> NULL","logger":"lta_common","filename":"lta_common.py","lineno":143}
{"timestamp":"2026-04-15T11:48:42.812157Z","level":"warning","event":"[SANITIZE] link_id=48671 field=maximum_speed suspicious sentinel value=999 -> NULL","logger":"lta_common","filename":"lta_common.py","lineno":143}
{"timestamp":"2026-04-15T11:48:42.812191Z","level":"warning","event":"[SANITIZE] link_id=48672 field=maximum_speed suspicious sentinel value=999 -> NULL","logger":"lta_common","filename":"lta_common.py","lineno":143}
{"timestamp":"2026-04-15T11:48:42.812761Z","level":"info","event":"[CLEAN DONE] rows=500 | null_speed_band=0 | null_minimum_speed=0 | null_maximum_speed=122","logger":"lta_common","filename":"lta_common.py","lineno":238}
{"timestamp":"2026-04-15T11:48:42.814022Z","level":"info","event":"STEP 5: built cleaned snapshot dataframe rows=500","logger":"unusual_prefix_faea391ec71b1d4b4651510353e4a48d62001c31_2_refresh_traffic_speed","filename":"2_refresh_traffic_speed.py","lineno":44}
{"timestamp":"2026-04-15T11:48:42.814460Z","level":"info","event":"[LATEST PREP] rows=500 | missing_measurement_rows=0","logger":"lta_common","filename":"lta_common.py","lineno":271}
{"timestamp":"2026-04-15T11:48:42.814790Z","level":"info","event":"[UPSERT START] upserting 500 rows into traffic_speed_latest","logger":"lta_common","filename":"lta_common.py","lineno":348}
{"timestamp":"2026-04-15T11:48:42.815193Z","level":"info","event":"[UPSERT DEBUG] max_link_id=48673 | min_link_id=48106 | max_speed_band=8 | min_speed_band=1 | max_minimum_speed=70 | min_minimum_speed=0 | max_maximum_speed=69.0 | min_maximum_speed=9.0","logger":"lta_common","filename":"lta_common.py","lineno":350}
{"timestamp":"2026-04-15T11:48:43.193047Z","level":"info","event":"[UPSERT DONE] upserted=500 rows into traffic_speed_latest","logger":"lta_common","filename":"lta_common.py","lineno":388}
{"timestamp":"2026-04-15T11:48:43.195127Z","level":"info","event":"[SAVE START] inserting 500 rows into traffic_speed_recent","logger":"lta_common","filename":"lta_common.py","lineno":319}
{"timestamp":"2026-04-15T11:48:43.578023Z","level":"info","event":"[SAVE DONE] inserted=500 rows into traffic_speed_recent","logger":"lta_common","filename":"lta_common.py","lineno":337}
{"timestamp":"2026-04-15T11:48:43.578134Z","level":"info","event":"STEP 6: page saved skip=32500 | pages=66 | latest_rows=33000 | recent_rows=33000","logger":"unusual_prefix_faea391ec71b1d4b4651510353e4a48d62001c31_2_refresh_traffic_speed","filename":"2_refresh_traffic_speed.py","lineno":56}
{"timestamp":"2026-04-15T11:48:43.578169Z","level":"info","event":"========== PAGE START ==========","logger":"lta_common","filename":"lta_common.py","lineno":53}
{"timestamp":"2026-04-15T11:48:43.578196Z","level":"info","event":"[FETCH] requesting rows 33000–33499","logger":"lta_common","filename":"lta_common.py","lineno":54}
{"timestamp":"2026-04-15T11:48:43.578229Z","level":"info","event":"Fetching page from LTA: skip=33000","logger":"lta_common","filename":"lta_common.py","lineno":36}
{"timestamp":"2026-04-15T11:48:43.862808Z","level":"info","event":"Retrieved 500 rows from LTA at skip=33000","logger":"lta_common","filename":"lta_common.py","lineno":44}
{"timestamp":"2026-04-15T11:48:43.863860Z","level":"info","event":"[FETCH DONE] retrieved=500 rows at skip=33000","logger":"lta_common","filename":"lta_common.py","lineno":59}
{"timestamp":"2026-04-15T11:48:43.864070Z","level":"info","event":"STEP 4: processing page skip=33000 rows=500","logger":"unusual_prefix_faea391ec71b1d4b4651510353e4a48d62001c31_2_refresh_traffic_speed","filename":"2_refresh_traffic_speed.py","lineno":41}
{"timestamp":"2026-04-15T11:48:43.869872Z","level":"warning","event":"[SANITIZE] link_id=48680 field=maximum_speed suspicious sentinel value=999 -> NULL","logger":"lta_common","filename":"lta_common.py","lineno":143}
{"timestamp":"2026-04-15T11:48:43.869943Z","level":"warning","event":"[SANITIZE] link_id=48684 field=maximum_speed suspicious sentinel value=999 -> NULL","logger":"lta_common","filename":"lta_common.py","lineno":143}
{"timestamp":"2026-04-15T11:48:43.869970Z","level":"warning","event":"[SANITIZE] link_id=48686 field=maximum_speed suspicious sentinel value=999 -> NULL","logger":"lta_common","filename":"lta_common.py","lineno":143}
{"timestamp":"2026-04-15T11:48:43.869995Z","level":"warning","event":"[SANITIZE] link_id=48687 field=maximum_speed suspicious sentinel value=999 -> NULL","logger":"lta_common","filename":"lta_common.py","lineno":143}
{"timestamp":"2026-04-15T11:48:43.870017Z","level":"warning","event":"[SANITIZE] link_id=48688 field=maximum_speed suspicious sentinel value=999 -> NULL","logger":"lta_common","filename":"lta_common.py","lineno":143}
{"timestamp":"2026-04-15T11:48:43.870050Z","level":"warning","event":"[SANITIZE] link_id=48693 field=maximum_speed suspicious sentinel value=999 -> NULL","logger":"lta_common","filename":"lta_common.py","lineno":143}
{"timestamp":"2026-04-15T11:48:43.870092Z","level":"warning","event":"[SANITIZE] link_id=48701 field=maximum_speed suspicious sentinel value=999 -> NULL","logger":"lta_common","filename":"lta_common.py","lineno":143}
{"timestamp":"2026-04-15T11:48:43.870127Z","level":"warning","event":"[SANITIZE] link_id=48706 field=maximum_speed suspicious sentinel value=999 -> NULL","logger":"lta_common","filename":"lta_common.py","lineno":143}
{"timestamp":"2026-04-15T11:48:43.870162Z","level":"warning","event":"[SANITIZE] link_id=48711 field=maximum_speed suspicious sentinel value=999 -> NULL","logger":"lta_common","filename":"lta_common.py","lineno":143}
{"timestamp":"2026-04-15T11:48:43.870188Z","level":"warning","event":"[SANITIZE] link_id=48717 field=maximum_speed suspicious sentinel value=999 -> NULL","logger":"lta_common","filename":"lta_common.py","lineno":143}
{"timestamp":"2026-04-15T11:48:43.870214Z","level":"warning","event":"[SANITIZE] link_id=48720 field=maximum_speed suspicious sentinel value=999 -> NULL","logger":"lta_common","filename":"lta_common.py","lineno":143}
{"timestamp":"2026-04-15T11:48:43.870242Z","level":"warning","event":"[SANITIZE] link_id=48724 field=maximum_speed suspicious sentinel value=999 -> NULL","logger":"lta_common","filename":"lta_common.py","lineno":143}
{"timestamp":"2026-04-15T11:48:43.870268Z","level":"warning","event":"[SANITIZE] link_id=48728 field=maximum_speed suspicious sentinel value=999 -> NULL","logger":"lta_common","filename":"lta_common.py","lineno":143}
{"timestamp":"2026-04-15T11:48:43.870297Z","level":"warning","event":"[SANITIZE] link_id=48731 field=maximum_speed suspicious sentinel value=999 -> NULL","logger":"lta_common","filename":"lta_common.py","lineno":143}
{"timestamp":"2026-04-15T11:48:43.870319Z","level":"warning","event":"[SANITIZE] link_id=48732 field=maximum_speed suspicious sentinel value=999 -> NULL","logger":"lta_common","filename":"lta_common.py","lineno":143}
{"timestamp":"2026-04-15T11:48:43.870347Z","level":"warning","event":"[SANITIZE] link_id=48733 field=maximum_speed suspicious sentinel value=999 -> NULL","logger":"lta_common","filename":"lta_common.py","lineno":143}
{"timestamp":"2026-04-15T11:48:43.870373Z","level":"warning","event":"[SANITIZE] link_id=48734 field=maximum_speed suspicious sentinel value=999 -> NULL","logger":"lta_common","filename":"lta_common.py","lineno":143}
{"timestamp":"2026-04-15T11:48:43.870397Z","level":"warning","event":"[SANITIZE] link_id=48735 field=maximum_speed suspicious sentinel value=999 -> NULL","logger":"lta_common","filename":"lta_common.py","lineno":143}
{"timestamp":"2026-04-15T11:48:43.870418Z","level":"warning","event":"[SANITIZE] link_id=48736 field=maximum_speed suspicious sentinel value=999 -> NULL","logger":"lta_common","filename":"lta_common.py","lineno":143}
{"timestamp":"2026-04-15T11:48:43.870457Z","level":"warning","event":"[SANITIZE] link_id=48743 field=maximum_speed suspicious sentinel value=999 -> NULL","logger":"lta_common","filename":"lta_common.py","lineno":143}
{"timestamp":"2026-04-15T11:48:43.870484Z","level":"warning","event":"[SANITIZE] link_id=48745 field=maximum_speed suspicious sentinel value=999 -> NULL","logger":"lta_common","filename":"lta_common.py","lineno":143}
{"timestamp":"2026-04-15T11:48:43.870511Z","level":"warning","event":"[SANITIZE] link_id=48748 field=maximum_speed suspicious sentinel value=999 -> NULL","logger":"lta_common","filename":"lta_common.py","lineno":143}
{"timestamp":"2026-04-15T11:48:43.870531Z","level":"warning","event":"[SANITIZE] link_id=48749 field=maximum_speed suspicious sentinel value=999 -> NULL","logger":"lta_common","filename":"lta_common.py","lineno":143}
{"timestamp":"2026-04-15T11:48:43.870555Z","level":"warning","event":"[SANITIZE] link_id=48751 field=maximum_speed suspicious sentinel value=999 -> NULL","logger":"lta_common","filename":"lta_common.py","lineno":143}
{"timestamp":"2026-04-15T11:48:43.870583Z","level":"warning","event":"[SANITIZE] link_id=48754 field=maximum_speed suspicious sentinel value=999 -> NULL","logger":"lta_common","filename":"lta_common.py","lineno":143}
{"timestamp":"2026-04-15T11:48:43.870606Z","level":"warning","event":"[SANITIZE] link_id=48755 field=maximum_speed suspicious sentinel value=999 -> NULL","logger":"lta_common","filename":"lta_common.py","lineno":143}
{"timestamp":"2026-04-15T11:48:43.870640Z","level":"warning","event":"[SANITIZE] link_id=48762 field=maximum_speed suspicious sentinel value=999 -> NULL","logger":"lta_common","filename":"lta_common.py","lineno":143}
{"timestamp":"2026-04-15T11:48:43.870662Z","level":"warning","event":"[SANITIZE] link_id=48764 field=maximum_speed suspicious sentinel value=999 -> NULL","logger":"lta_common","filename":"lta_common.py","lineno":143}
{"timestamp":"2026-04-15T11:48:43.870687Z","level":"warning","event":"[SANITIZE] link_id=48766 field=maximum_speed suspicious sentinel value=999 -> NULL","logger":"lta_common","filename":"lta_common.py","lineno":143}
{"timestamp":"2026-04-15T11:48:43.870708Z","level":"warning","event":"[SANITIZE] link_id=48767 field=maximum_speed suspicious sentinel value=999 -> NULL","logger":"lta_common","filename":"lta_common.py","lineno":143}
{"timestamp":"2026-04-15T11:48:43.870729Z","level":"warning","event":"[SANITIZE] link_id=48768 field=maximum_speed suspicious sentinel value=999 -> NULL","logger":"lta_common","filename":"lta_common.py","lineno":143}
{"timestamp":"2026-04-15T11:48:43.870752Z","level":"warning","event":"[SANITIZE] link_id=48769 field=maximum_speed suspicious sentinel value=999 -> NULL","logger":"lta_common","filename":"lta_common.py","lineno":143}
{"timestamp":"2026-04-15T11:48:43.870779Z","level":"warning","event":"[SANITIZE] link_id=48771 field=maximum_speed suspicious sentinel value=999 -> NULL","logger":"lta_common","filename":"lta_common.py","lineno":143}
{"timestamp":"2026-04-15T11:48:43.870803Z","level":"warning","event":"[SANITIZE] link_id=48773 field=maximum_speed suspicious sentinel value=999 -> NULL","logger":"lta_common","filename":"lta_common.py","lineno":143}
{"timestamp":"2026-04-15T11:48:43.870826Z","level":"warning","event":"[SANITIZE] link_id=48774 field=maximum_speed suspicious sentinel value=999 -> NULL","logger":"lta_common","filename":"lta_common.py","lineno":143}
{"timestamp":"2026-04-15T11:48:43.870851Z","level":"warning","event":"[SANITIZE] link_id=48776 field=maximum_speed suspicious sentinel value=999 -> NULL","logger":"lta_common","filename":"lta_common.py","lineno":143}
{"timestamp":"2026-04-15T11:48:43.870872Z","level":"warning","event":"[SANITIZE] link_id=48777 field=maximum_speed suspicious sentinel value=999 -> NULL","logger":"lta_common","filename":"lta_common.py","lineno":143}
{"timestamp":"2026-04-15T11:48:43.870895Z","level":"warning","event":"[SANITIZE] link_id=48778 field=maximum_speed suspicious sentinel value=999 -> NULL","logger":"lta_common","filename":"lta_common.py","lineno":143}
{"timestamp":"2026-04-15T11:48:43.870925Z","level":"warning","event":"[SANITIZE] link_id=48779 field=maximum_speed suspicious sentinel value=999 -> NULL","logger":"lta_common","filename":"lta_common.py","lineno":143}
{"timestamp":"2026-04-15T11:48:43.870945Z","level":"warning","event":"[SANITIZE] link_id=48780 field=maximum_speed suspicious sentinel value=999 -> NULL","logger":"lta_common","filename":"lta_common.py","lineno":143}
{"timestamp":"2026-04-15T11:48:43.870969Z","level":"warning","event":"[SANITIZE] link_id=48782 field=maximum_speed suspicious sentinel value=999 -> NULL","logger":"lta_common","filename":"lta_common.py","lineno":143}
{"timestamp":"2026-04-15T11:48:43.871000Z","level":"warning","event":"[SANITIZE] link_id=48786 field=maximum_speed suspicious sentinel value=999 -> NULL","logger":"lta_common","filename":"lta_common.py","lineno":143}
{"timestamp":"2026-04-15T11:48:43.871032Z","level":"warning","event":"[SANITIZE] link_id=48790 field=maximum_speed suspicious sentinel value=999 -> NULL","logger":"lta_common","filename":"lta_common.py","lineno":143}
{"timestamp":"2026-04-15T11:48:43.871057Z","level":"warning","event":"[SANITIZE] link_id=48792 field=maximum_speed suspicious sentinel value=999 -> NULL","logger":"lta_common","filename":"lta_common.py","lineno":143}
{"timestamp":"2026-04-15T11:48:43.871081Z","level":"warning","event":"[SANITIZE] link_id=48794 field=maximum_speed suspicious sentinel value=999 -> NULL","logger":"lta_common","filename":"lta_common.py","lineno":143}
{"timestamp":"2026-04-15T11:48:43.871104Z","level":"warning","event":"[SANITIZE] link_id=48795 field=maximum_speed suspicious sentinel value=999 -> NULL","logger":"lta_common","filename":"lta_common.py","lineno":143}
{"timestamp":"2026-04-15T11:48:43.871135Z","level":"warning","event":"[SANITIZE] link_id=48799 field=maximum_speed suspicious sentinel value=999 -> NULL","logger":"lta_common","filename":"lta_common.py","lineno":143}
{"timestamp":"2026-04-15T11:48:43.871159Z","level":"warning","event":"[SANITIZE] link_id=48801 field=maximum_speed suspicious sentinel value=999 -> NULL","logger":"lta_common","filename":"lta_common.py","lineno":143}
{"timestamp":"2026-04-15T11:48:43.871183Z","level":"warning","event":"[SANITIZE] link_id=48804 field=maximum_speed suspicious sentinel value=999 -> NULL","logger":"lta_common","filename":"lta_common.py","lineno":143}
{"timestamp":"2026-04-15T11:48:43.871229Z","level":"warning","event":"[SANITIZE] link_id=48813 field=maximum_speed suspicious sentinel value=999 -> NULL","logger":"lta_common","filename":"lta_common.py","lineno":143}
{"timestamp":"2026-04-15T11:48:43.871248Z","level":"warning","event":"[SANITIZE] link_id=48814 field=maximum_speed suspicious sentinel value=999 -> NULL","logger":"lta_common","filename":"lta_common.py","lineno":143}
{"timestamp":"2026-04-15T11:48:43.871271Z","level":"warning","event":"[SANITIZE] link_id=48815 field=maximum_speed suspicious sentinel value=999 -> NULL","logger":"lta_common","filename":"lta_common.py","lineno":143}
{"timestamp":"2026-04-15T11:48:43.871295Z","level":"warning","event":"[SANITIZE] link_id=48817 field=maximum_speed suspicious sentinel value=999 -> NULL","logger":"lta_common","filename":"lta_common.py","lineno":143}
{"timestamp":"2026-04-15T11:48:43.871318Z","level":"warning","event":"[SANITIZE] link_id=48818 field=maximum_speed suspicious sentinel value=999 -> NULL","logger":"lta_common","filename":"lta_common.py","lineno":143}
{"timestamp":"2026-04-15T11:48:43.871346Z","level":"warning","event":"[SANITIZE] link_id=48821 field=maximum_speed suspicious sentinel value=999 -> NULL","logger":"lta_common","filename":"lta_common.py","lineno":143}
{"timestamp":"2026-04-15T11:48:43.871368Z","level":"warning","event":"[SANITIZE] link_id=48823 field=maximum_speed suspicious sentinel value=999 -> NULL","logger":"lta_common","filename":"lta_common.py","lineno":143}
{"timestamp":"2026-04-15T11:48:43.871394Z","level":"warning","event":"[SANITIZE] link_id=48825 field=maximum_speed suspicious sentinel value=999 -> NULL","logger":"lta_common","filename":"lta_common.py","lineno":143}
{"timestamp":"2026-04-15T11:48:43.871418Z","level":"warning","event":"[SANITIZE] link_id=48827 field=maximum_speed suspicious sentinel value=999 -> NULL","logger":"lta_common","filename":"lta_common.py","lineno":143}
{"timestamp":"2026-04-15T11:48:43.871440Z","level":"warning","event":"[SANITIZE] link_id=48828 field=maximum_speed suspicious sentinel value=999 -> NULL","logger":"lta_common","filename":"lta_common.py","lineno":143}
{"timestamp":"2026-04-15T11:48:43.871466Z","level":"warning","event":"[SANITIZE] link_id=48830 field=maximum_speed suspicious sentinel value=999 -> NULL","logger":"lta_common","filename":"lta_common.py","lineno":143}
{"timestamp":"2026-04-15T11:48:43.871487Z","level":"warning","event":"[SANITIZE] link_id=48831 field=maximum_speed suspicious sentinel value=999 -> NULL","logger":"lta_common","filename":"lta_common.py","lineno":143}
{"timestamp":"2026-04-15T11:48:43.871509Z","level":"warning","event":"[SANITIZE] link_id=48832 field=maximum_speed suspicious sentinel value=999 -> NULL","logger":"lta_common","filename":"lta_common.py","lineno":143}
{"timestamp":"2026-04-15T11:48:43.871533Z","level":"warning","event":"[SANITIZE] link_id=48836 field=maximum_speed suspicious sentinel value=999 -> NULL","logger":"lta_common","filename":"lta_common.py","lineno":143}
{"timestamp":"2026-04-15T11:48:43.871582Z","level":"warning","event":"[SANITIZE] link_id=48846 field=maximum_speed suspicious sentinel value=999 -> NULL","logger":"lta_common","filename":"lta_common.py","lineno":143}
{"timestamp":"2026-04-15T11:48:43.871609Z","level":"warning","event":"[SANITIZE] link_id=48849 field=maximum_speed suspicious sentinel value=999 -> NULL","logger":"lta_common","filename":"lta_common.py","lineno":143}
{"timestamp":"2026-04-15T11:48:43.871631Z","level":"warning","event":"[SANITIZE] link_id=48850 field=maximum_speed suspicious sentinel value=999 -> NULL","logger":"lta_common","filename":"lta_common.py","lineno":143}
{"timestamp":"2026-04-15T11:48:43.871662Z","level":"warning","event":"[SANITIZE] link_id=48854 field=maximum_speed suspicious sentinel value=999 -> NULL","logger":"lta_common","filename":"lta_common.py","lineno":143}
{"timestamp":"2026-04-15T11:48:43.871690Z","level":"warning","event":"[SANITIZE] link_id=48858 field=maximum_speed suspicious sentinel value=999 -> NULL","logger":"lta_common","filename":"lta_common.py","lineno":143}
{"timestamp":"2026-04-15T11:48:43.871712Z","level":"warning","event":"[SANITIZE] link_id=48859 field=maximum_speed suspicious sentinel value=999 -> NULL","logger":"lta_common","filename":"lta_common.py","lineno":143}
{"timestamp":"2026-04-15T11:48:43.871735Z","level":"warning","event":"[SANITIZE] link_id=48860 field=maximum_speed suspicious sentinel value=999 -> NULL","logger":"lta_common","filename":"lta_common.py","lineno":143}
{"timestamp":"2026-04-15T11:48:43.871759Z","level":"warning","event":"[SANITIZE] link_id=48862 field=maximum_speed suspicious sentinel value=999 -> NULL","logger":"lta_common","filename":"lta_common.py","lineno":143}
{"timestamp":"2026-04-15T11:48:43.871938Z","level":"warning","event":"[SANITIZE] link_id=48916 field=maximum_speed suspicious sentinel value=999 -> NULL","logger":"lta_common","filename":"lta_common.py","lineno":143}
{"timestamp":"2026-04-15T11:48:43.871959Z","level":"warning","event":"[SANITIZE] link_id=48917 field=maximum_speed suspicious sentinel value=999 -> NULL","logger":"lta_common","filename":"lta_common.py","lineno":143}
{"timestamp":"2026-04-15T11:48:43.871999Z","level":"warning","event":"[SANITIZE] link_id=48918 field=maximum_speed suspicious sentinel value=999 -> NULL","logger":"lta_common","filename":"lta_common.py","lineno":143}
{"timestamp":"2026-04-15T11:48:43.872030Z","level":"warning","event":"[SANITIZE] link_id=48919 field=maximum_speed suspicious sentinel value=999 -> NULL","logger":"lta_common","filename":"lta_common.py","lineno":143}
{"timestamp":"2026-04-15T11:48:43.872053Z","level":"warning","event":"[SANITIZE] link_id=48920 field=maximum_speed suspicious sentinel value=999 -> NULL","logger":"lta_common","filename":"lta_common.py","lineno":143}
{"timestamp":"2026-04-15T11:48:43.872073Z","level":"warning","event":"[SANITIZE] link_id=48921 field=maximum_speed suspicious sentinel value=999 -> NULL","logger":"lta_common","filename":"lta_common.py","lineno":143}
{"timestamp":"2026-04-15T11:48:43.872093Z","level":"warning","event":"[SANITIZE] link_id=48922 field=maximum_speed suspicious sentinel value=999 -> NULL","logger":"lta_common","filename":"lta_common.py","lineno":143}
{"timestamp":"2026-04-15T11:48:43.872116Z","level":"warning","event":"[SANITIZE] link_id=48924 field=maximum_speed suspicious sentinel value=999 -> NULL","logger":"lta_common","filename":"lta_common.py","lineno":143}
{"timestamp":"2026-04-15T11:48:43.872136Z","level":"warning","event":"[SANITIZE] link_id=48925 field=maximum_speed suspicious sentinel value=999 -> NULL","logger":"lta_common","filename":"lta_common.py","lineno":143}
{"timestamp":"2026-04-15T11:48:43.872166Z","level":"warning","event":"[SANITIZE] link_id=48929 field=maximum_speed suspicious sentinel value=999 -> NULL","logger":"lta_common","filename":"lta_common.py","lineno":143}
{"timestamp":"2026-04-15T11:48:43.872242Z","level":"warning","event":"[SANITIZE] link_id=48947 field=maximum_speed suspicious sentinel value=999 -> NULL","logger":"lta_common","filename":"lta_common.py","lineno":143}
{"timestamp":"2026-04-15T11:48:43.872344Z","level":"warning","event":"[SANITIZE] link_id=48974 field=maximum_speed suspicious sentinel value=999 -> NULL","logger":"lta_common","filename":"lta_common.py","lineno":143}
{"timestamp":"2026-04-15T11:48:43.872378Z","level":"warning","event":"[SANITIZE] link_id=48980 field=maximum_speed suspicious sentinel value=999 -> NULL","logger":"lta_common","filename":"lta_common.py","lineno":143}
{"timestamp":"2026-04-15T11:48:43.872424Z","level":"warning","event":"[SANITIZE] link_id=48989 field=maximum_speed suspicious sentinel value=999 -> NULL","logger":"lta_common","filename":"lta_common.py","lineno":143}
{"timestamp":"2026-04-15T11:48:43.872446Z","level":"warning","event":"[SANITIZE] link_id=48990 field=maximum_speed suspicious sentinel value=999 -> NULL","logger":"lta_common","filename":"lta_common.py","lineno":143}
{"timestamp":"2026-04-15T11:48:43.872488Z","level":"warning","event":"[SANITIZE] link_id=48999 field=maximum_speed suspicious sentinel value=999 -> NULL","logger":"lta_common","filename":"lta_common.py","lineno":143}
{"timestamp":"2026-04-15T11:48:43.872513Z","level":"warning","event":"[SANITIZE] link_id=49001 field=maximum_speed suspicious sentinel value=999 -> NULL","logger":"lta_common","filename":"lta_common.py","lineno":143}
{"timestamp":"2026-04-15T11:48:43.872534Z","level":"warning","event":"[SANITIZE] link_id=49002 field=maximum_speed suspicious sentinel value=999 -> NULL","logger":"lta_common","filename":"lta_common.py","lineno":143}
{"timestamp":"2026-04-15T11:48:43.872557Z","level":"warning","event":"[SANITIZE] link_id=49003 field=maximum_speed suspicious sentinel value=999 -> NULL","logger":"lta_common","filename":"lta_common.py","lineno":143}
{"timestamp":"2026-04-15T11:48:43.872587Z","level":"warning","event":"[SANITIZE] link_id=49007 field=maximum_speed suspicious sentinel value=999 -> NULL","logger":"lta_common","filename":"lta_common.py","lineno":143}
{"timestamp":"2026-04-15T11:48:43.872620Z","level":"warning","event":"[SANITIZE] link_id=49012 field=maximum_speed suspicious sentinel value=999 -> NULL","logger":"lta_common","filename":"lta_common.py","lineno":143}
{"timestamp":"2026-04-15T11:48:43.872678Z","level":"warning","event":"[SANITIZE] link_id=49026 field=maximum_speed suspicious sentinel value=999 -> NULL","logger":"lta_common","filename":"lta_common.py","lineno":143}
{"timestamp":"2026-04-15T11:48:43.872718Z","level":"warning","event":"[SANITIZE] link_id=49033 field=maximum_speed suspicious sentinel value=999 -> NULL","logger":"lta_common","filename":"lta_common.py","lineno":143}
{"timestamp":"2026-04-15T11:48:43.872739Z","level":"warning","event":"[SANITIZE] link_id=49034 field=maximum_speed suspicious sentinel value=999 -> NULL","logger":"lta_common","filename":"lta_common.py","lineno":143}
{"timestamp":"2026-04-15T11:48:43.872769Z","level":"warning","event":"[SANITIZE] link_id=49037 field=maximum_speed suspicious sentinel value=999 -> NULL","logger":"lta_common","filename":"lta_common.py","lineno":143}
{"timestamp":"2026-04-15T11:48:43.872805Z","level":"warning","event":"[SANITIZE] link_id=49043 field=maximum_speed suspicious sentinel value=999 -> NULL","logger":"lta_common","filename":"lta_common.py","lineno":143}
{"timestamp":"2026-04-15T11:48:43.872837Z","level":"warning","event":"[SANITIZE] link_id=49047 field=maximum_speed suspicious sentinel value=999 -> NULL","logger":"lta_common","filename":"lta_common.py","lineno":143}
{"timestamp":"2026-04-15T11:48:43.872859Z","level":"warning","event":"[SANITIZE] link_id=49048 field=maximum_speed suspicious sentinel value=999 -> NULL","logger":"lta_common","filename":"lta_common.py","lineno":143}
{"timestamp":"2026-04-15T11:48:43.872880Z","level":"warning","event":"[SANITIZE] link_id=49049 field=maximum_speed suspicious sentinel value=999 -> NULL","logger":"lta_common","filename":"lta_common.py","lineno":143}
{"timestamp":"2026-04-15T11:48:43.872927Z","level":"warning","event":"[SANITIZE] link_id=49054 field=maximum_speed suspicious sentinel value=999 -> NULL","logger":"lta_common","filename":"lta_common.py","lineno":143}
{"timestamp":"2026-04-15T11:48:43.872959Z","level":"warning","event":"[SANITIZE] link_id=49057 field=maximum_speed suspicious sentinel value=999 -> NULL","logger":"lta_common","filename":"lta_common.py","lineno":143}
{"timestamp":"2026-04-15T11:48:43.872985Z","level":"warning","event":"[SANITIZE] link_id=49059 field=maximum_speed suspicious sentinel value=999 -> NULL","logger":"lta_common","filename":"lta_common.py","lineno":143}
{"timestamp":"2026-04-15T11:48:43.873007Z","level":"warning","event":"[SANITIZE] link_id=49060 field=maximum_speed suspicious sentinel value=999 -> NULL","logger":"lta_common","filename":"lta_common.py","lineno":143}
{"timestamp":"2026-04-15T11:48:43.873030Z","level":"warning","event":"[SANITIZE] link_id=49061 field=maximum_speed suspicious sentinel value=999 -> NULL","logger":"lta_common","filename":"lta_common.py","lineno":143}
{"timestamp":"2026-04-15T11:48:43.873061Z","level":"warning","event":"[SANITIZE] link_id=49066 field=maximum_speed suspicious sentinel value=999 -> NULL","logger":"lta_common","filename":"lta_common.py","lineno":143}
{"timestamp":"2026-04-15T11:48:43.873083Z","level":"warning","event":"[SANITIZE] link_id=49067 field=maximum_speed suspicious sentinel value=999 -> NULL","logger":"lta_common","filename":"lta_common.py","lineno":143}
{"timestamp":"2026-04-15T11:48:43.873109Z","level":"warning","event":"[SANITIZE] link_id=49069 field=maximum_speed suspicious sentinel value=999 -> NULL","logger":"lta_common","filename":"lta_common.py","lineno":143}
{"timestamp":"2026-04-15T11:48:43.873128Z","level":"warning","event":"[SANITIZE] link_id=49070 field=maximum_speed suspicious sentinel value=999 -> NULL","logger":"lta_common","filename":"lta_common.py","lineno":143}
{"timestamp":"2026-04-15T11:48:43.873150Z","level":"warning","event":"[SANITIZE] link_id=49071 field=maximum_speed suspicious sentinel value=999 -> NULL","logger":"lta_common","filename":"lta_common.py","lineno":143}
{"timestamp":"2026-04-15T11:48:43.873179Z","level":"warning","event":"[SANITIZE] link_id=49074 field=maximum_speed suspicious sentinel value=999 -> NULL","logger":"lta_common","filename":"lta_common.py","lineno":143}
{"timestamp":"2026-04-15T11:48:43.873202Z","level":"warning","event":"[SANITIZE] link_id=49075 field=maximum_speed suspicious sentinel value=999 -> NULL","logger":"lta_common","filename":"lta_common.py","lineno":143}
{"timestamp":"2026-04-15T11:48:43.873223Z","level":"warning","event":"[SANITIZE] link_id=49076 field=maximum_speed suspicious sentinel value=999 -> NULL","logger":"lta_common","filename":"lta_common.py","lineno":143}
{"timestamp":"2026-04-15T11:48:43.873245Z","level":"warning","event":"[SANITIZE] link_id=49077 field=maximum_speed suspicious sentinel value=999 -> NULL","logger":"lta_common","filename":"lta_common.py","lineno":143}
{"timestamp":"2026-04-15T11:48:43.873267Z","level":"warning","event":"[SANITIZE] link_id=49078 field=maximum_speed suspicious sentinel value=999 -> NULL","logger":"lta_common","filename":"lta_common.py","lineno":143}
{"timestamp":"2026-04-15T11:48:43.873288Z","level":"warning","event":"[SANITIZE] link_id=49079 field=maximum_speed suspicious sentinel value=999 -> NULL","logger":"lta_common","filename":"lta_common.py","lineno":143}
{"timestamp":"2026-04-15T11:48:43.873325Z","level":"warning","event":"[SANITIZE] link_id=49085 field=maximum_speed suspicious sentinel value=999 -> NULL","logger":"lta_common","filename":"lta_common.py","lineno":143}
{"timestamp":"2026-04-15T11:48:43.873356Z","level":"warning","event":"[SANITIZE] link_id=49089 field=maximum_speed suspicious sentinel value=999 -> NULL","logger":"lta_common","filename":"lta_common.py","lineno":143}
{"timestamp":"2026-04-15T11:48:43.873384Z","level":"warning","event":"[SANITIZE] link_id=49092 field=maximum_speed suspicious sentinel value=999 -> NULL","logger":"lta_common","filename":"lta_common.py","lineno":143}
{"timestamp":"2026-04-15T11:48:43.873405Z","level":"warning","event":"[SANITIZE] link_id=49094 field=maximum_speed suspicious sentinel value=999 -> NULL","logger":"lta_common","filename":"lta_common.py","lineno":143}
{"timestamp":"2026-04-15T11:48:43.873428Z","level":"warning","event":"[SANITIZE] link_id=49095 field=maximum_speed suspicious sentinel value=999 -> NULL","logger":"lta_common","filename":"lta_common.py","lineno":143}
{"timestamp":"2026-04-15T11:48:43.873452Z","level":"warning","event":"[SANITIZE] link_id=49097 field=maximum_speed suspicious sentinel value=999 -> NULL","logger":"lta_common","filename":"lta_common.py","lineno":143}
{"timestamp":"2026-04-15T11:48:43.873475Z","level":"warning","event":"[SANITIZE] link_id=49098 field=maximum_speed suspicious sentinel value=999 -> NULL","logger":"lta_common","filename":"lta_common.py","lineno":143}
{"timestamp":"2026-04-15T11:48:43.873496Z","level":"warning","event":"[SANITIZE] link_id=49099 field=maximum_speed suspicious sentinel value=999 -> NULL","logger":"lta_common","filename":"lta_common.py","lineno":143}
{"timestamp":"2026-04-15T11:48:43.873523Z","level":"warning","event":"[SANITIZE] link_id=49102 field=maximum_speed suspicious sentinel value=999 -> NULL","logger":"lta_common","filename":"lta_common.py","lineno":143}
{"timestamp":"2026-04-15T11:48:43.873549Z","level":"warning","event":"[SANITIZE] link_id=49104 field=maximum_speed suspicious sentinel value=999 -> NULL","logger":"lta_common","filename":"lta_common.py","lineno":143}
{"timestamp":"2026-04-15T11:48:43.873570Z","level":"warning","event":"[SANITIZE] link_id=49105 field=maximum_speed suspicious sentinel value=999 -> NULL","logger":"lta_common","filename":"lta_common.py","lineno":143}
{"timestamp":"2026-04-15T11:48:43.873600Z","level":"warning","event":"[SANITIZE] link_id=49110 field=maximum_speed suspicious sentinel value=999 -> NULL","logger":"lta_common","filename":"lta_common.py","lineno":143}
{"timestamp":"2026-04-15T11:48:43.873623Z","level":"warning","event":"[SANITIZE] link_id=49111 field=maximum_speed suspicious sentinel value=999 -> NULL","logger":"lta_common","filename":"lta_common.py","lineno":143}
{"timestamp":"2026-04-15T11:48:43.873648Z","level":"warning","event":"[SANITIZE] link_id=49113 field=maximum_speed suspicious sentinel value=999 -> NULL","logger":"lta_common","filename":"lta_common.py","lineno":143}
{"timestamp":"2026-04-15T11:48:43.873676Z","level":"warning","event":"[SANITIZE] link_id=49116 field=maximum_speed suspicious sentinel value=999 -> NULL","logger":"lta_common","filename":"lta_common.py","lineno":143}
{"timestamp":"2026-04-15T11:48:43.873696Z","level":"warning","event":"[SANITIZE] link_id=49117 field=maximum_speed suspicious sentinel value=999 -> NULL","logger":"lta_common","filename":"lta_common.py","lineno":143}
{"timestamp":"2026-04-15T11:48:43.873722Z","level":"warning","event":"[SANITIZE] link_id=49119 field=maximum_speed suspicious sentinel value=999 -> NULL","logger":"lta_common","filename":"lta_common.py","lineno":143}
{"timestamp":"2026-04-15T11:48:43.873746Z","level":"warning","event":"[SANITIZE] link_id=49121 field=maximum_speed suspicious sentinel value=999 -> NULL","logger":"lta_common","filename":"lta_common.py","lineno":143}
{"timestamp":"2026-04-15T11:48:43.873773Z","level":"warning","event":"[SANITIZE] link_id=49124 field=maximum_speed suspicious sentinel value=999 -> NULL","logger":"lta_common","filename":"lta_common.py","lineno":143}
{"timestamp":"2026-04-15T11:48:43.873795Z","level":"warning","event":"[SANITIZE] link_id=49125 field=maximum_speed suspicious sentinel value=999 -> NULL","logger":"lta_common","filename":"lta_common.py","lineno":143}
{"timestamp":"2026-04-15T11:48:43.873827Z","level":"warning","event":"[SANITIZE] link_id=49130 field=maximum_speed suspicious sentinel value=999 -> NULL","logger":"lta_common","filename":"lta_common.py","lineno":143}
{"timestamp":"2026-04-15T11:48:43.873848Z","level":"warning","event":"[SANITIZE] link_id=49131 field=maximum_speed suspicious sentinel value=999 -> NULL","logger":"lta_common","filename":"lta_common.py","lineno":143}
{"timestamp":"2026-04-15T11:48:43.873871Z","level":"warning","event":"[SANITIZE] link_id=49132 field=maximum_speed suspicious sentinel value=999 -> NULL","logger":"lta_common","filename":"lta_common.py","lineno":143}
{"timestamp":"2026-04-15T11:48:43.873895Z","level":"warning","event":"[SANITIZE] link_id=49134 field=maximum_speed suspicious sentinel value=999 -> NULL","logger":"lta_common","filename":"lta_common.py","lineno":143}
{"timestamp":"2026-04-15T11:48:43.873931Z","level":"warning","event":"[SANITIZE] link_id=49137 field=maximum_speed suspicious sentinel value=999 -> NULL","logger":"lta_common","filename":"lta_common.py","lineno":143}
{"timestamp":"2026-04-15T11:48:43.873954Z","level":"warning","event":"[SANITIZE] link_id=49138 field=maximum_speed suspicious sentinel value=999 -> NULL","logger":"lta_common","filename":"lta_common.py","lineno":143}
{"timestamp":"2026-04-15T11:48:43.873978Z","level":"warning","event":"[SANITIZE] link_id=49140 field=maximum_speed suspicious sentinel value=999 -> NULL","logger":"lta_common","filename":"lta_common.py","lineno":143}
{"timestamp":"2026-04-15T11:48:43.873999Z","level":"warning","event":"[SANITIZE] link_id=49141 field=maximum_speed suspicious sentinel value=999 -> NULL","logger":"lta_common","filename":"lta_common.py","lineno":143}
{"timestamp":"2026-04-15T11:48:43.874022Z","level":"warning","event":"[SANITIZE] link_id=49142 field=maximum_speed suspicious sentinel value=999 -> NULL","logger":"lta_common","filename":"lta_common.py","lineno":143}
{"timestamp":"2026-04-15T11:48:43.874043Z","level":"warning","event":"[SANITIZE] link_id=49143 field=maximum_speed suspicious sentinel value=999 -> NULL","logger":"lta_common","filename":"lta_common.py","lineno":143}
{"timestamp":"2026-04-15T11:48:43.874066Z","level":"warning","event":"[SANITIZE] link_id=49144 field=maximum_speed suspicious sentinel value=999 -> NULL","logger":"lta_common","filename":"lta_common.py","lineno":143}
{"timestamp":"2026-04-15T11:48:43.874087Z","level":"warning","event":"[SANITIZE] link_id=49145 field=maximum_speed suspicious sentinel value=999 -> NULL","logger":"lta_common","filename":"lta_common.py","lineno":143}
{"timestamp":"2026-04-15T11:48:43.874109Z","level":"warning","event":"[SANITIZE] link_id=49146 field=maximum_speed suspicious sentinel value=999 -> NULL","logger":"lta_common","filename":"lta_common.py","lineno":143}
{"timestamp":"2026-04-15T11:48:43.874130Z","level":"warning","event":"[SANITIZE] link_id=49147 field=maximum_speed suspicious sentinel value=999 -> NULL","logger":"lta_common","filename":"lta_common.py","lineno":143}
{"timestamp":"2026-04-15T11:48:43.874152Z","level":"warning","event":"[SANITIZE] link_id=49148 field=maximum_speed suspicious sentinel value=999 -> NULL","logger":"lta_common","filename":"lta_common.py","lineno":143}
{"timestamp":"2026-04-15T11:48:43.874174Z","level":"warning","event":"[SANITIZE] link_id=49149 field=maximum_speed suspicious sentinel value=999 -> NULL","logger":"lta_common","filename":"lta_common.py","lineno":143}
{"timestamp":"2026-04-15T11:48:43.874198Z","level":"warning","event":"[SANITIZE] link_id=49151 field=maximum_speed suspicious sentinel value=999 -> NULL","logger":"lta_common","filename":"lta_common.py","lineno":143}
{"timestamp":"2026-04-15T11:48:43.874224Z","level":"warning","event":"[SANITIZE] link_id=49153 field=maximum_speed suspicious sentinel value=999 -> NULL","logger":"lta_common","filename":"lta_common.py","lineno":143}
{"timestamp":"2026-04-15T11:48:43.874245Z","level":"warning","event":"[SANITIZE] link_id=49154 field=maximum_speed suspicious sentinel value=999 -> NULL","logger":"lta_common","filename":"lta_common.py","lineno":143}
{"timestamp":"2026-04-15T11:48:43.874267Z","level":"warning","event":"[SANITIZE] link_id=49155 field=maximum_speed suspicious sentinel value=999 -> NULL","logger":"lta_common","filename":"lta_common.py","lineno":143}
{"timestamp":"2026-04-15T11:48:43.874289Z","level":"warning","event":"[SANITIZE] link_id=49156 field=maximum_speed suspicious sentinel value=999 -> NULL","logger":"lta_common","filename":"lta_common.py","lineno":143}
{"timestamp":"2026-04-15T11:48:43.874309Z","level":"warning","event":"[SANITIZE] link_id=49157 field=maximum_speed suspicious sentinel value=999 -> NULL","logger":"lta_common","filename":"lta_common.py","lineno":143}
{"timestamp":"2026-04-15T11:48:43.874339Z","level":"warning","event":"[SANITIZE] link_id=49159 field=maximum_speed suspicious sentinel value=999 -> NULL","logger":"lta_common","filename":"lta_common.py","lineno":143}
{"timestamp":"2026-04-15T11:48:43.874363Z","level":"warning","event":"[SANITIZE] link_id=49160 field=maximum_speed suspicious sentinel value=999 -> NULL","logger":"lta_common","filename":"lta_common.py","lineno":143}
{"timestamp":"2026-04-15T11:48:43.874397Z","level":"warning","event":"[SANITIZE] link_id=49162 field=maximum_speed suspicious sentinel value=999 -> NULL","logger":"lta_common","filename":"lta_common.py","lineno":143}
{"timestamp":"2026-04-15T11:48:43.874427Z","level":"warning","event":"[SANITIZE] link_id=49167 field=maximum_speed suspicious sentinel value=999 -> NULL","logger":"lta_common","filename":"lta_common.py","lineno":143}
{"timestamp":"2026-04-15T11:48:43.874462Z","level":"warning","event":"[SANITIZE] link_id=49173 field=maximum_speed suspicious sentinel value=999 -> NULL","logger":"lta_common","filename":"lta_common.py","lineno":143}
{"timestamp":"2026-04-15T11:48:43.874484Z","level":"warning","event":"[SANITIZE] link_id=49174 field=maximum_speed suspicious sentinel value=999 -> NULL","logger":"lta_common","filename":"lta_common.py","lineno":143}
{"timestamp":"2026-04-15T11:48:43.874506Z","level":"warning","event":"[SANITIZE] link_id=49175 field=maximum_speed suspicious sentinel value=999 -> NULL","logger":"lta_common","filename":"lta_common.py","lineno":143}
{"timestamp":"2026-04-15T11:48:43.874532Z","level":"warning","event":"[SANITIZE] link_id=49178 field=maximum_speed suspicious sentinel value=999 -> NULL","logger":"lta_common","filename":"lta_common.py","lineno":143}
{"timestamp":"2026-04-15T11:48:43.874551Z","level":"warning","event":"[SANITIZE] link_id=49179 field=maximum_speed suspicious sentinel value=999 -> NULL","logger":"lta_common","filename":"lta_common.py","lineno":143}
{"timestamp":"2026-04-15T11:48:43.874573Z","level":"warning","event":"[SANITIZE] link_id=49181 field=maximum_speed suspicious sentinel value=999 -> NULL","logger":"lta_common","filename":"lta_common.py","lineno":143}
{"timestamp":"2026-04-15T11:48:43.874592Z","level":"warning","event":"[SANITIZE] link_id=49182 field=maximum_speed suspicious sentinel value=999 -> NULL","logger":"lta_common","filename":"lta_common.py","lineno":143}
{"timestamp":"2026-04-15T11:48:43.874617Z","level":"warning","event":"[SANITIZE] link_id=49185 field=maximum_speed suspicious sentinel value=999 -> NULL","logger":"lta_common","filename":"lta_common.py","lineno":143}
{"timestamp":"2026-04-15T11:48:43.874638Z","level":"warning","event":"[SANITIZE] link_id=49187 field=maximum_speed suspicious sentinel value=999 -> NULL","logger":"lta_common","filename":"lta_common.py","lineno":143}
{"timestamp":"2026-04-15T11:48:43.874657Z","level":"warning","event":"[SANITIZE] link_id=49188 field=maximum_speed suspicious sentinel value=999 -> NULL","logger":"lta_common","filename":"lta_common.py","lineno":143}
{"timestamp":"2026-04-15T11:48:43.874676Z","level":"warning","event":"[SANITIZE] link_id=49189 field=maximum_speed suspicious sentinel value=999 -> NULL","logger":"lta_common","filename":"lta_common.py","lineno":143}
{"timestamp":"2026-04-15T11:48:43.874695Z","level":"warning","event":"[SANITIZE] link_id=49190 field=maximum_speed suspicious sentinel value=999 -> NULL","logger":"lta_common","filename":"lta_common.py","lineno":143}
{"timestamp":"2026-04-15T11:48:43.874716Z","level":"warning","event":"[SANITIZE] link_id=49192 field=maximum_speed suspicious sentinel value=999 -> NULL","logger":"lta_common","filename":"lta_common.py","lineno":143}
{"timestamp":"2026-04-15T11:48:43.874738Z","level":"warning","event":"[SANITIZE] link_id=49194 field=maximum_speed suspicious sentinel value=999 -> NULL","logger":"lta_common","filename":"lta_common.py","lineno":143}
{"timestamp":"2026-04-15T11:48:43.874757Z","level":"warning","event":"[SANITIZE] link_id=49195 field=maximum_speed suspicious sentinel value=999 -> NULL","logger":"lta_common","filename":"lta_common.py","lineno":143}
{"timestamp":"2026-04-15T11:48:43.875159Z","level":"info","event":"[CLEAN DONE] rows=500 | null_speed_band=0 | null_minimum_speed=0 | null_maximum_speed=177","logger":"lta_common","filename":"lta_common.py","lineno":238}
{"timestamp":"2026-04-15T11:48:43.875974Z","level":"info","event":"STEP 5: built cleaned snapshot dataframe rows=500","logger":"unusual_prefix_faea391ec71b1d4b4651510353e4a48d62001c31_2_refresh_traffic_speed","filename":"2_refresh_traffic_speed.py","lineno":44}
{"timestamp":"2026-04-15T11:48:43.876299Z","level":"info","event":"[LATEST PREP] rows=500 | missing_measurement_rows=0","logger":"lta_common","filename":"lta_common.py","lineno":271}
{"timestamp":"2026-04-15T11:48:43.876550Z","level":"info","event":"[UPSERT START] upserting 500 rows into traffic_speed_latest","logger":"lta_common","filename":"lta_common.py","lineno":348}
{"timestamp":"2026-04-15T11:48:43.876837Z","level":"info","event":"[UPSERT DEBUG] max_link_id=49195 | min_link_id=48674 | max_speed_band=8 | min_speed_band=1 | max_minimum_speed=70 | min_minimum_speed=0 | max_maximum_speed=69.0 | min_maximum_speed=9.0","logger":"lta_common","filename":"lta_common.py","lineno":350}
{"timestamp":"2026-04-15T11:48:44.253816Z","level":"info","event":"[UPSERT DONE] upserted=500 rows into traffic_speed_latest","logger":"lta_common","filename":"lta_common.py","lineno":388}
{"timestamp":"2026-04-15T11:48:44.254288Z","level":"info","event":"[SAVE START] inserting 500 rows into traffic_speed_recent","logger":"lta_common","filename":"lta_common.py","lineno":319}
{"timestamp":"2026-04-15T11:48:44.622666Z","level":"info","event":"[SAVE DONE] inserted=500 rows into traffic_speed_recent","logger":"lta_common","filename":"lta_common.py","lineno":337}
{"timestamp":"2026-04-15T11:48:44.622795Z","level":"info","event":"STEP 6: page saved skip=33000 | pages=67 | latest_rows=33500 | recent_rows=33500","logger":"unusual_prefix_faea391ec71b1d4b4651510353e4a48d62001c31_2_refresh_traffic_speed","filename":"2_refresh_traffic_speed.py","lineno":56}
{"timestamp":"2026-04-15T11:48:44.622829Z","level":"info","event":"========== PAGE START ==========","logger":"lta_common","filename":"lta_common.py","lineno":53}
{"timestamp":"2026-04-15T11:48:44.622852Z","level":"info","event":"[FETCH] requesting rows 33500–33999","logger":"lta_common","filename":"lta_common.py","lineno":54}
{"timestamp":"2026-04-15T11:48:44.622882Z","level":"info","event":"Fetching page from LTA: skip=33500","logger":"lta_common","filename":"lta_common.py","lineno":36}
{"timestamp":"2026-04-15T11:48:44.909586Z","level":"info","event":"Retrieved 500 rows from LTA at skip=33500","logger":"lta_common","filename":"lta_common.py","lineno":44}
{"timestamp":"2026-04-15T11:48:44.910787Z","level":"info","event":"[FETCH DONE] retrieved=500 rows at skip=33500","logger":"lta_common","filename":"lta_common.py","lineno":59}
{"timestamp":"2026-04-15T11:48:44.911018Z","level":"info","event":"STEP 4: processing page skip=33500 rows=500","logger":"unusual_prefix_faea391ec71b1d4b4651510353e4a48d62001c31_2_refresh_traffic_speed","filename":"2_refresh_traffic_speed.py","lineno":41}
{"timestamp":"2026-04-15T11:48:44.919711Z","level":"warning","event":"[SANITIZE] link_id=49197 field=maximum_speed suspicious sentinel value=999 -> NULL","logger":"lta_common","filename":"lta_common.py","lineno":143}
{"timestamp":"2026-04-15T11:48:44.919843Z","level":"warning","event":"[SANITIZE] link_id=49198 field=maximum_speed suspicious sentinel value=999 -> NULL","logger":"lta_common","filename":"lta_common.py","lineno":143}
{"timestamp":"2026-04-15T11:48:44.919976Z","level":"warning","event":"[SANITIZE] link_id=49210 field=maximum_speed suspicious sentinel value=999 -> NULL","logger":"lta_common","filename":"lta_common.py","lineno":143}
{"timestamp":"2026-04-15T11:48:44.920008Z","level":"warning","event":"[SANITIZE] link_id=49212 field=maximum_speed suspicious sentinel value=999 -> NULL","logger":"lta_common","filename":"lta_common.py","lineno":143}
{"timestamp":"2026-04-15T11:48:44.920033Z","level":"warning","event":"[SANITIZE] link_id=49213 field=maximum_speed suspicious sentinel value=999 -> NULL","logger":"lta_common","filename":"lta_common.py","lineno":143}
{"timestamp":"2026-04-15T11:48:44.920058Z","level":"warning","event":"[SANITIZE] link_id=49215 field=maximum_speed suspicious sentinel value=999 -> NULL","logger":"lta_common","filename":"lta_common.py","lineno":143}
{"timestamp":"2026-04-15T11:48:44.920082Z","level":"warning","event":"[SANITIZE] link_id=49217 field=maximum_speed suspicious sentinel value=999 -> NULL","logger":"lta_common","filename":"lta_common.py","lineno":143}
{"timestamp":"2026-04-15T11:48:44.920109Z","level":"warning","event":"[SANITIZE] link_id=49220 field=maximum_speed suspicious sentinel value=999 -> NULL","logger":"lta_common","filename":"lta_common.py","lineno":143}
{"timestamp":"2026-04-15T11:48:44.920130Z","level":"warning","event":"[SANITIZE] link_id=49221 field=maximum_speed suspicious sentinel value=999 -> NULL","logger":"lta_common","filename":"lta_common.py","lineno":143}
{"timestamp":"2026-04-15T11:48:44.920164Z","level":"warning","event":"[SANITIZE] link_id=49228 field=maximum_speed suspicious sentinel value=999 -> NULL","logger":"lta_common","filename":"lta_common.py","lineno":143}
{"timestamp":"2026-04-15T11:48:44.920185Z","level":"warning","event":"[SANITIZE] link_id=49229 field=maximum_speed suspicious sentinel value=999 -> NULL","logger":"lta_common","filename":"lta_common.py","lineno":143}
{"timestamp":"2026-04-15T11:48:44.920205Z","level":"warning","event":"[SANITIZE] link_id=49230 field=maximum_speed suspicious sentinel value=999 -> NULL","logger":"lta_common","filename":"lta_common.py","lineno":143}
{"timestamp":"2026-04-15T11:48:44.920225Z","level":"warning","event":"[SANITIZE] link_id=49231 field=maximum_speed suspicious sentinel value=999 -> NULL","logger":"lta_common","filename":"lta_common.py","lineno":143}
{"timestamp":"2026-04-15T11:48:44.920258Z","level":"warning","event":"[SANITIZE] link_id=49240 field=maximum_speed suspicious sentinel value=999 -> NULL","logger":"lta_common","filename":"lta_common.py","lineno":143}
{"timestamp":"2026-04-15T11:48:44.920279Z","level":"warning","event":"[SANITIZE] link_id=49241 field=maximum_speed suspicious sentinel value=999 -> NULL","logger":"lta_common","filename":"lta_common.py","lineno":143}
{"timestamp":"2026-04-15T11:48:44.920299Z","level":"warning","event":"[SANITIZE] link_id=49242 field=maximum_speed suspicious sentinel value=999 -> NULL","logger":"lta_common","filename":"lta_common.py","lineno":143}
{"timestamp":"2026-04-15T11:48:44.920319Z","level":"warning","event":"[SANITIZE] link_id=49243 field=maximum_speed suspicious sentinel value=999 -> NULL","logger":"lta_common","filename":"lta_common.py","lineno":143}
{"timestamp":"2026-04-15T11:48:44.920361Z","level":"warning","event":"[SANITIZE] link_id=49252 field=maximum_speed suspicious sentinel value=999 -> NULL","logger":"lta_common","filename":"lta_common.py","lineno":143}
{"timestamp":"2026-04-15T11:48:44.920382Z","level":"warning","event":"[SANITIZE] link_id=49253 field=maximum_speed suspicious sentinel value=999 -> NULL","logger":"lta_common","filename":"lta_common.py","lineno":143}
{"timestamp":"2026-04-15T11:48:44.920402Z","level":"warning","event":"[SANITIZE] link_id=49254 field=maximum_speed suspicious sentinel value=999 -> NULL","logger":"lta_common","filename":"lta_common.py","lineno":143}
{"timestamp":"2026-04-15T11:48:44.920424Z","level":"warning","event":"[SANITIZE] link_id=49256 field=maximum_speed suspicious sentinel value=999 -> NULL","logger":"lta_common","filename":"lta_common.py","lineno":143}
{"timestamp":"2026-04-15T11:48:44.920452Z","level":"warning","event":"[SANITIZE] link_id=49260 field=maximum_speed suspicious sentinel value=999 -> NULL","logger":"lta_common","filename":"lta_common.py","lineno":143}
{"timestamp":"2026-04-15T11:48:44.920483Z","level":"warning","event":"[SANITIZE] link_id=49265 field=maximum_speed suspicious sentinel value=999 -> NULL","logger":"lta_common","filename":"lta_common.py","lineno":143}
{"timestamp":"2026-04-15T11:48:44.920505Z","level":"warning","event":"[SANITIZE] link_id=49267 field=maximum_speed suspicious sentinel value=999 -> NULL","logger":"lta_common","filename":"lta_common.py","lineno":143}
{"timestamp":"2026-04-15T11:48:44.920525Z","level":"warning","event":"[SANITIZE] link_id=49268 field=maximum_speed suspicious sentinel value=999 -> NULL","logger":"lta_common","filename":"lta_common.py","lineno":143}
{"timestamp":"2026-04-15T11:48:44.920559Z","level":"warning","event":"[SANITIZE] link_id=49270 field=maximum_speed suspicious sentinel value=999 -> NULL","logger":"lta_common","filename":"lta_common.py","lineno":143}
{"timestamp":"2026-04-15T11:48:44.920579Z","level":"warning","event":"[SANITIZE] link_id=49271 field=maximum_speed suspicious sentinel value=999 -> NULL","logger":"lta_common","filename":"lta_common.py","lineno":143}
{"timestamp":"2026-04-15T11:48:44.920602Z","level":"warning","event":"[SANITIZE] link_id=49273 field=maximum_speed suspicious sentinel value=999 -> NULL","logger":"lta_common","filename":"lta_common.py","lineno":143}
{"timestamp":"2026-04-15T11:48:44.920625Z","level":"warning","event":"[SANITIZE] link_id=49275 field=maximum_speed suspicious sentinel value=999 -> NULL","logger":"lta_common","filename":"lta_common.py","lineno":143}
{"timestamp":"2026-04-15T11:48:44.920645Z","level":"warning","event":"[SANITIZE] link_id=49276 field=maximum_speed suspicious sentinel value=999 -> NULL","logger":"lta_common","filename":"lta_common.py","lineno":143}
{"timestamp":"2026-04-15T11:48:44.920668Z","level":"warning","event":"[SANITIZE] link_id=49278 field=maximum_speed suspicious sentinel value=999 -> NULL","logger":"lta_common","filename":"lta_common.py","lineno":143}
{"timestamp":"2026-04-15T11:48:44.920688Z","level":"warning","event":"[SANITIZE] link_id=49279 field=maximum_speed suspicious sentinel value=999 -> NULL","logger":"lta_common","filename":"lta_common.py","lineno":143}
{"timestamp":"2026-04-15T11:48:44.920708Z","level":"warning","event":"[SANITIZE] link_id=49280 field=maximum_speed suspicious sentinel value=999 -> NULL","logger":"lta_common","filename":"lta_common.py","lineno":143}
{"timestamp":"2026-04-15T11:48:44.920736Z","level":"warning","event":"[SANITIZE] link_id=49281 field=maximum_speed suspicious sentinel value=999 -> NULL","logger":"lta_common","filename":"lta_common.py","lineno":143}
{"timestamp":"2026-04-15T11:48:44.920769Z","level":"warning","event":"[SANITIZE] link_id=49282 field=maximum_speed suspicious sentinel value=999 -> NULL","logger":"lta_common","filename":"lta_common.py","lineno":143}
{"timestamp":"2026-04-15T11:48:44.920800Z","level":"warning","event":"[SANITIZE] link_id=49283 field=maximum_speed suspicious sentinel value=999 -> NULL","logger":"lta_common","filename":"lta_common.py","lineno":143}
{"timestamp":"2026-04-15T11:48:44.920830Z","level":"warning","event":"[SANITIZE] link_id=49284 field=maximum_speed suspicious sentinel value=999 -> NULL","logger":"lta_common","filename":"lta_common.py","lineno":143}
{"timestamp":"2026-04-15T11:48:44.920923Z","level":"warning","event":"[SANITIZE] link_id=49313 field=maximum_speed suspicious sentinel value=999 -> NULL","logger":"lta_common","filename":"lta_common.py","lineno":143}
{"timestamp":"2026-04-15T11:48:44.920948Z","level":"warning","event":"[SANITIZE] link_id=49316 field=maximum_speed suspicious sentinel value=999 -> NULL","logger":"lta_common","filename":"lta_common.py","lineno":143}
{"timestamp":"2026-04-15T11:48:44.920971Z","level":"warning","event":"[SANITIZE] link_id=49318 field=maximum_speed suspicious sentinel value=999 -> NULL","logger":"lta_common","filename":"lta_common.py","lineno":143}
{"timestamp":"2026-04-15T11:48:44.920991Z","level":"warning","event":"[SANITIZE] link_id=49319 field=maximum_speed suspicious sentinel value=999 -> NULL","logger":"lta_common","filename":"lta_common.py","lineno":143}
{"timestamp":"2026-04-15T11:48:44.921045Z","level":"warning","event":"[SANITIZE] link_id=49327 field=maximum_speed suspicious sentinel value=999 -> NULL","logger":"lta_common","filename":"lta_common.py","lineno":143}
{"timestamp":"2026-04-15T11:48:44.921075Z","level":"warning","event":"[SANITIZE] link_id=49330 field=maximum_speed suspicious sentinel value=999 -> NULL","logger":"lta_common","filename":"lta_common.py","lineno":143}
{"timestamp":"2026-04-15T11:48:44.921095Z","level":"warning","event":"[SANITIZE] link_id=49331 field=maximum_speed suspicious sentinel value=999 -> NULL","logger":"lta_common","filename":"lta_common.py","lineno":143}
{"timestamp":"2026-04-15T11:48:44.921118Z","level":"warning","event":"[SANITIZE] link_id=49333 field=maximum_speed suspicious sentinel value=999 -> NULL","logger":"lta_common","filename":"lta_common.py","lineno":143}
{"timestamp":"2026-04-15T11:48:44.921140Z","level":"warning","event":"[SANITIZE] link_id=49335 field=maximum_speed suspicious sentinel value=999 -> NULL","logger":"lta_common","filename":"lta_common.py","lineno":143}
{"timestamp":"2026-04-15T11:48:44.921163Z","level":"warning","event":"[SANITIZE] link_id=49337 field=maximum_speed suspicious sentinel value=999 -> NULL","logger":"lta_common","filename":"lta_common.py","lineno":143}
{"timestamp":"2026-04-15T11:48:44.921191Z","level":"warning","event":"[SANITIZE] link_id=49341 field=maximum_speed suspicious sentinel value=999 -> NULL","logger":"lta_common","filename":"lta_common.py","lineno":143}
{"timestamp":"2026-04-15T11:48:44.921219Z","level":"warning","event":"[SANITIZE] link_id=49345 field=maximum_speed suspicious sentinel value=999 -> NULL","logger":"lta_common","filename":"lta_common.py","lineno":143}
{"timestamp":"2026-04-15T11:48:44.921242Z","level":"warning","event":"[SANITIZE] link_id=49347 field=maximum_speed suspicious sentinel value=999 -> NULL","logger":"lta_common","filename":"lta_common.py","lineno":143}
{"timestamp":"2026-04-15T11:48:44.921267Z","level":"warning","event":"[SANITIZE] link_id=49350 field=maximum_speed suspicious sentinel value=999 -> NULL","logger":"lta_common","filename":"lta_common.py","lineno":143}
{"timestamp":"2026-04-15T11:48:44.921295Z","level":"warning","event":"[SANITIZE] link_id=49351 field=maximum_speed suspicious sentinel value=999 -> NULL","logger":"lta_common","filename":"lta_common.py","lineno":143}
{"timestamp":"2026-04-15T11:48:44.921317Z","level":"warning","event":"[SANITIZE] link_id=49352 field=maximum_speed suspicious sentinel value=999 -> NULL","logger":"lta_common","filename":"lta_common.py","lineno":143}
{"timestamp":"2026-04-15T11:48:44.921431Z","level":"warning","event":"[SANITIZE] link_id=49353 field=maximum_speed suspicious sentinel value=999 -> NULL","logger":"lta_common","filename":"lta_common.py","lineno":143}
{"timestamp":"2026-04-15T11:48:44.921520Z","level":"warning","event":"[SANITIZE] link_id=49354 field=maximum_speed suspicious sentinel value=999 -> NULL","logger":"lta_common","filename":"lta_common.py","lineno":143}
{"timestamp":"2026-04-15T11:48:44.921553Z","level":"warning","event":"[SANITIZE] link_id=49355 field=maximum_speed suspicious sentinel value=999 -> NULL","logger":"lta_common","filename":"lta_common.py","lineno":143}
{"timestamp":"2026-04-15T11:48:44.921575Z","level":"warning","event":"[SANITIZE] link_id=49356 field=maximum_speed suspicious sentinel value=999 -> NULL","logger":"lta_common","filename":"lta_common.py","lineno":143}
{"timestamp":"2026-04-15T11:48:44.921603Z","level":"warning","event":"[SANITIZE] link_id=49359 field=maximum_speed suspicious sentinel value=999 -> NULL","logger":"lta_common","filename":"lta_common.py","lineno":143}
{"timestamp":"2026-04-15T11:48:44.921627Z","level":"warning","event":"[SANITIZE] link_id=49361 field=maximum_speed suspicious sentinel value=999 -> NULL","logger":"lta_common","filename":"lta_common.py","lineno":143}
{"timestamp":"2026-04-15T11:48:44.921675Z","level":"warning","event":"[SANITIZE] link_id=49368 field=maximum_speed suspicious sentinel value=999 -> NULL","logger":"lta_common","filename":"lta_common.py","lineno":143}
{"timestamp":"2026-04-15T11:48:44.921725Z","level":"warning","event":"[SANITIZE] link_id=49373 field=maximum_speed suspicious sentinel value=999 -> NULL","logger":"lta_common","filename":"lta_common.py","lineno":143}
{"timestamp":"2026-04-15T11:48:44.921752Z","level":"warning","event":"[SANITIZE] link_id=49374 field=maximum_speed suspicious sentinel value=999 -> NULL","logger":"lta_common","filename":"lta_common.py","lineno":143}
{"timestamp":"2026-04-15T11:48:44.921772Z","level":"warning","event":"[SANITIZE] link_id=49375 field=maximum_speed suspicious sentinel value=999 -> NULL","logger":"lta_common","filename":"lta_common.py","lineno":143}
{"timestamp":"2026-04-15T11:48:44.921793Z","level":"warning","event":"[SANITIZE] link_id=49376 field=maximum_speed suspicious sentinel value=999 -> NULL","logger":"lta_common","filename":"lta_common.py","lineno":143}
{"timestamp":"2026-04-15T11:48:44.921813Z","level":"warning","event":"[SANITIZE] link_id=49377 field=maximum_speed suspicious sentinel value=999 -> NULL","logger":"lta_common","filename":"lta_common.py","lineno":143}
{"timestamp":"2026-04-15T11:48:44.921833Z","level":"warning","event":"[SANITIZE] link_id=49378 field=maximum_speed suspicious sentinel value=999 -> NULL","logger":"lta_common","filename":"lta_common.py","lineno":143}
{"timestamp":"2026-04-15T11:48:44.921853Z","level":"warning","event":"[SANITIZE] link_id=49379 field=maximum_speed suspicious sentinel value=999 -> NULL","logger":"lta_common","filename":"lta_common.py","lineno":143}
{"timestamp":"2026-04-15T11:48:44.921875Z","level":"warning","event":"[SANITIZE] link_id=49381 field=maximum_speed suspicious sentinel value=999 -> NULL","logger":"lta_common","filename":"lta_common.py","lineno":143}
{"timestamp":"2026-04-15T11:48:44.921968Z","level":"warning","event":"[SANITIZE] link_id=49410 field=maximum_speed suspicious sentinel value=999 -> NULL","logger":"lta_common","filename":"lta_common.py","lineno":143}
{"timestamp":"2026-04-15T11:48:44.921988Z","level":"warning","event":"[SANITIZE] link_id=49411 field=maximum_speed suspicious sentinel value=999 -> NULL","logger":"lta_common","filename":"lta_common.py","lineno":143}
{"timestamp":"2026-04-15T11:48:44.922031Z","level":"warning","event":"[SANITIZE] link_id=49418 field=maximum_speed suspicious sentinel value=999 -> NULL","logger":"lta_common","filename":"lta_common.py","lineno":143}
{"timestamp":"2026-04-15T11:48:44.922055Z","level":"warning","event":"[SANITIZE] link_id=49419 field=maximum_speed suspicious sentinel value=999 -> NULL","logger":"lta_common","filename":"lta_common.py","lineno":143}
{"timestamp":"2026-04-15T11:48:44.922086Z","level":"warning","event":"[SANITIZE] link_id=49424 field=maximum_speed suspicious sentinel value=999 -> NULL","logger":"lta_common","filename":"lta_common.py","lineno":143}
{"timestamp":"2026-04-15T11:48:44.922105Z","level":"warning","event":"[SANITIZE] link_id=49425 field=maximum_speed suspicious sentinel value=999 -> NULL","logger":"lta_common","filename":"lta_common.py","lineno":143}
{"timestamp":"2026-04-15T11:48:44.922125Z","level":"warning","event":"[SANITIZE] link_id=49426 field=maximum_speed suspicious sentinel value=999 -> NULL","logger":"lta_common","filename":"lta_common.py","lineno":143}
{"timestamp":"2026-04-15T11:48:44.922146Z","level":"warning","event":"[SANITIZE] link_id=49427 field=maximum_speed suspicious sentinel value=999 -> NULL","logger":"lta_common","filename":"lta_common.py","lineno":143}
{"timestamp":"2026-04-15T11:48:44.922165Z","level":"warning","event":"[SANITIZE] link_id=49428 field=maximum_speed suspicious sentinel value=999 -> NULL","logger":"lta_common","filename":"lta_common.py","lineno":143}
{"timestamp":"2026-04-15T11:48:44.922185Z","level":"warning","event":"[SANITIZE] link_id=49429 field=maximum_speed suspicious sentinel value=999 -> NULL","logger":"lta_common","filename":"lta_common.py","lineno":143}
{"timestamp":"2026-04-15T11:48:44.922214Z","level":"warning","event":"[SANITIZE] link_id=49430 field=maximum_speed suspicious sentinel value=999 -> NULL","logger":"lta_common","filename":"lta_common.py","lineno":143}
{"timestamp":"2026-04-15T11:48:44.922245Z","level":"warning","event":"[SANITIZE] link_id=49431 field=maximum_speed suspicious sentinel value=999 -> NULL","logger":"lta_common","filename":"lta_common.py","lineno":143}
{"timestamp":"2026-04-15T11:48:44.922363Z","level":"warning","event":"[SANITIZE] link_id=49432 field=maximum_speed suspicious sentinel value=999 -> NULL","logger":"lta_common","filename":"lta_common.py","lineno":143}
{"timestamp":"2026-04-15T11:48:44.922476Z","level":"warning","event":"[SANITIZE] link_id=49433 field=maximum_speed suspicious sentinel value=999 -> NULL","logger":"lta_common","filename":"lta_common.py","lineno":143}
{"timestamp":"2026-04-15T11:48:44.922503Z","level":"warning","event":"[SANITIZE] link_id=49434 field=maximum_speed suspicious sentinel value=999 -> NULL","logger":"lta_common","filename":"lta_common.py","lineno":143}
{"timestamp":"2026-04-15T11:48:44.922527Z","level":"warning","event":"[SANITIZE] link_id=49436 field=maximum_speed suspicious sentinel value=999 -> NULL","logger":"lta_common","filename":"lta_common.py","lineno":143}
{"timestamp":"2026-04-15T11:48:44.922819Z","level":"warning","event":"[SANITIZE] link_id=49451 field=maximum_speed suspicious sentinel value=999 -> NULL","logger":"lta_common","filename":"lta_common.py","lineno":143}
{"timestamp":"2026-04-15T11:48:44.922918Z","level":"warning","event":"[SANITIZE] link_id=49452 field=maximum_speed suspicious sentinel value=999 -> NULL","logger":"lta_common","filename":"lta_common.py","lineno":143}
{"timestamp":"2026-04-15T11:48:44.923046Z","level":"warning","event":"[SANITIZE] link_id=49453 field=maximum_speed suspicious sentinel value=999 -> NULL","logger":"lta_common","filename":"lta_common.py","lineno":143}
{"timestamp":"2026-04-15T11:48:44.923165Z","level":"warning","event":"[SANITIZE] link_id=49454 field=maximum_speed suspicious sentinel value=999 -> NULL","logger":"lta_common","filename":"lta_common.py","lineno":143}
{"timestamp":"2026-04-15T11:48:44.923298Z","level":"warning","event":"[SANITIZE] link_id=49455 field=maximum_speed suspicious sentinel value=999 -> NULL","logger":"lta_common","filename":"lta_common.py","lineno":143}
{"timestamp":"2026-04-15T11:48:44.923427Z","level":"warning","event":"[SANITIZE] link_id=49456 field=maximum_speed suspicious sentinel value=999 -> NULL","logger":"lta_common","filename":"lta_common.py","lineno":143}
{"timestamp":"2026-04-15T11:48:44.923470Z","level":"warning","event":"[SANITIZE] link_id=49457 field=maximum_speed suspicious sentinel value=999 -> NULL","logger":"lta_common","filename":"lta_common.py","lineno":143}
{"timestamp":"2026-04-15T11:48:44.923493Z","level":"warning","event":"[SANITIZE] link_id=49458 field=maximum_speed suspicious sentinel value=999 -> NULL","logger":"lta_common","filename":"lta_common.py","lineno":143}
{"timestamp":"2026-04-15T11:48:44.923684Z","level":"warning","event":"[SANITIZE] link_id=49471 field=maximum_speed suspicious sentinel value=999 -> NULL","logger":"lta_common","filename":"lta_common.py","lineno":143}
{"timestamp":"2026-04-15T11:48:44.923836Z","level":"warning","event":"[SANITIZE] link_id=49472 field=maximum_speed suspicious sentinel value=999 -> NULL","logger":"lta_common","filename":"lta_common.py","lineno":143}
{"timestamp":"2026-04-15T11:48:44.923969Z","level":"warning","event":"[SANITIZE] link_id=49473 field=maximum_speed suspicious sentinel value=999 -> NULL","logger":"lta_common","filename":"lta_common.py","lineno":143}
{"timestamp":"2026-04-15T11:48:44.924012Z","level":"warning","event":"[SANITIZE] link_id=49476 field=maximum_speed suspicious sentinel value=999 -> NULL","logger":"lta_common","filename":"lta_common.py","lineno":143}
{"timestamp":"2026-04-15T11:48:44.924045Z","level":"warning","event":"[SANITIZE] link_id=49479 field=maximum_speed suspicious sentinel value=999 -> NULL","logger":"lta_common","filename":"lta_common.py","lineno":143}
{"timestamp":"2026-04-15T11:48:44.924079Z","level":"warning","event":"[SANITIZE] link_id=49485 field=maximum_speed suspicious sentinel value=999 -> NULL","logger":"lta_common","filename":"lta_common.py","lineno":143}
{"timestamp":"2026-04-15T11:48:44.924100Z","level":"warning","event":"[SANITIZE] link_id=49486 field=maximum_speed suspicious sentinel value=999 -> NULL","logger":"lta_common","filename":"lta_common.py","lineno":143}
{"timestamp":"2026-04-15T11:48:44.924151Z","level":"warning","event":"[SANITIZE] link_id=49499 field=maximum_speed suspicious sentinel value=999 -> NULL","logger":"lta_common","filename":"lta_common.py","lineno":143}
{"timestamp":"2026-04-15T11:48:44.924180Z","level":"warning","event":"[SANITIZE] link_id=49503 field=maximum_speed suspicious sentinel value=999 -> NULL","logger":"lta_common","filename":"lta_common.py","lineno":143}
{"timestamp":"2026-04-15T11:48:44.924205Z","level":"warning","event":"[SANITIZE] link_id=49506 field=maximum_speed suspicious sentinel value=999 -> NULL","logger":"lta_common","filename":"lta_common.py","lineno":143}
{"timestamp":"2026-04-15T11:48:44.924225Z","level":"warning","event":"[SANITIZE] link_id=49507 field=maximum_speed suspicious sentinel value=999 -> NULL","logger":"lta_common","filename":"lta_common.py","lineno":143}
{"timestamp":"2026-04-15T11:48:44.924245Z","level":"warning","event":"[SANITIZE] link_id=49508 field=maximum_speed suspicious sentinel value=999 -> NULL","logger":"lta_common","filename":"lta_common.py","lineno":143}
{"timestamp":"2026-04-15T11:48:44.924265Z","level":"warning","event":"[SANITIZE] link_id=49509 field=maximum_speed suspicious sentinel value=999 -> NULL","logger":"lta_common","filename":"lta_common.py","lineno":143}
{"timestamp":"2026-04-15T11:48:44.924285Z","level":"warning","event":"[SANITIZE] link_id=49510 field=maximum_speed suspicious sentinel value=999 -> NULL","logger":"lta_common","filename":"lta_common.py","lineno":143}
{"timestamp":"2026-04-15T11:48:44.924305Z","level":"warning","event":"[SANITIZE] link_id=49511 field=maximum_speed suspicious sentinel value=999 -> NULL","logger":"lta_common","filename":"lta_common.py","lineno":143}
{"timestamp":"2026-04-15T11:48:44.924325Z","level":"warning","event":"[SANITIZE] link_id=49512 field=maximum_speed suspicious sentinel value=999 -> NULL","logger":"lta_common","filename":"lta_common.py","lineno":143}
{"timestamp":"2026-04-15T11:48:44.924348Z","level":"warning","event":"[SANITIZE] link_id=49514 field=maximum_speed suspicious sentinel value=999 -> NULL","logger":"lta_common","filename":"lta_common.py","lineno":143}
{"timestamp":"2026-04-15T11:48:44.924367Z","level":"warning","event":"[SANITIZE] link_id=49515 field=maximum_speed suspicious sentinel value=999 -> NULL","logger":"lta_common","filename":"lta_common.py","lineno":143}
{"timestamp":"2026-04-15T11:48:44.924387Z","level":"warning","event":"[SANITIZE] link_id=49516 field=maximum_speed suspicious sentinel value=999 -> NULL","logger":"lta_common","filename":"lta_common.py","lineno":143}
{"timestamp":"2026-04-15T11:48:44.924406Z","level":"warning","event":"[SANITIZE] link_id=49517 field=maximum_speed suspicious sentinel value=999 -> NULL","logger":"lta_common","filename":"lta_common.py","lineno":143}
{"timestamp":"2026-04-15T11:48:44.924426Z","level":"warning","event":"[SANITIZE] link_id=49518 field=maximum_speed suspicious sentinel value=999 -> NULL","logger":"lta_common","filename":"lta_common.py","lineno":143}
{"timestamp":"2026-04-15T11:48:44.924446Z","level":"warning","event":"[SANITIZE] link_id=49519 field=maximum_speed suspicious sentinel value=999 -> NULL","logger":"lta_common","filename":"lta_common.py","lineno":143}
{"timestamp":"2026-04-15T11:48:44.924642Z","level":"warning","event":"[SANITIZE] link_id=49623 field=maximum_speed suspicious sentinel value=999 -> NULL","logger":"lta_common","filename":"lta_common.py","lineno":143}
{"timestamp":"2026-04-15T11:48:44.924688Z","level":"warning","event":"[SANITIZE] link_id=49638 field=maximum_speed suspicious sentinel value=999 -> NULL","logger":"lta_common","filename":"lta_common.py","lineno":143}
{"timestamp":"2026-04-15T11:48:44.924711Z","level":"warning","event":"[SANITIZE] link_id=49640 field=maximum_speed suspicious sentinel value=999 -> NULL","logger":"lta_common","filename":"lta_common.py","lineno":143}
{"timestamp":"2026-04-15T11:48:44.924747Z","level":"warning","event":"[SANITIZE] link_id=49644 field=maximum_speed suspicious sentinel value=999 -> NULL","logger":"lta_common","filename":"lta_common.py","lineno":143}
{"timestamp":"2026-04-15T11:48:44.924773Z","level":"warning","event":"[SANITIZE] link_id=49647 field=maximum_speed suspicious sentinel value=999 -> NULL","logger":"lta_common","filename":"lta_common.py","lineno":143}
{"timestamp":"2026-04-15T11:48:44.924834Z","level":"warning","event":"[SANITIZE] link_id=49665 field=maximum_speed suspicious sentinel value=999 -> NULL","logger":"lta_common","filename":"lta_common.py","lineno":143}
{"timestamp":"2026-04-15T11:48:44.924854Z","level":"warning","event":"[SANITIZE] link_id=49666 field=maximum_speed suspicious sentinel value=999 -> NULL","logger":"lta_common","filename":"lta_common.py","lineno":143}
{"timestamp":"2026-04-15T11:48:44.924874Z","level":"warning","event":"[SANITIZE] link_id=49667 field=maximum_speed suspicious sentinel value=999 -> NULL","logger":"lta_common","filename":"lta_common.py","lineno":143}
{"timestamp":"2026-04-15T11:48:44.924899Z","level":"warning","event":"[SANITIZE] link_id=49670 field=maximum_speed suspicious sentinel value=999 -> NULL","logger":"lta_common","filename":"lta_common.py","lineno":143}
{"timestamp":"2026-04-15T11:48:44.924919Z","level":"warning","event":"[SANITIZE] link_id=49671 field=maximum_speed suspicious sentinel value=999 -> NULL","logger":"lta_common","filename":"lta_common.py","lineno":143}
{"timestamp":"2026-04-15T11:48:44.924949Z","level":"warning","event":"[SANITIZE] link_id=49677 field=maximum_speed suspicious sentinel value=999 -> NULL","logger":"lta_common","filename":"lta_common.py","lineno":143}
{"timestamp":"2026-04-15T11:48:44.924982Z","level":"warning","event":"[SANITIZE] link_id=49683 field=maximum_speed suspicious sentinel value=999 -> NULL","logger":"lta_common","filename":"lta_common.py","lineno":143}
{"timestamp":"2026-04-15T11:48:44.925004Z","level":"warning","event":"[SANITIZE] link_id=49685 field=maximum_speed suspicious sentinel value=999 -> NULL","logger":"lta_common","filename":"lta_common.py","lineno":143}
{"timestamp":"2026-04-15T11:48:44.925024Z","level":"warning","event":"[SANITIZE] link_id=49686 field=maximum_speed suspicious sentinel value=999 -> NULL","logger":"lta_common","filename":"lta_common.py","lineno":143}
{"timestamp":"2026-04-15T11:48:44.925046Z","level":"warning","event":"[SANITIZE] link_id=49688 field=maximum_speed suspicious sentinel value=999 -> NULL","logger":"lta_common","filename":"lta_common.py","lineno":143}
{"timestamp":"2026-04-15T11:48:44.925066Z","level":"warning","event":"[SANITIZE] link_id=49689 field=maximum_speed suspicious sentinel value=999 -> NULL","logger":"lta_common","filename":"lta_common.py","lineno":143}
{"timestamp":"2026-04-15T11:48:44.925085Z","level":"warning","event":"[SANITIZE] link_id=49690 field=maximum_speed suspicious sentinel value=999 -> NULL","logger":"lta_common","filename":"lta_common.py","lineno":143}
{"timestamp":"2026-04-15T11:48:44.925110Z","level":"warning","event":"[SANITIZE] link_id=49694 field=maximum_speed suspicious sentinel value=999 -> NULL","logger":"lta_common","filename":"lta_common.py","lineno":143}
{"timestamp":"2026-04-15T11:48:44.925130Z","level":"warning","event":"[SANITIZE] link_id=49695 field=maximum_speed suspicious sentinel value=999 -> NULL","logger":"lta_common","filename":"lta_common.py","lineno":143}
{"timestamp":"2026-04-15T11:48:44.925160Z","level":"warning","event":"[SANITIZE] link_id=49698 field=maximum_speed suspicious sentinel value=999 -> NULL","logger":"lta_common","filename":"lta_common.py","lineno":143}
{"timestamp":"2026-04-15T11:48:44.925195Z","level":"warning","event":"[SANITIZE] link_id=49700 field=maximum_speed suspicious sentinel value=999 -> NULL","logger":"lta_common","filename":"lta_common.py","lineno":143}
{"timestamp":"2026-04-15T11:48:44.925216Z","level":"warning","event":"[SANITIZE] link_id=49701 field=maximum_speed suspicious sentinel value=999 -> NULL","logger":"lta_common","filename":"lta_common.py","lineno":143}
{"timestamp":"2026-04-15T11:48:44.925242Z","level":"warning","event":"[SANITIZE] link_id=49704 field=maximum_speed suspicious sentinel value=999 -> NULL","logger":"lta_common","filename":"lta_common.py","lineno":143}
{"timestamp":"2026-04-15T11:48:44.925269Z","level":"warning","event":"[SANITIZE] link_id=49706 field=maximum_speed suspicious sentinel value=999 -> NULL","logger":"lta_common","filename":"lta_common.py","lineno":143}
{"timestamp":"2026-04-15T11:48:44.925298Z","level":"warning","event":"[SANITIZE] link_id=49708 field=maximum_speed suspicious sentinel value=999 -> NULL","logger":"lta_common","filename":"lta_common.py","lineno":143}
{"timestamp":"2026-04-15T11:48:44.925333Z","level":"warning","event":"[SANITIZE] link_id=49712 field=maximum_speed suspicious sentinel value=999 -> NULL","logger":"lta_common","filename":"lta_common.py","lineno":143}
{"timestamp":"2026-04-15T11:48:44.925366Z","level":"warning","event":"[SANITIZE] link_id=49713 field=maximum_speed suspicious sentinel value=999 -> NULL","logger":"lta_common","filename":"lta_common.py","lineno":143}
{"timestamp":"2026-04-15T11:48:44.925389Z","level":"warning","event":"[SANITIZE] link_id=49714 field=maximum_speed suspicious sentinel value=999 -> NULL","logger":"lta_common","filename":"lta_common.py","lineno":143}
{"timestamp":"2026-04-15T11:48:44.925408Z","level":"warning","event":"[SANITIZE] link_id=49715 field=maximum_speed suspicious sentinel value=999 -> NULL","logger":"lta_common","filename":"lta_common.py","lineno":143}
{"timestamp":"2026-04-15T11:48:44.925428Z","level":"warning","event":"[SANITIZE] link_id=49716 field=maximum_speed suspicious sentinel value=999 -> NULL","logger":"lta_common","filename":"lta_common.py","lineno":143}
{"timestamp":"2026-04-15T11:48:44.925448Z","level":"warning","event":"[SANITIZE] link_id=49717 field=maximum_speed suspicious sentinel value=999 -> NULL","logger":"lta_common","filename":"lta_common.py","lineno":143}
{"timestamp":"2026-04-15T11:48:44.925467Z","level":"warning","event":"[SANITIZE] link_id=49718 field=maximum_speed suspicious sentinel value=999 -> NULL","logger":"lta_common","filename":"lta_common.py","lineno":143}
{"timestamp":"2026-04-15T11:48:44.925487Z","level":"warning","event":"[SANITIZE] link_id=49719 field=maximum_speed suspicious sentinel value=999 -> NULL","logger":"lta_common","filename":"lta_common.py","lineno":143}
{"timestamp":"2026-04-15T11:48:44.925512Z","level":"warning","event":"[SANITIZE] link_id=49723 field=maximum_speed suspicious sentinel value=999 -> NULL","logger":"lta_common","filename":"lta_common.py","lineno":143}
{"timestamp":"2026-04-15T11:48:44.925566Z","level":"warning","event":"[SANITIZE] link_id=49737 field=maximum_speed suspicious sentinel value=999 -> NULL","logger":"lta_common","filename":"lta_common.py","lineno":143}
{"timestamp":"2026-04-15T11:48:44.925985Z","level":"info","event":"[CLEAN DONE] rows=500 | null_speed_band=0 | null_minimum_speed=0 | null_maximum_speed=149","logger":"lta_common","filename":"lta_common.py","lineno":238}
{"timestamp":"2026-04-15T11:48:44.926821Z","level":"info","event":"STEP 5: built cleaned snapshot dataframe rows=500","logger":"unusual_prefix_faea391ec71b1d4b4651510353e4a48d62001c31_2_refresh_traffic_speed","filename":"2_refresh_traffic_speed.py","lineno":44}
{"timestamp":"2026-04-15T11:48:44.927111Z","level":"info","event":"[LATEST PREP] rows=500 | missing_measurement_rows=0","logger":"lta_common","filename":"lta_common.py","lineno":271}
{"timestamp":"2026-04-15T11:48:44.927374Z","level":"info","event":"[UPSERT START] upserting 500 rows into traffic_speed_latest","logger":"lta_common","filename":"lta_common.py","lineno":348}
{"timestamp":"2026-04-15T11:48:44.927656Z","level":"info","event":"[UPSERT DEBUG] max_link_id=49745 | min_link_id=49196 | max_speed_band=8 | min_speed_band=1 | max_minimum_speed=70 | min_minimum_speed=0 | max_maximum_speed=69.0 | min_maximum_speed=9.0","logger":"lta_common","filename":"lta_common.py","lineno":350}
{"timestamp":"2026-04-15T11:48:45.312523Z","level":"info","event":"[UPSERT DONE] upserted=500 rows into traffic_speed_latest","logger":"lta_common","filename":"lta_common.py","lineno":388}
{"timestamp":"2026-04-15T11:48:45.313156Z","level":"info","event":"[SAVE START] inserting 500 rows into traffic_speed_recent","logger":"lta_common","filename":"lta_common.py","lineno":319}
{"timestamp":"2026-04-15T11:48:45.675638Z","level":"info","event":"[SAVE DONE] inserted=500 rows into traffic_speed_recent","logger":"lta_common","filename":"lta_common.py","lineno":337}
{"timestamp":"2026-04-15T11:48:45.676319Z","level":"info","event":"STEP 6: page saved skip=33500 | pages=68 | latest_rows=34000 | recent_rows=34000","logger":"unusual_prefix_faea391ec71b1d4b4651510353e4a48d62001c31_2_refresh_traffic_speed","filename":"2_refresh_traffic_speed.py","lineno":56}
{"timestamp":"2026-04-15T11:48:45.676510Z","level":"info","event":"========== PAGE START ==========","logger":"lta_common","filename":"lta_common.py","lineno":53}
{"timestamp":"2026-04-15T11:48:45.676652Z","level":"info","event":"[FETCH] requesting rows 34000–34499","logger":"lta_common","filename":"lta_common.py","lineno":54}
{"timestamp":"2026-04-15T11:48:45.676861Z","level":"info","event":"Fetching page from LTA: skip=34000","logger":"lta_common","filename":"lta_common.py","lineno":36}
{"timestamp":"2026-04-15T11:48:46.020986Z","level":"info","event":"Retrieved 500 rows from LTA at skip=34000","logger":"lta_common","filename":"lta_common.py","lineno":44}
{"timestamp":"2026-04-15T11:48:46.026693Z","level":"info","event":"[FETCH DONE] retrieved=500 rows at skip=34000","logger":"lta_common","filename":"lta_common.py","lineno":59}
{"timestamp":"2026-04-15T11:48:46.028038Z","level":"info","event":"STEP 4: processing page skip=34000 rows=500","logger":"unusual_prefix_faea391ec71b1d4b4651510353e4a48d62001c31_2_refresh_traffic_speed","filename":"2_refresh_traffic_speed.py","lineno":41}
{"timestamp":"2026-04-15T11:48:46.044676Z","level":"warning","event":"[SANITIZE] link_id=49749 field=maximum_speed suspicious sentinel value=999 -> NULL","logger":"lta_common","filename":"lta_common.py","lineno":143}
{"timestamp":"2026-04-15T11:48:46.044849Z","level":"warning","event":"[SANITIZE] link_id=49751 field=maximum_speed suspicious sentinel value=999 -> NULL","logger":"lta_common","filename":"lta_common.py","lineno":143}
{"timestamp":"2026-04-15T11:48:46.044921Z","level":"warning","event":"[SANITIZE] link_id=49753 field=maximum_speed suspicious sentinel value=999 -> NULL","logger":"lta_common","filename":"lta_common.py","lineno":143}
{"timestamp":"2026-04-15T11:48:46.044970Z","level":"warning","event":"[SANITIZE] link_id=49754 field=maximum_speed suspicious sentinel value=999 -> NULL","logger":"lta_common","filename":"lta_common.py","lineno":143}
{"timestamp":"2026-04-15T11:48:46.045060Z","level":"warning","event":"[SANITIZE] link_id=49762 field=maximum_speed suspicious sentinel value=999 -> NULL","logger":"lta_common","filename":"lta_common.py","lineno":143}
{"timestamp":"2026-04-15T11:48:46.045127Z","level":"warning","event":"[SANITIZE] link_id=49763 field=maximum_speed suspicious sentinel value=999 -> NULL","logger":"lta_common","filename":"lta_common.py","lineno":143}
{"timestamp":"2026-04-15T11:48:46.045172Z","level":"warning","event":"[SANITIZE] link_id=49764 field=maximum_speed suspicious sentinel value=999 -> NULL","logger":"lta_common","filename":"lta_common.py","lineno":143}
{"timestamp":"2026-04-15T11:48:46.045217Z","level":"warning","event":"[SANITIZE] link_id=49765 field=maximum_speed suspicious sentinel value=999 -> NULL","logger":"lta_common","filename":"lta_common.py","lineno":143}
{"timestamp":"2026-04-15T11:48:46.045274Z","level":"warning","event":"[SANITIZE] link_id=49766 field=maximum_speed suspicious sentinel value=999 -> NULL","logger":"lta_common","filename":"lta_common.py","lineno":143}
{"timestamp":"2026-04-15T11:48:46.045320Z","level":"warning","event":"[SANITIZE] link_id=49767 field=maximum_speed suspicious sentinel value=999 -> NULL","logger":"lta_common","filename":"lta_common.py","lineno":143}
{"timestamp":"2026-04-15T11:48:46.045362Z","level":"warning","event":"[SANITIZE] link_id=49768 field=maximum_speed suspicious sentinel value=999 -> NULL","logger":"lta_common","filename":"lta_common.py","lineno":143}
{"timestamp":"2026-04-15T11:48:46.045424Z","level":"warning","event":"[SANITIZE] link_id=49769 field=maximum_speed suspicious sentinel value=999 -> NULL","logger":"lta_common","filename":"lta_common.py","lineno":143}
{"timestamp":"2026-04-15T11:48:46.045464Z","level":"warning","event":"[SANITIZE] link_id=49770 field=maximum_speed suspicious sentinel value=999 -> NULL","logger":"lta_common","filename":"lta_common.py","lineno":143}
{"timestamp":"2026-04-15T11:48:46.045505Z","level":"warning","event":"[SANITIZE] link_id=49771 field=maximum_speed suspicious sentinel value=999 -> NULL","logger":"lta_common","filename":"lta_common.py","lineno":143}
{"timestamp":"2026-04-15T11:48:46.045545Z","level":"warning","event":"[SANITIZE] link_id=49772 field=maximum_speed suspicious sentinel value=999 -> NULL","logger":"lta_common","filename":"lta_common.py","lineno":143}
{"timestamp":"2026-04-15T11:48:46.045590Z","level":"warning","event":"[SANITIZE] link_id=49774 field=maximum_speed suspicious sentinel value=999 -> NULL","logger":"lta_common","filename":"lta_common.py","lineno":143}
{"timestamp":"2026-04-15T11:48:46.045628Z","level":"warning","event":"[SANITIZE] link_id=49775 field=maximum_speed suspicious sentinel value=999 -> NULL","logger":"lta_common","filename":"lta_common.py","lineno":143}
{"timestamp":"2026-04-15T11:48:46.045668Z","level":"warning","event":"[SANITIZE] link_id=49776 field=maximum_speed suspicious sentinel value=999 -> NULL","logger":"lta_common","filename":"lta_common.py","lineno":143}
{"timestamp":"2026-04-15T11:48:46.045707Z","level":"warning","event":"[SANITIZE] link_id=49777 field=maximum_speed suspicious sentinel value=999 -> NULL","logger":"lta_common","filename":"lta_common.py","lineno":143}
{"timestamp":"2026-04-15T11:48:46.045771Z","level":"warning","event":"[SANITIZE] link_id=49780 field=maximum_speed suspicious sentinel value=999 -> NULL","logger":"lta_common","filename":"lta_common.py","lineno":143}
{"timestamp":"2026-04-15T11:48:46.045831Z","level":"warning","event":"[SANITIZE] link_id=49785 field=maximum_speed suspicious sentinel value=999 -> NULL","logger":"lta_common","filename":"lta_common.py","lineno":143}
{"timestamp":"2026-04-15T11:48:46.045870Z","level":"warning","event":"[SANITIZE] link_id=49786 field=maximum_speed suspicious sentinel value=999 -> NULL","logger":"lta_common","filename":"lta_common.py","lineno":143}
{"timestamp":"2026-04-15T11:48:46.045909Z","level":"warning","event":"[SANITIZE] link_id=49787 field=maximum_speed suspicious sentinel value=999 -> NULL","logger":"lta_common","filename":"lta_common.py","lineno":143}
{"timestamp":"2026-04-15T11:48:46.045948Z","level":"warning","event":"[SANITIZE] link_id=49788 field=maximum_speed suspicious sentinel value=999 -> NULL","logger":"lta_common","filename":"lta_common.py","lineno":143}
{"timestamp":"2026-04-15T11:48:46.046022Z","level":"warning","event":"[SANITIZE] link_id=49797 field=maximum_speed suspicious sentinel value=999 -> NULL","logger":"lta_common","filename":"lta_common.py","lineno":143}
{"timestamp":"2026-04-15T11:48:46.046061Z","level":"warning","event":"[SANITIZE] link_id=49798 field=maximum_speed suspicious sentinel value=999 -> NULL","logger":"lta_common","filename":"lta_common.py","lineno":143}
{"timestamp":"2026-04-15T11:48:46.046100Z","level":"warning","event":"[SANITIZE] link_id=49799 field=maximum_speed suspicious sentinel value=999 -> NULL","logger":"lta_common","filename":"lta_common.py","lineno":143}
{"timestamp":"2026-04-15T11:48:46.046144Z","level":"warning","event":"[SANITIZE] link_id=49801 field=maximum_speed suspicious sentinel value=999 -> NULL","logger":"lta_common","filename":"lta_common.py","lineno":143}
{"timestamp":"2026-04-15T11:48:46.046182Z","level":"warning","event":"[SANITIZE] link_id=49802 field=maximum_speed suspicious sentinel value=999 -> NULL","logger":"lta_common","filename":"lta_common.py","lineno":143}
{"timestamp":"2026-04-15T11:48:46.046246Z","level":"warning","event":"[SANITIZE] link_id=49808 field=maximum_speed suspicious sentinel value=999 -> NULL","logger":"lta_common","filename":"lta_common.py","lineno":143}
{"timestamp":"2026-04-15T11:48:46.046299Z","level":"warning","event":"[SANITIZE] link_id=49809 field=maximum_speed suspicious sentinel value=999 -> NULL","logger":"lta_common","filename":"lta_common.py","lineno":143}
{"timestamp":"2026-04-15T11:48:46.046412Z","level":"warning","event":"[SANITIZE] link_id=49821 field=maximum_speed suspicious sentinel value=999 -> NULL","logger":"lta_common","filename":"lta_common.py","lineno":143}
{"timestamp":"2026-04-15T11:48:46.046508Z","level":"warning","event":"[SANITIZE] link_id=49833 field=maximum_speed suspicious sentinel value=999 -> NULL","logger":"lta_common","filename":"lta_common.py","lineno":143}
{"timestamp":"2026-04-15T11:48:46.046547Z","level":"warning","event":"[SANITIZE] link_id=49834 field=maximum_speed suspicious sentinel value=999 -> NULL","logger":"lta_common","filename":"lta_common.py","lineno":143}
{"timestamp":"2026-04-15T11:48:46.046592Z","level":"warning","event":"[SANITIZE] link_id=49837 field=maximum_speed suspicious sentinel value=999 -> NULL","logger":"lta_common","filename":"lta_common.py","lineno":143}
{"timestamp":"2026-04-15T11:48:46.046635Z","level":"warning","event":"[SANITIZE] link_id=49838 field=maximum_speed suspicious sentinel value=999 -> NULL","logger":"lta_common","filename":"lta_common.py","lineno":143}
{"timestamp":"2026-04-15T11:48:46.046674Z","level":"warning","event":"[SANITIZE] link_id=49839 field=maximum_speed suspicious sentinel value=999 -> NULL","logger":"lta_common","filename":"lta_common.py","lineno":143}
{"timestamp":"2026-04-15T11:48:46.046714Z","level":"warning","event":"[SANITIZE] link_id=49840 field=maximum_speed suspicious sentinel value=999 -> NULL","logger":"lta_common","filename":"lta_common.py","lineno":143}
{"timestamp":"2026-04-15T11:48:46.046792Z","level":"warning","event":"[SANITIZE] link_id=49842 field=maximum_speed suspicious sentinel value=999 -> NULL","logger":"lta_common","filename":"lta_common.py","lineno":143}
{"timestamp":"2026-04-15T11:48:46.046852Z","level":"warning","event":"[SANITIZE] link_id=49843 field=maximum_speed suspicious sentinel value=999 -> NULL","logger":"lta_common","filename":"lta_common.py","lineno":143}
{"timestamp":"2026-04-15T11:48:46.046892Z","level":"warning","event":"[SANITIZE] link_id=49844 field=maximum_speed suspicious sentinel value=999 -> NULL","logger":"lta_common","filename":"lta_common.py","lineno":143}
{"timestamp":"2026-04-15T11:48:46.046930Z","level":"warning","event":"[SANITIZE] link_id=49845 field=maximum_speed suspicious sentinel value=999 -> NULL","logger":"lta_common","filename":"lta_common.py","lineno":143}
{"timestamp":"2026-04-15T11:48:46.047021Z","level":"warning","event":"[SANITIZE] link_id=49857 field=maximum_speed suspicious sentinel value=999 -> NULL","logger":"lta_common","filename":"lta_common.py","lineno":143}
{"timestamp":"2026-04-15T11:48:46.047060Z","level":"warning","event":"[SANITIZE] link_id=49858 field=maximum_speed suspicious sentinel value=999 -> NULL","logger":"lta_common","filename":"lta_common.py","lineno":143}
{"timestamp":"2026-04-15T11:48:46.047104Z","level":"warning","event":"[SANITIZE] link_id=49861 field=maximum_speed suspicious sentinel value=999 -> NULL","logger":"lta_common","filename":"lta_common.py","lineno":143}
{"timestamp":"2026-04-15T11:48:46.047148Z","level":"warning","event":"[SANITIZE] link_id=49863 field=maximum_speed suspicious sentinel value=999 -> NULL","logger":"lta_common","filename":"lta_common.py","lineno":143}
{"timestamp":"2026-04-15T11:48:46.047186Z","level":"warning","event":"[SANITIZE] link_id=49864 field=maximum_speed suspicious sentinel value=999 -> NULL","logger":"lta_common","filename":"lta_common.py","lineno":143}
{"timestamp":"2026-04-15T11:48:46.047225Z","level":"warning","event":"[SANITIZE] link_id=49865 field=maximum_speed suspicious sentinel value=999 -> NULL","logger":"lta_common","filename":"lta_common.py","lineno":143}
{"timestamp":"2026-04-15T11:48:46.047263Z","level":"warning","event":"[SANITIZE] link_id=49866 field=maximum_speed suspicious sentinel value=999 -> NULL","logger":"lta_common","filename":"lta_common.py","lineno":143}
{"timestamp":"2026-04-15T11:48:46.047302Z","level":"warning","event":"[SANITIZE] link_id=49867 field=maximum_speed suspicious sentinel value=999 -> NULL","logger":"lta_common","filename":"lta_common.py","lineno":143}
{"timestamp":"2026-04-15T11:48:46.047341Z","level":"warning","event":"[SANITIZE] link_id=49868 field=maximum_speed suspicious sentinel value=999 -> NULL","logger":"lta_common","filename":"lta_common.py","lineno":143}
{"timestamp":"2026-04-15T11:48:46.047379Z","level":"warning","event":"[SANITIZE] link_id=49869 field=maximum_speed suspicious sentinel value=999 -> NULL","logger":"lta_common","filename":"lta_common.py","lineno":143}
{"timestamp":"2026-04-15T11:48:46.047419Z","level":"warning","event":"[SANITIZE] link_id=49871 field=maximum_speed suspicious sentinel value=999 -> NULL","logger":"lta_common","filename":"lta_common.py","lineno":143}
{"timestamp":"2026-04-15T11:48:46.047498Z","level":"warning","event":"[SANITIZE] link_id=49880 field=maximum_speed suspicious sentinel value=999 -> NULL","logger":"lta_common","filename":"lta_common.py","lineno":143}
{"timestamp":"2026-04-15T11:48:46.047556Z","level":"warning","event":"[SANITIZE] link_id=49887 field=maximum_speed suspicious sentinel value=999 -> NULL","logger":"lta_common","filename":"lta_common.py","lineno":143}
{"timestamp":"2026-04-15T11:48:46.047595Z","level":"warning","event":"[SANITIZE] link_id=49889 field=maximum_speed suspicious sentinel value=999 -> NULL","logger":"lta_common","filename":"lta_common.py","lineno":143}
{"timestamp":"2026-04-15T11:48:46.047634Z","level":"warning","event":"[SANITIZE] link_id=49890 field=maximum_speed suspicious sentinel value=999 -> NULL","logger":"lta_common","filename":"lta_common.py","lineno":143}
{"timestamp":"2026-04-15T11:48:46.047672Z","level":"warning","event":"[SANITIZE] link_id=49891 field=maximum_speed suspicious sentinel value=999 -> NULL","logger":"lta_common","filename":"lta_common.py","lineno":143}
{"timestamp":"2026-04-15T11:48:46.047734Z","level":"warning","event":"[SANITIZE] link_id=49894 field=maximum_speed suspicious sentinel value=999 -> NULL","logger":"lta_common","filename":"lta_common.py","lineno":143}
{"timestamp":"2026-04-15T11:48:46.047801Z","level":"warning","event":"[SANITIZE] link_id=49895 field=maximum_speed suspicious sentinel value=999 -> NULL","logger":"lta_common","filename":"lta_common.py","lineno":143}
{"timestamp":"2026-04-15T11:48:46.047861Z","level":"warning","event":"[SANITIZE] link_id=49897 field=maximum_speed suspicious sentinel value=999 -> NULL","logger":"lta_common","filename":"lta_common.py","lineno":143}
{"timestamp":"2026-04-15T11:48:46.047905Z","level":"warning","event":"[SANITIZE] link_id=49899 field=maximum_speed suspicious sentinel value=999 -> NULL","logger":"lta_common","filename":"lta_common.py","lineno":143}
{"timestamp":"2026-04-15T11:48:46.047945Z","level":"warning","event":"[SANITIZE] link_id=49903 field=maximum_speed suspicious sentinel value=999 -> NULL","logger":"lta_common","filename":"lta_common.py","lineno":143}
{"timestamp":"2026-04-15T11:48:46.047983Z","level":"warning","event":"[SANITIZE] link_id=49904 field=maximum_speed suspicious sentinel value=999 -> NULL","logger":"lta_common","filename":"lta_common.py","lineno":143}
{"timestamp":"2026-04-15T11:48:46.048022Z","level":"warning","event":"[SANITIZE] link_id=49905 field=maximum_speed suspicious sentinel value=999 -> NULL","logger":"lta_common","filename":"lta_common.py","lineno":143}
{"timestamp":"2026-04-15T11:48:46.048060Z","level":"warning","event":"[SANITIZE] link_id=49906 field=maximum_speed suspicious sentinel value=999 -> NULL","logger":"lta_common","filename":"lta_common.py","lineno":143}
{"timestamp":"2026-04-15T11:48:46.048104Z","level":"warning","event":"[SANITIZE] link_id=49908 field=maximum_speed suspicious sentinel value=999 -> NULL","logger":"lta_common","filename":"lta_common.py","lineno":143}
{"timestamp":"2026-04-15T11:48:46.048143Z","level":"warning","event":"[SANITIZE] link_id=49909 field=maximum_speed suspicious sentinel value=999 -> NULL","logger":"lta_common","filename":"lta_common.py","lineno":143}
{"timestamp":"2026-04-15T11:48:46.048183Z","level":"warning","event":"[SANITIZE] link_id=49910 field=maximum_speed suspicious sentinel value=999 -> NULL","logger":"lta_common","filename":"lta_common.py","lineno":143}
{"timestamp":"2026-04-15T11:48:46.048242Z","level":"warning","event":"[SANITIZE] link_id=49915 field=maximum_speed suspicious sentinel value=999 -> NULL","logger":"lta_common","filename":"lta_common.py","lineno":143}
{"timestamp":"2026-04-15T11:48:46.048281Z","level":"warning","event":"[SANITIZE] link_id=49916 field=maximum_speed suspicious sentinel value=999 -> NULL","logger":"lta_common","filename":"lta_common.py","lineno":143}
{"timestamp":"2026-04-15T11:48:46.048316Z","level":"warning","event":"[SANITIZE] link_id=49917 field=maximum_speed suspicious sentinel value=999 -> NULL","logger":"lta_common","filename":"lta_common.py","lineno":143}
{"timestamp":"2026-04-15T11:48:46.048349Z","level":"warning","event":"[SANITIZE] link_id=49918 field=maximum_speed suspicious sentinel value=999 -> NULL","logger":"lta_common","filename":"lta_common.py","lineno":143}
{"timestamp":"2026-04-15T11:48:46.048391Z","level":"warning","event":"[SANITIZE] link_id=49921 field=maximum_speed suspicious sentinel value=999 -> NULL","logger":"lta_common","filename":"lta_common.py","lineno":143}
{"timestamp":"2026-04-15T11:48:46.048430Z","level":"warning","event":"[SANITIZE] link_id=49923 field=maximum_speed suspicious sentinel value=999 -> NULL","logger":"lta_common","filename":"lta_common.py","lineno":143}
{"timestamp":"2026-04-15T11:48:46.048463Z","level":"warning","event":"[SANITIZE] link_id=49924 field=maximum_speed suspicious sentinel value=999 -> NULL","logger":"lta_common","filename":"lta_common.py","lineno":143}
{"timestamp":"2026-04-15T11:48:46.048496Z","level":"warning","event":"[SANITIZE] link_id=49925 field=maximum_speed suspicious sentinel value=999 -> NULL","logger":"lta_common","filename":"lta_common.py","lineno":143}
{"timestamp":"2026-04-15T11:48:46.048535Z","level":"warning","event":"[SANITIZE] link_id=49927 field=maximum_speed suspicious sentinel value=999 -> NULL","logger":"lta_common","filename":"lta_common.py","lineno":143}
{"timestamp":"2026-04-15T11:48:46.048592Z","level":"warning","event":"[SANITIZE] link_id=49934 field=maximum_speed suspicious sentinel value=999 -> NULL","logger":"lta_common","filename":"lta_common.py","lineno":143}
{"timestamp":"2026-04-15T11:48:46.048625Z","level":"warning","event":"[SANITIZE] link_id=49935 field=maximum_speed suspicious sentinel value=999 -> NULL","logger":"lta_common","filename":"lta_common.py","lineno":143}
{"timestamp":"2026-04-15T11:48:46.048665Z","level":"warning","event":"[SANITIZE] link_id=49937 field=maximum_speed suspicious sentinel value=999 -> NULL","logger":"lta_common","filename":"lta_common.py","lineno":143}
{"timestamp":"2026-04-15T11:48:46.050728Z","level":"info","event":"[CLEAN DONE] rows=500 | null_speed_band=0 | null_minimum_speed=0 | null_maximum_speed=81","logger":"lta_common","filename":"lta_common.py","lineno":238}
{"timestamp":"2026-04-15T11:48:46.052076Z","level":"info","event":"STEP 5: built cleaned snapshot dataframe rows=500","logger":"unusual_prefix_faea391ec71b1d4b4651510353e4a48d62001c31_2_refresh_traffic_speed","filename":"2_refresh_traffic_speed.py","lineno":44}
{"timestamp":"2026-04-15T11:48:46.052570Z","level":"info","event":"[LATEST PREP] rows=500 | missing_measurement_rows=0","logger":"lta_common","filename":"lta_common.py","lineno":271}
{"timestamp":"2026-04-15T11:48:46.053002Z","level":"info","event":"[UPSERT START] upserting 500 rows into traffic_speed_latest","logger":"lta_common","filename":"lta_common.py","lineno":348}
{"timestamp":"2026-04-15T11:48:46.053452Z","level":"info","event":"[UPSERT DEBUG] max_link_id=50765 | min_link_id=49746 | max_speed_band=8 | min_speed_band=1 | max_minimum_speed=70 | min_minimum_speed=0 | max_maximum_speed=69.0 | min_maximum_speed=9.0","logger":"lta_common","filename":"lta_common.py","lineno":350}
{"timestamp":"2026-04-15T11:48:46.532121Z","level":"info","event":"[UPSERT DONE] upserted=500 rows into traffic_speed_latest","logger":"lta_common","filename":"lta_common.py","lineno":388}
{"timestamp":"2026-04-15T11:48:46.534807Z","level":"info","event":"[SAVE START] inserting 500 rows into traffic_speed_recent","logger":"lta_common","filename":"lta_common.py","lineno":319}
{"timestamp":"2026-04-15T11:48:46.919264Z","level":"info","event":"[SAVE DONE] inserted=500 rows into traffic_speed_recent","logger":"lta_common","filename":"lta_common.py","lineno":337}
{"timestamp":"2026-04-15T11:48:46.919978Z","level":"info","event":"STEP 6: page saved skip=34000 | pages=69 | latest_rows=34500 | recent_rows=34500","logger":"unusual_prefix_faea391ec71b1d4b4651510353e4a48d62001c31_2_refresh_traffic_speed","filename":"2_refresh_traffic_speed.py","lineno":56}
{"timestamp":"2026-04-15T11:48:46.920179Z","level":"info","event":"========== PAGE START ==========","logger":"lta_common","filename":"lta_common.py","lineno":53}
{"timestamp":"2026-04-15T11:48:46.920312Z","level":"info","event":"[FETCH] requesting rows 34500–34999","logger":"lta_common","filename":"lta_common.py","lineno":54}
{"timestamp":"2026-04-15T11:48:46.920496Z","level":"info","event":"Fetching page from LTA: skip=34500","logger":"lta_common","filename":"lta_common.py","lineno":36}
{"timestamp":"2026-04-15T11:48:47.209453Z","level":"info","event":"Retrieved 500 rows from LTA at skip=34500","logger":"lta_common","filename":"lta_common.py","lineno":44}
{"timestamp":"2026-04-15T11:48:47.214326Z","level":"info","event":"[FETCH DONE] retrieved=500 rows at skip=34500","logger":"lta_common","filename":"lta_common.py","lineno":59}
{"timestamp":"2026-04-15T11:48:47.215242Z","level":"info","event":"STEP 4: processing page skip=34500 rows=500","logger":"unusual_prefix_faea391ec71b1d4b4651510353e4a48d62001c31_2_refresh_traffic_speed","filename":"2_refresh_traffic_speed.py","lineno":41}
{"timestamp":"2026-04-15T11:48:47.234336Z","level":"info","event":"[CLEAN DONE] rows=500 | null_speed_band=0 | null_minimum_speed=0 | null_maximum_speed=0","logger":"lta_common","filename":"lta_common.py","lineno":238}
{"timestamp":"2026-04-15T11:48:47.236008Z","level":"info","event":"STEP 5: built cleaned snapshot dataframe rows=500","logger":"unusual_prefix_faea391ec71b1d4b4651510353e4a48d62001c31_2_refresh_traffic_speed","filename":"2_refresh_traffic_speed.py","lineno":44}
{"timestamp":"2026-04-15T11:48:47.236580Z","level":"info","event":"[LATEST PREP] rows=500 | missing_measurement_rows=0","logger":"lta_common","filename":"lta_common.py","lineno":271}
{"timestamp":"2026-04-15T11:48:47.236992Z","level":"info","event":"[UPSERT START] upserting 500 rows into traffic_speed_latest","logger":"lta_common","filename":"lta_common.py","lineno":348}
{"timestamp":"2026-04-15T11:48:47.237446Z","level":"info","event":"[UPSERT DEBUG] max_link_id=51657 | min_link_id=50766 | max_speed_band=7 | min_speed_band=1 | max_minimum_speed=60 | min_minimum_speed=0 | max_maximum_speed=69 | min_maximum_speed=9","logger":"lta_common","filename":"lta_common.py","lineno":350}
{"timestamp":"2026-04-15T11:48:47.656169Z","level":"info","event":"[UPSERT DONE] upserted=500 rows into traffic_speed_latest","logger":"lta_common","filename":"lta_common.py","lineno":388}
{"timestamp":"2026-04-15T11:48:47.658805Z","level":"info","event":"[SAVE START] inserting 500 rows into traffic_speed_recent","logger":"lta_common","filename":"lta_common.py","lineno":319}
{"timestamp":"2026-04-15T11:48:48.034356Z","level":"info","event":"[SAVE DONE] inserted=500 rows into traffic_speed_recent","logger":"lta_common","filename":"lta_common.py","lineno":337}
{"timestamp":"2026-04-15T11:48:48.035045Z","level":"info","event":"STEP 6: page saved skip=34500 | pages=70 | latest_rows=35000 | recent_rows=35000","logger":"unusual_prefix_faea391ec71b1d4b4651510353e4a48d62001c31_2_refresh_traffic_speed","filename":"2_refresh_traffic_speed.py","lineno":56}
{"timestamp":"2026-04-15T11:48:48.035257Z","level":"info","event":"========== PAGE START ==========","logger":"lta_common","filename":"lta_common.py","lineno":53}
{"timestamp":"2026-04-15T11:48:48.035409Z","level":"info","event":"[FETCH] requesting rows 35000–35499","logger":"lta_common","filename":"lta_common.py","lineno":54}
{"timestamp":"2026-04-15T11:48:48.035590Z","level":"info","event":"Fetching page from LTA: skip=35000","logger":"lta_common","filename":"lta_common.py","lineno":36}
{"timestamp":"2026-04-15T11:48:48.338657Z","level":"info","event":"Retrieved 500 rows from LTA at skip=35000","logger":"lta_common","filename":"lta_common.py","lineno":44}
{"timestamp":"2026-04-15T11:48:48.339947Z","level":"info","event":"[FETCH DONE] retrieved=500 rows at skip=35000","logger":"lta_common","filename":"lta_common.py","lineno":59}
{"timestamp":"2026-04-15T11:48:48.340166Z","level":"info","event":"STEP 4: processing page skip=35000 rows=500","logger":"unusual_prefix_faea391ec71b1d4b4651510353e4a48d62001c31_2_refresh_traffic_speed","filename":"2_refresh_traffic_speed.py","lineno":41}
{"timestamp":"2026-04-15T11:48:48.347898Z","level":"info","event":"[CLEAN DONE] rows=500 | null_speed_band=0 | null_minimum_speed=0 | null_maximum_speed=0","logger":"lta_common","filename":"lta_common.py","lineno":238}
{"timestamp":"2026-04-15T11:48:48.348666Z","level":"info","event":"STEP 5: built cleaned snapshot dataframe rows=500","logger":"unusual_prefix_faea391ec71b1d4b4651510353e4a48d62001c31_2_refresh_traffic_speed","filename":"2_refresh_traffic_speed.py","lineno":44}
{"timestamp":"2026-04-15T11:48:48.348977Z","level":"info","event":"[LATEST PREP] rows=500 | missing_measurement_rows=0","logger":"lta_common","filename":"lta_common.py","lineno":271}
{"timestamp":"2026-04-15T11:48:48.349210Z","level":"info","event":"[UPSERT START] upserting 500 rows into traffic_speed_latest","logger":"lta_common","filename":"lta_common.py","lineno":348}
{"timestamp":"2026-04-15T11:48:48.349481Z","level":"info","event":"[UPSERT DEBUG] max_link_id=52480 | min_link_id=51658 | max_speed_band=7 | min_speed_band=1 | max_minimum_speed=60 | min_minimum_speed=0 | max_maximum_speed=69 | min_maximum_speed=9","logger":"lta_common","filename":"lta_common.py","lineno":350}
{"timestamp":"2026-04-15T11:48:48.703073Z","level":"info","event":"[UPSERT DONE] upserted=500 rows into traffic_speed_latest","logger":"lta_common","filename":"lta_common.py","lineno":388}
{"timestamp":"2026-04-15T11:48:48.703528Z","level":"info","event":"[SAVE START] inserting 500 rows into traffic_speed_recent","logger":"lta_common","filename":"lta_common.py","lineno":319}
{"timestamp":"2026-04-15T11:48:49.084359Z","level":"info","event":"[SAVE DONE] inserted=500 rows into traffic_speed_recent","logger":"lta_common","filename":"lta_common.py","lineno":337}
{"timestamp":"2026-04-15T11:48:49.084477Z","level":"info","event":"STEP 6: page saved skip=35000 | pages=71 | latest_rows=35500 | recent_rows=35500","logger":"unusual_prefix_faea391ec71b1d4b4651510353e4a48d62001c31_2_refresh_traffic_speed","filename":"2_refresh_traffic_speed.py","lineno":56}
{"timestamp":"2026-04-15T11:48:49.084510Z","level":"info","event":"========== PAGE START ==========","logger":"lta_common","filename":"lta_common.py","lineno":53}
{"timestamp":"2026-04-15T11:48:49.084532Z","level":"info","event":"[FETCH] requesting rows 35500–35999","logger":"lta_common","filename":"lta_common.py","lineno":54}
{"timestamp":"2026-04-15T11:48:49.084562Z","level":"info","event":"Fetching page from LTA: skip=35500","logger":"lta_common","filename":"lta_common.py","lineno":36}
{"timestamp":"2026-04-15T11:48:49.387237Z","level":"info","event":"Retrieved 500 rows from LTA at skip=35500","logger":"lta_common","filename":"lta_common.py","lineno":44}
{"timestamp":"2026-04-15T11:48:49.388969Z","level":"info","event":"[FETCH DONE] retrieved=500 rows at skip=35500","logger":"lta_common","filename":"lta_common.py","lineno":59}
{"timestamp":"2026-04-15T11:48:49.389114Z","level":"info","event":"STEP 4: processing page skip=35500 rows=500","logger":"unusual_prefix_faea391ec71b1d4b4651510353e4a48d62001c31_2_refresh_traffic_speed","filename":"2_refresh_traffic_speed.py","lineno":41}
{"timestamp":"2026-04-15T11:48:49.397819Z","level":"info","event":"[CLEAN DONE] rows=500 | null_speed_band=0 | null_minimum_speed=0 | null_maximum_speed=0","logger":"lta_common","filename":"lta_common.py","lineno":238}
{"timestamp":"2026-04-15T11:48:49.398697Z","level":"info","event":"STEP 5: built cleaned snapshot dataframe rows=500","logger":"unusual_prefix_faea391ec71b1d4b4651510353e4a48d62001c31_2_refresh_traffic_speed","filename":"2_refresh_traffic_speed.py","lineno":44}
{"timestamp":"2026-04-15T11:48:49.399070Z","level":"info","event":"[LATEST PREP] rows=500 | missing_measurement_rows=0","logger":"lta_common","filename":"lta_common.py","lineno":271}
{"timestamp":"2026-04-15T11:48:49.399313Z","level":"info","event":"[UPSERT START] upserting 500 rows into traffic_speed_latest","logger":"lta_common","filename":"lta_common.py","lineno":348}
{"timestamp":"2026-04-15T11:48:49.399587Z","level":"info","event":"[UPSERT DEBUG] max_link_id=53219 | min_link_id=52481 | max_speed_band=7 | min_speed_band=1 | max_minimum_speed=60 | min_minimum_speed=0 | max_maximum_speed=69 | min_maximum_speed=9","logger":"lta_common","filename":"lta_common.py","lineno":350}
{"timestamp":"2026-04-15T11:48:49.742475Z","level":"info","event":"[UPSERT DONE] upserted=500 rows into traffic_speed_latest","logger":"lta_common","filename":"lta_common.py","lineno":388}
{"timestamp":"2026-04-15T11:48:49.743218Z","level":"info","event":"[SAVE START] inserting 500 rows into traffic_speed_recent","logger":"lta_common","filename":"lta_common.py","lineno":319}
{"timestamp":"2026-04-15T11:48:50.076835Z","level":"info","event":"[SAVE DONE] inserted=500 rows into traffic_speed_recent","logger":"lta_common","filename":"lta_common.py","lineno":337}
{"timestamp":"2026-04-15T11:48:50.077146Z","level":"info","event":"STEP 6: page saved skip=35500 | pages=72 | latest_rows=36000 | recent_rows=36000","logger":"unusual_prefix_faea391ec71b1d4b4651510353e4a48d62001c31_2_refresh_traffic_speed","filename":"2_refresh_traffic_speed.py","lineno":56}
{"timestamp":"2026-04-15T11:48:50.077226Z","level":"info","event":"========== PAGE START ==========","logger":"lta_common","filename":"lta_common.py","lineno":53}
{"timestamp":"2026-04-15T11:48:50.077288Z","level":"info","event":"[FETCH] requesting rows 36000–36499","logger":"lta_common","filename":"lta_common.py","lineno":54}
{"timestamp":"2026-04-15T11:48:50.077351Z","level":"info","event":"Fetching page from LTA: skip=36000","logger":"lta_common","filename":"lta_common.py","lineno":36}
{"timestamp":"2026-04-15T11:48:50.446258Z","level":"info","event":"Retrieved 500 rows from LTA at skip=36000","logger":"lta_common","filename":"lta_common.py","lineno":44}
{"timestamp":"2026-04-15T11:48:50.448339Z","level":"info","event":"[FETCH DONE] retrieved=500 rows at skip=36000","logger":"lta_common","filename":"lta_common.py","lineno":59}
{"timestamp":"2026-04-15T11:48:50.448885Z","level":"info","event":"STEP 4: processing page skip=36000 rows=500","logger":"unusual_prefix_faea391ec71b1d4b4651510353e4a48d62001c31_2_refresh_traffic_speed","filename":"2_refresh_traffic_speed.py","lineno":41}
{"timestamp":"2026-04-15T11:48:50.463152Z","level":"info","event":"[CLEAN DONE] rows=500 | null_speed_band=0 | null_minimum_speed=0 | null_maximum_speed=0","logger":"lta_common","filename":"lta_common.py","lineno":238}
{"timestamp":"2026-04-15T11:48:50.464781Z","level":"info","event":"STEP 5: built cleaned snapshot dataframe rows=500","logger":"unusual_prefix_faea391ec71b1d4b4651510353e4a48d62001c31_2_refresh_traffic_speed","filename":"2_refresh_traffic_speed.py","lineno":44}
{"timestamp":"2026-04-15T11:48:50.465344Z","level":"info","event":"[LATEST PREP] rows=500 | missing_measurement_rows=0","logger":"lta_common","filename":"lta_common.py","lineno":271}
{"timestamp":"2026-04-15T11:48:50.465663Z","level":"info","event":"[UPSERT START] upserting 500 rows into traffic_speed_latest","logger":"lta_common","filename":"lta_common.py","lineno":348}
{"timestamp":"2026-04-15T11:48:50.466088Z","level":"info","event":"[UPSERT DEBUG] max_link_id=53865 | min_link_id=53220 | max_speed_band=7 | min_speed_band=1 | max_minimum_speed=60 | min_minimum_speed=0 | max_maximum_speed=69 | min_maximum_speed=9","logger":"lta_common","filename":"lta_common.py","lineno":350}
{"timestamp":"2026-04-15T11:48:50.834069Z","level":"info","event":"[UPSERT DONE] upserted=500 rows into traffic_speed_latest","logger":"lta_common","filename":"lta_common.py","lineno":388}
{"timestamp":"2026-04-15T11:48:50.835320Z","level":"info","event":"[SAVE START] inserting 500 rows into traffic_speed_recent","logger":"lta_common","filename":"lta_common.py","lineno":319}
{"timestamp":"2026-04-15T11:48:51.266837Z","level":"info","event":"[SAVE DONE] inserted=500 rows into traffic_speed_recent","logger":"lta_common","filename":"lta_common.py","lineno":337}
{"timestamp":"2026-04-15T11:48:51.267476Z","level":"info","event":"STEP 6: page saved skip=36000 | pages=73 | latest_rows=36500 | recent_rows=36500","logger":"unusual_prefix_faea391ec71b1d4b4651510353e4a48d62001c31_2_refresh_traffic_speed","filename":"2_refresh_traffic_speed.py","lineno":56}
{"timestamp":"2026-04-15T11:48:51.267700Z","level":"info","event":"========== PAGE START ==========","logger":"lta_common","filename":"lta_common.py","lineno":53}
{"timestamp":"2026-04-15T11:48:51.268052Z","level":"info","event":"[FETCH] requesting rows 36500–36999","logger":"lta_common","filename":"lta_common.py","lineno":54}
{"timestamp":"2026-04-15T11:48:51.268194Z","level":"info","event":"Fetching page from LTA: skip=36500","logger":"lta_common","filename":"lta_common.py","lineno":36}
{"timestamp":"2026-04-15T11:48:51.583774Z","level":"info","event":"Retrieved 500 rows from LTA at skip=36500","logger":"lta_common","filename":"lta_common.py","lineno":44}
{"timestamp":"2026-04-15T11:48:51.589323Z","level":"info","event":"[FETCH DONE] retrieved=500 rows at skip=36500","logger":"lta_common","filename":"lta_common.py","lineno":59}
{"timestamp":"2026-04-15T11:48:51.590438Z","level":"info","event":"STEP 4: processing page skip=36500 rows=500","logger":"unusual_prefix_faea391ec71b1d4b4651510353e4a48d62001c31_2_refresh_traffic_speed","filename":"2_refresh_traffic_speed.py","lineno":41}
{"timestamp":"2026-04-15T11:48:51.607752Z","level":"info","event":"[CLEAN DONE] rows=500 | null_speed_band=0 | null_minimum_speed=0 | null_maximum_speed=0","logger":"lta_common","filename":"lta_common.py","lineno":238}
{"timestamp":"2026-04-15T11:48:51.609208Z","level":"info","event":"STEP 5: built cleaned snapshot dataframe rows=500","logger":"unusual_prefix_faea391ec71b1d4b4651510353e4a48d62001c31_2_refresh_traffic_speed","filename":"2_refresh_traffic_speed.py","lineno":44}
{"timestamp":"2026-04-15T11:48:51.609784Z","level":"info","event":"[LATEST PREP] rows=500 | missing_measurement_rows=0","logger":"lta_common","filename":"lta_common.py","lineno":271}
{"timestamp":"2026-04-15T11:48:51.610192Z","level":"info","event":"[UPSERT START] upserting 500 rows into traffic_speed_latest","logger":"lta_common","filename":"lta_common.py","lineno":348}
{"timestamp":"2026-04-15T11:48:51.610690Z","level":"info","event":"[UPSERT DEBUG] max_link_id=54498 | min_link_id=53866 | max_speed_band=7 | min_speed_band=1 | max_minimum_speed=60 | min_minimum_speed=0 | max_maximum_speed=69 | min_maximum_speed=9","logger":"lta_common","filename":"lta_common.py","lineno":350}
{"timestamp":"2026-04-15T11:48:51.989609Z","level":"info","event":"[UPSERT DONE] upserted=500 rows into traffic_speed_latest","logger":"lta_common","filename":"lta_common.py","lineno":388}
{"timestamp":"2026-04-15T11:48:51.990505Z","level":"info","event":"[SAVE START] inserting 500 rows into traffic_speed_recent","logger":"lta_common","filename":"lta_common.py","lineno":319}
{"timestamp":"2026-04-15T11:48:52.372207Z","level":"info","event":"[SAVE DONE] inserted=500 rows into traffic_speed_recent","logger":"lta_common","filename":"lta_common.py","lineno":337}
{"timestamp":"2026-04-15T11:48:52.372797Z","level":"info","event":"STEP 6: page saved skip=36500 | pages=74 | latest_rows=37000 | recent_rows=37000","logger":"unusual_prefix_faea391ec71b1d4b4651510353e4a48d62001c31_2_refresh_traffic_speed","filename":"2_refresh_traffic_speed.py","lineno":56}
{"timestamp":"2026-04-15T11:48:52.372934Z","level":"info","event":"========== PAGE START ==========","logger":"lta_common","filename":"lta_common.py","lineno":53}
{"timestamp":"2026-04-15T11:48:52.373008Z","level":"info","event":"[FETCH] requesting rows 37000–37499","logger":"lta_common","filename":"lta_common.py","lineno":54}
{"timestamp":"2026-04-15T11:48:52.373092Z","level":"info","event":"Fetching page from LTA: skip=37000","logger":"lta_common","filename":"lta_common.py","lineno":36}
{"timestamp":"2026-04-15T11:48:52.684812Z","level":"info","event":"Retrieved 500 rows from LTA at skip=37000","logger":"lta_common","filename":"lta_common.py","lineno":44}
{"timestamp":"2026-04-15T11:48:52.690028Z","level":"info","event":"[FETCH DONE] retrieved=500 rows at skip=37000","logger":"lta_common","filename":"lta_common.py","lineno":59}
{"timestamp":"2026-04-15T11:48:52.690993Z","level":"info","event":"STEP 4: processing page skip=37000 rows=500","logger":"unusual_prefix_faea391ec71b1d4b4651510353e4a48d62001c31_2_refresh_traffic_speed","filename":"2_refresh_traffic_speed.py","lineno":41}
{"timestamp":"2026-04-15T11:48:52.716464Z","level":"info","event":"[CLEAN DONE] rows=500 | null_speed_band=0 | null_minimum_speed=0 | null_maximum_speed=0","logger":"lta_common","filename":"lta_common.py","lineno":238}
{"timestamp":"2026-04-15T11:48:52.718642Z","level":"info","event":"STEP 5: built cleaned snapshot dataframe rows=500","logger":"unusual_prefix_faea391ec71b1d4b4651510353e4a48d62001c31_2_refresh_traffic_speed","filename":"2_refresh_traffic_speed.py","lineno":44}
{"timestamp":"2026-04-15T11:48:52.719334Z","level":"info","event":"[LATEST PREP] rows=500 | missing_measurement_rows=0","logger":"lta_common","filename":"lta_common.py","lineno":271}
{"timestamp":"2026-04-15T11:48:52.719740Z","level":"info","event":"[UPSERT START] upserting 500 rows into traffic_speed_latest","logger":"lta_common","filename":"lta_common.py","lineno":348}
{"timestamp":"2026-04-15T11:48:52.720679Z","level":"info","event":"[UPSERT DEBUG] max_link_id=55067 | min_link_id=54499 | max_speed_band=7 | min_speed_band=1 | max_minimum_speed=60 | min_minimum_speed=0 | max_maximum_speed=69 | min_maximum_speed=9","logger":"lta_common","filename":"lta_common.py","lineno":350}
{"timestamp":"2026-04-15T11:48:53.084654Z","level":"info","event":"[UPSERT DONE] upserted=500 rows into traffic_speed_latest","logger":"lta_common","filename":"lta_common.py","lineno":388}
{"timestamp":"2026-04-15T11:48:53.085401Z","level":"info","event":"[SAVE START] inserting 500 rows into traffic_speed_recent","logger":"lta_common","filename":"lta_common.py","lineno":319}
{"timestamp":"2026-04-15T11:48:53.524749Z","level":"info","event":"[SAVE DONE] inserted=500 rows into traffic_speed_recent","logger":"lta_common","filename":"lta_common.py","lineno":337}
{"timestamp":"2026-04-15T11:48:53.524913Z","level":"info","event":"STEP 6: page saved skip=37000 | pages=75 | latest_rows=37500 | recent_rows=37500","logger":"unusual_prefix_faea391ec71b1d4b4651510353e4a48d62001c31_2_refresh_traffic_speed","filename":"2_refresh_traffic_speed.py","lineno":56}
{"timestamp":"2026-04-15T11:48:53.524970Z","level":"info","event":"========== PAGE START ==========","logger":"lta_common","filename":"lta_common.py","lineno":53}
{"timestamp":"2026-04-15T11:48:53.525001Z","level":"info","event":"[FETCH] requesting rows 37500–37999","logger":"lta_common","filename":"lta_common.py","lineno":54}
{"timestamp":"2026-04-15T11:48:53.525046Z","level":"info","event":"Fetching page from LTA: skip=37500","logger":"lta_common","filename":"lta_common.py","lineno":36}
{"timestamp":"2026-04-15T11:48:53.821582Z","level":"info","event":"Retrieved 500 rows from LTA at skip=37500","logger":"lta_common","filename":"lta_common.py","lineno":44}
{"timestamp":"2026-04-15T11:48:53.822919Z","level":"info","event":"[FETCH DONE] retrieved=500 rows at skip=37500","logger":"lta_common","filename":"lta_common.py","lineno":59}
{"timestamp":"2026-04-15T11:48:53.823147Z","level":"info","event":"STEP 4: processing page skip=37500 rows=500","logger":"unusual_prefix_faea391ec71b1d4b4651510353e4a48d62001c31_2_refresh_traffic_speed","filename":"2_refresh_traffic_speed.py","lineno":41}
{"timestamp":"2026-04-15T11:48:53.830048Z","level":"warning","event":"[SANITIZE] link_id=55248 field=maximum_speed suspicious sentinel value=999 -> NULL","logger":"lta_common","filename":"lta_common.py","lineno":143}
{"timestamp":"2026-04-15T11:48:53.831309Z","level":"info","event":"[CLEAN DONE] rows=500 | null_speed_band=0 | null_minimum_speed=0 | null_maximum_speed=1","logger":"lta_common","filename":"lta_common.py","lineno":238}
{"timestamp":"2026-04-15T11:48:53.832154Z","level":"info","event":"STEP 5: built cleaned snapshot dataframe rows=500","logger":"unusual_prefix_faea391ec71b1d4b4651510353e4a48d62001c31_2_refresh_traffic_speed","filename":"2_refresh_traffic_speed.py","lineno":44}
{"timestamp":"2026-04-15T11:48:53.832484Z","level":"info","event":"[LATEST PREP] rows=500 | missing_measurement_rows=0","logger":"lta_common","filename":"lta_common.py","lineno":271}
{"timestamp":"2026-04-15T11:48:53.832726Z","level":"info","event":"[UPSERT START] upserting 500 rows into traffic_speed_latest","logger":"lta_common","filename":"lta_common.py","lineno":348}
{"timestamp":"2026-04-15T11:48:53.833025Z","level":"info","event":"[UPSERT DEBUG] max_link_id=55629 | min_link_id=55068 | max_speed_band=8 | min_speed_band=1 | max_minimum_speed=70 | min_minimum_speed=0 | max_maximum_speed=69.0 | min_maximum_speed=9.0","logger":"lta_common","filename":"lta_common.py","lineno":350}
{"timestamp":"2026-04-15T11:48:54.192559Z","level":"info","event":"[UPSERT DONE] upserted=500 rows into traffic_speed_latest","logger":"lta_common","filename":"lta_common.py","lineno":388}
{"timestamp":"2026-04-15T11:48:54.193081Z","level":"info","event":"[SAVE START] inserting 500 rows into traffic_speed_recent","logger":"lta_common","filename":"lta_common.py","lineno":319}
{"timestamp":"2026-04-15T11:48:54.566219Z","level":"info","event":"[SAVE DONE] inserted=500 rows into traffic_speed_recent","logger":"lta_common","filename":"lta_common.py","lineno":337}
{"timestamp":"2026-04-15T11:48:54.566384Z","level":"info","event":"STEP 6: page saved skip=37500 | pages=76 | latest_rows=38000 | recent_rows=38000","logger":"unusual_prefix_faea391ec71b1d4b4651510353e4a48d62001c31_2_refresh_traffic_speed","filename":"2_refresh_traffic_speed.py","lineno":56}
{"timestamp":"2026-04-15T11:48:54.566424Z","level":"info","event":"========== PAGE START ==========","logger":"lta_common","filename":"lta_common.py","lineno":53}
{"timestamp":"2026-04-15T11:48:54.566453Z","level":"info","event":"[FETCH] requesting rows 38000–38499","logger":"lta_common","filename":"lta_common.py","lineno":54}
{"timestamp":"2026-04-15T11:48:54.566492Z","level":"info","event":"Fetching page from LTA: skip=38000","logger":"lta_common","filename":"lta_common.py","lineno":36}
{"timestamp":"2026-04-15T11:48:54.852045Z","level":"info","event":"Retrieved 500 rows from LTA at skip=38000","logger":"lta_common","filename":"lta_common.py","lineno":44}
{"timestamp":"2026-04-15T11:48:54.858408Z","level":"info","event":"[FETCH DONE] retrieved=500 rows at skip=38000","logger":"lta_common","filename":"lta_common.py","lineno":59}
{"timestamp":"2026-04-15T11:48:54.862344Z","level":"info","event":"STEP 4: processing page skip=38000 rows=500","logger":"unusual_prefix_faea391ec71b1d4b4651510353e4a48d62001c31_2_refresh_traffic_speed","filename":"2_refresh_traffic_speed.py","lineno":41}
{"timestamp":"2026-04-15T11:48:54.881783Z","level":"info","event":"[CLEAN DONE] rows=500 | null_speed_band=0 | null_minimum_speed=0 | null_maximum_speed=0","logger":"lta_common","filename":"lta_common.py","lineno":238}
{"timestamp":"2026-04-15T11:48:54.883695Z","level":"info","event":"STEP 5: built cleaned snapshot dataframe rows=500","logger":"unusual_prefix_faea391ec71b1d4b4651510353e4a48d62001c31_2_refresh_traffic_speed","filename":"2_refresh_traffic_speed.py","lineno":44}
{"timestamp":"2026-04-15T11:48:54.884437Z","level":"info","event":"[LATEST PREP] rows=500 | missing_measurement_rows=0","logger":"lta_common","filename":"lta_common.py","lineno":271}
{"timestamp":"2026-04-15T11:48:54.884982Z","level":"info","event":"[UPSERT START] upserting 500 rows into traffic_speed_latest","logger":"lta_common","filename":"lta_common.py","lineno":348}
{"timestamp":"2026-04-15T11:48:54.885569Z","level":"info","event":"[UPSERT DEBUG] max_link_id=56204 | min_link_id=55630 | max_speed_band=7 | min_speed_band=1 | max_minimum_speed=60 | min_minimum_speed=0 | max_maximum_speed=69 | min_maximum_speed=9","logger":"lta_common","filename":"lta_common.py","lineno":350}
{"timestamp":"2026-04-15T11:48:55.244497Z","level":"info","event":"[UPSERT DONE] upserted=500 rows into traffic_speed_latest","logger":"lta_common","filename":"lta_common.py","lineno":388}
{"timestamp":"2026-04-15T11:48:55.247325Z","level":"info","event":"[SAVE START] inserting 500 rows into traffic_speed_recent","logger":"lta_common","filename":"lta_common.py","lineno":319}
{"timestamp":"2026-04-15T11:48:55.698445Z","level":"info","event":"[SAVE DONE] inserted=500 rows into traffic_speed_recent","logger":"lta_common","filename":"lta_common.py","lineno":337}
{"timestamp":"2026-04-15T11:48:55.700113Z","level":"info","event":"STEP 6: page saved skip=38000 | pages=77 | latest_rows=38500 | recent_rows=38500","logger":"unusual_prefix_faea391ec71b1d4b4651510353e4a48d62001c31_2_refresh_traffic_speed","filename":"2_refresh_traffic_speed.py","lineno":56}
{"timestamp":"2026-04-15T11:48:55.700222Z","level":"info","event":"========== PAGE START ==========","logger":"lta_common","filename":"lta_common.py","lineno":53}
{"timestamp":"2026-04-15T11:48:55.700288Z","level":"info","event":"[FETCH] requesting rows 38500–38999","logger":"lta_common","filename":"lta_common.py","lineno":54}
{"timestamp":"2026-04-15T11:48:55.700380Z","level":"info","event":"Fetching page from LTA: skip=38500","logger":"lta_common","filename":"lta_common.py","lineno":36}
{"timestamp":"2026-04-15T11:48:56.055387Z","level":"info","event":"Retrieved 500 rows from LTA at skip=38500","logger":"lta_common","filename":"lta_common.py","lineno":44}
{"timestamp":"2026-04-15T11:48:56.058013Z","level":"info","event":"[FETCH DONE] retrieved=500 rows at skip=38500","logger":"lta_common","filename":"lta_common.py","lineno":59}
{"timestamp":"2026-04-15T11:48:56.058579Z","level":"info","event":"STEP 4: processing page skip=38500 rows=500","logger":"unusual_prefix_faea391ec71b1d4b4651510353e4a48d62001c31_2_refresh_traffic_speed","filename":"2_refresh_traffic_speed.py","lineno":41}
{"timestamp":"2026-04-15T11:48:56.076054Z","level":"info","event":"[CLEAN DONE] rows=500 | null_speed_band=0 | null_minimum_speed=0 | null_maximum_speed=0","logger":"lta_common","filename":"lta_common.py","lineno":238}
{"timestamp":"2026-04-15T11:48:56.077468Z","level":"info","event":"STEP 5: built cleaned snapshot dataframe rows=500","logger":"unusual_prefix_faea391ec71b1d4b4651510353e4a48d62001c31_2_refresh_traffic_speed","filename":"2_refresh_traffic_speed.py","lineno":44}
{"timestamp":"2026-04-15T11:48:56.077960Z","level":"info","event":"[LATEST PREP] rows=500 | missing_measurement_rows=0","logger":"lta_common","filename":"lta_common.py","lineno":271}
{"timestamp":"2026-04-15T11:48:56.078289Z","level":"info","event":"[UPSERT START] upserting 500 rows into traffic_speed_latest","logger":"lta_common","filename":"lta_common.py","lineno":348}
{"timestamp":"2026-04-15T11:48:56.078767Z","level":"info","event":"[UPSERT DEBUG] max_link_id=56766 | min_link_id=56206 | max_speed_band=7 | min_speed_band=1 | max_minimum_speed=60 | min_minimum_speed=0 | max_maximum_speed=69 | min_maximum_speed=9","logger":"lta_common","filename":"lta_common.py","lineno":350}
{"timestamp":"2026-04-15T11:48:56.426076Z","level":"info","event":"[UPSERT DONE] upserted=500 rows into traffic_speed_latest","logger":"lta_common","filename":"lta_common.py","lineno":388}
{"timestamp":"2026-04-15T11:48:56.427343Z","level":"info","event":"[SAVE START] inserting 500 rows into traffic_speed_recent","logger":"lta_common","filename":"lta_common.py","lineno":319}
{"timestamp":"2026-04-15T11:48:56.811123Z","level":"info","event":"[SAVE DONE] inserted=500 rows into traffic_speed_recent","logger":"lta_common","filename":"lta_common.py","lineno":337}
{"timestamp":"2026-04-15T11:48:56.811842Z","level":"info","event":"STEP 6: page saved skip=38500 | pages=78 | latest_rows=39000 | recent_rows=39000","logger":"unusual_prefix_faea391ec71b1d4b4651510353e4a48d62001c31_2_refresh_traffic_speed","filename":"2_refresh_traffic_speed.py","lineno":56}
{"timestamp":"2026-04-15T11:48:56.812066Z","level":"info","event":"========== PAGE START ==========","logger":"lta_common","filename":"lta_common.py","lineno":53}
{"timestamp":"2026-04-15T11:48:56.812210Z","level":"info","event":"[FETCH] requesting rows 39000–39499","logger":"lta_common","filename":"lta_common.py","lineno":54}
{"timestamp":"2026-04-15T11:48:56.812382Z","level":"info","event":"Fetching page from LTA: skip=39000","logger":"lta_common","filename":"lta_common.py","lineno":36}
{"timestamp":"2026-04-15T11:48:57.129707Z","level":"info","event":"Retrieved 500 rows from LTA at skip=39000","logger":"lta_common","filename":"lta_common.py","lineno":44}
{"timestamp":"2026-04-15T11:48:57.135557Z","level":"info","event":"[FETCH DONE] retrieved=500 rows at skip=39000","logger":"lta_common","filename":"lta_common.py","lineno":59}
{"timestamp":"2026-04-15T11:48:57.136886Z","level":"info","event":"STEP 4: processing page skip=39000 rows=500","logger":"unusual_prefix_faea391ec71b1d4b4651510353e4a48d62001c31_2_refresh_traffic_speed","filename":"2_refresh_traffic_speed.py","lineno":41}
{"timestamp":"2026-04-15T11:48:57.151466Z","level":"warning","event":"[SANITIZE] link_id=56800 field=maximum_speed suspicious sentinel value=999 -> NULL","logger":"lta_common","filename":"lta_common.py","lineno":143}
{"timestamp":"2026-04-15T11:48:57.151614Z","level":"warning","event":"[SANITIZE] link_id=56801 field=maximum_speed suspicious sentinel value=999 -> NULL","logger":"lta_common","filename":"lta_common.py","lineno":143}
{"timestamp":"2026-04-15T11:48:57.151713Z","level":"warning","event":"[SANITIZE] link_id=56808 field=maximum_speed suspicious sentinel value=999 -> NULL","logger":"lta_common","filename":"lta_common.py","lineno":143}
{"timestamp":"2026-04-15T11:48:57.151821Z","level":"warning","event":"[SANITIZE] link_id=56809 field=maximum_speed suspicious sentinel value=999 -> NULL","logger":"lta_common","filename":"lta_common.py","lineno":143}
{"timestamp":"2026-04-15T11:48:57.151887Z","level":"warning","event":"[SANITIZE] link_id=56810 field=maximum_speed suspicious sentinel value=999 -> NULL","logger":"lta_common","filename":"lta_common.py","lineno":143}
{"timestamp":"2026-04-15T11:48:57.151958Z","level":"warning","event":"[SANITIZE] link_id=56812 field=maximum_speed suspicious sentinel value=999 -> NULL","logger":"lta_common","filename":"lta_common.py","lineno":143}
{"timestamp":"2026-04-15T11:48:57.152039Z","level":"warning","event":"[SANITIZE] link_id=56813 field=maximum_speed suspicious sentinel value=999 -> NULL","logger":"lta_common","filename":"lta_common.py","lineno":143}
{"timestamp":"2026-04-15T11:48:57.152104Z","level":"warning","event":"[SANITIZE] link_id=56814 field=maximum_speed suspicious sentinel value=999 -> NULL","logger":"lta_common","filename":"lta_common.py","lineno":143}
{"timestamp":"2026-04-15T11:48:57.152165Z","level":"warning","event":"[SANITIZE] link_id=56817 field=maximum_speed suspicious sentinel value=999 -> NULL","logger":"lta_common","filename":"lta_common.py","lineno":143}
{"timestamp":"2026-04-15T11:48:57.152237Z","level":"warning","event":"[SANITIZE] link_id=56818 field=maximum_speed suspicious sentinel value=999 -> NULL","logger":"lta_common","filename":"lta_common.py","lineno":143}
{"timestamp":"2026-04-15T11:48:57.152288Z","level":"warning","event":"[SANITIZE] link_id=56819 field=maximum_speed suspicious sentinel value=999 -> NULL","logger":"lta_common","filename":"lta_common.py","lineno":143}
{"timestamp":"2026-04-15T11:48:57.152337Z","level":"warning","event":"[SANITIZE] link_id=56820 field=maximum_speed suspicious sentinel value=999 -> NULL","logger":"lta_common","filename":"lta_common.py","lineno":143}
{"timestamp":"2026-04-15T11:48:57.152396Z","level":"warning","event":"[SANITIZE] link_id=56823 field=maximum_speed suspicious sentinel value=999 -> NULL","logger":"lta_common","filename":"lta_common.py","lineno":143}
{"timestamp":"2026-04-15T11:48:57.152450Z","level":"warning","event":"[SANITIZE] link_id=56825 field=maximum_speed suspicious sentinel value=999 -> NULL","logger":"lta_common","filename":"lta_common.py","lineno":143}
{"timestamp":"2026-04-15T11:48:57.152496Z","level":"warning","event":"[SANITIZE] link_id=56826 field=maximum_speed suspicious sentinel value=999 -> NULL","logger":"lta_common","filename":"lta_common.py","lineno":143}
{"timestamp":"2026-04-15T11:48:57.152543Z","level":"warning","event":"[SANITIZE] link_id=56827 field=maximum_speed suspicious sentinel value=999 -> NULL","logger":"lta_common","filename":"lta_common.py","lineno":143}
{"timestamp":"2026-04-15T11:48:57.152590Z","level":"warning","event":"[SANITIZE] link_id=56828 field=maximum_speed suspicious sentinel value=999 -> NULL","logger":"lta_common","filename":"lta_common.py","lineno":143}
{"timestamp":"2026-04-15T11:48:57.152635Z","level":"warning","event":"[SANITIZE] link_id=56829 field=maximum_speed suspicious sentinel value=999 -> NULL","logger":"lta_common","filename":"lta_common.py","lineno":143}
{"timestamp":"2026-04-15T11:48:57.152731Z","level":"warning","event":"[SANITIZE] link_id=56832 field=maximum_speed suspicious sentinel value=999 -> NULL","logger":"lta_common","filename":"lta_common.py","lineno":143}
{"timestamp":"2026-04-15T11:48:57.152788Z","level":"warning","event":"[SANITIZE] link_id=56833 field=maximum_speed suspicious sentinel value=999 -> NULL","logger":"lta_common","filename":"lta_common.py","lineno":143}
{"timestamp":"2026-04-15T11:48:57.152855Z","level":"warning","event":"[SANITIZE] link_id=56834 field=maximum_speed suspicious sentinel value=999 -> NULL","logger":"lta_common","filename":"lta_common.py","lineno":143}
{"timestamp":"2026-04-15T11:48:57.152914Z","level":"warning","event":"[SANITIZE] link_id=56835 field=maximum_speed suspicious sentinel value=999 -> NULL","logger":"lta_common","filename":"lta_common.py","lineno":143}
{"timestamp":"2026-04-15T11:48:57.152989Z","level":"warning","event":"[SANITIZE] link_id=56836 field=maximum_speed suspicious sentinel value=999 -> NULL","logger":"lta_common","filename":"lta_common.py","lineno":143}
{"timestamp":"2026-04-15T11:48:57.153304Z","level":"warning","event":"[SANITIZE] link_id=56894 field=maximum_speed suspicious sentinel value=999 -> NULL","logger":"lta_common","filename":"lta_common.py","lineno":143}
{"timestamp":"2026-04-15T11:48:57.153384Z","level":"warning","event":"[SANITIZE] link_id=56902 field=maximum_speed suspicious sentinel value=999 -> NULL","logger":"lta_common","filename":"lta_common.py","lineno":143}
{"timestamp":"2026-04-15T11:48:57.153657Z","level":"warning","event":"[SANITIZE] link_id=56952 field=maximum_speed suspicious sentinel value=999 -> NULL","logger":"lta_common","filename":"lta_common.py","lineno":143}
{"timestamp":"2026-04-15T11:48:57.153701Z","level":"warning","event":"[SANITIZE] link_id=56954 field=maximum_speed suspicious sentinel value=999 -> NULL","logger":"lta_common","filename":"lta_common.py","lineno":143}
{"timestamp":"2026-04-15T11:48:57.153768Z","level":"warning","event":"[SANITIZE] link_id=56958 field=maximum_speed suspicious sentinel value=999 -> NULL","logger":"lta_common","filename":"lta_common.py","lineno":143}
{"timestamp":"2026-04-15T11:48:57.153822Z","level":"warning","event":"[SANITIZE] link_id=56962 field=maximum_speed suspicious sentinel value=999 -> NULL","logger":"lta_common","filename":"lta_common.py","lineno":143}
{"timestamp":"2026-04-15T11:48:57.153992Z","level":"warning","event":"[SANITIZE] link_id=56989 field=maximum_speed suspicious sentinel value=999 -> NULL","logger":"lta_common","filename":"lta_common.py","lineno":143}
{"timestamp":"2026-04-15T11:48:57.154074Z","level":"warning","event":"[SANITIZE] link_id=56994 field=maximum_speed suspicious sentinel value=999 -> NULL","logger":"lta_common","filename":"lta_common.py","lineno":143}
{"timestamp":"2026-04-15T11:48:57.154130Z","level":"warning","event":"[SANITIZE] link_id=56997 field=maximum_speed suspicious sentinel value=999 -> NULL","logger":"lta_common","filename":"lta_common.py","lineno":143}
{"timestamp":"2026-04-15T11:48:57.154193Z","level":"warning","event":"[SANITIZE] link_id=57003 field=maximum_speed suspicious sentinel value=999 -> NULL","logger":"lta_common","filename":"lta_common.py","lineno":143}
{"timestamp":"2026-04-15T11:48:57.154232Z","level":"warning","event":"[SANITIZE] link_id=57004 field=maximum_speed suspicious sentinel value=999 -> NULL","logger":"lta_common","filename":"lta_common.py","lineno":143}
{"timestamp":"2026-04-15T11:48:57.154275Z","level":"warning","event":"[SANITIZE] link_id=57006 field=maximum_speed suspicious sentinel value=999 -> NULL","logger":"lta_common","filename":"lta_common.py","lineno":143}
{"timestamp":"2026-04-15T11:48:57.154323Z","level":"warning","event":"[SANITIZE] link_id=57009 field=maximum_speed suspicious sentinel value=999 -> NULL","logger":"lta_common","filename":"lta_common.py","lineno":143}
{"timestamp":"2026-04-15T11:48:57.154362Z","level":"warning","event":"[SANITIZE] link_id=57010 field=maximum_speed suspicious sentinel value=999 -> NULL","logger":"lta_common","filename":"lta_common.py","lineno":143}
{"timestamp":"2026-04-15T11:48:57.154402Z","level":"warning","event":"[SANITIZE] link_id=57011 field=maximum_speed suspicious sentinel value=999 -> NULL","logger":"lta_common","filename":"lta_common.py","lineno":143}
{"timestamp":"2026-04-15T11:48:57.154442Z","level":"warning","event":"[SANITIZE] link_id=57012 field=maximum_speed suspicious sentinel value=999 -> NULL","logger":"lta_common","filename":"lta_common.py","lineno":143}
{"timestamp":"2026-04-15T11:48:57.154480Z","level":"warning","event":"[SANITIZE] link_id=57013 field=maximum_speed suspicious sentinel value=999 -> NULL","logger":"lta_common","filename":"lta_common.py","lineno":143}
{"timestamp":"2026-04-15T11:48:57.154533Z","level":"warning","event":"[SANITIZE] link_id=57017 field=maximum_speed suspicious sentinel value=999 -> NULL","logger":"lta_common","filename":"lta_common.py","lineno":143}
{"timestamp":"2026-04-15T11:48:57.154576Z","level":"warning","event":"[SANITIZE] link_id=57019 field=maximum_speed suspicious sentinel value=999 -> NULL","logger":"lta_common","filename":"lta_common.py","lineno":143}
{"timestamp":"2026-04-15T11:48:57.154615Z","level":"warning","event":"[SANITIZE] link_id=57020 field=maximum_speed suspicious sentinel value=999 -> NULL","logger":"lta_common","filename":"lta_common.py","lineno":143}
{"timestamp":"2026-04-15T11:48:57.154875Z","level":"warning","event":"[SANITIZE] link_id=57065 field=maximum_speed suspicious sentinel value=999 -> NULL","logger":"lta_common","filename":"lta_common.py","lineno":143}
{"timestamp":"2026-04-15T11:48:57.154915Z","level":"warning","event":"[SANITIZE] link_id=57066 field=maximum_speed suspicious sentinel value=999 -> NULL","logger":"lta_common","filename":"lta_common.py","lineno":143}
{"timestamp":"2026-04-15T11:48:57.155008Z","level":"warning","event":"[SANITIZE] link_id=57074 field=maximum_speed suspicious sentinel value=999 -> NULL","logger":"lta_common","filename":"lta_common.py","lineno":143}
{"timestamp":"2026-04-15T11:48:57.155076Z","level":"warning","event":"[SANITIZE] link_id=57080 field=maximum_speed suspicious sentinel value=999 -> NULL","logger":"lta_common","filename":"lta_common.py","lineno":143}
{"timestamp":"2026-04-15T11:48:57.155217Z","level":"warning","event":"[SANITIZE] link_id=57109 field=maximum_speed suspicious sentinel value=999 -> NULL","logger":"lta_common","filename":"lta_common.py","lineno":143}
{"timestamp":"2026-04-15T11:48:57.155257Z","level":"warning","event":"[SANITIZE] link_id=57110 field=maximum_speed suspicious sentinel value=999 -> NULL","logger":"lta_common","filename":"lta_common.py","lineno":143}
{"timestamp":"2026-04-15T11:48:57.156880Z","level":"info","event":"[CLEAN DONE] rows=500 | null_speed_band=0 | null_minimum_speed=0 | null_maximum_speed=49","logger":"lta_common","filename":"lta_common.py","lineno":238}
{"timestamp":"2026-04-15T11:48:57.158349Z","level":"info","event":"STEP 5: built cleaned snapshot dataframe rows=500","logger":"unusual_prefix_faea391ec71b1d4b4651510353e4a48d62001c31_2_refresh_traffic_speed","filename":"2_refresh_traffic_speed.py","lineno":44}
{"timestamp":"2026-04-15T11:48:57.158934Z","level":"info","event":"[LATEST PREP] rows=500 | missing_measurement_rows=0","logger":"lta_common","filename":"lta_common.py","lineno":271}
{"timestamp":"2026-04-15T11:48:57.159350Z","level":"info","event":"[UPSERT START] upserting 500 rows into traffic_speed_latest","logger":"lta_common","filename":"lta_common.py","lineno":348}
{"timestamp":"2026-04-15T11:48:57.159870Z","level":"info","event":"[UPSERT DEBUG] max_link_id=57395 | min_link_id=56767 | max_speed_band=8 | min_speed_band=1 | max_minimum_speed=70 | min_minimum_speed=0 | max_maximum_speed=69.0 | min_maximum_speed=9.0","logger":"lta_common","filename":"lta_common.py","lineno":350}
{"timestamp":"2026-04-15T11:48:57.551407Z","level":"info","event":"[UPSERT DONE] upserted=500 rows into traffic_speed_latest","logger":"lta_common","filename":"lta_common.py","lineno":388}
{"timestamp":"2026-04-15T11:48:57.551932Z","level":"info","event":"[SAVE START] inserting 500 rows into traffic_speed_recent","logger":"lta_common","filename":"lta_common.py","lineno":319}
{"timestamp":"2026-04-15T11:48:57.965777Z","level":"info","event":"[SAVE DONE] inserted=500 rows into traffic_speed_recent","logger":"lta_common","filename":"lta_common.py","lineno":337}
{"timestamp":"2026-04-15T11:48:57.965881Z","level":"info","event":"STEP 6: page saved skip=39000 | pages=79 | latest_rows=39500 | recent_rows=39500","logger":"unusual_prefix_faea391ec71b1d4b4651510353e4a48d62001c31_2_refresh_traffic_speed","filename":"2_refresh_traffic_speed.py","lineno":56}
{"timestamp":"2026-04-15T11:48:57.965910Z","level":"info","event":"========== PAGE START ==========","logger":"lta_common","filename":"lta_common.py","lineno":53}
{"timestamp":"2026-04-15T11:48:57.965931Z","level":"info","event":"[FETCH] requesting rows 39500–39999","logger":"lta_common","filename":"lta_common.py","lineno":54}
{"timestamp":"2026-04-15T11:48:57.965960Z","level":"info","event":"Fetching page from LTA: skip=39500","logger":"lta_common","filename":"lta_common.py","lineno":36}
{"timestamp":"2026-04-15T11:48:58.260169Z","level":"info","event":"Retrieved 500 rows from LTA at skip=39500","logger":"lta_common","filename":"lta_common.py","lineno":44}
{"timestamp":"2026-04-15T11:48:58.261241Z","level":"info","event":"[FETCH DONE] retrieved=500 rows at skip=39500","logger":"lta_common","filename":"lta_common.py","lineno":59}
{"timestamp":"2026-04-15T11:48:58.261452Z","level":"info","event":"STEP 4: processing page skip=39500 rows=500","logger":"unusual_prefix_faea391ec71b1d4b4651510353e4a48d62001c31_2_refresh_traffic_speed","filename":"2_refresh_traffic_speed.py","lineno":41}
{"timestamp":"2026-04-15T11:48:58.267954Z","level":"warning","event":"[SANITIZE] link_id=57748 field=maximum_speed suspicious sentinel value=999 -> NULL","logger":"lta_common","filename":"lta_common.py","lineno":143}
{"timestamp":"2026-04-15T11:48:58.268965Z","level":"info","event":"[CLEAN DONE] rows=500 | null_speed_band=0 | null_minimum_speed=0 | null_maximum_speed=1","logger":"lta_common","filename":"lta_common.py","lineno":238}
{"timestamp":"2026-04-15T11:48:58.269755Z","level":"info","event":"STEP 5: built cleaned snapshot dataframe rows=500","logger":"unusual_prefix_faea391ec71b1d4b4651510353e4a48d62001c31_2_refresh_traffic_speed","filename":"2_refresh_traffic_speed.py","lineno":44}
{"timestamp":"2026-04-15T11:48:58.270049Z","level":"info","event":"[LATEST PREP] rows=500 | missing_measurement_rows=0","logger":"lta_common","filename":"lta_common.py","lineno":271}
{"timestamp":"2026-04-15T11:48:58.270272Z","level":"info","event":"[UPSERT START] upserting 500 rows into traffic_speed_latest","logger":"lta_common","filename":"lta_common.py","lineno":348}
{"timestamp":"2026-04-15T11:48:58.270521Z","level":"info","event":"[UPSERT DEBUG] max_link_id=58130 | min_link_id=57398 | max_speed_band=8 | min_speed_band=1 | max_minimum_speed=70 | min_minimum_speed=0 | max_maximum_speed=69.0 | min_maximum_speed=9.0","logger":"lta_common","filename":"lta_common.py","lineno":350}
{"timestamp":"2026-04-15T11:48:58.681360Z","level":"info","event":"[UPSERT DONE] upserted=500 rows into traffic_speed_latest","logger":"lta_common","filename":"lta_common.py","lineno":388}
{"timestamp":"2026-04-15T11:48:58.681817Z","level":"info","event":"[SAVE START] inserting 500 rows into traffic_speed_recent","logger":"lta_common","filename":"lta_common.py","lineno":319}
{"timestamp":"2026-04-15T11:48:59.053809Z","level":"info","event":"[SAVE DONE] inserted=500 rows into traffic_speed_recent","logger":"lta_common","filename":"lta_common.py","lineno":337}
{"timestamp":"2026-04-15T11:48:59.054050Z","level":"info","event":"STEP 6: page saved skip=39500 | pages=80 | latest_rows=40000 | recent_rows=40000","logger":"unusual_prefix_faea391ec71b1d4b4651510353e4a48d62001c31_2_refresh_traffic_speed","filename":"2_refresh_traffic_speed.py","lineno":56}
{"timestamp":"2026-04-15T11:48:59.054109Z","level":"info","event":"========== PAGE START ==========","logger":"lta_common","filename":"lta_common.py","lineno":53}
{"timestamp":"2026-04-15T11:48:59.054153Z","level":"info","event":"[FETCH] requesting rows 40000–40499","logger":"lta_common","filename":"lta_common.py","lineno":54}
{"timestamp":"2026-04-15T11:48:59.054201Z","level":"info","event":"Fetching page from LTA: skip=40000","logger":"lta_common","filename":"lta_common.py","lineno":36}
{"timestamp":"2026-04-15T11:48:59.323135Z","level":"info","event":"Retrieved 500 rows from LTA at skip=40000","logger":"lta_common","filename":"lta_common.py","lineno":44}
{"timestamp":"2026-04-15T11:48:59.324347Z","level":"info","event":"[FETCH DONE] retrieved=500 rows at skip=40000","logger":"lta_common","filename":"lta_common.py","lineno":59}
{"timestamp":"2026-04-15T11:48:59.324560Z","level":"info","event":"STEP 4: processing page skip=40000 rows=500","logger":"unusual_prefix_faea391ec71b1d4b4651510353e4a48d62001c31_2_refresh_traffic_speed","filename":"2_refresh_traffic_speed.py","lineno":41}
{"timestamp":"2026-04-15T11:48:59.333428Z","level":"info","event":"[CLEAN DONE] rows=500 | null_speed_band=0 | null_minimum_speed=0 | null_maximum_speed=0","logger":"lta_common","filename":"lta_common.py","lineno":238}
{"timestamp":"2026-04-15T11:48:59.334310Z","level":"info","event":"STEP 5: built cleaned snapshot dataframe rows=500","logger":"unusual_prefix_faea391ec71b1d4b4651510353e4a48d62001c31_2_refresh_traffic_speed","filename":"2_refresh_traffic_speed.py","lineno":44}
{"timestamp":"2026-04-15T11:48:59.334644Z","level":"info","event":"[LATEST PREP] rows=500 | missing_measurement_rows=0","logger":"lta_common","filename":"lta_common.py","lineno":271}
{"timestamp":"2026-04-15T11:48:59.334913Z","level":"info","event":"[UPSERT START] upserting 500 rows into traffic_speed_latest","logger":"lta_common","filename":"lta_common.py","lineno":348}
{"timestamp":"2026-04-15T11:48:59.335268Z","level":"info","event":"[UPSERT DEBUG] max_link_id=58878 | min_link_id=58131 | max_speed_band=6 | min_speed_band=1 | max_minimum_speed=50 | min_minimum_speed=0 | max_maximum_speed=59 | min_maximum_speed=9","logger":"lta_common","filename":"lta_common.py","lineno":350}
{"timestamp":"2026-04-15T11:48:59.684099Z","level":"info","event":"[UPSERT DONE] upserted=500 rows into traffic_speed_latest","logger":"lta_common","filename":"lta_common.py","lineno":388}
{"timestamp":"2026-04-15T11:48:59.684597Z","level":"info","event":"[SAVE START] inserting 500 rows into traffic_speed_recent","logger":"lta_common","filename":"lta_common.py","lineno":319}
{"timestamp":"2026-04-15T11:49:01.165588Z","level":"info","event":"[SAVE DONE] inserted=500 rows into traffic_speed_recent","logger":"lta_common","filename":"lta_common.py","lineno":337}
{"timestamp":"2026-04-15T11:49:01.166908Z","level":"info","event":"STEP 6: page saved skip=40000 | pages=81 | latest_rows=40500 | recent_rows=40500","logger":"unusual_prefix_faea391ec71b1d4b4651510353e4a48d62001c31_2_refresh_traffic_speed","filename":"2_refresh_traffic_speed.py","lineno":56}
{"timestamp":"2026-04-15T11:49:01.167190Z","level":"info","event":"========== PAGE START ==========","logger":"lta_common","filename":"lta_common.py","lineno":53}
{"timestamp":"2026-04-15T11:49:01.167308Z","level":"info","event":"[FETCH] requesting rows 40500–40999","logger":"lta_common","filename":"lta_common.py","lineno":54}
{"timestamp":"2026-04-15T11:49:01.167519Z","level":"info","event":"Fetching page from LTA: skip=40500","logger":"lta_common","filename":"lta_common.py","lineno":36}
{"timestamp":"2026-04-15T11:49:01.512380Z","level":"info","event":"Retrieved 500 rows from LTA at skip=40500","logger":"lta_common","filename":"lta_common.py","lineno":44}
{"timestamp":"2026-04-15T11:49:01.515994Z","level":"info","event":"[FETCH DONE] retrieved=500 rows at skip=40500","logger":"lta_common","filename":"lta_common.py","lineno":59}
{"timestamp":"2026-04-15T11:49:01.516332Z","level":"info","event":"STEP 4: processing page skip=40500 rows=500","logger":"unusual_prefix_faea391ec71b1d4b4651510353e4a48d62001c31_2_refresh_traffic_speed","filename":"2_refresh_traffic_speed.py","lineno":41}
{"timestamp":"2026-04-15T11:49:01.529511Z","level":"warning","event":"[SANITIZE] link_id=59068 field=maximum_speed suspicious sentinel value=999 -> NULL","logger":"lta_common","filename":"lta_common.py","lineno":143}
{"timestamp":"2026-04-15T11:49:01.531621Z","level":"info","event":"[CLEAN DONE] rows=500 | null_speed_band=0 | null_minimum_speed=0 | null_maximum_speed=1","logger":"lta_common","filename":"lta_common.py","lineno":238}
{"timestamp":"2026-04-15T11:49:01.532955Z","level":"info","event":"STEP 5: built cleaned snapshot dataframe rows=500","logger":"unusual_prefix_faea391ec71b1d4b4651510353e4a48d62001c31_2_refresh_traffic_speed","filename":"2_refresh_traffic_speed.py","lineno":44}
{"timestamp":"2026-04-15T11:49:01.533511Z","level":"info","event":"[LATEST PREP] rows=500 | missing_measurement_rows=0","logger":"lta_common","filename":"lta_common.py","lineno":271}
{"timestamp":"2026-04-15T11:49:01.533896Z","level":"info","event":"[UPSERT START] upserting 500 rows into traffic_speed_latest","logger":"lta_common","filename":"lta_common.py","lineno":348}
{"timestamp":"2026-04-15T11:49:01.534362Z","level":"info","event":"[UPSERT DEBUG] max_link_id=59567 | min_link_id=58879 | max_speed_band=8 | min_speed_band=1 | max_minimum_speed=70 | min_minimum_speed=0 | max_maximum_speed=59.0 | min_maximum_speed=9.0","logger":"lta_common","filename":"lta_common.py","lineno":350}
{"timestamp":"2026-04-15T11:49:02.016331Z","level":"info","event":"[UPSERT DONE] upserted=500 rows into traffic_speed_latest","logger":"lta_common","filename":"lta_common.py","lineno":388}
{"timestamp":"2026-04-15T11:49:02.018410Z","level":"info","event":"[SAVE START] inserting 500 rows into traffic_speed_recent","logger":"lta_common","filename":"lta_common.py","lineno":319}
{"timestamp":"2026-04-15T11:49:02.479574Z","level":"info","event":"[SAVE DONE] inserted=500 rows into traffic_speed_recent","logger":"lta_common","filename":"lta_common.py","lineno":337}
{"timestamp":"2026-04-15T11:49:02.479801Z","level":"info","event":"STEP 6: page saved skip=40500 | pages=82 | latest_rows=41000 | recent_rows=41000","logger":"unusual_prefix_faea391ec71b1d4b4651510353e4a48d62001c31_2_refresh_traffic_speed","filename":"2_refresh_traffic_speed.py","lineno":56}
{"timestamp":"2026-04-15T11:49:02.479859Z","level":"info","event":"========== PAGE START ==========","logger":"lta_common","filename":"lta_common.py","lineno":53}
{"timestamp":"2026-04-15T11:49:02.479896Z","level":"info","event":"[FETCH] requesting rows 41000–41499","logger":"lta_common","filename":"lta_common.py","lineno":54}
{"timestamp":"2026-04-15T11:49:02.479948Z","level":"info","event":"Fetching page from LTA: skip=41000","logger":"lta_common","filename":"lta_common.py","lineno":36}
{"timestamp":"2026-04-15T11:49:02.791468Z","level":"info","event":"Retrieved 500 rows from LTA at skip=41000","logger":"lta_common","filename":"lta_common.py","lineno":44}
{"timestamp":"2026-04-15T11:49:02.796770Z","level":"info","event":"[FETCH DONE] retrieved=500 rows at skip=41000","logger":"lta_common","filename":"lta_common.py","lineno":59}
{"timestamp":"2026-04-15T11:49:02.797390Z","level":"info","event":"STEP 4: processing page skip=41000 rows=500","logger":"unusual_prefix_faea391ec71b1d4b4651510353e4a48d62001c31_2_refresh_traffic_speed","filename":"2_refresh_traffic_speed.py","lineno":41}
{"timestamp":"2026-04-15T11:49:02.814555Z","level":"warning","event":"[SANITIZE] link_id=59737 field=maximum_speed suspicious sentinel value=999 -> NULL","logger":"lta_common","filename":"lta_common.py","lineno":143}
{"timestamp":"2026-04-15T11:49:02.814709Z","level":"warning","event":"[SANITIZE] link_id=59738 field=maximum_speed suspicious sentinel value=999 -> NULL","logger":"lta_common","filename":"lta_common.py","lineno":143}
{"timestamp":"2026-04-15T11:49:02.814826Z","level":"warning","event":"[SANITIZE] link_id=59747 field=maximum_speed suspicious sentinel value=999 -> NULL","logger":"lta_common","filename":"lta_common.py","lineno":143}
{"timestamp":"2026-04-15T11:49:02.815052Z","level":"warning","event":"[SANITIZE] link_id=59783 field=maximum_speed suspicious sentinel value=999 -> NULL","logger":"lta_common","filename":"lta_common.py","lineno":143}
{"timestamp":"2026-04-15T11:49:02.815107Z","level":"warning","event":"[SANITIZE] link_id=59784 field=maximum_speed suspicious sentinel value=999 -> NULL","logger":"lta_common","filename":"lta_common.py","lineno":143}
{"timestamp":"2026-04-15T11:49:02.815184Z","level":"warning","event":"[SANITIZE] link_id=59785 field=maximum_speed suspicious sentinel value=999 -> NULL","logger":"lta_common","filename":"lta_common.py","lineno":143}
{"timestamp":"2026-04-15T11:49:02.817528Z","level":"info","event":"[CLEAN DONE] rows=500 | null_speed_band=0 | null_minimum_speed=0 | null_maximum_speed=6","logger":"lta_common","filename":"lta_common.py","lineno":238}
{"timestamp":"2026-04-15T11:49:02.819190Z","level":"info","event":"STEP 5: built cleaned snapshot dataframe rows=500","logger":"unusual_prefix_faea391ec71b1d4b4651510353e4a48d62001c31_2_refresh_traffic_speed","filename":"2_refresh_traffic_speed.py","lineno":44}
{"timestamp":"2026-04-15T11:49:02.819831Z","level":"info","event":"[LATEST PREP] rows=500 | missing_measurement_rows=0","logger":"lta_common","filename":"lta_common.py","lineno":271}
{"timestamp":"2026-04-15T11:49:02.820278Z","level":"info","event":"[UPSERT START] upserting 500 rows into traffic_speed_latest","logger":"lta_common","filename":"lta_common.py","lineno":348}
{"timestamp":"2026-04-15T11:49:02.820785Z","level":"info","event":"[UPSERT DEBUG] max_link_id=60275 | min_link_id=59568 | max_speed_band=8 | min_speed_band=1 | max_minimum_speed=70 | min_minimum_speed=0 | max_maximum_speed=69.0 | min_maximum_speed=9.0","logger":"lta_common","filename":"lta_common.py","lineno":350}
{"timestamp":"2026-04-15T11:49:03.296594Z","level":"info","event":"[UPSERT DONE] upserted=500 rows into traffic_speed_latest","logger":"lta_common","filename":"lta_common.py","lineno":388}
{"timestamp":"2026-04-15T11:49:03.298907Z","level":"info","event":"[SAVE START] inserting 500 rows into traffic_speed_recent","logger":"lta_common","filename":"lta_common.py","lineno":319}
{"timestamp":"2026-04-15T11:49:03.759816Z","level":"info","event":"[SAVE DONE] inserted=500 rows into traffic_speed_recent","logger":"lta_common","filename":"lta_common.py","lineno":337}
{"timestamp":"2026-04-15T11:49:03.759929Z","level":"info","event":"STEP 6: page saved skip=41000 | pages=83 | latest_rows=41500 | recent_rows=41500","logger":"unusual_prefix_faea391ec71b1d4b4651510353e4a48d62001c31_2_refresh_traffic_speed","filename":"2_refresh_traffic_speed.py","lineno":56}
{"timestamp":"2026-04-15T11:49:03.759961Z","level":"info","event":"========== PAGE START ==========","logger":"lta_common","filename":"lta_common.py","lineno":53}
{"timestamp":"2026-04-15T11:49:03.759983Z","level":"info","event":"[FETCH] requesting rows 41500–41999","logger":"lta_common","filename":"lta_common.py","lineno":54}
{"timestamp":"2026-04-15T11:49:03.760010Z","level":"info","event":"Fetching page from LTA: skip=41500","logger":"lta_common","filename":"lta_common.py","lineno":36}
{"timestamp":"2026-04-15T11:49:04.042112Z","level":"info","event":"Retrieved 500 rows from LTA at skip=41500","logger":"lta_common","filename":"lta_common.py","lineno":44}
{"timestamp":"2026-04-15T11:49:04.043210Z","level":"info","event":"[FETCH DONE] retrieved=500 rows at skip=41500","logger":"lta_common","filename":"lta_common.py","lineno":59}
{"timestamp":"2026-04-15T11:49:04.043420Z","level":"info","event":"STEP 4: processing page skip=41500 rows=500","logger":"unusual_prefix_faea391ec71b1d4b4651510353e4a48d62001c31_2_refresh_traffic_speed","filename":"2_refresh_traffic_speed.py","lineno":41}
{"timestamp":"2026-04-15T11:49:04.050918Z","level":"info","event":"[CLEAN DONE] rows=500 | null_speed_band=0 | null_minimum_speed=0 | null_maximum_speed=0","logger":"lta_common","filename":"lta_common.py","lineno":238}
{"timestamp":"2026-04-15T11:49:04.051656Z","level":"info","event":"STEP 5: built cleaned snapshot dataframe rows=500","logger":"unusual_prefix_faea391ec71b1d4b4651510353e4a48d62001c31_2_refresh_traffic_speed","filename":"2_refresh_traffic_speed.py","lineno":44}
{"timestamp":"2026-04-15T11:49:04.051962Z","level":"info","event":"[LATEST PREP] rows=500 | missing_measurement_rows=0","logger":"lta_common","filename":"lta_common.py","lineno":271}
{"timestamp":"2026-04-15T11:49:04.052188Z","level":"info","event":"[UPSERT START] upserting 500 rows into traffic_speed_latest","logger":"lta_common","filename":"lta_common.py","lineno":348}
{"timestamp":"2026-04-15T11:49:04.052446Z","level":"info","event":"[UPSERT DEBUG] max_link_id=61502 | min_link_id=60278 | max_speed_band=7 | min_speed_band=1 | max_minimum_speed=60 | min_minimum_speed=0 | max_maximum_speed=69 | min_maximum_speed=9","logger":"lta_common","filename":"lta_common.py","lineno":350}
{"timestamp":"2026-04-15T11:49:04.439392Z","level":"info","event":"[UPSERT DONE] upserted=500 rows into traffic_speed_latest","logger":"lta_common","filename":"lta_common.py","lineno":388}
{"timestamp":"2026-04-15T11:49:04.439854Z","level":"info","event":"[SAVE START] inserting 500 rows into traffic_speed_recent","logger":"lta_common","filename":"lta_common.py","lineno":319}
{"timestamp":"2026-04-15T11:49:04.831261Z","level":"info","event":"[SAVE DONE] inserted=500 rows into traffic_speed_recent","logger":"lta_common","filename":"lta_common.py","lineno":337}
{"timestamp":"2026-04-15T11:49:04.831401Z","level":"info","event":"STEP 6: page saved skip=41500 | pages=84 | latest_rows=42000 | recent_rows=42000","logger":"unusual_prefix_faea391ec71b1d4b4651510353e4a48d62001c31_2_refresh_traffic_speed","filename":"2_refresh_traffic_speed.py","lineno":56}
{"timestamp":"2026-04-15T11:49:04.831450Z","level":"info","event":"========== PAGE START ==========","logger":"lta_common","filename":"lta_common.py","lineno":53}
{"timestamp":"2026-04-15T11:49:04.831487Z","level":"info","event":"[FETCH] requesting rows 42000–42499","logger":"lta_common","filename":"lta_common.py","lineno":54}
{"timestamp":"2026-04-15T11:49:04.831522Z","level":"info","event":"Fetching page from LTA: skip=42000","logger":"lta_common","filename":"lta_common.py","lineno":36}
{"timestamp":"2026-04-15T11:49:05.121115Z","level":"info","event":"Retrieved 500 rows from LTA at skip=42000","logger":"lta_common","filename":"lta_common.py","lineno":44}
{"timestamp":"2026-04-15T11:49:05.122707Z","level":"info","event":"[FETCH DONE] retrieved=500 rows at skip=42000","logger":"lta_common","filename":"lta_common.py","lineno":59}
{"timestamp":"2026-04-15T11:49:05.123008Z","level":"info","event":"STEP 4: processing page skip=42000 rows=500","logger":"unusual_prefix_faea391ec71b1d4b4651510353e4a48d62001c31_2_refresh_traffic_speed","filename":"2_refresh_traffic_speed.py","lineno":41}
{"timestamp":"2026-04-15T11:49:05.131554Z","level":"info","event":"[CLEAN DONE] rows=500 | null_speed_band=0 | null_minimum_speed=0 | null_maximum_speed=0","logger":"lta_common","filename":"lta_common.py","lineno":238}
{"timestamp":"2026-04-15T11:49:05.132577Z","level":"info","event":"STEP 5: built cleaned snapshot dataframe rows=500","logger":"unusual_prefix_faea391ec71b1d4b4651510353e4a48d62001c31_2_refresh_traffic_speed","filename":"2_refresh_traffic_speed.py","lineno":44}
{"timestamp":"2026-04-15T11:49:05.132969Z","level":"info","event":"[LATEST PREP] rows=500 | missing_measurement_rows=0","logger":"lta_common","filename":"lta_common.py","lineno":271}
{"timestamp":"2026-04-15T11:49:05.133230Z","level":"info","event":"[UPSERT START] upserting 500 rows into traffic_speed_latest","logger":"lta_common","filename":"lta_common.py","lineno":348}
{"timestamp":"2026-04-15T11:49:05.133561Z","level":"info","event":"[UPSERT DEBUG] max_link_id=62062 | min_link_id=61504 | max_speed_band=6 | min_speed_band=1 | max_minimum_speed=50 | min_minimum_speed=0 | max_maximum_speed=59 | min_maximum_speed=9","logger":"lta_common","filename":"lta_common.py","lineno":350}
{"timestamp":"2026-04-15T11:49:05.514438Z","level":"info","event":"[UPSERT DONE] upserted=500 rows into traffic_speed_latest","logger":"lta_common","filename":"lta_common.py","lineno":388}
{"timestamp":"2026-04-15T11:49:05.514951Z","level":"info","event":"[SAVE START] inserting 500 rows into traffic_speed_recent","logger":"lta_common","filename":"lta_common.py","lineno":319}
{"timestamp":"2026-04-15T11:49:05.962818Z","level":"info","event":"[SAVE DONE] inserted=500 rows into traffic_speed_recent","logger":"lta_common","filename":"lta_common.py","lineno":337}
{"timestamp":"2026-04-15T11:49:05.962975Z","level":"info","event":"STEP 6: page saved skip=42000 | pages=85 | latest_rows=42500 | recent_rows=42500","logger":"unusual_prefix_faea391ec71b1d4b4651510353e4a48d62001c31_2_refresh_traffic_speed","filename":"2_refresh_traffic_speed.py","lineno":56}
{"timestamp":"2026-04-15T11:49:05.963029Z","level":"info","event":"========== PAGE START ==========","logger":"lta_common","filename":"lta_common.py","lineno":53}
{"timestamp":"2026-04-15T11:49:05.963056Z","level":"info","event":"[FETCH] requesting rows 42500–42999","logger":"lta_common","filename":"lta_common.py","lineno":54}
{"timestamp":"2026-04-15T11:49:05.963091Z","level":"info","event":"Fetching page from LTA: skip=42500","logger":"lta_common","filename":"lta_common.py","lineno":36}
{"timestamp":"2026-04-15T11:49:06.288988Z","level":"info","event":"Retrieved 500 rows from LTA at skip=42500","logger":"lta_common","filename":"lta_common.py","lineno":44}
{"timestamp":"2026-04-15T11:49:06.290707Z","level":"info","event":"[FETCH DONE] retrieved=500 rows at skip=42500","logger":"lta_common","filename":"lta_common.py","lineno":59}
{"timestamp":"2026-04-15T11:49:06.290879Z","level":"info","event":"STEP 4: processing page skip=42500 rows=500","logger":"unusual_prefix_faea391ec71b1d4b4651510353e4a48d62001c31_2_refresh_traffic_speed","filename":"2_refresh_traffic_speed.py","lineno":41}
{"timestamp":"2026-04-15T11:49:06.301469Z","level":"info","event":"[CLEAN DONE] rows=500 | null_speed_band=0 | null_minimum_speed=0 | null_maximum_speed=0","logger":"lta_common","filename":"lta_common.py","lineno":238}
{"timestamp":"2026-04-15T11:49:06.302475Z","level":"info","event":"STEP 5: built cleaned snapshot dataframe rows=500","logger":"unusual_prefix_faea391ec71b1d4b4651510353e4a48d62001c31_2_refresh_traffic_speed","filename":"2_refresh_traffic_speed.py","lineno":44}
{"timestamp":"2026-04-15T11:49:06.302861Z","level":"info","event":"[LATEST PREP] rows=500 | missing_measurement_rows=0","logger":"lta_common","filename":"lta_common.py","lineno":271}
{"timestamp":"2026-04-15T11:49:06.303106Z","level":"info","event":"[UPSERT START] upserting 500 rows into traffic_speed_latest","logger":"lta_common","filename":"lta_common.py","lineno":348}
{"timestamp":"2026-04-15T11:49:06.303421Z","level":"info","event":"[UPSERT DEBUG] max_link_id=62781 | min_link_id=62063 | max_speed_band=6 | min_speed_band=1 | max_minimum_speed=50 | min_minimum_speed=0 | max_maximum_speed=59 | min_maximum_speed=9","logger":"lta_common","filename":"lta_common.py","lineno":350}
{"timestamp":"2026-04-15T11:49:06.788790Z","level":"info","event":"[UPSERT DONE] upserted=500 rows into traffic_speed_latest","logger":"lta_common","filename":"lta_common.py","lineno":388}
{"timestamp":"2026-04-15T11:49:06.789351Z","level":"info","event":"[SAVE START] inserting 500 rows into traffic_speed_recent","logger":"lta_common","filename":"lta_common.py","lineno":319}
{"timestamp":"2026-04-15T11:49:07.243299Z","level":"info","event":"[SAVE DONE] inserted=500 rows into traffic_speed_recent","logger":"lta_common","filename":"lta_common.py","lineno":337}
{"timestamp":"2026-04-15T11:49:07.244100Z","level":"info","event":"STEP 6: page saved skip=42500 | pages=86 | latest_rows=43000 | recent_rows=43000","logger":"unusual_prefix_faea391ec71b1d4b4651510353e4a48d62001c31_2_refresh_traffic_speed","filename":"2_refresh_traffic_speed.py","lineno":56}
{"timestamp":"2026-04-15T11:49:07.244371Z","level":"info","event":"========== PAGE START ==========","logger":"lta_common","filename":"lta_common.py","lineno":53}
{"timestamp":"2026-04-15T11:49:07.244609Z","level":"info","event":"[FETCH] requesting rows 43000–43499","logger":"lta_common","filename":"lta_common.py","lineno":54}
{"timestamp":"2026-04-15T11:49:07.244803Z","level":"info","event":"Fetching page from LTA: skip=43000","logger":"lta_common","filename":"lta_common.py","lineno":36}
{"timestamp":"2026-04-15T11:49:07.529672Z","level":"info","event":"Retrieved 500 rows from LTA at skip=43000","logger":"lta_common","filename":"lta_common.py","lineno":44}
{"timestamp":"2026-04-15T11:49:07.538406Z","level":"info","event":"[FETCH DONE] retrieved=500 rows at skip=43000","logger":"lta_common","filename":"lta_common.py","lineno":59}
{"timestamp":"2026-04-15T11:49:07.539423Z","level":"info","event":"STEP 4: processing page skip=43000 rows=500","logger":"unusual_prefix_faea391ec71b1d4b4651510353e4a48d62001c31_2_refresh_traffic_speed","filename":"2_refresh_traffic_speed.py","lineno":41}
{"timestamp":"2026-04-15T11:49:07.555848Z","level":"info","event":"[CLEAN DONE] rows=500 | null_speed_band=0 | null_minimum_speed=0 | null_maximum_speed=0","logger":"lta_common","filename":"lta_common.py","lineno":238}
{"timestamp":"2026-04-15T11:49:07.557308Z","level":"info","event":"STEP 5: built cleaned snapshot dataframe rows=500","logger":"unusual_prefix_faea391ec71b1d4b4651510353e4a48d62001c31_2_refresh_traffic_speed","filename":"2_refresh_traffic_speed.py","lineno":44}
{"timestamp":"2026-04-15T11:49:07.557949Z","level":"info","event":"[LATEST PREP] rows=500 | missing_measurement_rows=0","logger":"lta_common","filename":"lta_common.py","lineno":271}
{"timestamp":"2026-04-15T11:49:07.558326Z","level":"info","event":"[UPSERT START] upserting 500 rows into traffic_speed_latest","logger":"lta_common","filename":"lta_common.py","lineno":348}
{"timestamp":"2026-04-15T11:49:07.558793Z","level":"info","event":"[UPSERT DEBUG] max_link_id=63424 | min_link_id=62782 | max_speed_band=6 | min_speed_band=1 | max_minimum_speed=50 | min_minimum_speed=0 | max_maximum_speed=59 | min_maximum_speed=9","logger":"lta_common","filename":"lta_common.py","lineno":350}
{"timestamp":"2026-04-15T11:49:08.039310Z","level":"info","event":"[UPSERT DONE] upserted=500 rows into traffic_speed_latest","logger":"lta_common","filename":"lta_common.py","lineno":388}
{"timestamp":"2026-04-15T11:49:08.046838Z","level":"info","event":"[SAVE START] inserting 500 rows into traffic_speed_recent","logger":"lta_common","filename":"lta_common.py","lineno":319}
{"timestamp":"2026-04-15T11:49:08.435222Z","level":"info","event":"[SAVE DONE] inserted=500 rows into traffic_speed_recent","logger":"lta_common","filename":"lta_common.py","lineno":337}
{"timestamp":"2026-04-15T11:49:08.435324Z","level":"info","event":"STEP 6: page saved skip=43000 | pages=87 | latest_rows=43500 | recent_rows=43500","logger":"unusual_prefix_faea391ec71b1d4b4651510353e4a48d62001c31_2_refresh_traffic_speed","filename":"2_refresh_traffic_speed.py","lineno":56}
{"timestamp":"2026-04-15T11:49:08.435354Z","level":"info","event":"========== PAGE START ==========","logger":"lta_common","filename":"lta_common.py","lineno":53}
{"timestamp":"2026-04-15T11:49:08.435376Z","level":"info","event":"[FETCH] requesting rows 43500–43999","logger":"lta_common","filename":"lta_common.py","lineno":54}
{"timestamp":"2026-04-15T11:49:08.435404Z","level":"info","event":"Fetching page from LTA: skip=43500","logger":"lta_common","filename":"lta_common.py","lineno":36}
{"timestamp":"2026-04-15T11:49:08.716445Z","level":"info","event":"Retrieved 500 rows from LTA at skip=43500","logger":"lta_common","filename":"lta_common.py","lineno":44}
{"timestamp":"2026-04-15T11:49:08.717622Z","level":"info","event":"[FETCH DONE] retrieved=500 rows at skip=43500","logger":"lta_common","filename":"lta_common.py","lineno":59}
{"timestamp":"2026-04-15T11:49:08.717714Z","level":"info","event":"STEP 4: processing page skip=43500 rows=500","logger":"unusual_prefix_faea391ec71b1d4b4651510353e4a48d62001c31_2_refresh_traffic_speed","filename":"2_refresh_traffic_speed.py","lineno":41}
{"timestamp":"2026-04-15T11:49:08.725114Z","level":"info","event":"[CLEAN DONE] rows=500 | null_speed_band=0 | null_minimum_speed=0 | null_maximum_speed=0","logger":"lta_common","filename":"lta_common.py","lineno":238}
{"timestamp":"2026-04-15T11:49:08.725814Z","level":"info","event":"STEP 5: built cleaned snapshot dataframe rows=500","logger":"unusual_prefix_faea391ec71b1d4b4651510353e4a48d62001c31_2_refresh_traffic_speed","filename":"2_refresh_traffic_speed.py","lineno":44}
{"timestamp":"2026-04-15T11:49:08.726093Z","level":"info","event":"[LATEST PREP] rows=500 | missing_measurement_rows=0","logger":"lta_common","filename":"lta_common.py","lineno":271}
{"timestamp":"2026-04-15T11:49:08.726316Z","level":"info","event":"[UPSERT START] upserting 500 rows into traffic_speed_latest","logger":"lta_common","filename":"lta_common.py","lineno":348}
{"timestamp":"2026-04-15T11:49:08.726582Z","level":"info","event":"[UPSERT DEBUG] max_link_id=63997 | min_link_id=63425 | max_speed_band=7 | min_speed_band=1 | max_minimum_speed=60 | min_minimum_speed=0 | max_maximum_speed=69 | min_maximum_speed=9","logger":"lta_common","filename":"lta_common.py","lineno":350}
{"timestamp":"2026-04-15T11:49:09.132180Z","level":"info","event":"[UPSERT DONE] upserted=500 rows into traffic_speed_latest","logger":"lta_common","filename":"lta_common.py","lineno":388}
{"timestamp":"2026-04-15T11:49:09.132594Z","level":"info","event":"[SAVE START] inserting 500 rows into traffic_speed_recent","logger":"lta_common","filename":"lta_common.py","lineno":319}
{"timestamp":"2026-04-15T11:49:09.496867Z","level":"info","event":"[SAVE DONE] inserted=500 rows into traffic_speed_recent","logger":"lta_common","filename":"lta_common.py","lineno":337}
{"timestamp":"2026-04-15T11:49:09.496997Z","level":"info","event":"STEP 6: page saved skip=43500 | pages=88 | latest_rows=44000 | recent_rows=44000","logger":"unusual_prefix_faea391ec71b1d4b4651510353e4a48d62001c31_2_refresh_traffic_speed","filename":"2_refresh_traffic_speed.py","lineno":56}
{"timestamp":"2026-04-15T11:49:09.497031Z","level":"info","event":"========== PAGE START ==========","logger":"lta_common","filename":"lta_common.py","lineno":53}
{"timestamp":"2026-04-15T11:49:09.497053Z","level":"info","event":"[FETCH] requesting rows 44000–44499","logger":"lta_common","filename":"lta_common.py","lineno":54}
{"timestamp":"2026-04-15T11:49:09.497085Z","level":"info","event":"Fetching page from LTA: skip=44000","logger":"lta_common","filename":"lta_common.py","lineno":36}
{"timestamp":"2026-04-15T11:49:09.842242Z","level":"info","event":"Retrieved 500 rows from LTA at skip=44000","logger":"lta_common","filename":"lta_common.py","lineno":44}
{"timestamp":"2026-04-15T11:49:09.843999Z","level":"info","event":"[FETCH DONE] retrieved=500 rows at skip=44000","logger":"lta_common","filename":"lta_common.py","lineno":59}
{"timestamp":"2026-04-15T11:49:09.844269Z","level":"info","event":"STEP 4: processing page skip=44000 rows=500","logger":"unusual_prefix_faea391ec71b1d4b4651510353e4a48d62001c31_2_refresh_traffic_speed","filename":"2_refresh_traffic_speed.py","lineno":41}
{"timestamp":"2026-04-15T11:49:09.853418Z","level":"warning","event":"[SANITIZE] link_id=64167 field=maximum_speed suspicious sentinel value=999 -> NULL","logger":"lta_common","filename":"lta_common.py","lineno":143}
{"timestamp":"2026-04-15T11:49:09.855103Z","level":"info","event":"[CLEAN DONE] rows=500 | null_speed_band=0 | null_minimum_speed=0 | null_maximum_speed=1","logger":"lta_common","filename":"lta_common.py","lineno":238}
{"timestamp":"2026-04-15T11:49:09.856048Z","level":"info","event":"STEP 5: built cleaned snapshot dataframe rows=500","logger":"unusual_prefix_faea391ec71b1d4b4651510353e4a48d62001c31_2_refresh_traffic_speed","filename":"2_refresh_traffic_speed.py","lineno":44}
{"timestamp":"2026-04-15T11:49:09.856416Z","level":"info","event":"[LATEST PREP] rows=500 | missing_measurement_rows=0","logger":"lta_common","filename":"lta_common.py","lineno":271}
{"timestamp":"2026-04-15T11:49:09.856731Z","level":"info","event":"[UPSERT START] upserting 500 rows into traffic_speed_latest","logger":"lta_common","filename":"lta_common.py","lineno":348}
{"timestamp":"2026-04-15T11:49:09.857074Z","level":"info","event":"[UPSERT DEBUG] max_link_id=64569 | min_link_id=63998 | max_speed_band=8 | min_speed_band=1 | max_minimum_speed=70 | min_minimum_speed=0 | max_maximum_speed=69.0 | min_maximum_speed=9.0","logger":"lta_common","filename":"lta_common.py","lineno":350}
{"timestamp":"2026-04-15T11:49:10.277825Z","level":"info","event":"[UPSERT DONE] upserted=500 rows into traffic_speed_latest","logger":"lta_common","filename":"lta_common.py","lineno":388}
{"timestamp":"2026-04-15T11:49:10.286796Z","level":"info","event":"[SAVE START] inserting 500 rows into traffic_speed_recent","logger":"lta_common","filename":"lta_common.py","lineno":319}
{"timestamp":"2026-04-15T11:49:10.711291Z","level":"info","event":"[SAVE DONE] inserted=500 rows into traffic_speed_recent","logger":"lta_common","filename":"lta_common.py","lineno":337}
{"timestamp":"2026-04-15T11:49:10.712016Z","level":"info","event":"STEP 6: page saved skip=44000 | pages=89 | latest_rows=44500 | recent_rows=44500","logger":"unusual_prefix_faea391ec71b1d4b4651510353e4a48d62001c31_2_refresh_traffic_speed","filename":"2_refresh_traffic_speed.py","lineno":56}
{"timestamp":"2026-04-15T11:49:10.712207Z","level":"info","event":"========== PAGE START ==========","logger":"lta_common","filename":"lta_common.py","lineno":53}
{"timestamp":"2026-04-15T11:49:10.712285Z","level":"info","event":"[FETCH] requesting rows 44500–44999","logger":"lta_common","filename":"lta_common.py","lineno":54}
{"timestamp":"2026-04-15T11:49:10.712372Z","level":"info","event":"Fetching page from LTA: skip=44500","logger":"lta_common","filename":"lta_common.py","lineno":36}
{"timestamp":"2026-04-15T11:49:10.992334Z","level":"info","event":"Retrieved 500 rows from LTA at skip=44500","logger":"lta_common","filename":"lta_common.py","lineno":44}
{"timestamp":"2026-04-15T11:49:10.998193Z","level":"info","event":"[FETCH DONE] retrieved=500 rows at skip=44500","logger":"lta_common","filename":"lta_common.py","lineno":59}
{"timestamp":"2026-04-15T11:49:10.998982Z","level":"info","event":"STEP 4: processing page skip=44500 rows=500","logger":"unusual_prefix_faea391ec71b1d4b4651510353e4a48d62001c31_2_refresh_traffic_speed","filename":"2_refresh_traffic_speed.py","lineno":41}
{"timestamp":"2026-04-15T11:49:11.020629Z","level":"info","event":"[CLEAN DONE] rows=500 | null_speed_band=0 | null_minimum_speed=0 | null_maximum_speed=0","logger":"lta_common","filename":"lta_common.py","lineno":238}
{"timestamp":"2026-04-15T11:49:11.022388Z","level":"info","event":"STEP 5: built cleaned snapshot dataframe rows=500","logger":"unusual_prefix_faea391ec71b1d4b4651510353e4a48d62001c31_2_refresh_traffic_speed","filename":"2_refresh_traffic_speed.py","lineno":44}
{"timestamp":"2026-04-15T11:49:11.023030Z","level":"info","event":"[LATEST PREP] rows=500 | missing_measurement_rows=0","logger":"lta_common","filename":"lta_common.py","lineno":271}
{"timestamp":"2026-04-15T11:49:11.023435Z","level":"info","event":"[UPSERT START] upserting 500 rows into traffic_speed_latest","logger":"lta_common","filename":"lta_common.py","lineno":348}
{"timestamp":"2026-04-15T11:49:11.023950Z","level":"info","event":"[UPSERT DEBUG] max_link_id=65115 | min_link_id=64573 | max_speed_band=7 | min_speed_band=1 | max_minimum_speed=60 | min_minimum_speed=0 | max_maximum_speed=69 | min_maximum_speed=9","logger":"lta_common","filename":"lta_common.py","lineno":350}
{"timestamp":"2026-04-15T11:49:11.463001Z","level":"info","event":"[UPSERT DONE] upserted=500 rows into traffic_speed_latest","logger":"lta_common","filename":"lta_common.py","lineno":388}
{"timestamp":"2026-04-15T11:49:11.463526Z","level":"info","event":"[SAVE START] inserting 500 rows into traffic_speed_recent","logger":"lta_common","filename":"lta_common.py","lineno":319}
{"timestamp":"2026-04-15T11:49:11.918352Z","level":"info","event":"[SAVE DONE] inserted=500 rows into traffic_speed_recent","logger":"lta_common","filename":"lta_common.py","lineno":337}
{"timestamp":"2026-04-15T11:49:11.918528Z","level":"info","event":"STEP 6: page saved skip=44500 | pages=90 | latest_rows=45000 | recent_rows=45000","logger":"unusual_prefix_faea391ec71b1d4b4651510353e4a48d62001c31_2_refresh_traffic_speed","filename":"2_refresh_traffic_speed.py","lineno":56}
{"timestamp":"2026-04-15T11:49:11.918591Z","level":"info","event":"========== PAGE START ==========","logger":"lta_common","filename":"lta_common.py","lineno":53}
{"timestamp":"2026-04-15T11:49:11.918625Z","level":"info","event":"[FETCH] requesting rows 45000–45499","logger":"lta_common","filename":"lta_common.py","lineno":54}
{"timestamp":"2026-04-15T11:49:11.918678Z","level":"info","event":"Fetching page from LTA: skip=45000","logger":"lta_common","filename":"lta_common.py","lineno":36}
{"timestamp":"2026-04-15T11:49:12.168623Z","level":"info","event":"Retrieved 500 rows from LTA at skip=45000","logger":"lta_common","filename":"lta_common.py","lineno":44}
{"timestamp":"2026-04-15T11:49:12.169961Z","level":"info","event":"[FETCH DONE] retrieved=500 rows at skip=45000","logger":"lta_common","filename":"lta_common.py","lineno":59}
{"timestamp":"2026-04-15T11:49:12.170073Z","level":"info","event":"STEP 4: processing page skip=45000 rows=500","logger":"unusual_prefix_faea391ec71b1d4b4651510353e4a48d62001c31_2_refresh_traffic_speed","filename":"2_refresh_traffic_speed.py","lineno":41}
{"timestamp":"2026-04-15T11:49:12.177250Z","level":"warning","event":"[SANITIZE] link_id=65555 field=maximum_speed suspicious sentinel value=999 -> NULL","logger":"lta_common","filename":"lta_common.py","lineno":143}
{"timestamp":"2026-04-15T11:49:12.177895Z","level":"info","event":"[CLEAN DONE] rows=500 | null_speed_band=0 | null_minimum_speed=0 | null_maximum_speed=1","logger":"lta_common","filename":"lta_common.py","lineno":238}
{"timestamp":"2026-04-15T11:49:12.178685Z","level":"info","event":"STEP 5: built cleaned snapshot dataframe rows=500","logger":"unusual_prefix_faea391ec71b1d4b4651510353e4a48d62001c31_2_refresh_traffic_speed","filename":"2_refresh_traffic_speed.py","lineno":44}
{"timestamp":"2026-04-15T11:49:12.178998Z","level":"info","event":"[LATEST PREP] rows=500 | missing_measurement_rows=0","logger":"lta_common","filename":"lta_common.py","lineno":271}
{"timestamp":"2026-04-15T11:49:12.179226Z","level":"info","event":"[UPSERT START] upserting 500 rows into traffic_speed_latest","logger":"lta_common","filename":"lta_common.py","lineno":348}
{"timestamp":"2026-04-15T11:49:12.179497Z","level":"info","event":"[UPSERT DEBUG] max_link_id=65676 | min_link_id=65116 | max_speed_band=8 | min_speed_band=1 | max_minimum_speed=70 | min_minimum_speed=0 | max_maximum_speed=69.0 | min_maximum_speed=9.0","logger":"lta_common","filename":"lta_common.py","lineno":350}
{"timestamp":"2026-04-15T11:49:12.556956Z","level":"info","event":"[UPSERT DONE] upserted=500 rows into traffic_speed_latest","logger":"lta_common","filename":"lta_common.py","lineno":388}
{"timestamp":"2026-04-15T11:49:12.557408Z","level":"info","event":"[SAVE START] inserting 500 rows into traffic_speed_recent","logger":"lta_common","filename":"lta_common.py","lineno":319}
{"timestamp":"2026-04-15T11:49:12.944358Z","level":"info","event":"[SAVE DONE] inserted=500 rows into traffic_speed_recent","logger":"lta_common","filename":"lta_common.py","lineno":337}
{"timestamp":"2026-04-15T11:49:12.944578Z","level":"info","event":"STEP 6: page saved skip=45000 | pages=91 | latest_rows=45500 | recent_rows=45500","logger":"unusual_prefix_faea391ec71b1d4b4651510353e4a48d62001c31_2_refresh_traffic_speed","filename":"2_refresh_traffic_speed.py","lineno":56}
{"timestamp":"2026-04-15T11:49:12.944634Z","level":"info","event":"========== PAGE START ==========","logger":"lta_common","filename":"lta_common.py","lineno":53}
{"timestamp":"2026-04-15T11:49:12.944662Z","level":"info","event":"[FETCH] requesting rows 45500–45999","logger":"lta_common","filename":"lta_common.py","lineno":54}
{"timestamp":"2026-04-15T11:49:12.944735Z","level":"info","event":"Fetching page from LTA: skip=45500","logger":"lta_common","filename":"lta_common.py","lineno":36}
{"timestamp":"2026-04-15T11:49:13.243797Z","level":"info","event":"Retrieved 500 rows from LTA at skip=45500","logger":"lta_common","filename":"lta_common.py","lineno":44}
{"timestamp":"2026-04-15T11:49:13.245219Z","level":"info","event":"[FETCH DONE] retrieved=500 rows at skip=45500","logger":"lta_common","filename":"lta_common.py","lineno":59}
{"timestamp":"2026-04-15T11:49:13.245440Z","level":"info","event":"STEP 4: processing page skip=45500 rows=500","logger":"unusual_prefix_faea391ec71b1d4b4651510353e4a48d62001c31_2_refresh_traffic_speed","filename":"2_refresh_traffic_speed.py","lineno":41}
{"timestamp":"2026-04-15T11:49:13.253765Z","level":"warning","event":"[SANITIZE] link_id=65966 field=maximum_speed suspicious sentinel value=999 -> NULL","logger":"lta_common","filename":"lta_common.py","lineno":143}
{"timestamp":"2026-04-15T11:49:13.254010Z","level":"warning","event":"[SANITIZE] link_id=65967 field=maximum_speed suspicious sentinel value=999 -> NULL","logger":"lta_common","filename":"lta_common.py","lineno":143}
{"timestamp":"2026-04-15T11:49:13.255382Z","level":"info","event":"[CLEAN DONE] rows=500 | null_speed_band=0 | null_minimum_speed=0 | null_maximum_speed=2","logger":"lta_common","filename":"lta_common.py","lineno":238}
{"timestamp":"2026-04-15T11:49:13.256456Z","level":"info","event":"STEP 5: built cleaned snapshot dataframe rows=500","logger":"unusual_prefix_faea391ec71b1d4b4651510353e4a48d62001c31_2_refresh_traffic_speed","filename":"2_refresh_traffic_speed.py","lineno":44}
{"timestamp":"2026-04-15T11:49:13.256899Z","level":"info","event":"[LATEST PREP] rows=500 | missing_measurement_rows=0","logger":"lta_common","filename":"lta_common.py","lineno":271}
{"timestamp":"2026-04-15T11:49:13.257215Z","level":"info","event":"[UPSERT START] upserting 500 rows into traffic_speed_latest","logger":"lta_common","filename":"lta_common.py","lineno":348}
{"timestamp":"2026-04-15T11:49:13.257547Z","level":"info","event":"[UPSERT DEBUG] max_link_id=66256 | min_link_id=65677 | max_speed_band=8 | min_speed_band=1 | max_minimum_speed=70 | min_minimum_speed=0 | max_maximum_speed=69.0 | min_maximum_speed=9.0","logger":"lta_common","filename":"lta_common.py","lineno":350}
{"timestamp":"2026-04-15T11:49:13.702993Z","level":"info","event":"[UPSERT DONE] upserted=500 rows into traffic_speed_latest","logger":"lta_common","filename":"lta_common.py","lineno":388}
{"timestamp":"2026-04-15T11:49:13.703612Z","level":"info","event":"[SAVE START] inserting 500 rows into traffic_speed_recent","logger":"lta_common","filename":"lta_common.py","lineno":319}
{"timestamp":"2026-04-15T11:49:14.119927Z","level":"info","event":"[SAVE DONE] inserted=500 rows into traffic_speed_recent","logger":"lta_common","filename":"lta_common.py","lineno":337}
{"timestamp":"2026-04-15T11:49:14.120709Z","level":"info","event":"STEP 6: page saved skip=45500 | pages=92 | latest_rows=46000 | recent_rows=46000","logger":"unusual_prefix_faea391ec71b1d4b4651510353e4a48d62001c31_2_refresh_traffic_speed","filename":"2_refresh_traffic_speed.py","lineno":56}
{"timestamp":"2026-04-15T11:49:14.121143Z","level":"info","event":"========== PAGE START ==========","logger":"lta_common","filename":"lta_common.py","lineno":53}
{"timestamp":"2026-04-15T11:49:14.121267Z","level":"info","event":"[FETCH] requesting rows 46000–46499","logger":"lta_common","filename":"lta_common.py","lineno":54}
{"timestamp":"2026-04-15T11:49:14.121476Z","level":"info","event":"Fetching page from LTA: skip=46000","logger":"lta_common","filename":"lta_common.py","lineno":36}
{"timestamp":"2026-04-15T11:49:14.381027Z","level":"info","event":"Retrieved 500 rows from LTA at skip=46000","logger":"lta_common","filename":"lta_common.py","lineno":44}
{"timestamp":"2026-04-15T11:49:14.382816Z","level":"info","event":"[FETCH DONE] retrieved=500 rows at skip=46000","logger":"lta_common","filename":"lta_common.py","lineno":59}
{"timestamp":"2026-04-15T11:49:14.383172Z","level":"info","event":"STEP 4: processing page skip=46000 rows=500","logger":"unusual_prefix_faea391ec71b1d4b4651510353e4a48d62001c31_2_refresh_traffic_speed","filename":"2_refresh_traffic_speed.py","lineno":41}
{"timestamp":"2026-04-15T11:49:14.392161Z","level":"info","event":"[CLEAN DONE] rows=500 | null_speed_band=0 | null_minimum_speed=0 | null_maximum_speed=0","logger":"lta_common","filename":"lta_common.py","lineno":238}
{"timestamp":"2026-04-15T11:49:14.393048Z","level":"info","event":"STEP 5: built cleaned snapshot dataframe rows=500","logger":"unusual_prefix_faea391ec71b1d4b4651510353e4a48d62001c31_2_refresh_traffic_speed","filename":"2_refresh_traffic_speed.py","lineno":44}
{"timestamp":"2026-04-15T11:49:14.393411Z","level":"info","event":"[LATEST PREP] rows=500 | missing_measurement_rows=0","logger":"lta_common","filename":"lta_common.py","lineno":271}
{"timestamp":"2026-04-15T11:49:14.393684Z","level":"info","event":"[UPSERT START] upserting 500 rows into traffic_speed_latest","logger":"lta_common","filename":"lta_common.py","lineno":348}
{"timestamp":"2026-04-15T11:49:14.394004Z","level":"info","event":"[UPSERT DEBUG] max_link_id=66844 | min_link_id=66257 | max_speed_band=7 | min_speed_band=1 | max_minimum_speed=60 | min_minimum_speed=0 | max_maximum_speed=69 | min_maximum_speed=9","logger":"lta_common","filename":"lta_common.py","lineno":350}
{"timestamp":"2026-04-15T11:49:14.737676Z","level":"info","event":"[UPSERT DONE] upserted=500 rows into traffic_speed_latest","logger":"lta_common","filename":"lta_common.py","lineno":388}
{"timestamp":"2026-04-15T11:49:14.739774Z","level":"info","event":"[SAVE START] inserting 500 rows into traffic_speed_recent","logger":"lta_common","filename":"lta_common.py","lineno":319}
{"timestamp":"2026-04-15T11:49:15.143217Z","level":"info","event":"[SAVE DONE] inserted=500 rows into traffic_speed_recent","logger":"lta_common","filename":"lta_common.py","lineno":337}
{"timestamp":"2026-04-15T11:49:15.143418Z","level":"info","event":"STEP 6: page saved skip=46000 | pages=93 | latest_rows=46500 | recent_rows=46500","logger":"unusual_prefix_faea391ec71b1d4b4651510353e4a48d62001c31_2_refresh_traffic_speed","filename":"2_refresh_traffic_speed.py","lineno":56}
{"timestamp":"2026-04-15T11:49:15.143479Z","level":"info","event":"========== PAGE START ==========","logger":"lta_common","filename":"lta_common.py","lineno":53}
{"timestamp":"2026-04-15T11:49:15.143524Z","level":"info","event":"[FETCH] requesting rows 46500–46999","logger":"lta_common","filename":"lta_common.py","lineno":54}
{"timestamp":"2026-04-15T11:49:15.143576Z","level":"info","event":"Fetching page from LTA: skip=46500","logger":"lta_common","filename":"lta_common.py","lineno":36}
{"timestamp":"2026-04-15T11:49:15.436877Z","level":"info","event":"Retrieved 500 rows from LTA at skip=46500","logger":"lta_common","filename":"lta_common.py","lineno":44}
{"timestamp":"2026-04-15T11:49:15.438319Z","level":"info","event":"[FETCH DONE] retrieved=500 rows at skip=46500","logger":"lta_common","filename":"lta_common.py","lineno":59}
{"timestamp":"2026-04-15T11:49:15.438552Z","level":"info","event":"STEP 4: processing page skip=46500 rows=500","logger":"unusual_prefix_faea391ec71b1d4b4651510353e4a48d62001c31_2_refresh_traffic_speed","filename":"2_refresh_traffic_speed.py","lineno":41}
{"timestamp":"2026-04-15T11:49:15.447145Z","level":"info","event":"[CLEAN DONE] rows=500 | null_speed_band=0 | null_minimum_speed=0 | null_maximum_speed=0","logger":"lta_common","filename":"lta_common.py","lineno":238}
{"timestamp":"2026-04-15T11:49:15.448132Z","level":"info","event":"STEP 5: built cleaned snapshot dataframe rows=500","logger":"unusual_prefix_faea391ec71b1d4b4651510353e4a48d62001c31_2_refresh_traffic_speed","filename":"2_refresh_traffic_speed.py","lineno":44}
{"timestamp":"2026-04-15T11:49:15.448603Z","level":"info","event":"[LATEST PREP] rows=500 | missing_measurement_rows=0","logger":"lta_common","filename":"lta_common.py","lineno":271}
{"timestamp":"2026-04-15T11:49:15.448910Z","level":"info","event":"[UPSERT START] upserting 500 rows into traffic_speed_latest","logger":"lta_common","filename":"lta_common.py","lineno":348}
{"timestamp":"2026-04-15T11:49:15.449265Z","level":"info","event":"[UPSERT DEBUG] max_link_id=67377 | min_link_id=66845 | max_speed_band=6 | min_speed_band=1 | max_minimum_speed=50 | min_minimum_speed=0 | max_maximum_speed=59 | min_maximum_speed=9","logger":"lta_common","filename":"lta_common.py","lineno":350}
{"timestamp":"2026-04-15T11:49:15.826623Z","level":"info","event":"[UPSERT DONE] upserted=500 rows into traffic_speed_latest","logger":"lta_common","filename":"lta_common.py","lineno":388}
{"timestamp":"2026-04-15T11:49:15.827394Z","level":"info","event":"[SAVE START] inserting 500 rows into traffic_speed_recent","logger":"lta_common","filename":"lta_common.py","lineno":319}
{"timestamp":"2026-04-15T11:49:16.215564Z","level":"info","event":"[SAVE DONE] inserted=500 rows into traffic_speed_recent","logger":"lta_common","filename":"lta_common.py","lineno":337}
{"timestamp":"2026-04-15T11:49:16.215944Z","level":"info","event":"STEP 6: page saved skip=46500 | pages=94 | latest_rows=47000 | recent_rows=47000","logger":"unusual_prefix_faea391ec71b1d4b4651510353e4a48d62001c31_2_refresh_traffic_speed","filename":"2_refresh_traffic_speed.py","lineno":56}
{"timestamp":"2026-04-15T11:49:16.216035Z","level":"info","event":"========== PAGE START ==========","logger":"lta_common","filename":"lta_common.py","lineno":53}
{"timestamp":"2026-04-15T11:49:16.216090Z","level":"info","event":"[FETCH] requesting rows 47000–47499","logger":"lta_common","filename":"lta_common.py","lineno":54}
{"timestamp":"2026-04-15T11:49:16.216162Z","level":"info","event":"Fetching page from LTA: skip=47000","logger":"lta_common","filename":"lta_common.py","lineno":36}
{"timestamp":"2026-04-15T11:49:16.547035Z","level":"info","event":"Retrieved 500 rows from LTA at skip=47000","logger":"lta_common","filename":"lta_common.py","lineno":44}
{"timestamp":"2026-04-15T11:49:16.552298Z","level":"info","event":"[FETCH DONE] retrieved=500 rows at skip=47000","logger":"lta_common","filename":"lta_common.py","lineno":59}
{"timestamp":"2026-04-15T11:49:16.553281Z","level":"info","event":"STEP 4: processing page skip=47000 rows=500","logger":"unusual_prefix_faea391ec71b1d4b4651510353e4a48d62001c31_2_refresh_traffic_speed","filename":"2_refresh_traffic_speed.py","lineno":41}
{"timestamp":"2026-04-15T11:49:16.571524Z","level":"info","event":"[CLEAN DONE] rows=500 | null_speed_band=0 | null_minimum_speed=0 | null_maximum_speed=0","logger":"lta_common","filename":"lta_common.py","lineno":238}
{"timestamp":"2026-04-15T11:49:16.572623Z","level":"info","event":"STEP 5: built cleaned snapshot dataframe rows=500","logger":"unusual_prefix_faea391ec71b1d4b4651510353e4a48d62001c31_2_refresh_traffic_speed","filename":"2_refresh_traffic_speed.py","lineno":44}
{"timestamp":"2026-04-15T11:49:16.572975Z","level":"info","event":"[LATEST PREP] rows=500 | missing_measurement_rows=0","logger":"lta_common","filename":"lta_common.py","lineno":271}
{"timestamp":"2026-04-15T11:49:16.573211Z","level":"info","event":"[UPSERT START] upserting 500 rows into traffic_speed_latest","logger":"lta_common","filename":"lta_common.py","lineno":348}
{"timestamp":"2026-04-15T11:49:16.573506Z","level":"info","event":"[UPSERT DEBUG] max_link_id=67928 | min_link_id=67378 | max_speed_band=7 | min_speed_band=1 | max_minimum_speed=60 | min_minimum_speed=0 | max_maximum_speed=69 | min_maximum_speed=9","logger":"lta_common","filename":"lta_common.py","lineno":350}
{"timestamp":"2026-04-15T11:49:16.953054Z","level":"info","event":"[UPSERT DONE] upserted=500 rows into traffic_speed_latest","logger":"lta_common","filename":"lta_common.py","lineno":388}
{"timestamp":"2026-04-15T11:49:16.955796Z","level":"info","event":"[SAVE START] inserting 500 rows into traffic_speed_recent","logger":"lta_common","filename":"lta_common.py","lineno":319}
{"timestamp":"2026-04-15T11:49:17.304941Z","level":"info","event":"[SAVE DONE] inserted=500 rows into traffic_speed_recent","logger":"lta_common","filename":"lta_common.py","lineno":337}
{"timestamp":"2026-04-15T11:49:17.305649Z","level":"info","event":"STEP 6: page saved skip=47000 | pages=95 | latest_rows=47500 | recent_rows=47500","logger":"unusual_prefix_faea391ec71b1d4b4651510353e4a48d62001c31_2_refresh_traffic_speed","filename":"2_refresh_traffic_speed.py","lineno":56}
{"timestamp":"2026-04-15T11:49:17.305860Z","level":"info","event":"========== PAGE START ==========","logger":"lta_common","filename":"lta_common.py","lineno":53}
{"timestamp":"2026-04-15T11:49:17.305994Z","level":"info","event":"[FETCH] requesting rows 47500–47999","logger":"lta_common","filename":"lta_common.py","lineno":54}
{"timestamp":"2026-04-15T11:49:17.306194Z","level":"info","event":"Fetching page from LTA: skip=47500","logger":"lta_common","filename":"lta_common.py","lineno":36}
{"timestamp":"2026-04-15T11:49:17.578268Z","level":"info","event":"Retrieved 500 rows from LTA at skip=47500","logger":"lta_common","filename":"lta_common.py","lineno":44}
{"timestamp":"2026-04-15T11:49:17.579487Z","level":"info","event":"[FETCH DONE] retrieved=500 rows at skip=47500","logger":"lta_common","filename":"lta_common.py","lineno":59}
{"timestamp":"2026-04-15T11:49:17.579713Z","level":"info","event":"STEP 4: processing page skip=47500 rows=500","logger":"unusual_prefix_faea391ec71b1d4b4651510353e4a48d62001c31_2_refresh_traffic_speed","filename":"2_refresh_traffic_speed.py","lineno":41}
{"timestamp":"2026-04-15T11:49:17.587764Z","level":"info","event":"[CLEAN DONE] rows=500 | null_speed_band=0 | null_minimum_speed=0 | null_maximum_speed=0","logger":"lta_common","filename":"lta_common.py","lineno":238}
{"timestamp":"2026-04-15T11:49:17.588600Z","level":"info","event":"STEP 5: built cleaned snapshot dataframe rows=500","logger":"unusual_prefix_faea391ec71b1d4b4651510353e4a48d62001c31_2_refresh_traffic_speed","filename":"2_refresh_traffic_speed.py","lineno":44}
{"timestamp":"2026-04-15T11:49:17.588951Z","level":"info","event":"[LATEST PREP] rows=500 | missing_measurement_rows=0","logger":"lta_common","filename":"lta_common.py","lineno":271}
{"timestamp":"2026-04-15T11:49:17.589221Z","level":"info","event":"[UPSERT START] upserting 500 rows into traffic_speed_latest","logger":"lta_common","filename":"lta_common.py","lineno":348}
{"timestamp":"2026-04-15T11:49:17.589528Z","level":"info","event":"[UPSERT DEBUG] max_link_id=68729 | min_link_id=67929 | max_speed_band=6 | min_speed_band=1 | max_minimum_speed=50 | min_minimum_speed=0 | max_maximum_speed=59 | min_maximum_speed=9","logger":"lta_common","filename":"lta_common.py","lineno":350}
{"timestamp":"2026-04-15T11:49:18.010926Z","level":"info","event":"[UPSERT DONE] upserted=500 rows into traffic_speed_latest","logger":"lta_common","filename":"lta_common.py","lineno":388}
{"timestamp":"2026-04-15T11:49:18.011652Z","level":"info","event":"[SAVE START] inserting 500 rows into traffic_speed_recent","logger":"lta_common","filename":"lta_common.py","lineno":319}
{"timestamp":"2026-04-15T11:49:18.406041Z","level":"info","event":"[SAVE DONE] inserted=500 rows into traffic_speed_recent","logger":"lta_common","filename":"lta_common.py","lineno":337}
{"timestamp":"2026-04-15T11:49:18.406153Z","level":"info","event":"STEP 6: page saved skip=47500 | pages=96 | latest_rows=48000 | recent_rows=48000","logger":"unusual_prefix_faea391ec71b1d4b4651510353e4a48d62001c31_2_refresh_traffic_speed","filename":"2_refresh_traffic_speed.py","lineno":56}
{"timestamp":"2026-04-15T11:49:18.406184Z","level":"info","event":"========== PAGE START ==========","logger":"lta_common","filename":"lta_common.py","lineno":53}
{"timestamp":"2026-04-15T11:49:18.406207Z","level":"info","event":"[FETCH] requesting rows 48000–48499","logger":"lta_common","filename":"lta_common.py","lineno":54}
{"timestamp":"2026-04-15T11:49:18.406243Z","level":"info","event":"Fetching page from LTA: skip=48000","logger":"lta_common","filename":"lta_common.py","lineno":36}
{"timestamp":"2026-04-15T11:49:18.672748Z","level":"info","event":"Retrieved 500 rows from LTA at skip=48000","logger":"lta_common","filename":"lta_common.py","lineno":44}
{"timestamp":"2026-04-15T11:49:18.674093Z","level":"info","event":"[FETCH DONE] retrieved=500 rows at skip=48000","logger":"lta_common","filename":"lta_common.py","lineno":59}
{"timestamp":"2026-04-15T11:49:18.674348Z","level":"info","event":"STEP 4: processing page skip=48000 rows=500","logger":"unusual_prefix_faea391ec71b1d4b4651510353e4a48d62001c31_2_refresh_traffic_speed","filename":"2_refresh_traffic_speed.py","lineno":41}
{"timestamp":"2026-04-15T11:49:18.682528Z","level":"info","event":"[CLEAN DONE] rows=500 | null_speed_band=0 | null_minimum_speed=0 | null_maximum_speed=0","logger":"lta_common","filename":"lta_common.py","lineno":238}
{"timestamp":"2026-04-15T11:49:18.683476Z","level":"info","event":"STEP 5: built cleaned snapshot dataframe rows=500","logger":"unusual_prefix_faea391ec71b1d4b4651510353e4a48d62001c31_2_refresh_traffic_speed","filename":"2_refresh_traffic_speed.py","lineno":44}
{"timestamp":"2026-04-15T11:49:18.683838Z","level":"info","event":"[LATEST PREP] rows=500 | missing_measurement_rows=0","logger":"lta_common","filename":"lta_common.py","lineno":271}
{"timestamp":"2026-04-15T11:49:18.684069Z","level":"info","event":"[UPSERT START] upserting 500 rows into traffic_speed_latest","logger":"lta_common","filename":"lta_common.py","lineno":348}
{"timestamp":"2026-04-15T11:49:18.684365Z","level":"info","event":"[UPSERT DEBUG] max_link_id=69348 | min_link_id=68730 | max_speed_band=7 | min_speed_band=1 | max_minimum_speed=60 | min_minimum_speed=0 | max_maximum_speed=69 | min_maximum_speed=9","logger":"lta_common","filename":"lta_common.py","lineno":350}
{"timestamp":"2026-04-15T11:49:19.083044Z","level":"info","event":"[UPSERT DONE] upserted=500 rows into traffic_speed_latest","logger":"lta_common","filename":"lta_common.py","lineno":388}
{"timestamp":"2026-04-15T11:49:19.084624Z","level":"info","event":"[SAVE START] inserting 500 rows into traffic_speed_recent","logger":"lta_common","filename":"lta_common.py","lineno":319}
{"timestamp":"2026-04-15T11:49:19.427981Z","level":"info","event":"[SAVE DONE] inserted=500 rows into traffic_speed_recent","logger":"lta_common","filename":"lta_common.py","lineno":337}
{"timestamp":"2026-04-15T11:49:19.428467Z","level":"info","event":"STEP 6: page saved skip=48000 | pages=97 | latest_rows=48500 | recent_rows=48500","logger":"unusual_prefix_faea391ec71b1d4b4651510353e4a48d62001c31_2_refresh_traffic_speed","filename":"2_refresh_traffic_speed.py","lineno":56}
{"timestamp":"2026-04-15T11:49:19.428724Z","level":"info","event":"========== PAGE START ==========","logger":"lta_common","filename":"lta_common.py","lineno":53}
{"timestamp":"2026-04-15T11:49:19.428901Z","level":"info","event":"[FETCH] requesting rows 48500–48999","logger":"lta_common","filename":"lta_common.py","lineno":54}
{"timestamp":"2026-04-15T11:49:19.428998Z","level":"info","event":"Fetching page from LTA: skip=48500","logger":"lta_common","filename":"lta_common.py","lineno":36}
{"timestamp":"2026-04-15T11:49:19.751029Z","level":"info","event":"Retrieved 500 rows from LTA at skip=48500","logger":"lta_common","filename":"lta_common.py","lineno":44}
{"timestamp":"2026-04-15T11:49:19.755225Z","level":"info","event":"[FETCH DONE] retrieved=500 rows at skip=48500","logger":"lta_common","filename":"lta_common.py","lineno":59}
{"timestamp":"2026-04-15T11:49:19.756111Z","level":"info","event":"STEP 4: processing page skip=48500 rows=500","logger":"unusual_prefix_faea391ec71b1d4b4651510353e4a48d62001c31_2_refresh_traffic_speed","filename":"2_refresh_traffic_speed.py","lineno":41}
{"timestamp":"2026-04-15T11:49:19.771029Z","level":"warning","event":"[SANITIZE] link_id=69637 field=maximum_speed suspicious sentinel value=999 -> NULL","logger":"lta_common","filename":"lta_common.py","lineno":143}
{"timestamp":"2026-04-15T11:49:19.772232Z","level":"warning","event":"[SANITIZE] link_id=70908 field=maximum_speed suspicious sentinel value=999 -> NULL","logger":"lta_common","filename":"lta_common.py","lineno":143}
{"timestamp":"2026-04-15T11:49:19.773288Z","level":"info","event":"[CLEAN DONE] rows=500 | null_speed_band=0 | null_minimum_speed=0 | null_maximum_speed=2","logger":"lta_common","filename":"lta_common.py","lineno":238}
{"timestamp":"2026-04-15T11:49:19.775221Z","level":"info","event":"STEP 5: built cleaned snapshot dataframe rows=500","logger":"unusual_prefix_faea391ec71b1d4b4651510353e4a48d62001c31_2_refresh_traffic_speed","filename":"2_refresh_traffic_speed.py","lineno":44}
{"timestamp":"2026-04-15T11:49:19.776074Z","level":"info","event":"[LATEST PREP] rows=500 | missing_measurement_rows=0","logger":"lta_common","filename":"lta_common.py","lineno":271}
{"timestamp":"2026-04-15T11:49:19.776699Z","level":"info","event":"[UPSERT START] upserting 500 rows into traffic_speed_latest","logger":"lta_common","filename":"lta_common.py","lineno":348}
{"timestamp":"2026-04-15T11:49:19.777356Z","level":"info","event":"[UPSERT DEBUG] max_link_id=72045 | min_link_id=69349 | max_speed_band=8 | min_speed_band=1 | max_minimum_speed=70 | min_minimum_speed=0 | max_maximum_speed=69.0 | min_maximum_speed=9.0","logger":"lta_common","filename":"lta_common.py","lineno":350}
{"timestamp":"2026-04-15T11:49:20.125288Z","level":"info","event":"[UPSERT DONE] upserted=500 rows into traffic_speed_latest","logger":"lta_common","filename":"lta_common.py","lineno":388}
{"timestamp":"2026-04-15T11:49:20.128767Z","level":"info","event":"[SAVE START] inserting 500 rows into traffic_speed_recent","logger":"lta_common","filename":"lta_common.py","lineno":319}
{"timestamp":"2026-04-15T11:49:20.521759Z","level":"info","event":"[SAVE DONE] inserted=500 rows into traffic_speed_recent","logger":"lta_common","filename":"lta_common.py","lineno":337}
{"timestamp":"2026-04-15T11:49:20.522465Z","level":"info","event":"STEP 6: page saved skip=48500 | pages=98 | latest_rows=49000 | recent_rows=49000","logger":"unusual_prefix_faea391ec71b1d4b4651510353e4a48d62001c31_2_refresh_traffic_speed","filename":"2_refresh_traffic_speed.py","lineno":56}
{"timestamp":"2026-04-15T11:49:20.522728Z","level":"info","event":"========== PAGE START ==========","logger":"lta_common","filename":"lta_common.py","lineno":53}
{"timestamp":"2026-04-15T11:49:20.522948Z","level":"info","event":"[FETCH] requesting rows 49000–49499","logger":"lta_common","filename":"lta_common.py","lineno":54}
{"timestamp":"2026-04-15T11:49:20.523171Z","level":"info","event":"Fetching page from LTA: skip=49000","logger":"lta_common","filename":"lta_common.py","lineno":36}
{"timestamp":"2026-04-15T11:49:20.780423Z","level":"info","event":"Retrieved 500 rows from LTA at skip=49000","logger":"lta_common","filename":"lta_common.py","lineno":44}
{"timestamp":"2026-04-15T11:49:20.783215Z","level":"info","event":"[FETCH DONE] retrieved=500 rows at skip=49000","logger":"lta_common","filename":"lta_common.py","lineno":59}
{"timestamp":"2026-04-15T11:49:20.783590Z","level":"info","event":"STEP 4: processing page skip=49000 rows=500","logger":"unusual_prefix_faea391ec71b1d4b4651510353e4a48d62001c31_2_refresh_traffic_speed","filename":"2_refresh_traffic_speed.py","lineno":41}
{"timestamp":"2026-04-15T11:49:20.797064Z","level":"info","event":"[CLEAN DONE] rows=500 | null_speed_band=0 | null_minimum_speed=0 | null_maximum_speed=0","logger":"lta_common","filename":"lta_common.py","lineno":238}
{"timestamp":"2026-04-15T11:49:20.798233Z","level":"info","event":"STEP 5: built cleaned snapshot dataframe rows=500","logger":"unusual_prefix_faea391ec71b1d4b4651510353e4a48d62001c31_2_refresh_traffic_speed","filename":"2_refresh_traffic_speed.py","lineno":44}
{"timestamp":"2026-04-15T11:49:20.798694Z","level":"info","event":"[LATEST PREP] rows=500 | missing_measurement_rows=0","logger":"lta_common","filename":"lta_common.py","lineno":271}
{"timestamp":"2026-04-15T11:49:20.799061Z","level":"info","event":"[UPSERT START] upserting 500 rows into traffic_speed_latest","logger":"lta_common","filename":"lta_common.py","lineno":348}
{"timestamp":"2026-04-15T11:49:20.799522Z","level":"info","event":"[UPSERT DEBUG] max_link_id=72635 | min_link_id=72046 | max_speed_band=7 | min_speed_band=1 | max_minimum_speed=60 | min_minimum_speed=0 | max_maximum_speed=69 | min_maximum_speed=9","logger":"lta_common","filename":"lta_common.py","lineno":350}
{"timestamp":"2026-04-15T11:49:21.185773Z","level":"info","event":"[UPSERT DONE] upserted=500 rows into traffic_speed_latest","logger":"lta_common","filename":"lta_common.py","lineno":388}
{"timestamp":"2026-04-15T11:49:21.187668Z","level":"info","event":"[SAVE START] inserting 500 rows into traffic_speed_recent","logger":"lta_common","filename":"lta_common.py","lineno":319}
{"timestamp":"2026-04-15T11:49:21.582849Z","level":"info","event":"[SAVE DONE] inserted=500 rows into traffic_speed_recent","logger":"lta_common","filename":"lta_common.py","lineno":337}
{"timestamp":"2026-04-15T11:49:21.584561Z","level":"info","event":"STEP 6: page saved skip=49000 | pages=99 | latest_rows=49500 | recent_rows=49500","logger":"unusual_prefix_faea391ec71b1d4b4651510353e4a48d62001c31_2_refresh_traffic_speed","filename":"2_refresh_traffic_speed.py","lineno":56}
{"timestamp":"2026-04-15T11:49:21.584794Z","level":"info","event":"========== PAGE START ==========","logger":"lta_common","filename":"lta_common.py","lineno":53}
{"timestamp":"2026-04-15T11:49:21.584866Z","level":"info","event":"[FETCH] requesting rows 49500–49999","logger":"lta_common","filename":"lta_common.py","lineno":54}
{"timestamp":"2026-04-15T11:49:21.584971Z","level":"info","event":"Fetching page from LTA: skip=49500","logger":"lta_common","filename":"lta_common.py","lineno":36}
{"timestamp":"2026-04-15T11:49:21.918819Z","level":"info","event":"Retrieved 500 rows from LTA at skip=49500","logger":"lta_common","filename":"lta_common.py","lineno":44}
{"timestamp":"2026-04-15T11:49:21.924538Z","level":"info","event":"[FETCH DONE] retrieved=500 rows at skip=49500","logger":"lta_common","filename":"lta_common.py","lineno":59}
{"timestamp":"2026-04-15T11:49:21.925225Z","level":"info","event":"STEP 4: processing page skip=49500 rows=500","logger":"unusual_prefix_faea391ec71b1d4b4651510353e4a48d62001c31_2_refresh_traffic_speed","filename":"2_refresh_traffic_speed.py","lineno":41}
{"timestamp":"2026-04-15T11:49:21.943529Z","level":"warning","event":"[SANITIZE] link_id=73349 field=maximum_speed suspicious sentinel value=999 -> NULL","logger":"lta_common","filename":"lta_common.py","lineno":143}
{"timestamp":"2026-04-15T11:49:21.943698Z","level":"warning","event":"[SANITIZE] link_id=73350 field=maximum_speed suspicious sentinel value=999 -> NULL","logger":"lta_common","filename":"lta_common.py","lineno":143}
{"timestamp":"2026-04-15T11:49:21.943975Z","level":"warning","event":"[SANITIZE] link_id=73419 field=maximum_speed suspicious sentinel value=999 -> NULL","logger":"lta_common","filename":"lta_common.py","lineno":143}
{"timestamp":"2026-04-15T11:49:21.944822Z","level":"info","event":"[CLEAN DONE] rows=500 | null_speed_band=0 | null_minimum_speed=0 | null_maximum_speed=3","logger":"lta_common","filename":"lta_common.py","lineno":238}
{"timestamp":"2026-04-15T11:49:21.946435Z","level":"info","event":"STEP 5: built cleaned snapshot dataframe rows=500","logger":"unusual_prefix_faea391ec71b1d4b4651510353e4a48d62001c31_2_refresh_traffic_speed","filename":"2_refresh_traffic_speed.py","lineno":44}
{"timestamp":"2026-04-15T11:49:21.946981Z","level":"info","event":"[LATEST PREP] rows=500 | missing_measurement_rows=0","logger":"lta_common","filename":"lta_common.py","lineno":271}
{"timestamp":"2026-04-15T11:49:21.947390Z","level":"info","event":"[UPSERT START] upserting 500 rows into traffic_speed_latest","logger":"lta_common","filename":"lta_common.py","lineno":348}
{"timestamp":"2026-04-15T11:49:21.947919Z","level":"info","event":"[UPSERT DEBUG] max_link_id=73423 | min_link_id=72636 | max_speed_band=8 | min_speed_band=1 | max_minimum_speed=70 | min_minimum_speed=0 | max_maximum_speed=69.0 | min_maximum_speed=9.0","logger":"lta_common","filename":"lta_common.py","lineno":350}
{"timestamp":"2026-04-15T11:49:22.318861Z","level":"info","event":"[UPSERT DONE] upserted=500 rows into traffic_speed_latest","logger":"lta_common","filename":"lta_common.py","lineno":388}
{"timestamp":"2026-04-15T11:49:22.319427Z","level":"info","event":"[SAVE START] inserting 500 rows into traffic_speed_recent","logger":"lta_common","filename":"lta_common.py","lineno":319}
{"timestamp":"2026-04-15T11:49:22.682133Z","level":"info","event":"[SAVE DONE] inserted=500 rows into traffic_speed_recent","logger":"lta_common","filename":"lta_common.py","lineno":337}
{"timestamp":"2026-04-15T11:49:22.682244Z","level":"info","event":"STEP 6: page saved skip=49500 | pages=100 | latest_rows=50000 | recent_rows=50000","logger":"unusual_prefix_faea391ec71b1d4b4651510353e4a48d62001c31_2_refresh_traffic_speed","filename":"2_refresh_traffic_speed.py","lineno":56}
{"timestamp":"2026-04-15T11:49:22.682276Z","level":"info","event":"========== PAGE START ==========","logger":"lta_common","filename":"lta_common.py","lineno":53}
{"timestamp":"2026-04-15T11:49:22.682298Z","level":"info","event":"[FETCH] requesting rows 50000–50499","logger":"lta_common","filename":"lta_common.py","lineno":54}
{"timestamp":"2026-04-15T11:49:22.682327Z","level":"info","event":"Fetching page from LTA: skip=50000","logger":"lta_common","filename":"lta_common.py","lineno":36}
{"timestamp":"2026-04-15T11:49:23.028591Z","level":"info","event":"Retrieved 500 rows from LTA at skip=50000","logger":"lta_common","filename":"lta_common.py","lineno":44}
{"timestamp":"2026-04-15T11:49:23.029650Z","level":"info","event":"[FETCH DONE] retrieved=500 rows at skip=50000","logger":"lta_common","filename":"lta_common.py","lineno":59}
{"timestamp":"2026-04-15T11:49:23.029849Z","level":"info","event":"STEP 4: processing page skip=50000 rows=500","logger":"unusual_prefix_faea391ec71b1d4b4651510353e4a48d62001c31_2_refresh_traffic_speed","filename":"2_refresh_traffic_speed.py","lineno":41}
{"timestamp":"2026-04-15T11:49:23.036494Z","level":"warning","event":"[SANITIZE] link_id=73880 field=maximum_speed suspicious sentinel value=999 -> NULL","logger":"lta_common","filename":"lta_common.py","lineno":143}
{"timestamp":"2026-04-15T11:49:23.036553Z","level":"warning","event":"[SANITIZE] link_id=73881 field=maximum_speed suspicious sentinel value=999 -> NULL","logger":"lta_common","filename":"lta_common.py","lineno":143}
{"timestamp":"2026-04-15T11:49:23.036580Z","level":"warning","event":"[SANITIZE] link_id=73882 field=maximum_speed suspicious sentinel value=999 -> NULL","logger":"lta_common","filename":"lta_common.py","lineno":143}
{"timestamp":"2026-04-15T11:49:23.036641Z","level":"warning","event":"[SANITIZE] link_id=73920 field=maximum_speed suspicious sentinel value=999 -> NULL","logger":"lta_common","filename":"lta_common.py","lineno":143}
{"timestamp":"2026-04-15T11:49:23.036671Z","level":"warning","event":"[SANITIZE] link_id=73925 field=maximum_speed suspicious sentinel value=999 -> NULL","logger":"lta_common","filename":"lta_common.py","lineno":143}
{"timestamp":"2026-04-15T11:49:23.036692Z","level":"warning","event":"[SANITIZE] link_id=73926 field=maximum_speed suspicious sentinel value=999 -> NULL","logger":"lta_common","filename":"lta_common.py","lineno":143}
{"timestamp":"2026-04-15T11:49:23.036719Z","level":"warning","event":"[SANITIZE] link_id=73927 field=maximum_speed suspicious sentinel value=999 -> NULL","logger":"lta_common","filename":"lta_common.py","lineno":143}
{"timestamp":"2026-04-15T11:49:23.036747Z","level":"warning","event":"[SANITIZE] link_id=73928 field=maximum_speed suspicious sentinel value=999 -> NULL","logger":"lta_common","filename":"lta_common.py","lineno":143}
{"timestamp":"2026-04-15T11:49:23.036779Z","level":"warning","event":"[SANITIZE] link_id=73943 field=maximum_speed suspicious sentinel value=999 -> NULL","logger":"lta_common","filename":"lta_common.py","lineno":143}
{"timestamp":"2026-04-15T11:49:23.037690Z","level":"info","event":"[CLEAN DONE] rows=500 | null_speed_band=0 | null_minimum_speed=0 | null_maximum_speed=9","logger":"lta_common","filename":"lta_common.py","lineno":238}
{"timestamp":"2026-04-15T11:49:23.038486Z","level":"info","event":"STEP 5: built cleaned snapshot dataframe rows=500","logger":"unusual_prefix_faea391ec71b1d4b4651510353e4a48d62001c31_2_refresh_traffic_speed","filename":"2_refresh_traffic_speed.py","lineno":44}
{"timestamp":"2026-04-15T11:49:23.038796Z","level":"info","event":"[LATEST PREP] rows=500 | missing_measurement_rows=0","logger":"lta_common","filename":"lta_common.py","lineno":271}
{"timestamp":"2026-04-15T11:49:23.039041Z","level":"info","event":"[UPSERT START] upserting 500 rows into traffic_speed_latest","logger":"lta_common","filename":"lta_common.py","lineno":348}
{"timestamp":"2026-04-15T11:49:23.039313Z","level":"info","event":"[UPSERT DEBUG] max_link_id=74384 | min_link_id=73425 | max_speed_band=8 | min_speed_band=1 | max_minimum_speed=70 | min_minimum_speed=0 | max_maximum_speed=69.0 | min_maximum_speed=9.0","logger":"lta_common","filename":"lta_common.py","lineno":350}
{"timestamp":"2026-04-15T11:49:23.435768Z","level":"info","event":"[UPSERT DONE] upserted=500 rows into traffic_speed_latest","logger":"lta_common","filename":"lta_common.py","lineno":388}
{"timestamp":"2026-04-15T11:49:23.436216Z","level":"info","event":"[SAVE START] inserting 500 rows into traffic_speed_recent","logger":"lta_common","filename":"lta_common.py","lineno":319}
{"timestamp":"2026-04-15T11:49:23.785711Z","level":"info","event":"[SAVE DONE] inserted=500 rows into traffic_speed_recent","logger":"lta_common","filename":"lta_common.py","lineno":337}
{"timestamp":"2026-04-15T11:49:23.786207Z","level":"info","event":"STEP 6: page saved skip=50000 | pages=101 | latest_rows=50500 | recent_rows=50500","logger":"unusual_prefix_faea391ec71b1d4b4651510353e4a48d62001c31_2_refresh_traffic_speed","filename":"2_refresh_traffic_speed.py","lineno":56}
{"timestamp":"2026-04-15T11:49:23.786335Z","level":"info","event":"========== PAGE START ==========","logger":"lta_common","filename":"lta_common.py","lineno":53}
{"timestamp":"2026-04-15T11:49:23.786548Z","level":"info","event":"[FETCH] requesting rows 50500–50999","logger":"lta_common","filename":"lta_common.py","lineno":54}
{"timestamp":"2026-04-15T11:49:23.786712Z","level":"info","event":"Fetching page from LTA: skip=50500","logger":"lta_common","filename":"lta_common.py","lineno":36}
{"timestamp":"2026-04-15T11:49:24.095061Z","level":"info","event":"Retrieved 500 rows from LTA at skip=50500","logger":"lta_common","filename":"lta_common.py","lineno":44}
{"timestamp":"2026-04-15T11:49:24.097128Z","level":"info","event":"[FETCH DONE] retrieved=500 rows at skip=50500","logger":"lta_common","filename":"lta_common.py","lineno":59}
{"timestamp":"2026-04-15T11:49:24.097323Z","level":"info","event":"STEP 4: processing page skip=50500 rows=500","logger":"unusual_prefix_faea391ec71b1d4b4651510353e4a48d62001c31_2_refresh_traffic_speed","filename":"2_refresh_traffic_speed.py","lineno":41}
{"timestamp":"2026-04-15T11:49:24.107941Z","level":"warning","event":"[SANITIZE] link_id=74589 field=maximum_speed suspicious sentinel value=999 -> NULL","logger":"lta_common","filename":"lta_common.py","lineno":143}
{"timestamp":"2026-04-15T11:49:24.109815Z","level":"info","event":"[CLEAN DONE] rows=500 | null_speed_band=0 | null_minimum_speed=0 | null_maximum_speed=1","logger":"lta_common","filename":"lta_common.py","lineno":238}
{"timestamp":"2026-04-15T11:49:24.110971Z","level":"info","event":"STEP 5: built cleaned snapshot dataframe rows=500","logger":"unusual_prefix_faea391ec71b1d4b4651510353e4a48d62001c31_2_refresh_traffic_speed","filename":"2_refresh_traffic_speed.py","lineno":44}
{"timestamp":"2026-04-15T11:49:24.111423Z","level":"info","event":"[LATEST PREP] rows=500 | missing_measurement_rows=0","logger":"lta_common","filename":"lta_common.py","lineno":271}
{"timestamp":"2026-04-15T11:49:24.111785Z","level":"info","event":"[UPSERT START] upserting 500 rows into traffic_speed_latest","logger":"lta_common","filename":"lta_common.py","lineno":348}
{"timestamp":"2026-04-15T11:49:24.112211Z","level":"info","event":"[UPSERT DEBUG] max_link_id=75195 | min_link_id=74385 | max_speed_band=8 | min_speed_band=1 | max_minimum_speed=70 | min_minimum_speed=0 | max_maximum_speed=69.0 | min_maximum_speed=9.0","logger":"lta_common","filename":"lta_common.py","lineno":350}
{"timestamp":"2026-04-15T11:49:24.493201Z","level":"info","event":"[UPSERT DONE] upserted=500 rows into traffic_speed_latest","logger":"lta_common","filename":"lta_common.py","lineno":388}
{"timestamp":"2026-04-15T11:49:24.495552Z","level":"info","event":"[SAVE START] inserting 500 rows into traffic_speed_recent","logger":"lta_common","filename":"lta_common.py","lineno":319}
{"timestamp":"2026-04-15T11:49:24.911884Z","level":"info","event":"[SAVE DONE] inserted=500 rows into traffic_speed_recent","logger":"lta_common","filename":"lta_common.py","lineno":337}
{"timestamp":"2026-04-15T11:49:24.911991Z","level":"info","event":"STEP 6: page saved skip=50500 | pages=102 | latest_rows=51000 | recent_rows=51000","logger":"unusual_prefix_faea391ec71b1d4b4651510353e4a48d62001c31_2_refresh_traffic_speed","filename":"2_refresh_traffic_speed.py","lineno":56}
{"timestamp":"2026-04-15T11:49:24.912024Z","level":"info","event":"========== PAGE START ==========","logger":"lta_common","filename":"lta_common.py","lineno":53}
{"timestamp":"2026-04-15T11:49:24.912047Z","level":"info","event":"[FETCH] requesting rows 51000–51499","logger":"lta_common","filename":"lta_common.py","lineno":54}
{"timestamp":"2026-04-15T11:49:24.912076Z","level":"info","event":"Fetching page from LTA: skip=51000","logger":"lta_common","filename":"lta_common.py","lineno":36}
{"timestamp":"2026-04-15T11:49:25.232722Z","level":"info","event":"Retrieved 500 rows from LTA at skip=51000","logger":"lta_common","filename":"lta_common.py","lineno":44}
{"timestamp":"2026-04-15T11:49:25.234112Z","level":"info","event":"[FETCH DONE] retrieved=500 rows at skip=51000","logger":"lta_common","filename":"lta_common.py","lineno":59}
{"timestamp":"2026-04-15T11:49:25.234326Z","level":"info","event":"STEP 4: processing page skip=51000 rows=500","logger":"unusual_prefix_faea391ec71b1d4b4651510353e4a48d62001c31_2_refresh_traffic_speed","filename":"2_refresh_traffic_speed.py","lineno":41}
{"timestamp":"2026-04-15T11:49:25.241755Z","level":"info","event":"[CLEAN DONE] rows=500 | null_speed_band=0 | null_minimum_speed=0 | null_maximum_speed=0","logger":"lta_common","filename":"lta_common.py","lineno":238}
{"timestamp":"2026-04-15T11:49:25.242458Z","level":"info","event":"STEP 5: built cleaned snapshot dataframe rows=500","logger":"unusual_prefix_faea391ec71b1d4b4651510353e4a48d62001c31_2_refresh_traffic_speed","filename":"2_refresh_traffic_speed.py","lineno":44}
{"timestamp":"2026-04-15T11:49:25.242735Z","level":"info","event":"[LATEST PREP] rows=500 | missing_measurement_rows=0","logger":"lta_common","filename":"lta_common.py","lineno":271}
{"timestamp":"2026-04-15T11:49:25.242965Z","level":"info","event":"[UPSERT START] upserting 500 rows into traffic_speed_latest","logger":"lta_common","filename":"lta_common.py","lineno":348}
{"timestamp":"2026-04-15T11:49:25.243233Z","level":"info","event":"[UPSERT DEBUG] max_link_id=76110 | min_link_id=75197 | max_speed_band=7 | min_speed_band=1 | max_minimum_speed=60 | min_minimum_speed=0 | max_maximum_speed=69 | min_maximum_speed=9","logger":"lta_common","filename":"lta_common.py","lineno":350}
{"timestamp":"2026-04-15T11:49:25.598612Z","level":"info","event":"[UPSERT DONE] upserted=500 rows into traffic_speed_latest","logger":"lta_common","filename":"lta_common.py","lineno":388}
{"timestamp":"2026-04-15T11:49:25.599138Z","level":"info","event":"[SAVE START] inserting 500 rows into traffic_speed_recent","logger":"lta_common","filename":"lta_common.py","lineno":319}
{"timestamp":"2026-04-15T11:49:25.960632Z","level":"info","event":"[SAVE DONE] inserted=500 rows into traffic_speed_recent","logger":"lta_common","filename":"lta_common.py","lineno":337}
{"timestamp":"2026-04-15T11:49:25.961210Z","level":"info","event":"STEP 6: page saved skip=51000 | pages=103 | latest_rows=51500 | recent_rows=51500","logger":"unusual_prefix_faea391ec71b1d4b4651510353e4a48d62001c31_2_refresh_traffic_speed","filename":"2_refresh_traffic_speed.py","lineno":56}
{"timestamp":"2026-04-15T11:49:25.961433Z","level":"info","event":"========== PAGE START ==========","logger":"lta_common","filename":"lta_common.py","lineno":53}
{"timestamp":"2026-04-15T11:49:25.961750Z","level":"info","event":"[FETCH] requesting rows 51500–51999","logger":"lta_common","filename":"lta_common.py","lineno":54}
{"timestamp":"2026-04-15T11:49:25.961941Z","level":"info","event":"Fetching page from LTA: skip=51500","logger":"lta_common","filename":"lta_common.py","lineno":36}
{"timestamp":"2026-04-15T11:49:26.294260Z","level":"info","event":"Retrieved 500 rows from LTA at skip=51500","logger":"lta_common","filename":"lta_common.py","lineno":44}
{"timestamp":"2026-04-15T11:49:26.298456Z","level":"info","event":"[FETCH DONE] retrieved=500 rows at skip=51500","logger":"lta_common","filename":"lta_common.py","lineno":59}
{"timestamp":"2026-04-15T11:49:26.299444Z","level":"info","event":"STEP 4: processing page skip=51500 rows=500","logger":"unusual_prefix_faea391ec71b1d4b4651510353e4a48d62001c31_2_refresh_traffic_speed","filename":"2_refresh_traffic_speed.py","lineno":41}
{"timestamp":"2026-04-15T11:49:26.318056Z","level":"info","event":"[CLEAN DONE] rows=500 | null_speed_band=0 | null_minimum_speed=1 | null_maximum_speed=1","logger":"lta_common","filename":"lta_common.py","lineno":238}
{"timestamp":"2026-04-15T11:49:26.319442Z","level":"info","event":"STEP 5: built cleaned snapshot dataframe rows=500","logger":"unusual_prefix_faea391ec71b1d4b4651510353e4a48d62001c31_2_refresh_traffic_speed","filename":"2_refresh_traffic_speed.py","lineno":44}
{"timestamp":"2026-04-15T11:49:26.320099Z","level":"info","event":"[LATEST PREP] rows=500 | missing_measurement_rows=1","logger":"lta_common","filename":"lta_common.py","lineno":271}
{"timestamp":"2026-04-15T11:49:26.320786Z","level":"info","event":"[UPSERT START] upserting 500 rows into traffic_speed_latest","logger":"lta_common","filename":"lta_common.py","lineno":348}
{"timestamp":"2026-04-15T11:49:26.321529Z","level":"info","event":"[UPSERT DEBUG] max_link_id=76845 | min_link_id=76112 | max_speed_band=7 | min_speed_band=1 | max_minimum_speed=60.0 | min_minimum_speed=0.0 | max_maximum_speed=69.0 | min_maximum_speed=9.0","logger":"lta_common","filename":"lta_common.py","lineno":350}
{"timestamp":"2026-04-15T11:49:26.787151Z","level":"info","event":"[UPSERT DONE] upserted=500 rows into traffic_speed_latest","logger":"lta_common","filename":"lta_common.py","lineno":388}
{"timestamp":"2026-04-15T11:49:26.787592Z","level":"info","event":"[SAVE START] inserting 500 rows into traffic_speed_recent","logger":"lta_common","filename":"lta_common.py","lineno":319}
{"timestamp":"2026-04-15T11:49:27.210861Z","level":"info","event":"[SAVE DONE] inserted=500 rows into traffic_speed_recent","logger":"lta_common","filename":"lta_common.py","lineno":337}
{"timestamp":"2026-04-15T11:49:27.211000Z","level":"info","event":"STEP 6: page saved skip=51500 | pages=104 | latest_rows=52000 | recent_rows=52000","logger":"unusual_prefix_faea391ec71b1d4b4651510353e4a48d62001c31_2_refresh_traffic_speed","filename":"2_refresh_traffic_speed.py","lineno":56}
{"timestamp":"2026-04-15T11:49:27.211031Z","level":"info","event":"========== PAGE START ==========","logger":"lta_common","filename":"lta_common.py","lineno":53}
{"timestamp":"2026-04-15T11:49:27.211052Z","level":"info","event":"[FETCH] requesting rows 52000–52499","logger":"lta_common","filename":"lta_common.py","lineno":54}
{"timestamp":"2026-04-15T11:49:27.211082Z","level":"info","event":"Fetching page from LTA: skip=52000","logger":"lta_common","filename":"lta_common.py","lineno":36}
{"timestamp":"2026-04-15T11:49:27.476483Z","level":"info","event":"Retrieved 500 rows from LTA at skip=52000","logger":"lta_common","filename":"lta_common.py","lineno":44}
{"timestamp":"2026-04-15T11:49:27.478314Z","level":"info","event":"[FETCH DONE] retrieved=500 rows at skip=52000","logger":"lta_common","filename":"lta_common.py","lineno":59}
{"timestamp":"2026-04-15T11:49:27.478480Z","level":"info","event":"STEP 4: processing page skip=52000 rows=500","logger":"unusual_prefix_faea391ec71b1d4b4651510353e4a48d62001c31_2_refresh_traffic_speed","filename":"2_refresh_traffic_speed.py","lineno":41}
{"timestamp":"2026-04-15T11:49:27.488754Z","level":"warning","event":"[SANITIZE] link_id=77053 field=maximum_speed suspicious sentinel value=999 -> NULL","logger":"lta_common","filename":"lta_common.py","lineno":143}
{"timestamp":"2026-04-15T11:49:27.491049Z","level":"warning","event":"[SANITIZE] link_id=77456 field=maximum_speed suspicious sentinel value=999 -> NULL","logger":"lta_common","filename":"lta_common.py","lineno":143}
{"timestamp":"2026-04-15T11:49:27.492666Z","level":"info","event":"[CLEAN DONE] rows=500 | null_speed_band=0 | null_minimum_speed=0 | null_maximum_speed=2","logger":"lta_common","filename":"lta_common.py","lineno":238}
{"timestamp":"2026-04-15T11:49:27.494659Z","level":"info","event":"STEP 5: built cleaned snapshot dataframe rows=500","logger":"unusual_prefix_faea391ec71b1d4b4651510353e4a48d62001c31_2_refresh_traffic_speed","filename":"2_refresh_traffic_speed.py","lineno":44}
{"timestamp":"2026-04-15T11:49:27.495195Z","level":"info","event":"[LATEST PREP] rows=500 | missing_measurement_rows=0","logger":"lta_common","filename":"lta_common.py","lineno":271}
{"timestamp":"2026-04-15T11:49:27.495496Z","level":"info","event":"[UPSERT START] upserting 500 rows into traffic_speed_latest","logger":"lta_common","filename":"lta_common.py","lineno":348}
{"timestamp":"2026-04-15T11:49:27.496215Z","level":"info","event":"[UPSERT DEBUG] max_link_id=77518 | min_link_id=76846 | max_speed_band=8 | min_speed_band=1 | max_minimum_speed=70 | min_minimum_speed=0 | max_maximum_speed=69.0 | min_maximum_speed=9.0","logger":"lta_common","filename":"lta_common.py","lineno":350}
{"timestamp":"2026-04-15T11:49:27.875053Z","level":"info","event":"[UPSERT DONE] upserted=500 rows into traffic_speed_latest","logger":"lta_common","filename":"lta_common.py","lineno":388}
{"timestamp":"2026-04-15T11:49:27.875563Z","level":"info","event":"[SAVE START] inserting 500 rows into traffic_speed_recent","logger":"lta_common","filename":"lta_common.py","lineno":319}
{"timestamp":"2026-04-15T11:49:28.346284Z","level":"info","event":"[SAVE DONE] inserted=500 rows into traffic_speed_recent","logger":"lta_common","filename":"lta_common.py","lineno":337}
{"timestamp":"2026-04-15T11:49:28.347049Z","level":"info","event":"STEP 6: page saved skip=52000 | pages=105 | latest_rows=52500 | recent_rows=52500","logger":"unusual_prefix_faea391ec71b1d4b4651510353e4a48d62001c31_2_refresh_traffic_speed","filename":"2_refresh_traffic_speed.py","lineno":56}
{"timestamp":"2026-04-15T11:49:28.348919Z","level":"info","event":"========== PAGE START ==========","logger":"lta_common","filename":"lta_common.py","lineno":53}
{"timestamp":"2026-04-15T11:49:28.349126Z","level":"info","event":"[FETCH] requesting rows 52500–52999","logger":"lta_common","filename":"lta_common.py","lineno":54}
{"timestamp":"2026-04-15T11:49:28.349264Z","level":"info","event":"Fetching page from LTA: skip=52500","logger":"lta_common","filename":"lta_common.py","lineno":36}
{"timestamp":"2026-04-15T11:49:28.679453Z","level":"info","event":"Retrieved 500 rows from LTA at skip=52500","logger":"lta_common","filename":"lta_common.py","lineno":44}
{"timestamp":"2026-04-15T11:49:28.684056Z","level":"info","event":"[FETCH DONE] retrieved=500 rows at skip=52500","logger":"lta_common","filename":"lta_common.py","lineno":59}
{"timestamp":"2026-04-15T11:49:28.684558Z","level":"info","event":"STEP 4: processing page skip=52500 rows=500","logger":"unusual_prefix_faea391ec71b1d4b4651510353e4a48d62001c31_2_refresh_traffic_speed","filename":"2_refresh_traffic_speed.py","lineno":41}
{"timestamp":"2026-04-15T11:49:28.695788Z","level":"warning","event":"[SANITIZE] link_id=77579 field=maximum_speed suspicious sentinel value=999 -> NULL","logger":"lta_common","filename":"lta_common.py","lineno":143}
{"timestamp":"2026-04-15T11:49:28.696820Z","level":"warning","event":"[SANITIZE] link_id=78070 field=maximum_speed suspicious sentinel value=999 -> NULL","logger":"lta_common","filename":"lta_common.py","lineno":143}
{"timestamp":"2026-04-15T11:49:28.697502Z","level":"info","event":"[CLEAN DONE] rows=500 | null_speed_band=0 | null_minimum_speed=1 | null_maximum_speed=3","logger":"lta_common","filename":"lta_common.py","lineno":238}
{"timestamp":"2026-04-15T11:49:28.698492Z","level":"info","event":"STEP 5: built cleaned snapshot dataframe rows=500","logger":"unusual_prefix_faea391ec71b1d4b4651510353e4a48d62001c31_2_refresh_traffic_speed","filename":"2_refresh_traffic_speed.py","lineno":44}
{"timestamp":"2026-04-15T11:49:28.698853Z","level":"info","event":"[LATEST PREP] rows=500 | missing_measurement_rows=1","logger":"lta_common","filename":"lta_common.py","lineno":271}
{"timestamp":"2026-04-15T11:49:28.699091Z","level":"info","event":"[UPSERT START] upserting 500 rows into traffic_speed_latest","logger":"lta_common","filename":"lta_common.py","lineno":348}
{"timestamp":"2026-04-15T11:49:28.699407Z","level":"info","event":"[UPSERT DEBUG] max_link_id=78195 | min_link_id=77520 | max_speed_band=8 | min_speed_band=1 | max_minimum_speed=70.0 | min_minimum_speed=0.0 | max_maximum_speed=69.0 | min_maximum_speed=9.0","logger":"lta_common","filename":"lta_common.py","lineno":350}
{"timestamp":"2026-04-15T11:49:29.150318Z","level":"info","event":"[UPSERT DONE] upserted=500 rows into traffic_speed_latest","logger":"lta_common","filename":"lta_common.py","lineno":388}
{"timestamp":"2026-04-15T11:49:29.153821Z","level":"info","event":"[SAVE START] inserting 500 rows into traffic_speed_recent","logger":"lta_common","filename":"lta_common.py","lineno":319}
{"timestamp":"2026-04-15T11:49:29.647070Z","level":"info","event":"[SAVE DONE] inserted=500 rows into traffic_speed_recent","logger":"lta_common","filename":"lta_common.py","lineno":337}
{"timestamp":"2026-04-15T11:49:29.647902Z","level":"info","event":"STEP 6: page saved skip=52500 | pages=106 | latest_rows=53000 | recent_rows=53000","logger":"unusual_prefix_faea391ec71b1d4b4651510353e4a48d62001c31_2_refresh_traffic_speed","filename":"2_refresh_traffic_speed.py","lineno":56}
{"timestamp":"2026-04-15T11:49:29.648219Z","level":"info","event":"========== PAGE START ==========","logger":"lta_common","filename":"lta_common.py","lineno":53}
{"timestamp":"2026-04-15T11:49:29.648449Z","level":"info","event":"[FETCH] requesting rows 53000–53499","logger":"lta_common","filename":"lta_common.py","lineno":54}
{"timestamp":"2026-04-15T11:49:29.648669Z","level":"info","event":"Fetching page from LTA: skip=53000","logger":"lta_common","filename":"lta_common.py","lineno":36}
{"timestamp":"2026-04-15T11:49:29.943662Z","level":"info","event":"Retrieved 500 rows from LTA at skip=53000","logger":"lta_common","filename":"lta_common.py","lineno":44}
{"timestamp":"2026-04-15T11:49:29.947826Z","level":"info","event":"[FETCH DONE] retrieved=500 rows at skip=53000","logger":"lta_common","filename":"lta_common.py","lineno":59}
{"timestamp":"2026-04-15T11:49:29.949859Z","level":"info","event":"STEP 4: processing page skip=53000 rows=500","logger":"unusual_prefix_faea391ec71b1d4b4651510353e4a48d62001c31_2_refresh_traffic_speed","filename":"2_refresh_traffic_speed.py","lineno":41}
{"timestamp":"2026-04-15T11:49:29.996625Z","level":"warning","event":"[SANITIZE] link_id=78564 field=maximum_speed suspicious sentinel value=999 -> NULL","logger":"lta_common","filename":"lta_common.py","lineno":143}
{"timestamp":"2026-04-15T11:49:29.997452Z","level":"warning","event":"[SANITIZE] link_id=78656 field=maximum_speed suspicious sentinel value=999 -> NULL","logger":"lta_common","filename":"lta_common.py","lineno":143}
{"timestamp":"2026-04-15T11:49:29.998602Z","level":"warning","event":"[SANITIZE] link_id=78836 field=maximum_speed suspicious sentinel value=999 -> NULL","logger":"lta_common","filename":"lta_common.py","lineno":143}
{"timestamp":"2026-04-15T11:49:30.006336Z","level":"info","event":"[CLEAN DONE] rows=500 | null_speed_band=0 | null_minimum_speed=0 | null_maximum_speed=3","logger":"lta_common","filename":"lta_common.py","lineno":238}
{"timestamp":"2026-04-15T11:49:30.024502Z","level":"info","event":"STEP 5: built cleaned snapshot dataframe rows=500","logger":"unusual_prefix_faea391ec71b1d4b4651510353e4a48d62001c31_2_refresh_traffic_speed","filename":"2_refresh_traffic_speed.py","lineno":44}
{"timestamp":"2026-04-15T11:49:30.025242Z","level":"info","event":"[LATEST PREP] rows=500 | missing_measurement_rows=0","logger":"lta_common","filename":"lta_common.py","lineno":271}
{"timestamp":"2026-04-15T11:49:30.025700Z","level":"info","event":"[UPSERT START] upserting 500 rows into traffic_speed_latest","logger":"lta_common","filename":"lta_common.py","lineno":348}
{"timestamp":"2026-04-15T11:49:30.026235Z","level":"info","event":"[UPSERT DEBUG] max_link_id=78884 | min_link_id=78196 | max_speed_band=8 | min_speed_band=1 | max_minimum_speed=70 | min_minimum_speed=0 | max_maximum_speed=69.0 | min_maximum_speed=9.0","logger":"lta_common","filename":"lta_common.py","lineno":350}
{"timestamp":"2026-04-15T11:49:30.402407Z","level":"info","event":"[UPSERT DONE] upserted=500 rows into traffic_speed_latest","logger":"lta_common","filename":"lta_common.py","lineno":388}
{"timestamp":"2026-04-15T11:49:30.403460Z","level":"info","event":"[SAVE START] inserting 500 rows into traffic_speed_recent","logger":"lta_common","filename":"lta_common.py","lineno":319}
