{"timestamp":"2026-04-15T08:50:00.364049Z","level":"info","event":"DAG bundles loaded: dags-folder","logger":"airflow.dag_processing.bundles.manager.DagBundlesManager","filename":"manager.py","lineno":179}
{"timestamp":"2026-04-15T08:50:00.364574Z","level":"info","event":"Filling up the DagBag from /opt/airflow/dags/2_refresh_traffic_speed.py","logger":"airflow.models.dagbag.BundleDagBag","filename":"dagbag.py","lineno":593}
{"timestamp":"2026-04-15T08:50:00.665194Z","level":"info","event":"STEP 1: start refresh_traffic_speed","logger":"unusual_prefix_faea391ec71b1d4b4651510353e4a48d62001c31_2_refresh_traffic_speed","filename":"2_refresh_traffic_speed.py","lineno":29}
{"timestamp":"2026-04-15T08:50:01.467046Z","level":"info","event":"STEP 2: connected to Supabase","logger":"unusual_prefix_faea391ec71b1d4b4651510353e4a48d62001c31_2_refresh_traffic_speed","filename":"2_refresh_traffic_speed.py","lineno":31}
{"timestamp":"2026-04-15T08:50:01.469110Z","level":"info","event":"STEP 3: snapshot timestamp = 2026-04-15 08:50:01.467435+00:00","logger":"unusual_prefix_faea391ec71b1d4b4651510353e4a48d62001c31_2_refresh_traffic_speed","filename":"2_refresh_traffic_speed.py","lineno":34}
{"timestamp":"2026-04-15T08:50:01.469271Z","level":"info","event":"========== PAGE START ==========","logger":"lta_common","filename":"lta_common.py","lineno":52}
{"timestamp":"2026-04-15T08:50:01.469332Z","level":"info","event":"[FETCH] requesting rows 0–499","logger":"lta_common","filename":"lta_common.py","lineno":53}
{"timestamp":"2026-04-15T08:50:01.469683Z","level":"info","event":"Fetching page from LTA: skip=0","logger":"lta_common","filename":"lta_common.py","lineno":35}
{"timestamp":"2026-04-15T08:50:01.932290Z","level":"info","event":"Retrieved 500 rows from LTA at skip=0","logger":"lta_common","filename":"lta_common.py","lineno":43}
{"timestamp":"2026-04-15T08:50:01.940093Z","level":"info","event":"[FETCH DONE] retrieved=500 rows at skip=0","logger":"lta_common","filename":"lta_common.py","lineno":58}
{"timestamp":"2026-04-15T08:50:01.940754Z","level":"info","event":"STEP 4: processing page skip=0 rows=500","logger":"unusual_prefix_faea391ec71b1d4b4651510353e4a48d62001c31_2_refresh_traffic_speed","filename":"2_refresh_traffic_speed.py","lineno":41}
{"timestamp":"2026-04-15T08:50:01.951272Z","level":"info","event":"[CLEAN DONE] rows=500 | null_speed_band=0 | null_minimum_speed=0 | null_maximum_speed=0","logger":"lta_common","filename":"lta_common.py","lineno":147}
{"timestamp":"2026-04-15T08:50:01.951670Z","level":"info","event":"STEP 5: built cleaned snapshot dataframe rows=500","logger":"unusual_prefix_faea391ec71b1d4b4651510353e4a48d62001c31_2_refresh_traffic_speed","filename":"2_refresh_traffic_speed.py","lineno":44}
{"timestamp":"2026-04-15T08:50:01.953093Z","level":"info","event":"[LATEST PREP] rows=500 | missing_measurement_rows=0","logger":"lta_common","filename":"lta_common.py","lineno":178}
{"timestamp":"2026-04-15T08:50:01.954239Z","level":"info","event":"[UPSERT START] upserting 500 rows into traffic_speed_latest","logger":"lta_common","filename":"lta_common.py","lineno":255}
{"timestamp":"2026-04-15T08:50:02.433664Z","level":"info","event":"[UPSERT DONE] upserted=500 rows into traffic_speed_latest","logger":"lta_common","filename":"lta_common.py","lineno":284}
{"timestamp":"2026-04-15T08:50:02.436418Z","level":"info","event":"[SAVE START] inserting 500 rows into traffic_speed_recent","logger":"lta_common","filename":"lta_common.py","lineno":226}
{"timestamp":"2026-04-15T08:50:02.800428Z","level":"info","event":"[SAVE DONE] inserted=500 rows into traffic_speed_recent","logger":"lta_common","filename":"lta_common.py","lineno":244}
{"timestamp":"2026-04-15T08:50:02.801759Z","level":"info","event":"STEP 6: page saved skip=0 | pages=1 | latest_rows=500 | recent_rows=500","logger":"unusual_prefix_faea391ec71b1d4b4651510353e4a48d62001c31_2_refresh_traffic_speed","filename":"2_refresh_traffic_speed.py","lineno":56}
{"timestamp":"2026-04-15T08:50:02.802028Z","level":"info","event":"========== PAGE START ==========","logger":"lta_common","filename":"lta_common.py","lineno":52}
{"timestamp":"2026-04-15T08:50:02.802144Z","level":"info","event":"[FETCH] requesting rows 500–999","logger":"lta_common","filename":"lta_common.py","lineno":53}
{"timestamp":"2026-04-15T08:50:02.802273Z","level":"info","event":"Fetching page from LTA: skip=500","logger":"lta_common","filename":"lta_common.py","lineno":35}
{"timestamp":"2026-04-15T08:50:03.076692Z","level":"info","event":"Retrieved 500 rows from LTA at skip=500","logger":"lta_common","filename":"lta_common.py","lineno":43}
{"timestamp":"2026-04-15T08:50:03.086998Z","level":"info","event":"[FETCH DONE] retrieved=500 rows at skip=500","logger":"lta_common","filename":"lta_common.py","lineno":58}
{"timestamp":"2026-04-15T08:50:03.088212Z","level":"info","event":"STEP 4: processing page skip=500 rows=500","logger":"unusual_prefix_faea391ec71b1d4b4651510353e4a48d62001c31_2_refresh_traffic_speed","filename":"2_refresh_traffic_speed.py","lineno":41}
{"timestamp":"2026-04-15T08:50:03.095394Z","level":"info","event":"[CLEAN DONE] rows=500 | null_speed_band=0 | null_minimum_speed=0 | null_maximum_speed=0","logger":"lta_common","filename":"lta_common.py","lineno":147}
{"timestamp":"2026-04-15T08:50:03.095571Z","level":"info","event":"STEP 5: built cleaned snapshot dataframe rows=500","logger":"unusual_prefix_faea391ec71b1d4b4651510353e4a48d62001c31_2_refresh_traffic_speed","filename":"2_refresh_traffic_speed.py","lineno":44}
{"timestamp":"2026-04-15T08:50:03.096673Z","level":"info","event":"[LATEST PREP] rows=500 | missing_measurement_rows=0","logger":"lta_common","filename":"lta_common.py","lineno":178}
{"timestamp":"2026-04-15T08:50:03.098069Z","level":"info","event":"[UPSERT START] upserting 500 rows into traffic_speed_latest","logger":"lta_common","filename":"lta_common.py","lineno":255}
{"timestamp":"2026-04-15T08:50:03.438006Z","level":"info","event":"[UPSERT DONE] upserted=500 rows into traffic_speed_latest","logger":"lta_common","filename":"lta_common.py","lineno":284}
{"timestamp":"2026-04-15T08:50:03.440561Z","level":"info","event":"[SAVE START] inserting 500 rows into traffic_speed_recent","logger":"lta_common","filename":"lta_common.py","lineno":226}
{"timestamp":"2026-04-15T08:50:03.779218Z","level":"info","event":"[SAVE DONE] inserted=500 rows into traffic_speed_recent","logger":"lta_common","filename":"lta_common.py","lineno":244}
{"timestamp":"2026-04-15T08:50:03.779726Z","level":"info","event":"STEP 6: page saved skip=500 | pages=2 | latest_rows=1000 | recent_rows=1000","logger":"unusual_prefix_faea391ec71b1d4b4651510353e4a48d62001c31_2_refresh_traffic_speed","filename":"2_refresh_traffic_speed.py","lineno":56}
{"timestamp":"2026-04-15T08:50:03.779846Z","level":"info","event":"========== PAGE START ==========","logger":"lta_common","filename":"lta_common.py","lineno":52}
{"timestamp":"2026-04-15T08:50:03.779968Z","level":"info","event":"[FETCH] requesting rows 1000–1499","logger":"lta_common","filename":"lta_common.py","lineno":53}
{"timestamp":"2026-04-15T08:50:03.780096Z","level":"info","event":"Fetching page from LTA: skip=1000","logger":"lta_common","filename":"lta_common.py","lineno":35}
{"timestamp":"2026-04-15T08:50:04.025622Z","level":"info","event":"Retrieved 500 rows from LTA at skip=1000","logger":"lta_common","filename":"lta_common.py","lineno":43}
{"timestamp":"2026-04-15T08:50:04.027443Z","level":"info","event":"[FETCH DONE] retrieved=500 rows at skip=1000","logger":"lta_common","filename":"lta_common.py","lineno":58}
{"timestamp":"2026-04-15T08:50:04.027642Z","level":"info","event":"STEP 4: processing page skip=1000 rows=500","logger":"unusual_prefix_faea391ec71b1d4b4651510353e4a48d62001c31_2_refresh_traffic_speed","filename":"2_refresh_traffic_speed.py","lineno":41}
{"timestamp":"2026-04-15T08:50:04.029520Z","level":"info","event":"[CLEAN DONE] rows=500 | null_speed_band=0 | null_minimum_speed=0 | null_maximum_speed=0","logger":"lta_common","filename":"lta_common.py","lineno":147}
{"timestamp":"2026-04-15T08:50:04.029563Z","level":"info","event":"STEP 5: built cleaned snapshot dataframe rows=500","logger":"unusual_prefix_faea391ec71b1d4b4651510353e4a48d62001c31_2_refresh_traffic_speed","filename":"2_refresh_traffic_speed.py","lineno":44}
{"timestamp":"2026-04-15T08:50:04.029906Z","level":"info","event":"[LATEST PREP] rows=500 | missing_measurement_rows=0","logger":"lta_common","filename":"lta_common.py","lineno":178}
{"timestamp":"2026-04-15T08:50:04.030305Z","level":"info","event":"[UPSERT START] upserting 500 rows into traffic_speed_latest","logger":"lta_common","filename":"lta_common.py","lineno":255}
{"timestamp":"2026-04-15T08:50:04.441907Z","level":"info","event":"[UPSERT DONE] upserted=500 rows into traffic_speed_latest","logger":"lta_common","filename":"lta_common.py","lineno":284}
{"timestamp":"2026-04-15T08:50:04.442476Z","level":"info","event":"[SAVE START] inserting 500 rows into traffic_speed_recent","logger":"lta_common","filename":"lta_common.py","lineno":226}
{"timestamp":"2026-04-15T08:50:04.826345Z","level":"info","event":"[SAVE DONE] inserted=500 rows into traffic_speed_recent","logger":"lta_common","filename":"lta_common.py","lineno":244}
{"timestamp":"2026-04-15T08:50:04.826474Z","level":"info","event":"STEP 6: page saved skip=1000 | pages=3 | latest_rows=1500 | recent_rows=1500","logger":"unusual_prefix_faea391ec71b1d4b4651510353e4a48d62001c31_2_refresh_traffic_speed","filename":"2_refresh_traffic_speed.py","lineno":56}
{"timestamp":"2026-04-15T08:50:04.826524Z","level":"info","event":"========== PAGE START ==========","logger":"lta_common","filename":"lta_common.py","lineno":52}
{"timestamp":"2026-04-15T08:50:04.826553Z","level":"info","event":"[FETCH] requesting rows 1500–1999","logger":"lta_common","filename":"lta_common.py","lineno":53}
{"timestamp":"2026-04-15T08:50:04.826583Z","level":"info","event":"Fetching page from LTA: skip=1500","logger":"lta_common","filename":"lta_common.py","lineno":35}
{"timestamp":"2026-04-15T08:50:05.071224Z","level":"info","event":"Retrieved 500 rows from LTA at skip=1500","logger":"lta_common","filename":"lta_common.py","lineno":43}
{"timestamp":"2026-04-15T08:50:05.072521Z","level":"info","event":"[FETCH DONE] retrieved=500 rows at skip=1500","logger":"lta_common","filename":"lta_common.py","lineno":58}
{"timestamp":"2026-04-15T08:50:05.072736Z","level":"info","event":"STEP 4: processing page skip=1500 rows=500","logger":"unusual_prefix_faea391ec71b1d4b4651510353e4a48d62001c31_2_refresh_traffic_speed","filename":"2_refresh_traffic_speed.py","lineno":41}
{"timestamp":"2026-04-15T08:50:05.074764Z","level":"info","event":"[CLEAN DONE] rows=500 | null_speed_band=0 | null_minimum_speed=0 | null_maximum_speed=0","logger":"lta_common","filename":"lta_common.py","lineno":147}
{"timestamp":"2026-04-15T08:50:05.074828Z","level":"info","event":"STEP 5: built cleaned snapshot dataframe rows=500","logger":"unusual_prefix_faea391ec71b1d4b4651510353e4a48d62001c31_2_refresh_traffic_speed","filename":"2_refresh_traffic_speed.py","lineno":44}
{"timestamp":"2026-04-15T08:50:05.075206Z","level":"info","event":"[LATEST PREP] rows=500 | missing_measurement_rows=0","logger":"lta_common","filename":"lta_common.py","lineno":178}
{"timestamp":"2026-04-15T08:50:05.075594Z","level":"info","event":"[UPSERT START] upserting 500 rows into traffic_speed_latest","logger":"lta_common","filename":"lta_common.py","lineno":255}
{"timestamp":"2026-04-15T08:50:05.444979Z","level":"info","event":"[UPSERT DONE] upserted=500 rows into traffic_speed_latest","logger":"lta_common","filename":"lta_common.py","lineno":284}
{"timestamp":"2026-04-15T08:50:05.446266Z","level":"info","event":"[SAVE START] inserting 500 rows into traffic_speed_recent","logger":"lta_common","filename":"lta_common.py","lineno":226}
{"timestamp":"2026-04-15T08:50:05.846974Z","level":"info","event":"[SAVE DONE] inserted=500 rows into traffic_speed_recent","logger":"lta_common","filename":"lta_common.py","lineno":244}
{"timestamp":"2026-04-15T08:50:05.847544Z","level":"info","event":"STEP 6: page saved skip=1500 | pages=4 | latest_rows=2000 | recent_rows=2000","logger":"unusual_prefix_faea391ec71b1d4b4651510353e4a48d62001c31_2_refresh_traffic_speed","filename":"2_refresh_traffic_speed.py","lineno":56}
{"timestamp":"2026-04-15T08:50:05.847763Z","level":"info","event":"========== PAGE START ==========","logger":"lta_common","filename":"lta_common.py","lineno":52}
{"timestamp":"2026-04-15T08:50:05.847975Z","level":"info","event":"[FETCH] requesting rows 2000–2499","logger":"lta_common","filename":"lta_common.py","lineno":53}
{"timestamp":"2026-04-15T08:50:05.848141Z","level":"info","event":"Fetching page from LTA: skip=2000","logger":"lta_common","filename":"lta_common.py","lineno":35}
{"timestamp":"2026-04-15T08:50:06.099677Z","level":"info","event":"Retrieved 500 rows from LTA at skip=2000","logger":"lta_common","filename":"lta_common.py","lineno":43}
{"timestamp":"2026-04-15T08:50:06.102342Z","level":"info","event":"[FETCH DONE] retrieved=500 rows at skip=2000","logger":"lta_common","filename":"lta_common.py","lineno":58}
{"timestamp":"2026-04-15T08:50:06.102816Z","level":"info","event":"STEP 4: processing page skip=2000 rows=500","logger":"unusual_prefix_faea391ec71b1d4b4651510353e4a48d62001c31_2_refresh_traffic_speed","filename":"2_refresh_traffic_speed.py","lineno":41}
{"timestamp":"2026-04-15T08:50:06.107547Z","level":"info","event":"[CLEAN DONE] rows=500 | null_speed_band=0 | null_minimum_speed=0 | null_maximum_speed=0","logger":"lta_common","filename":"lta_common.py","lineno":147}
{"timestamp":"2026-04-15T08:50:06.107797Z","level":"info","event":"STEP 5: built cleaned snapshot dataframe rows=500","logger":"unusual_prefix_faea391ec71b1d4b4651510353e4a48d62001c31_2_refresh_traffic_speed","filename":"2_refresh_traffic_speed.py","lineno":44}
{"timestamp":"2026-04-15T08:50:06.108704Z","level":"info","event":"[LATEST PREP] rows=500 | missing_measurement_rows=0","logger":"lta_common","filename":"lta_common.py","lineno":178}
{"timestamp":"2026-04-15T08:50:06.109640Z","level":"info","event":"[UPSERT START] upserting 500 rows into traffic_speed_latest","logger":"lta_common","filename":"lta_common.py","lineno":255}
{"timestamp":"2026-04-15T08:50:06.491260Z","level":"info","event":"[UPSERT DONE] upserted=500 rows into traffic_speed_latest","logger":"lta_common","filename":"lta_common.py","lineno":284}
{"timestamp":"2026-04-15T08:50:06.493357Z","level":"info","event":"[SAVE START] inserting 500 rows into traffic_speed_recent","logger":"lta_common","filename":"lta_common.py","lineno":226}
{"timestamp":"2026-04-15T08:50:06.912667Z","level":"info","event":"[SAVE DONE] inserted=500 rows into traffic_speed_recent","logger":"lta_common","filename":"lta_common.py","lineno":244}
{"timestamp":"2026-04-15T08:50:06.914057Z","level":"info","event":"STEP 6: page saved skip=2000 | pages=5 | latest_rows=2500 | recent_rows=2500","logger":"unusual_prefix_faea391ec71b1d4b4651510353e4a48d62001c31_2_refresh_traffic_speed","filename":"2_refresh_traffic_speed.py","lineno":56}
{"timestamp":"2026-04-15T08:50:06.914291Z","level":"info","event":"========== PAGE START ==========","logger":"lta_common","filename":"lta_common.py","lineno":52}
{"timestamp":"2026-04-15T08:50:06.914440Z","level":"info","event":"[FETCH] requesting rows 2500–2999","logger":"lta_common","filename":"lta_common.py","lineno":53}
{"timestamp":"2026-04-15T08:50:06.914612Z","level":"info","event":"Fetching page from LTA: skip=2500","logger":"lta_common","filename":"lta_common.py","lineno":35}
{"timestamp":"2026-04-15T08:50:07.169396Z","level":"info","event":"Retrieved 500 rows from LTA at skip=2500","logger":"lta_common","filename":"lta_common.py","lineno":43}
{"timestamp":"2026-04-15T08:50:07.174158Z","level":"info","event":"[FETCH DONE] retrieved=500 rows at skip=2500","logger":"lta_common","filename":"lta_common.py","lineno":58}
{"timestamp":"2026-04-15T08:50:07.174610Z","level":"info","event":"STEP 4: processing page skip=2500 rows=500","logger":"unusual_prefix_faea391ec71b1d4b4651510353e4a48d62001c31_2_refresh_traffic_speed","filename":"2_refresh_traffic_speed.py","lineno":41}
{"timestamp":"2026-04-15T08:50:07.180108Z","level":"info","event":"[CLEAN DONE] rows=500 | null_speed_band=0 | null_minimum_speed=0 | null_maximum_speed=0","logger":"lta_common","filename":"lta_common.py","lineno":147}
{"timestamp":"2026-04-15T08:50:07.180261Z","level":"info","event":"STEP 5: built cleaned snapshot dataframe rows=500","logger":"unusual_prefix_faea391ec71b1d4b4651510353e4a48d62001c31_2_refresh_traffic_speed","filename":"2_refresh_traffic_speed.py","lineno":44}
{"timestamp":"2026-04-15T08:50:07.181154Z","level":"info","event":"[LATEST PREP] rows=500 | missing_measurement_rows=0","logger":"lta_common","filename":"lta_common.py","lineno":178}
{"timestamp":"2026-04-15T08:50:07.182253Z","level":"info","event":"[UPSERT START] upserting 500 rows into traffic_speed_latest","logger":"lta_common","filename":"lta_common.py","lineno":255}
{"timestamp":"2026-04-15T08:50:07.593104Z","level":"info","event":"[UPSERT DONE] upserted=500 rows into traffic_speed_latest","logger":"lta_common","filename":"lta_common.py","lineno":284}
{"timestamp":"2026-04-15T08:50:07.594820Z","level":"info","event":"[SAVE START] inserting 500 rows into traffic_speed_recent","logger":"lta_common","filename":"lta_common.py","lineno":226}
{"timestamp":"2026-04-15T08:50:08.004976Z","level":"info","event":"[SAVE DONE] inserted=500 rows into traffic_speed_recent","logger":"lta_common","filename":"lta_common.py","lineno":244}
{"timestamp":"2026-04-15T08:50:08.005777Z","level":"info","event":"STEP 6: page saved skip=2500 | pages=6 | latest_rows=3000 | recent_rows=3000","logger":"unusual_prefix_faea391ec71b1d4b4651510353e4a48d62001c31_2_refresh_traffic_speed","filename":"2_refresh_traffic_speed.py","lineno":56}
{"timestamp":"2026-04-15T08:50:08.006067Z","level":"info","event":"========== PAGE START ==========","logger":"lta_common","filename":"lta_common.py","lineno":52}
{"timestamp":"2026-04-15T08:50:08.006169Z","level":"info","event":"[FETCH] requesting rows 3000–3499","logger":"lta_common","filename":"lta_common.py","lineno":53}
{"timestamp":"2026-04-15T08:50:08.006280Z","level":"info","event":"Fetching page from LTA: skip=3000","logger":"lta_common","filename":"lta_common.py","lineno":35}
{"timestamp":"2026-04-15T08:50:08.263322Z","level":"info","event":"Retrieved 500 rows from LTA at skip=3000","logger":"lta_common","filename":"lta_common.py","lineno":43}
{"timestamp":"2026-04-15T08:50:08.267110Z","level":"info","event":"[FETCH DONE] retrieved=500 rows at skip=3000","logger":"lta_common","filename":"lta_common.py","lineno":58}
{"timestamp":"2026-04-15T08:50:08.267510Z","level":"info","event":"STEP 4: processing page skip=3000 rows=500","logger":"unusual_prefix_faea391ec71b1d4b4651510353e4a48d62001c31_2_refresh_traffic_speed","filename":"2_refresh_traffic_speed.py","lineno":41}
{"timestamp":"2026-04-15T08:50:08.271977Z","level":"info","event":"[CLEAN DONE] rows=500 | null_speed_band=0 | null_minimum_speed=0 | null_maximum_speed=0","logger":"lta_common","filename":"lta_common.py","lineno":147}
{"timestamp":"2026-04-15T08:50:08.272104Z","level":"info","event":"STEP 5: built cleaned snapshot dataframe rows=500","logger":"unusual_prefix_faea391ec71b1d4b4651510353e4a48d62001c31_2_refresh_traffic_speed","filename":"2_refresh_traffic_speed.py","lineno":44}
{"timestamp":"2026-04-15T08:50:08.272600Z","level":"info","event":"[LATEST PREP] rows=500 | missing_measurement_rows=0","logger":"lta_common","filename":"lta_common.py","lineno":178}
{"timestamp":"2026-04-15T08:50:08.273047Z","level":"info","event":"[UPSERT START] upserting 500 rows into traffic_speed_latest","logger":"lta_common","filename":"lta_common.py","lineno":255}
{"timestamp":"2026-04-15T08:50:08.771594Z","level":"info","event":"[UPSERT DONE] upserted=500 rows into traffic_speed_latest","logger":"lta_common","filename":"lta_common.py","lineno":284}
{"timestamp":"2026-04-15T08:50:08.772309Z","level":"info","event":"[SAVE START] inserting 500 rows into traffic_speed_recent","logger":"lta_common","filename":"lta_common.py","lineno":226}
{"timestamp":"2026-04-15T08:50:09.364380Z","level":"info","event":"[SAVE DONE] inserted=500 rows into traffic_speed_recent","logger":"lta_common","filename":"lta_common.py","lineno":244}
{"timestamp":"2026-04-15T08:50:09.364913Z","level":"info","event":"STEP 6: page saved skip=3000 | pages=7 | latest_rows=3500 | recent_rows=3500","logger":"unusual_prefix_faea391ec71b1d4b4651510353e4a48d62001c31_2_refresh_traffic_speed","filename":"2_refresh_traffic_speed.py","lineno":56}
{"timestamp":"2026-04-15T08:50:09.365027Z","level":"info","event":"========== PAGE START ==========","logger":"lta_common","filename":"lta_common.py","lineno":52}
{"timestamp":"2026-04-15T08:50:09.365107Z","level":"info","event":"[FETCH] requesting rows 3500–3999","logger":"lta_common","filename":"lta_common.py","lineno":53}
{"timestamp":"2026-04-15T08:50:09.365209Z","level":"info","event":"Fetching page from LTA: skip=3500","logger":"lta_common","filename":"lta_common.py","lineno":35}
{"timestamp":"2026-04-15T08:50:09.775780Z","level":"info","event":"Retrieved 500 rows from LTA at skip=3500","logger":"lta_common","filename":"lta_common.py","lineno":43}
{"timestamp":"2026-04-15T08:50:09.777696Z","level":"info","event":"[FETCH DONE] retrieved=500 rows at skip=3500","logger":"lta_common","filename":"lta_common.py","lineno":58}
{"timestamp":"2026-04-15T08:50:09.778005Z","level":"info","event":"STEP 4: processing page skip=3500 rows=500","logger":"unusual_prefix_faea391ec71b1d4b4651510353e4a48d62001c31_2_refresh_traffic_speed","filename":"2_refresh_traffic_speed.py","lineno":41}
{"timestamp":"2026-04-15T08:50:09.781956Z","level":"info","event":"[CLEAN DONE] rows=500 | null_speed_band=0 | null_minimum_speed=0 | null_maximum_speed=0","logger":"lta_common","filename":"lta_common.py","lineno":147}
{"timestamp":"2026-04-15T08:50:09.782059Z","level":"info","event":"STEP 5: built cleaned snapshot dataframe rows=500","logger":"unusual_prefix_faea391ec71b1d4b4651510353e4a48d62001c31_2_refresh_traffic_speed","filename":"2_refresh_traffic_speed.py","lineno":44}
{"timestamp":"2026-04-15T08:50:09.782676Z","level":"info","event":"[LATEST PREP] rows=500 | missing_measurement_rows=0","logger":"lta_common","filename":"lta_common.py","lineno":178}
{"timestamp":"2026-04-15T08:50:09.783161Z","level":"info","event":"[UPSERT START] upserting 500 rows into traffic_speed_latest","logger":"lta_common","filename":"lta_common.py","lineno":255}
{"timestamp":"2026-04-15T08:50:10.156302Z","level":"info","event":"[UPSERT DONE] upserted=500 rows into traffic_speed_latest","logger":"lta_common","filename":"lta_common.py","lineno":284}
{"timestamp":"2026-04-15T08:50:10.157086Z","level":"info","event":"[SAVE START] inserting 500 rows into traffic_speed_recent","logger":"lta_common","filename":"lta_common.py","lineno":226}
{"timestamp":"2026-04-15T08:50:10.675674Z","level":"info","event":"[SAVE DONE] inserted=500 rows into traffic_speed_recent","logger":"lta_common","filename":"lta_common.py","lineno":244}
{"timestamp":"2026-04-15T08:50:10.676093Z","level":"info","event":"STEP 6: page saved skip=3500 | pages=8 | latest_rows=4000 | recent_rows=4000","logger":"unusual_prefix_faea391ec71b1d4b4651510353e4a48d62001c31_2_refresh_traffic_speed","filename":"2_refresh_traffic_speed.py","lineno":56}
{"timestamp":"2026-04-15T08:50:10.676200Z","level":"info","event":"========== PAGE START ==========","logger":"lta_common","filename":"lta_common.py","lineno":52}
{"timestamp":"2026-04-15T08:50:10.676271Z","level":"info","event":"[FETCH] requesting rows 4000–4499","logger":"lta_common","filename":"lta_common.py","lineno":53}
{"timestamp":"2026-04-15T08:50:10.676375Z","level":"info","event":"Fetching page from LTA: skip=4000","logger":"lta_common","filename":"lta_common.py","lineno":35}
{"timestamp":"2026-04-15T08:50:11.990005Z","level":"info","event":"Retrieved 500 rows from LTA at skip=4000","logger":"lta_common","filename":"lta_common.py","lineno":43}
{"timestamp":"2026-04-15T08:50:11.992853Z","level":"info","event":"[FETCH DONE] retrieved=500 rows at skip=4000","logger":"lta_common","filename":"lta_common.py","lineno":58}
{"timestamp":"2026-04-15T08:50:11.993597Z","level":"info","event":"STEP 4: processing page skip=4000 rows=500","logger":"unusual_prefix_faea391ec71b1d4b4651510353e4a48d62001c31_2_refresh_traffic_speed","filename":"2_refresh_traffic_speed.py","lineno":41}
{"timestamp":"2026-04-15T08:50:11.998051Z","level":"info","event":"[CLEAN DONE] rows=500 | null_speed_band=0 | null_minimum_speed=0 | null_maximum_speed=0","logger":"lta_common","filename":"lta_common.py","lineno":147}
{"timestamp":"2026-04-15T08:50:11.998171Z","level":"info","event":"STEP 5: built cleaned snapshot dataframe rows=500","logger":"unusual_prefix_faea391ec71b1d4b4651510353e4a48d62001c31_2_refresh_traffic_speed","filename":"2_refresh_traffic_speed.py","lineno":44}
{"timestamp":"2026-04-15T08:50:11.999011Z","level":"info","event":"[LATEST PREP] rows=500 | missing_measurement_rows=0","logger":"lta_common","filename":"lta_common.py","lineno":178}
{"timestamp":"2026-04-15T08:50:11.999491Z","level":"info","event":"[UPSERT START] upserting 500 rows into traffic_speed_latest","logger":"lta_common","filename":"lta_common.py","lineno":255}
{"timestamp":"2026-04-15T08:50:12.390638Z","level":"info","event":"[UPSERT DONE] upserted=500 rows into traffic_speed_latest","logger":"lta_common","filename":"lta_common.py","lineno":284}
{"timestamp":"2026-04-15T08:50:12.391317Z","level":"info","event":"[SAVE START] inserting 500 rows into traffic_speed_recent","logger":"lta_common","filename":"lta_common.py","lineno":226}
{"timestamp":"2026-04-15T08:50:12.886474Z","level":"info","event":"[SAVE DONE] inserted=500 rows into traffic_speed_recent","logger":"lta_common","filename":"lta_common.py","lineno":244}
{"timestamp":"2026-04-15T08:50:12.886656Z","level":"info","event":"STEP 6: page saved skip=4000 | pages=9 | latest_rows=4500 | recent_rows=4500","logger":"unusual_prefix_faea391ec71b1d4b4651510353e4a48d62001c31_2_refresh_traffic_speed","filename":"2_refresh_traffic_speed.py","lineno":56}
{"timestamp":"2026-04-15T08:50:12.886691Z","level":"info","event":"========== PAGE START ==========","logger":"lta_common","filename":"lta_common.py","lineno":52}
{"timestamp":"2026-04-15T08:50:12.886713Z","level":"info","event":"[FETCH] requesting rows 4500–4999","logger":"lta_common","filename":"lta_common.py","lineno":53}
{"timestamp":"2026-04-15T08:50:12.886751Z","level":"info","event":"Fetching page from LTA: skip=4500","logger":"lta_common","filename":"lta_common.py","lineno":35}
{"timestamp":"2026-04-15T08:50:13.292675Z","level":"info","event":"Retrieved 500 rows from LTA at skip=4500","logger":"lta_common","filename":"lta_common.py","lineno":43}
{"timestamp":"2026-04-15T08:50:13.294107Z","level":"info","event":"[FETCH DONE] retrieved=500 rows at skip=4500","logger":"lta_common","filename":"lta_common.py","lineno":58}
{"timestamp":"2026-04-15T08:50:13.294335Z","level":"info","event":"STEP 4: processing page skip=4500 rows=500","logger":"unusual_prefix_faea391ec71b1d4b4651510353e4a48d62001c31_2_refresh_traffic_speed","filename":"2_refresh_traffic_speed.py","lineno":41}
{"timestamp":"2026-04-15T08:50:13.296655Z","level":"info","event":"[CLEAN DONE] rows=500 | null_speed_band=0 | null_minimum_speed=0 | null_maximum_speed=0","logger":"lta_common","filename":"lta_common.py","lineno":147}
{"timestamp":"2026-04-15T08:50:13.296709Z","level":"info","event":"STEP 5: built cleaned snapshot dataframe rows=500","logger":"unusual_prefix_faea391ec71b1d4b4651510353e4a48d62001c31_2_refresh_traffic_speed","filename":"2_refresh_traffic_speed.py","lineno":44}
{"timestamp":"2026-04-15T08:50:13.297149Z","level":"info","event":"[LATEST PREP] rows=500 | missing_measurement_rows=0","logger":"lta_common","filename":"lta_common.py","lineno":178}
{"timestamp":"2026-04-15T08:50:13.297579Z","level":"info","event":"[UPSERT START] upserting 500 rows into traffic_speed_latest","logger":"lta_common","filename":"lta_common.py","lineno":255}
{"timestamp":"2026-04-15T08:50:13.695432Z","level":"info","event":"[UPSERT DONE] upserted=500 rows into traffic_speed_latest","logger":"lta_common","filename":"lta_common.py","lineno":284}
{"timestamp":"2026-04-15T08:50:13.695978Z","level":"info","event":"[SAVE START] inserting 500 rows into traffic_speed_recent","logger":"lta_common","filename":"lta_common.py","lineno":226}
{"timestamp":"2026-04-15T08:50:14.144805Z","level":"info","event":"[SAVE DONE] inserted=500 rows into traffic_speed_recent","logger":"lta_common","filename":"lta_common.py","lineno":244}
{"timestamp":"2026-04-15T08:50:14.144922Z","level":"info","event":"STEP 6: page saved skip=4500 | pages=10 | latest_rows=5000 | recent_rows=5000","logger":"unusual_prefix_faea391ec71b1d4b4651510353e4a48d62001c31_2_refresh_traffic_speed","filename":"2_refresh_traffic_speed.py","lineno":56}
{"timestamp":"2026-04-15T08:50:14.144952Z","level":"info","event":"========== PAGE START ==========","logger":"lta_common","filename":"lta_common.py","lineno":52}
{"timestamp":"2026-04-15T08:50:14.144974Z","level":"info","event":"[FETCH] requesting rows 5000–5499","logger":"lta_common","filename":"lta_common.py","lineno":53}
{"timestamp":"2026-04-15T08:50:14.145005Z","level":"info","event":"Fetching page from LTA: skip=5000","logger":"lta_common","filename":"lta_common.py","lineno":35}
{"timestamp":"2026-04-15T08:50:14.718640Z","level":"info","event":"Retrieved 500 rows from LTA at skip=5000","logger":"lta_common","filename":"lta_common.py","lineno":43}
{"timestamp":"2026-04-15T08:50:14.720060Z","level":"info","event":"[FETCH DONE] retrieved=500 rows at skip=5000","logger":"lta_common","filename":"lta_common.py","lineno":58}
{"timestamp":"2026-04-15T08:50:14.720312Z","level":"info","event":"STEP 4: processing page skip=5000 rows=500","logger":"unusual_prefix_faea391ec71b1d4b4651510353e4a48d62001c31_2_refresh_traffic_speed","filename":"2_refresh_traffic_speed.py","lineno":41}
{"timestamp":"2026-04-15T08:50:14.722526Z","level":"info","event":"[CLEAN DONE] rows=500 | null_speed_band=0 | null_minimum_speed=0 | null_maximum_speed=0","logger":"lta_common","filename":"lta_common.py","lineno":147}
{"timestamp":"2026-04-15T08:50:14.722618Z","level":"info","event":"STEP 5: built cleaned snapshot dataframe rows=500","logger":"unusual_prefix_faea391ec71b1d4b4651510353e4a48d62001c31_2_refresh_traffic_speed","filename":"2_refresh_traffic_speed.py","lineno":44}
{"timestamp":"2026-04-15T08:50:14.723018Z","level":"info","event":"[LATEST PREP] rows=500 | missing_measurement_rows=0","logger":"lta_common","filename":"lta_common.py","lineno":178}
{"timestamp":"2026-04-15T08:50:14.723473Z","level":"info","event":"[UPSERT START] upserting 500 rows into traffic_speed_latest","logger":"lta_common","filename":"lta_common.py","lineno":255}
{"timestamp":"2026-04-15T08:50:15.098498Z","level":"info","event":"[UPSERT DONE] upserted=500 rows into traffic_speed_latest","logger":"lta_common","filename":"lta_common.py","lineno":284}
{"timestamp":"2026-04-15T08:50:15.100171Z","level":"info","event":"[SAVE START] inserting 500 rows into traffic_speed_recent","logger":"lta_common","filename":"lta_common.py","lineno":226}
{"timestamp":"2026-04-15T08:50:15.527411Z","level":"info","event":"[SAVE DONE] inserted=500 rows into traffic_speed_recent","logger":"lta_common","filename":"lta_common.py","lineno":244}
{"timestamp":"2026-04-15T08:50:15.528343Z","level":"info","event":"STEP 6: page saved skip=5000 | pages=11 | latest_rows=5500 | recent_rows=5500","logger":"unusual_prefix_faea391ec71b1d4b4651510353e4a48d62001c31_2_refresh_traffic_speed","filename":"2_refresh_traffic_speed.py","lineno":56}
{"timestamp":"2026-04-15T08:50:15.528892Z","level":"info","event":"========== PAGE START ==========","logger":"lta_common","filename":"lta_common.py","lineno":52}
{"timestamp":"2026-04-15T08:50:15.529124Z","level":"info","event":"[FETCH] requesting rows 5500–5999","logger":"lta_common","filename":"lta_common.py","lineno":53}
{"timestamp":"2026-04-15T08:50:15.529242Z","level":"info","event":"Fetching page from LTA: skip=5500","logger":"lta_common","filename":"lta_common.py","lineno":35}
{"timestamp":"2026-04-15T08:50:15.949817Z","level":"info","event":"Retrieved 500 rows from LTA at skip=5500","logger":"lta_common","filename":"lta_common.py","lineno":43}
{"timestamp":"2026-04-15T08:50:15.956283Z","level":"info","event":"[FETCH DONE] retrieved=500 rows at skip=5500","logger":"lta_common","filename":"lta_common.py","lineno":58}
{"timestamp":"2026-04-15T08:50:15.956848Z","level":"info","event":"STEP 4: processing page skip=5500 rows=500","logger":"unusual_prefix_faea391ec71b1d4b4651510353e4a48d62001c31_2_refresh_traffic_speed","filename":"2_refresh_traffic_speed.py","lineno":41}
{"timestamp":"2026-04-15T08:50:15.964674Z","level":"info","event":"[CLEAN DONE] rows=500 | null_speed_band=0 | null_minimum_speed=0 | null_maximum_speed=0","logger":"lta_common","filename":"lta_common.py","lineno":147}
{"timestamp":"2026-04-15T08:50:15.964871Z","level":"info","event":"STEP 5: built cleaned snapshot dataframe rows=500","logger":"unusual_prefix_faea391ec71b1d4b4651510353e4a48d62001c31_2_refresh_traffic_speed","filename":"2_refresh_traffic_speed.py","lineno":44}
{"timestamp":"2026-04-15T08:50:15.966107Z","level":"info","event":"[LATEST PREP] rows=500 | missing_measurement_rows=0","logger":"lta_common","filename":"lta_common.py","lineno":178}
{"timestamp":"2026-04-15T08:50:15.967608Z","level":"info","event":"[UPSERT START] upserting 500 rows into traffic_speed_latest","logger":"lta_common","filename":"lta_common.py","lineno":255}
{"timestamp":"2026-04-15T08:50:16.367092Z","level":"info","event":"[UPSERT DONE] upserted=500 rows into traffic_speed_latest","logger":"lta_common","filename":"lta_common.py","lineno":284}
{"timestamp":"2026-04-15T08:50:16.368814Z","level":"info","event":"[SAVE START] inserting 500 rows into traffic_speed_recent","logger":"lta_common","filename":"lta_common.py","lineno":226}
{"timestamp":"2026-04-15T08:50:16.785654Z","level":"info","event":"[SAVE DONE] inserted=500 rows into traffic_speed_recent","logger":"lta_common","filename":"lta_common.py","lineno":244}
{"timestamp":"2026-04-15T08:50:16.786242Z","level":"info","event":"STEP 6: page saved skip=5500 | pages=12 | latest_rows=6000 | recent_rows=6000","logger":"unusual_prefix_faea391ec71b1d4b4651510353e4a48d62001c31_2_refresh_traffic_speed","filename":"2_refresh_traffic_speed.py","lineno":56}
{"timestamp":"2026-04-15T08:50:16.786406Z","level":"info","event":"========== PAGE START ==========","logger":"lta_common","filename":"lta_common.py","lineno":52}
{"timestamp":"2026-04-15T08:50:16.786504Z","level":"info","event":"[FETCH] requesting rows 6000–6499","logger":"lta_common","filename":"lta_common.py","lineno":53}
{"timestamp":"2026-04-15T08:50:16.786692Z","level":"info","event":"Fetching page from LTA: skip=6000","logger":"lta_common","filename":"lta_common.py","lineno":35}
{"timestamp":"2026-04-15T08:50:17.217517Z","level":"info","event":"Retrieved 500 rows from LTA at skip=6000","logger":"lta_common","filename":"lta_common.py","lineno":43}
{"timestamp":"2026-04-15T08:50:17.223185Z","level":"info","event":"[FETCH DONE] retrieved=500 rows at skip=6000","logger":"lta_common","filename":"lta_common.py","lineno":58}
{"timestamp":"2026-04-15T08:50:17.224386Z","level":"info","event":"STEP 4: processing page skip=6000 rows=500","logger":"unusual_prefix_faea391ec71b1d4b4651510353e4a48d62001c31_2_refresh_traffic_speed","filename":"2_refresh_traffic_speed.py","lineno":41}
{"timestamp":"2026-04-15T08:50:17.230164Z","level":"info","event":"[CLEAN DONE] rows=500 | null_speed_band=0 | null_minimum_speed=0 | null_maximum_speed=0","logger":"lta_common","filename":"lta_common.py","lineno":147}
{"timestamp":"2026-04-15T08:50:17.230333Z","level":"info","event":"STEP 5: built cleaned snapshot dataframe rows=500","logger":"unusual_prefix_faea391ec71b1d4b4651510353e4a48d62001c31_2_refresh_traffic_speed","filename":"2_refresh_traffic_speed.py","lineno":44}
{"timestamp":"2026-04-15T08:50:17.231411Z","level":"info","event":"[LATEST PREP] rows=500 | missing_measurement_rows=0","logger":"lta_common","filename":"lta_common.py","lineno":178}
{"timestamp":"2026-04-15T08:50:17.232598Z","level":"info","event":"[UPSERT START] upserting 500 rows into traffic_speed_latest","logger":"lta_common","filename":"lta_common.py","lineno":255}
{"timestamp":"2026-04-15T08:50:17.634860Z","level":"info","event":"[UPSERT DONE] upserted=500 rows into traffic_speed_latest","logger":"lta_common","filename":"lta_common.py","lineno":284}
{"timestamp":"2026-04-15T08:50:17.637331Z","level":"info","event":"[SAVE START] inserting 500 rows into traffic_speed_recent","logger":"lta_common","filename":"lta_common.py","lineno":226}
{"timestamp":"2026-04-15T08:50:18.091046Z","level":"info","event":"[SAVE DONE] inserted=500 rows into traffic_speed_recent","logger":"lta_common","filename":"lta_common.py","lineno":244}
{"timestamp":"2026-04-15T08:50:18.091173Z","level":"info","event":"STEP 6: page saved skip=6000 | pages=13 | latest_rows=6500 | recent_rows=6500","logger":"unusual_prefix_faea391ec71b1d4b4651510353e4a48d62001c31_2_refresh_traffic_speed","filename":"2_refresh_traffic_speed.py","lineno":56}
{"timestamp":"2026-04-15T08:50:18.091216Z","level":"info","event":"========== PAGE START ==========","logger":"lta_common","filename":"lta_common.py","lineno":52}
{"timestamp":"2026-04-15T08:50:18.091239Z","level":"info","event":"[FETCH] requesting rows 6500–6999","logger":"lta_common","filename":"lta_common.py","lineno":53}
{"timestamp":"2026-04-15T08:50:18.091271Z","level":"info","event":"Fetching page from LTA: skip=6500","logger":"lta_common","filename":"lta_common.py","lineno":35}
{"timestamp":"2026-04-15T08:50:18.588314Z","level":"info","event":"Retrieved 500 rows from LTA at skip=6500","logger":"lta_common","filename":"lta_common.py","lineno":43}
{"timestamp":"2026-04-15T08:50:18.589604Z","level":"info","event":"[FETCH DONE] retrieved=500 rows at skip=6500","logger":"lta_common","filename":"lta_common.py","lineno":58}
{"timestamp":"2026-04-15T08:50:18.589826Z","level":"info","event":"STEP 4: processing page skip=6500 rows=500","logger":"unusual_prefix_faea391ec71b1d4b4651510353e4a48d62001c31_2_refresh_traffic_speed","filename":"2_refresh_traffic_speed.py","lineno":41}
{"timestamp":"2026-04-15T08:50:18.591902Z","level":"info","event":"[CLEAN DONE] rows=500 | null_speed_band=0 | null_minimum_speed=0 | null_maximum_speed=0","logger":"lta_common","filename":"lta_common.py","lineno":147}
{"timestamp":"2026-04-15T08:50:18.591976Z","level":"info","event":"STEP 5: built cleaned snapshot dataframe rows=500","logger":"unusual_prefix_faea391ec71b1d4b4651510353e4a48d62001c31_2_refresh_traffic_speed","filename":"2_refresh_traffic_speed.py","lineno":44}
{"timestamp":"2026-04-15T08:50:18.592382Z","level":"info","event":"[LATEST PREP] rows=500 | missing_measurement_rows=0","logger":"lta_common","filename":"lta_common.py","lineno":178}
{"timestamp":"2026-04-15T08:50:18.592826Z","level":"info","event":"[UPSERT START] upserting 500 rows into traffic_speed_latest","logger":"lta_common","filename":"lta_common.py","lineno":255}
{"timestamp":"2026-04-15T08:50:19.124620Z","level":"info","event":"[UPSERT DONE] upserted=500 rows into traffic_speed_latest","logger":"lta_common","filename":"lta_common.py","lineno":284}
{"timestamp":"2026-04-15T08:50:19.125299Z","level":"info","event":"[SAVE START] inserting 500 rows into traffic_speed_recent","logger":"lta_common","filename":"lta_common.py","lineno":226}
{"timestamp":"2026-04-15T08:50:19.662070Z","level":"info","event":"[SAVE DONE] inserted=500 rows into traffic_speed_recent","logger":"lta_common","filename":"lta_common.py","lineno":244}
{"timestamp":"2026-04-15T08:50:19.663071Z","level":"info","event":"STEP 6: page saved skip=6500 | pages=14 | latest_rows=7000 | recent_rows=7000","logger":"unusual_prefix_faea391ec71b1d4b4651510353e4a48d62001c31_2_refresh_traffic_speed","filename":"2_refresh_traffic_speed.py","lineno":56}
{"timestamp":"2026-04-15T08:50:19.663253Z","level":"info","event":"========== PAGE START ==========","logger":"lta_common","filename":"lta_common.py","lineno":52}
{"timestamp":"2026-04-15T08:50:19.663497Z","level":"info","event":"[FETCH] requesting rows 7000–7499","logger":"lta_common","filename":"lta_common.py","lineno":53}
{"timestamp":"2026-04-15T08:50:19.663891Z","level":"info","event":"Fetching page from LTA: skip=7000","logger":"lta_common","filename":"lta_common.py","lineno":35}
{"timestamp":"2026-04-15T08:50:20.090632Z","level":"info","event":"Retrieved 500 rows from LTA at skip=7000","logger":"lta_common","filename":"lta_common.py","lineno":43}
{"timestamp":"2026-04-15T08:50:20.093147Z","level":"info","event":"[FETCH DONE] retrieved=500 rows at skip=7000","logger":"lta_common","filename":"lta_common.py","lineno":58}
{"timestamp":"2026-04-15T08:50:20.093523Z","level":"info","event":"STEP 4: processing page skip=7000 rows=500","logger":"unusual_prefix_faea391ec71b1d4b4651510353e4a48d62001c31_2_refresh_traffic_speed","filename":"2_refresh_traffic_speed.py","lineno":41}
{"timestamp":"2026-04-15T08:50:20.098096Z","level":"info","event":"[CLEAN DONE] rows=500 | null_speed_band=0 | null_minimum_speed=0 | null_maximum_speed=0","logger":"lta_common","filename":"lta_common.py","lineno":147}
{"timestamp":"2026-04-15T08:50:20.098200Z","level":"info","event":"STEP 5: built cleaned snapshot dataframe rows=500","logger":"unusual_prefix_faea391ec71b1d4b4651510353e4a48d62001c31_2_refresh_traffic_speed","filename":"2_refresh_traffic_speed.py","lineno":44}
{"timestamp":"2026-04-15T08:50:20.098917Z","level":"info","event":"[LATEST PREP] rows=500 | missing_measurement_rows=0","logger":"lta_common","filename":"lta_common.py","lineno":178}
{"timestamp":"2026-04-15T08:50:20.099407Z","level":"info","event":"[UPSERT START] upserting 500 rows into traffic_speed_latest","logger":"lta_common","filename":"lta_common.py","lineno":255}
{"timestamp":"2026-04-15T08:50:20.639776Z","level":"info","event":"[UPSERT DONE] upserted=500 rows into traffic_speed_latest","logger":"lta_common","filename":"lta_common.py","lineno":284}
{"timestamp":"2026-04-15T08:50:20.640959Z","level":"info","event":"[SAVE START] inserting 500 rows into traffic_speed_recent","logger":"lta_common","filename":"lta_common.py","lineno":226}
{"timestamp":"2026-04-15T08:50:21.337986Z","level":"info","event":"[SAVE DONE] inserted=500 rows into traffic_speed_recent","logger":"lta_common","filename":"lta_common.py","lineno":244}
{"timestamp":"2026-04-15T08:50:21.338310Z","level":"info","event":"STEP 6: page saved skip=7000 | pages=15 | latest_rows=7500 | recent_rows=7500","logger":"unusual_prefix_faea391ec71b1d4b4651510353e4a48d62001c31_2_refresh_traffic_speed","filename":"2_refresh_traffic_speed.py","lineno":56}
{"timestamp":"2026-04-15T08:50:21.338412Z","level":"info","event":"========== PAGE START ==========","logger":"lta_common","filename":"lta_common.py","lineno":52}
{"timestamp":"2026-04-15T08:50:21.338485Z","level":"info","event":"[FETCH] requesting rows 7500–7999","logger":"lta_common","filename":"lta_common.py","lineno":53}
{"timestamp":"2026-04-15T08:50:21.338626Z","level":"info","event":"Fetching page from LTA: skip=7500","logger":"lta_common","filename":"lta_common.py","lineno":35}
{"timestamp":"2026-04-15T08:50:22.023867Z","level":"info","event":"Retrieved 500 rows from LTA at skip=7500","logger":"lta_common","filename":"lta_common.py","lineno":43}
{"timestamp":"2026-04-15T08:50:22.029793Z","level":"info","event":"[FETCH DONE] retrieved=500 rows at skip=7500","logger":"lta_common","filename":"lta_common.py","lineno":58}
{"timestamp":"2026-04-15T08:50:22.030993Z","level":"info","event":"STEP 4: processing page skip=7500 rows=500","logger":"unusual_prefix_faea391ec71b1d4b4651510353e4a48d62001c31_2_refresh_traffic_speed","filename":"2_refresh_traffic_speed.py","lineno":41}
{"timestamp":"2026-04-15T08:50:22.037789Z","level":"info","event":"[CLEAN DONE] rows=500 | null_speed_band=0 | null_minimum_speed=0 | null_maximum_speed=0","logger":"lta_common","filename":"lta_common.py","lineno":147}
{"timestamp":"2026-04-15T08:50:22.038059Z","level":"info","event":"STEP 5: built cleaned snapshot dataframe rows=500","logger":"unusual_prefix_faea391ec71b1d4b4651510353e4a48d62001c31_2_refresh_traffic_speed","filename":"2_refresh_traffic_speed.py","lineno":44}
{"timestamp":"2026-04-15T08:50:22.039547Z","level":"info","event":"[LATEST PREP] rows=500 | missing_measurement_rows=0","logger":"lta_common","filename":"lta_common.py","lineno":178}
{"timestamp":"2026-04-15T08:50:22.041043Z","level":"info","event":"[UPSERT START] upserting 500 rows into traffic_speed_latest","logger":"lta_common","filename":"lta_common.py","lineno":255}
{"timestamp":"2026-04-15T08:50:22.506335Z","level":"info","event":"[UPSERT DONE] upserted=500 rows into traffic_speed_latest","logger":"lta_common","filename":"lta_common.py","lineno":284}
{"timestamp":"2026-04-15T08:50:22.507067Z","level":"info","event":"[SAVE START] inserting 500 rows into traffic_speed_recent","logger":"lta_common","filename":"lta_common.py","lineno":226}
{"timestamp":"2026-04-15T08:50:22.917119Z","level":"info","event":"[SAVE DONE] inserted=500 rows into traffic_speed_recent","logger":"lta_common","filename":"lta_common.py","lineno":244}
{"timestamp":"2026-04-15T08:50:22.917292Z","level":"info","event":"STEP 6: page saved skip=7500 | pages=16 | latest_rows=8000 | recent_rows=8000","logger":"unusual_prefix_faea391ec71b1d4b4651510353e4a48d62001c31_2_refresh_traffic_speed","filename":"2_refresh_traffic_speed.py","lineno":56}
{"timestamp":"2026-04-15T08:50:22.917338Z","level":"info","event":"========== PAGE START ==========","logger":"lta_common","filename":"lta_common.py","lineno":52}
{"timestamp":"2026-04-15T08:50:22.917373Z","level":"info","event":"[FETCH] requesting rows 8000–8499","logger":"lta_common","filename":"lta_common.py","lineno":53}
{"timestamp":"2026-04-15T08:50:22.917415Z","level":"info","event":"Fetching page from LTA: skip=8000","logger":"lta_common","filename":"lta_common.py","lineno":35}
{"timestamp":"2026-04-15T08:50:23.249578Z","level":"info","event":"Retrieved 500 rows from LTA at skip=8000","logger":"lta_common","filename":"lta_common.py","lineno":43}
{"timestamp":"2026-04-15T08:50:23.251130Z","level":"info","event":"[FETCH DONE] retrieved=500 rows at skip=8000","logger":"lta_common","filename":"lta_common.py","lineno":58}
{"timestamp":"2026-04-15T08:50:23.251417Z","level":"info","event":"STEP 4: processing page skip=8000 rows=500","logger":"unusual_prefix_faea391ec71b1d4b4651510353e4a48d62001c31_2_refresh_traffic_speed","filename":"2_refresh_traffic_speed.py","lineno":41}
{"timestamp":"2026-04-15T08:50:23.254070Z","level":"info","event":"[CLEAN DONE] rows=500 | null_speed_band=0 | null_minimum_speed=0 | null_maximum_speed=0","logger":"lta_common","filename":"lta_common.py","lineno":147}
{"timestamp":"2026-04-15T08:50:23.254140Z","level":"info","event":"STEP 5: built cleaned snapshot dataframe rows=500","logger":"unusual_prefix_faea391ec71b1d4b4651510353e4a48d62001c31_2_refresh_traffic_speed","filename":"2_refresh_traffic_speed.py","lineno":44}
{"timestamp":"2026-04-15T08:50:23.254584Z","level":"info","event":"[LATEST PREP] rows=500 | missing_measurement_rows=0","logger":"lta_common","filename":"lta_common.py","lineno":178}
{"timestamp":"2026-04-15T08:50:23.254993Z","level":"info","event":"[UPSERT START] upserting 500 rows into traffic_speed_latest","logger":"lta_common","filename":"lta_common.py","lineno":255}
{"timestamp":"2026-04-15T08:50:23.666293Z","level":"info","event":"[UPSERT DONE] upserted=500 rows into traffic_speed_latest","logger":"lta_common","filename":"lta_common.py","lineno":284}
{"timestamp":"2026-04-15T08:50:23.666991Z","level":"info","event":"[SAVE START] inserting 500 rows into traffic_speed_recent","logger":"lta_common","filename":"lta_common.py","lineno":226}
{"timestamp":"2026-04-15T08:50:24.079086Z","level":"info","event":"[SAVE DONE] inserted=500 rows into traffic_speed_recent","logger":"lta_common","filename":"lta_common.py","lineno":244}
{"timestamp":"2026-04-15T08:50:24.079899Z","level":"info","event":"STEP 6: page saved skip=8000 | pages=17 | latest_rows=8500 | recent_rows=8500","logger":"unusual_prefix_faea391ec71b1d4b4651510353e4a48d62001c31_2_refresh_traffic_speed","filename":"2_refresh_traffic_speed.py","lineno":56}
{"timestamp":"2026-04-15T08:50:24.080059Z","level":"info","event":"========== PAGE START ==========","logger":"lta_common","filename":"lta_common.py","lineno":52}
{"timestamp":"2026-04-15T08:50:24.080174Z","level":"info","event":"[FETCH] requesting rows 8500–8999","logger":"lta_common","filename":"lta_common.py","lineno":53}
{"timestamp":"2026-04-15T08:50:24.080292Z","level":"info","event":"Fetching page from LTA: skip=8500","logger":"lta_common","filename":"lta_common.py","lineno":35}
{"timestamp":"2026-04-15T08:50:24.578190Z","level":"info","event":"Retrieved 500 rows from LTA at skip=8500","logger":"lta_common","filename":"lta_common.py","lineno":43}
{"timestamp":"2026-04-15T08:50:24.580840Z","level":"info","event":"[FETCH DONE] retrieved=500 rows at skip=8500","logger":"lta_common","filename":"lta_common.py","lineno":58}
{"timestamp":"2026-04-15T08:50:24.581262Z","level":"info","event":"STEP 4: processing page skip=8500 rows=500","logger":"unusual_prefix_faea391ec71b1d4b4651510353e4a48d62001c31_2_refresh_traffic_speed","filename":"2_refresh_traffic_speed.py","lineno":41}
{"timestamp":"2026-04-15T08:50:24.585034Z","level":"info","event":"[CLEAN DONE] rows=500 | null_speed_band=0 | null_minimum_speed=0 | null_maximum_speed=0","logger":"lta_common","filename":"lta_common.py","lineno":147}
{"timestamp":"2026-04-15T08:50:24.585139Z","level":"info","event":"STEP 5: built cleaned snapshot dataframe rows=500","logger":"unusual_prefix_faea391ec71b1d4b4651510353e4a48d62001c31_2_refresh_traffic_speed","filename":"2_refresh_traffic_speed.py","lineno":44}
{"timestamp":"2026-04-15T08:50:24.585838Z","level":"info","event":"[LATEST PREP] rows=500 | missing_measurement_rows=0","logger":"lta_common","filename":"lta_common.py","lineno":178}
{"timestamp":"2026-04-15T08:50:24.586589Z","level":"info","event":"[UPSERT START] upserting 500 rows into traffic_speed_latest","logger":"lta_common","filename":"lta_common.py","lineno":255}
{"timestamp":"2026-04-15T08:50:24.972761Z","level":"info","event":"[UPSERT DONE] upserted=500 rows into traffic_speed_latest","logger":"lta_common","filename":"lta_common.py","lineno":284}
{"timestamp":"2026-04-15T08:50:24.973749Z","level":"info","event":"[SAVE START] inserting 500 rows into traffic_speed_recent","logger":"lta_common","filename":"lta_common.py","lineno":226}
{"timestamp":"2026-04-15T08:50:25.384666Z","level":"info","event":"[SAVE DONE] inserted=500 rows into traffic_speed_recent","logger":"lta_common","filename":"lta_common.py","lineno":244}
{"timestamp":"2026-04-15T08:50:25.384795Z","level":"info","event":"STEP 6: page saved skip=8500 | pages=18 | latest_rows=9000 | recent_rows=9000","logger":"unusual_prefix_faea391ec71b1d4b4651510353e4a48d62001c31_2_refresh_traffic_speed","filename":"2_refresh_traffic_speed.py","lineno":56}
{"timestamp":"2026-04-15T08:50:25.384829Z","level":"info","event":"========== PAGE START ==========","logger":"lta_common","filename":"lta_common.py","lineno":52}
{"timestamp":"2026-04-15T08:50:25.384851Z","level":"info","event":"[FETCH] requesting rows 9000–9499","logger":"lta_common","filename":"lta_common.py","lineno":53}
{"timestamp":"2026-04-15T08:50:25.384887Z","level":"info","event":"Fetching page from LTA: skip=9000","logger":"lta_common","filename":"lta_common.py","lineno":35}
{"timestamp":"2026-04-15T08:50:25.790577Z","level":"info","event":"Retrieved 500 rows from LTA at skip=9000","logger":"lta_common","filename":"lta_common.py","lineno":43}
{"timestamp":"2026-04-15T08:50:25.791736Z","level":"info","event":"[FETCH DONE] retrieved=500 rows at skip=9000","logger":"lta_common","filename":"lta_common.py","lineno":58}
{"timestamp":"2026-04-15T08:50:25.791885Z","level":"info","event":"STEP 4: processing page skip=9000 rows=500","logger":"unusual_prefix_faea391ec71b1d4b4651510353e4a48d62001c31_2_refresh_traffic_speed","filename":"2_refresh_traffic_speed.py","lineno":41}
{"timestamp":"2026-04-15T08:50:25.793690Z","level":"info","event":"[CLEAN DONE] rows=500 | null_speed_band=0 | null_minimum_speed=0 | null_maximum_speed=0","logger":"lta_common","filename":"lta_common.py","lineno":147}
{"timestamp":"2026-04-15T08:50:25.793739Z","level":"info","event":"STEP 5: built cleaned snapshot dataframe rows=500","logger":"unusual_prefix_faea391ec71b1d4b4651510353e4a48d62001c31_2_refresh_traffic_speed","filename":"2_refresh_traffic_speed.py","lineno":44}
{"timestamp":"2026-04-15T08:50:25.794096Z","level":"info","event":"[LATEST PREP] rows=500 | missing_measurement_rows=0","logger":"lta_common","filename":"lta_common.py","lineno":178}
{"timestamp":"2026-04-15T08:50:25.794473Z","level":"info","event":"[UPSERT START] upserting 500 rows into traffic_speed_latest","logger":"lta_common","filename":"lta_common.py","lineno":255}
{"timestamp":"2026-04-15T08:50:26.204983Z","level":"info","event":"[UPSERT DONE] upserted=500 rows into traffic_speed_latest","logger":"lta_common","filename":"lta_common.py","lineno":284}
{"timestamp":"2026-04-15T08:50:26.206221Z","level":"info","event":"[SAVE START] inserting 500 rows into traffic_speed_recent","logger":"lta_common","filename":"lta_common.py","lineno":226}
{"timestamp":"2026-04-15T08:50:26.607683Z","level":"info","event":"[SAVE DONE] inserted=500 rows into traffic_speed_recent","logger":"lta_common","filename":"lta_common.py","lineno":244}
{"timestamp":"2026-04-15T08:50:26.608309Z","level":"info","event":"STEP 6: page saved skip=9000 | pages=19 | latest_rows=9500 | recent_rows=9500","logger":"unusual_prefix_faea391ec71b1d4b4651510353e4a48d62001c31_2_refresh_traffic_speed","filename":"2_refresh_traffic_speed.py","lineno":56}
{"timestamp":"2026-04-15T08:50:26.608506Z","level":"info","event":"========== PAGE START ==========","logger":"lta_common","filename":"lta_common.py","lineno":52}
{"timestamp":"2026-04-15T08:50:26.608726Z","level":"info","event":"[FETCH] requesting rows 9500–9999","logger":"lta_common","filename":"lta_common.py","lineno":53}
{"timestamp":"2026-04-15T08:50:26.608911Z","level":"info","event":"Fetching page from LTA: skip=9500","logger":"lta_common","filename":"lta_common.py","lineno":35}
{"timestamp":"2026-04-15T08:50:27.029561Z","level":"info","event":"Retrieved 500 rows from LTA at skip=9500","logger":"lta_common","filename":"lta_common.py","lineno":43}
{"timestamp":"2026-04-15T08:50:27.030653Z","level":"info","event":"[FETCH DONE] retrieved=500 rows at skip=9500","logger":"lta_common","filename":"lta_common.py","lineno":58}
{"timestamp":"2026-04-15T08:50:27.030831Z","level":"info","event":"STEP 4: processing page skip=9500 rows=500","logger":"unusual_prefix_faea391ec71b1d4b4651510353e4a48d62001c31_2_refresh_traffic_speed","filename":"2_refresh_traffic_speed.py","lineno":41}
{"timestamp":"2026-04-15T08:50:27.032629Z","level":"info","event":"[CLEAN DONE] rows=500 | null_speed_band=0 | null_minimum_speed=0 | null_maximum_speed=0","logger":"lta_common","filename":"lta_common.py","lineno":147}
{"timestamp":"2026-04-15T08:50:27.032677Z","level":"info","event":"STEP 5: built cleaned snapshot dataframe rows=500","logger":"unusual_prefix_faea391ec71b1d4b4651510353e4a48d62001c31_2_refresh_traffic_speed","filename":"2_refresh_traffic_speed.py","lineno":44}
{"timestamp":"2026-04-15T08:50:27.033005Z","level":"info","event":"[LATEST PREP] rows=500 | missing_measurement_rows=0","logger":"lta_common","filename":"lta_common.py","lineno":178}
{"timestamp":"2026-04-15T08:50:27.033383Z","level":"info","event":"[UPSERT START] upserting 500 rows into traffic_speed_latest","logger":"lta_common","filename":"lta_common.py","lineno":255}
{"timestamp":"2026-04-15T08:50:27.395885Z","level":"info","event":"[UPSERT DONE] upserted=500 rows into traffic_speed_latest","logger":"lta_common","filename":"lta_common.py","lineno":284}
{"timestamp":"2026-04-15T08:50:27.396647Z","level":"info","event":"[SAVE START] inserting 500 rows into traffic_speed_recent","logger":"lta_common","filename":"lta_common.py","lineno":226}
{"timestamp":"2026-04-15T08:50:27.775408Z","level":"info","event":"[SAVE DONE] inserted=500 rows into traffic_speed_recent","logger":"lta_common","filename":"lta_common.py","lineno":244}
{"timestamp":"2026-04-15T08:50:27.775517Z","level":"info","event":"STEP 6: page saved skip=9500 | pages=20 | latest_rows=10000 | recent_rows=10000","logger":"unusual_prefix_faea391ec71b1d4b4651510353e4a48d62001c31_2_refresh_traffic_speed","filename":"2_refresh_traffic_speed.py","lineno":56}
{"timestamp":"2026-04-15T08:50:27.775553Z","level":"info","event":"========== PAGE START ==========","logger":"lta_common","filename":"lta_common.py","lineno":52}
{"timestamp":"2026-04-15T08:50:27.775574Z","level":"info","event":"[FETCH] requesting rows 10000–10499","logger":"lta_common","filename":"lta_common.py","lineno":53}
{"timestamp":"2026-04-15T08:50:27.775602Z","level":"info","event":"Fetching page from LTA: skip=10000","logger":"lta_common","filename":"lta_common.py","lineno":35}
{"timestamp":"2026-04-15T08:50:28.136412Z","level":"info","event":"Retrieved 500 rows from LTA at skip=10000","logger":"lta_common","filename":"lta_common.py","lineno":43}
{"timestamp":"2026-04-15T08:50:28.137668Z","level":"info","event":"[FETCH DONE] retrieved=500 rows at skip=10000","logger":"lta_common","filename":"lta_common.py","lineno":58}
{"timestamp":"2026-04-15T08:50:28.137765Z","level":"info","event":"STEP 4: processing page skip=10000 rows=500","logger":"unusual_prefix_faea391ec71b1d4b4651510353e4a48d62001c31_2_refresh_traffic_speed","filename":"2_refresh_traffic_speed.py","lineno":41}
{"timestamp":"2026-04-15T08:50:28.139559Z","level":"info","event":"[CLEAN DONE] rows=500 | null_speed_band=0 | null_minimum_speed=0 | null_maximum_speed=0","logger":"lta_common","filename":"lta_common.py","lineno":147}
{"timestamp":"2026-04-15T08:50:28.139614Z","level":"info","event":"STEP 5: built cleaned snapshot dataframe rows=500","logger":"unusual_prefix_faea391ec71b1d4b4651510353e4a48d62001c31_2_refresh_traffic_speed","filename":"2_refresh_traffic_speed.py","lineno":44}
{"timestamp":"2026-04-15T08:50:28.139958Z","level":"info","event":"[LATEST PREP] rows=500 | missing_measurement_rows=0","logger":"lta_common","filename":"lta_common.py","lineno":178}
{"timestamp":"2026-04-15T08:50:28.140341Z","level":"info","event":"[UPSERT START] upserting 500 rows into traffic_speed_latest","logger":"lta_common","filename":"lta_common.py","lineno":255}
{"timestamp":"2026-04-15T08:50:28.536369Z","level":"info","event":"[UPSERT DONE] upserted=500 rows into traffic_speed_latest","logger":"lta_common","filename":"lta_common.py","lineno":284}
{"timestamp":"2026-04-15T08:50:28.537599Z","level":"info","event":"[SAVE START] inserting 500 rows into traffic_speed_recent","logger":"lta_common","filename":"lta_common.py","lineno":226}
{"timestamp":"2026-04-15T08:50:28.934647Z","level":"info","event":"[SAVE DONE] inserted=500 rows into traffic_speed_recent","logger":"lta_common","filename":"lta_common.py","lineno":244}
{"timestamp":"2026-04-15T08:50:28.935297Z","level":"info","event":"STEP 6: page saved skip=10000 | pages=21 | latest_rows=10500 | recent_rows=10500","logger":"unusual_prefix_faea391ec71b1d4b4651510353e4a48d62001c31_2_refresh_traffic_speed","filename":"2_refresh_traffic_speed.py","lineno":56}
{"timestamp":"2026-04-15T08:50:28.935474Z","level":"info","event":"========== PAGE START ==========","logger":"lta_common","filename":"lta_common.py","lineno":52}
{"timestamp":"2026-04-15T08:50:28.935644Z","level":"info","event":"[FETCH] requesting rows 10500–10999","logger":"lta_common","filename":"lta_common.py","lineno":53}
{"timestamp":"2026-04-15T08:50:28.935813Z","level":"info","event":"Fetching page from LTA: skip=10500","logger":"lta_common","filename":"lta_common.py","lineno":35}
{"timestamp":"2026-04-15T08:50:29.323189Z","level":"info","event":"Retrieved 500 rows from LTA at skip=10500","logger":"lta_common","filename":"lta_common.py","lineno":43}
{"timestamp":"2026-04-15T08:50:29.328090Z","level":"info","event":"[FETCH DONE] retrieved=500 rows at skip=10500","logger":"lta_common","filename":"lta_common.py","lineno":58}
{"timestamp":"2026-04-15T08:50:29.329045Z","level":"info","event":"STEP 4: processing page skip=10500 rows=500","logger":"unusual_prefix_faea391ec71b1d4b4651510353e4a48d62001c31_2_refresh_traffic_speed","filename":"2_refresh_traffic_speed.py","lineno":41}
{"timestamp":"2026-04-15T08:50:29.334910Z","level":"info","event":"[CLEAN DONE] rows=500 | null_speed_band=0 | null_minimum_speed=0 | null_maximum_speed=0","logger":"lta_common","filename":"lta_common.py","lineno":147}
{"timestamp":"2026-04-15T08:50:29.335088Z","level":"info","event":"STEP 5: built cleaned snapshot dataframe rows=500","logger":"unusual_prefix_faea391ec71b1d4b4651510353e4a48d62001c31_2_refresh_traffic_speed","filename":"2_refresh_traffic_speed.py","lineno":44}
{"timestamp":"2026-04-15T08:50:29.336144Z","level":"info","event":"[LATEST PREP] rows=500 | missing_measurement_rows=0","logger":"lta_common","filename":"lta_common.py","lineno":178}
{"timestamp":"2026-04-15T08:50:29.337470Z","level":"info","event":"[UPSERT START] upserting 500 rows into traffic_speed_latest","logger":"lta_common","filename":"lta_common.py","lineno":255}
{"timestamp":"2026-04-15T08:50:29.785757Z","level":"info","event":"[UPSERT DONE] upserted=500 rows into traffic_speed_latest","logger":"lta_common","filename":"lta_common.py","lineno":284}
{"timestamp":"2026-04-15T08:50:29.786808Z","level":"info","event":"[SAVE START] inserting 500 rows into traffic_speed_recent","logger":"lta_common","filename":"lta_common.py","lineno":226}
{"timestamp":"2026-04-15T08:50:30.183444Z","level":"info","event":"[SAVE DONE] inserted=500 rows into traffic_speed_recent","logger":"lta_common","filename":"lta_common.py","lineno":244}
{"timestamp":"2026-04-15T08:50:30.184009Z","level":"info","event":"STEP 6: page saved skip=10500 | pages=22 | latest_rows=11000 | recent_rows=11000","logger":"unusual_prefix_faea391ec71b1d4b4651510353e4a48d62001c31_2_refresh_traffic_speed","filename":"2_refresh_traffic_speed.py","lineno":56}
{"timestamp":"2026-04-15T08:50:30.184131Z","level":"info","event":"========== PAGE START ==========","logger":"lta_common","filename":"lta_common.py","lineno":52}
{"timestamp":"2026-04-15T08:50:30.184209Z","level":"info","event":"[FETCH] requesting rows 11000–11499","logger":"lta_common","filename":"lta_common.py","lineno":53}
{"timestamp":"2026-04-15T08:50:30.184310Z","level":"info","event":"Fetching page from LTA: skip=11000","logger":"lta_common","filename":"lta_common.py","lineno":35}
{"timestamp":"2026-04-15T08:50:30.613023Z","level":"info","event":"Retrieved 500 rows from LTA at skip=11000","logger":"lta_common","filename":"lta_common.py","lineno":43}
{"timestamp":"2026-04-15T08:50:30.618016Z","level":"info","event":"[FETCH DONE] retrieved=500 rows at skip=11000","logger":"lta_common","filename":"lta_common.py","lineno":58}
{"timestamp":"2026-04-15T08:50:30.618890Z","level":"info","event":"STEP 4: processing page skip=11000 rows=500","logger":"unusual_prefix_faea391ec71b1d4b4651510353e4a48d62001c31_2_refresh_traffic_speed","filename":"2_refresh_traffic_speed.py","lineno":41}
{"timestamp":"2026-04-15T08:50:30.625157Z","level":"info","event":"[CLEAN DONE] rows=500 | null_speed_band=0 | null_minimum_speed=0 | null_maximum_speed=0","logger":"lta_common","filename":"lta_common.py","lineno":147}
{"timestamp":"2026-04-15T08:50:30.625371Z","level":"info","event":"STEP 5: built cleaned snapshot dataframe rows=500","logger":"unusual_prefix_faea391ec71b1d4b4651510353e4a48d62001c31_2_refresh_traffic_speed","filename":"2_refresh_traffic_speed.py","lineno":44}
{"timestamp":"2026-04-15T08:50:30.626494Z","level":"info","event":"[LATEST PREP] rows=500 | missing_measurement_rows=0","logger":"lta_common","filename":"lta_common.py","lineno":178}
{"timestamp":"2026-04-15T08:50:30.627576Z","level":"info","event":"[UPSERT START] upserting 500 rows into traffic_speed_latest","logger":"lta_common","filename":"lta_common.py","lineno":255}
{"timestamp":"2026-04-15T08:50:31.072707Z","level":"info","event":"[UPSERT DONE] upserted=500 rows into traffic_speed_latest","logger":"lta_common","filename":"lta_common.py","lineno":284}
{"timestamp":"2026-04-15T08:50:31.075798Z","level":"info","event":"[SAVE START] inserting 500 rows into traffic_speed_recent","logger":"lta_common","filename":"lta_common.py","lineno":226}
{"timestamp":"2026-04-15T08:50:31.488967Z","level":"info","event":"[SAVE DONE] inserted=500 rows into traffic_speed_recent","logger":"lta_common","filename":"lta_common.py","lineno":244}
{"timestamp":"2026-04-15T08:50:31.489084Z","level":"info","event":"STEP 6: page saved skip=11000 | pages=23 | latest_rows=11500 | recent_rows=11500","logger":"unusual_prefix_faea391ec71b1d4b4651510353e4a48d62001c31_2_refresh_traffic_speed","filename":"2_refresh_traffic_speed.py","lineno":56}
{"timestamp":"2026-04-15T08:50:31.489123Z","level":"info","event":"========== PAGE START ==========","logger":"lta_common","filename":"lta_common.py","lineno":52}
{"timestamp":"2026-04-15T08:50:31.489148Z","level":"info","event":"[FETCH] requesting rows 11500–11999","logger":"lta_common","filename":"lta_common.py","lineno":53}
{"timestamp":"2026-04-15T08:50:31.489184Z","level":"info","event":"Fetching page from LTA: skip=11500","logger":"lta_common","filename":"lta_common.py","lineno":35}
{"timestamp":"2026-04-15T08:50:31.877284Z","level":"info","event":"Retrieved 500 rows from LTA at skip=11500","logger":"lta_common","filename":"lta_common.py","lineno":43}
{"timestamp":"2026-04-15T08:50:31.878490Z","level":"info","event":"[FETCH DONE] retrieved=500 rows at skip=11500","logger":"lta_common","filename":"lta_common.py","lineno":58}
{"timestamp":"2026-04-15T08:50:31.878737Z","level":"info","event":"STEP 4: processing page skip=11500 rows=500","logger":"unusual_prefix_faea391ec71b1d4b4651510353e4a48d62001c31_2_refresh_traffic_speed","filename":"2_refresh_traffic_speed.py","lineno":41}
{"timestamp":"2026-04-15T08:50:31.881255Z","level":"info","event":"[CLEAN DONE] rows=500 | null_speed_band=0 | null_minimum_speed=0 | null_maximum_speed=0","logger":"lta_common","filename":"lta_common.py","lineno":147}
{"timestamp":"2026-04-15T08:50:31.881319Z","level":"info","event":"STEP 5: built cleaned snapshot dataframe rows=500","logger":"unusual_prefix_faea391ec71b1d4b4651510353e4a48d62001c31_2_refresh_traffic_speed","filename":"2_refresh_traffic_speed.py","lineno":44}
{"timestamp":"2026-04-15T08:50:31.881829Z","level":"info","event":"[LATEST PREP] rows=500 | missing_measurement_rows=0","logger":"lta_common","filename":"lta_common.py","lineno":178}
{"timestamp":"2026-04-15T08:50:31.882301Z","level":"info","event":"[UPSERT START] upserting 500 rows into traffic_speed_latest","logger":"lta_common","filename":"lta_common.py","lineno":255}
{"timestamp":"2026-04-15T08:50:32.266545Z","level":"info","event":"[UPSERT DONE] upserted=500 rows into traffic_speed_latest","logger":"lta_common","filename":"lta_common.py","lineno":284}
{"timestamp":"2026-04-15T08:50:32.267195Z","level":"info","event":"[SAVE START] inserting 500 rows into traffic_speed_recent","logger":"lta_common","filename":"lta_common.py","lineno":226}
{"timestamp":"2026-04-15T08:50:32.645748Z","level":"info","event":"[SAVE DONE] inserted=500 rows into traffic_speed_recent","logger":"lta_common","filename":"lta_common.py","lineno":244}
{"timestamp":"2026-04-15T08:50:32.645909Z","level":"info","event":"STEP 6: page saved skip=11500 | pages=24 | latest_rows=12000 | recent_rows=12000","logger":"unusual_prefix_faea391ec71b1d4b4651510353e4a48d62001c31_2_refresh_traffic_speed","filename":"2_refresh_traffic_speed.py","lineno":56}
{"timestamp":"2026-04-15T08:50:32.645954Z","level":"info","event":"========== PAGE START ==========","logger":"lta_common","filename":"lta_common.py","lineno":52}
{"timestamp":"2026-04-15T08:50:32.645981Z","level":"info","event":"[FETCH] requesting rows 12000–12499","logger":"lta_common","filename":"lta_common.py","lineno":53}
{"timestamp":"2026-04-15T08:50:32.646023Z","level":"info","event":"Fetching page from LTA: skip=12000","logger":"lta_common","filename":"lta_common.py","lineno":35}
{"timestamp":"2026-04-15T08:50:33.010790Z","level":"info","event":"Retrieved 500 rows from LTA at skip=12000","logger":"lta_common","filename":"lta_common.py","lineno":43}
{"timestamp":"2026-04-15T08:50:33.019673Z","level":"info","event":"[FETCH DONE] retrieved=500 rows at skip=12000","logger":"lta_common","filename":"lta_common.py","lineno":58}
{"timestamp":"2026-04-15T08:50:33.020608Z","level":"info","event":"STEP 4: processing page skip=12000 rows=500","logger":"unusual_prefix_faea391ec71b1d4b4651510353e4a48d62001c31_2_refresh_traffic_speed","filename":"2_refresh_traffic_speed.py","lineno":41}
{"timestamp":"2026-04-15T08:50:33.027608Z","level":"info","event":"[CLEAN DONE] rows=500 | null_speed_band=0 | null_minimum_speed=0 | null_maximum_speed=0","logger":"lta_common","filename":"lta_common.py","lineno":147}
{"timestamp":"2026-04-15T08:50:33.027816Z","level":"info","event":"STEP 5: built cleaned snapshot dataframe rows=500","logger":"unusual_prefix_faea391ec71b1d4b4651510353e4a48d62001c31_2_refresh_traffic_speed","filename":"2_refresh_traffic_speed.py","lineno":44}
{"timestamp":"2026-04-15T08:50:33.028789Z","level":"info","event":"[LATEST PREP] rows=500 | missing_measurement_rows=0","logger":"lta_common","filename":"lta_common.py","lineno":178}
{"timestamp":"2026-04-15T08:50:33.029710Z","level":"info","event":"[UPSERT START] upserting 500 rows into traffic_speed_latest","logger":"lta_common","filename":"lta_common.py","lineno":255}
{"timestamp":"2026-04-15T08:50:33.435919Z","level":"info","event":"[UPSERT DONE] upserted=500 rows into traffic_speed_latest","logger":"lta_common","filename":"lta_common.py","lineno":284}
{"timestamp":"2026-04-15T08:50:33.437070Z","level":"info","event":"[SAVE START] inserting 500 rows into traffic_speed_recent","logger":"lta_common","filename":"lta_common.py","lineno":226}
{"timestamp":"2026-04-15T08:50:33.852422Z","level":"info","event":"[SAVE DONE] inserted=500 rows into traffic_speed_recent","logger":"lta_common","filename":"lta_common.py","lineno":244}
{"timestamp":"2026-04-15T08:50:33.853282Z","level":"info","event":"STEP 6: page saved skip=12000 | pages=25 | latest_rows=12500 | recent_rows=12500","logger":"unusual_prefix_faea391ec71b1d4b4651510353e4a48d62001c31_2_refresh_traffic_speed","filename":"2_refresh_traffic_speed.py","lineno":56}
{"timestamp":"2026-04-15T08:50:33.853571Z","level":"info","event":"========== PAGE START ==========","logger":"lta_common","filename":"lta_common.py","lineno":52}
{"timestamp":"2026-04-15T08:50:33.853747Z","level":"info","event":"[FETCH] requesting rows 12500–12999","logger":"lta_common","filename":"lta_common.py","lineno":53}
{"timestamp":"2026-04-15T08:50:33.853941Z","level":"info","event":"Fetching page from LTA: skip=12500","logger":"lta_common","filename":"lta_common.py","lineno":35}
{"timestamp":"2026-04-15T08:50:34.306167Z","level":"info","event":"Retrieved 500 rows from LTA at skip=12500","logger":"lta_common","filename":"lta_common.py","lineno":43}
{"timestamp":"2026-04-15T08:50:34.312056Z","level":"info","event":"[FETCH DONE] retrieved=500 rows at skip=12500","logger":"lta_common","filename":"lta_common.py","lineno":58}
{"timestamp":"2026-04-15T08:50:34.312786Z","level":"info","event":"STEP 4: processing page skip=12500 rows=500","logger":"unusual_prefix_faea391ec71b1d4b4651510353e4a48d62001c31_2_refresh_traffic_speed","filename":"2_refresh_traffic_speed.py","lineno":41}
{"timestamp":"2026-04-15T08:50:34.318031Z","level":"info","event":"[CLEAN DONE] rows=500 | null_speed_band=0 | null_minimum_speed=0 | null_maximum_speed=0","logger":"lta_common","filename":"lta_common.py","lineno":147}
{"timestamp":"2026-04-15T08:50:34.318169Z","level":"info","event":"STEP 5: built cleaned snapshot dataframe rows=500","logger":"unusual_prefix_faea391ec71b1d4b4651510353e4a48d62001c31_2_refresh_traffic_speed","filename":"2_refresh_traffic_speed.py","lineno":44}
{"timestamp":"2026-04-15T08:50:34.319002Z","level":"info","event":"[LATEST PREP] rows=500 | missing_measurement_rows=0","logger":"lta_common","filename":"lta_common.py","lineno":178}
{"timestamp":"2026-04-15T08:50:34.319780Z","level":"info","event":"[UPSERT START] upserting 500 rows into traffic_speed_latest","logger":"lta_common","filename":"lta_common.py","lineno":255}
{"timestamp":"2026-04-15T08:50:34.759944Z","level":"info","event":"[UPSERT DONE] upserted=500 rows into traffic_speed_latest","logger":"lta_common","filename":"lta_common.py","lineno":284}
{"timestamp":"2026-04-15T08:50:34.762083Z","level":"info","event":"[SAVE START] inserting 500 rows into traffic_speed_recent","logger":"lta_common","filename":"lta_common.py","lineno":226}
{"timestamp":"2026-04-15T08:50:35.168654Z","level":"info","event":"[SAVE DONE] inserted=500 rows into traffic_speed_recent","logger":"lta_common","filename":"lta_common.py","lineno":244}
{"timestamp":"2026-04-15T08:50:35.169116Z","level":"info","event":"STEP 6: page saved skip=12500 | pages=26 | latest_rows=13000 | recent_rows=13000","logger":"unusual_prefix_faea391ec71b1d4b4651510353e4a48d62001c31_2_refresh_traffic_speed","filename":"2_refresh_traffic_speed.py","lineno":56}
{"timestamp":"2026-04-15T08:50:35.169229Z","level":"info","event":"========== PAGE START ==========","logger":"lta_common","filename":"lta_common.py","lineno":52}
{"timestamp":"2026-04-15T08:50:35.169336Z","level":"info","event":"[FETCH] requesting rows 13000–13499","logger":"lta_common","filename":"lta_common.py","lineno":53}
{"timestamp":"2026-04-15T08:50:35.169447Z","level":"info","event":"Fetching page from LTA: skip=13000","logger":"lta_common","filename":"lta_common.py","lineno":35}
{"timestamp":"2026-04-15T08:50:35.588791Z","level":"info","event":"Retrieved 500 rows from LTA at skip=13000","logger":"lta_common","filename":"lta_common.py","lineno":43}
{"timestamp":"2026-04-15T08:50:35.595504Z","level":"info","event":"[FETCH DONE] retrieved=500 rows at skip=13000","logger":"lta_common","filename":"lta_common.py","lineno":58}
{"timestamp":"2026-04-15T08:50:35.596262Z","level":"info","event":"STEP 4: processing page skip=13000 rows=500","logger":"unusual_prefix_faea391ec71b1d4b4651510353e4a48d62001c31_2_refresh_traffic_speed","filename":"2_refresh_traffic_speed.py","lineno":41}
{"timestamp":"2026-04-15T08:50:35.603610Z","level":"info","event":"[CLEAN DONE] rows=500 | null_speed_band=0 | null_minimum_speed=0 | null_maximum_speed=0","logger":"lta_common","filename":"lta_common.py","lineno":147}
{"timestamp":"2026-04-15T08:50:35.604112Z","level":"info","event":"STEP 5: built cleaned snapshot dataframe rows=500","logger":"unusual_prefix_faea391ec71b1d4b4651510353e4a48d62001c31_2_refresh_traffic_speed","filename":"2_refresh_traffic_speed.py","lineno":44}
{"timestamp":"2026-04-15T08:50:35.605248Z","level":"info","event":"[LATEST PREP] rows=500 | missing_measurement_rows=0","logger":"lta_common","filename":"lta_common.py","lineno":178}
{"timestamp":"2026-04-15T08:50:35.606209Z","level":"info","event":"[UPSERT START] upserting 500 rows into traffic_speed_latest","logger":"lta_common","filename":"lta_common.py","lineno":255}
{"timestamp":"2026-04-15T08:50:36.041497Z","level":"info","event":"[UPSERT DONE] upserted=500 rows into traffic_speed_latest","logger":"lta_common","filename":"lta_common.py","lineno":284}
{"timestamp":"2026-04-15T08:50:36.042074Z","level":"info","event":"[SAVE START] inserting 500 rows into traffic_speed_recent","logger":"lta_common","filename":"lta_common.py","lineno":226}
{"timestamp":"2026-04-15T08:50:36.471809Z","level":"info","event":"[SAVE DONE] inserted=500 rows into traffic_speed_recent","logger":"lta_common","filename":"lta_common.py","lineno":244}
{"timestamp":"2026-04-15T08:50:36.471938Z","level":"info","event":"STEP 6: page saved skip=13000 | pages=27 | latest_rows=13500 | recent_rows=13500","logger":"unusual_prefix_faea391ec71b1d4b4651510353e4a48d62001c31_2_refresh_traffic_speed","filename":"2_refresh_traffic_speed.py","lineno":56}
{"timestamp":"2026-04-15T08:50:36.471969Z","level":"info","event":"========== PAGE START ==========","logger":"lta_common","filename":"lta_common.py","lineno":52}
{"timestamp":"2026-04-15T08:50:36.471991Z","level":"info","event":"[FETCH] requesting rows 13500–13999","logger":"lta_common","filename":"lta_common.py","lineno":53}
{"timestamp":"2026-04-15T08:50:36.472021Z","level":"info","event":"Fetching page from LTA: skip=13500","logger":"lta_common","filename":"lta_common.py","lineno":35}
{"timestamp":"2026-04-15T08:50:36.854141Z","level":"info","event":"Retrieved 500 rows from LTA at skip=13500","logger":"lta_common","filename":"lta_common.py","lineno":43}
{"timestamp":"2026-04-15T08:50:36.855395Z","level":"info","event":"[FETCH DONE] retrieved=500 rows at skip=13500","logger":"lta_common","filename":"lta_common.py","lineno":58}
{"timestamp":"2026-04-15T08:50:36.855681Z","level":"info","event":"STEP 4: processing page skip=13500 rows=500","logger":"unusual_prefix_faea391ec71b1d4b4651510353e4a48d62001c31_2_refresh_traffic_speed","filename":"2_refresh_traffic_speed.py","lineno":41}
{"timestamp":"2026-04-15T08:50:36.857545Z","level":"info","event":"[CLEAN DONE] rows=500 | null_speed_band=0 | null_minimum_speed=0 | null_maximum_speed=0","logger":"lta_common","filename":"lta_common.py","lineno":147}
{"timestamp":"2026-04-15T08:50:36.857611Z","level":"info","event":"STEP 5: built cleaned snapshot dataframe rows=500","logger":"unusual_prefix_faea391ec71b1d4b4651510353e4a48d62001c31_2_refresh_traffic_speed","filename":"2_refresh_traffic_speed.py","lineno":44}
{"timestamp":"2026-04-15T08:50:36.857975Z","level":"info","event":"[LATEST PREP] rows=500 | missing_measurement_rows=0","logger":"lta_common","filename":"lta_common.py","lineno":178}
{"timestamp":"2026-04-15T08:50:36.858352Z","level":"info","event":"[UPSERT START] upserting 500 rows into traffic_speed_latest","logger":"lta_common","filename":"lta_common.py","lineno":255}
{"timestamp":"2026-04-15T08:50:37.287063Z","level":"info","event":"[UPSERT DONE] upserted=500 rows into traffic_speed_latest","logger":"lta_common","filename":"lta_common.py","lineno":284}
{"timestamp":"2026-04-15T08:50:37.289756Z","level":"info","event":"[SAVE START] inserting 500 rows into traffic_speed_recent","logger":"lta_common","filename":"lta_common.py","lineno":226}
{"timestamp":"2026-04-15T08:50:37.719983Z","level":"info","event":"[SAVE DONE] inserted=500 rows into traffic_speed_recent","logger":"lta_common","filename":"lta_common.py","lineno":244}
{"timestamp":"2026-04-15T08:50:37.721093Z","level":"info","event":"STEP 6: page saved skip=13500 | pages=28 | latest_rows=14000 | recent_rows=14000","logger":"unusual_prefix_faea391ec71b1d4b4651510353e4a48d62001c31_2_refresh_traffic_speed","filename":"2_refresh_traffic_speed.py","lineno":56}
{"timestamp":"2026-04-15T08:50:37.721370Z","level":"info","event":"========== PAGE START ==========","logger":"lta_common","filename":"lta_common.py","lineno":52}
{"timestamp":"2026-04-15T08:50:37.721588Z","level":"info","event":"[FETCH] requesting rows 14000–14499","logger":"lta_common","filename":"lta_common.py","lineno":53}
{"timestamp":"2026-04-15T08:50:37.721796Z","level":"info","event":"Fetching page from LTA: skip=14000","logger":"lta_common","filename":"lta_common.py","lineno":35}
{"timestamp":"2026-04-15T08:50:38.152240Z","level":"info","event":"Retrieved 500 rows from LTA at skip=14000","logger":"lta_common","filename":"lta_common.py","lineno":43}
{"timestamp":"2026-04-15T08:50:38.157595Z","level":"info","event":"[FETCH DONE] retrieved=500 rows at skip=14000","logger":"lta_common","filename":"lta_common.py","lineno":58}
{"timestamp":"2026-04-15T08:50:38.158668Z","level":"info","event":"STEP 4: processing page skip=14000 rows=500","logger":"unusual_prefix_faea391ec71b1d4b4651510353e4a48d62001c31_2_refresh_traffic_speed","filename":"2_refresh_traffic_speed.py","lineno":41}
{"timestamp":"2026-04-15T08:50:38.165331Z","level":"info","event":"[CLEAN DONE] rows=500 | null_speed_band=0 | null_minimum_speed=0 | null_maximum_speed=0","logger":"lta_common","filename":"lta_common.py","lineno":147}
{"timestamp":"2026-04-15T08:50:38.165500Z","level":"info","event":"STEP 5: built cleaned snapshot dataframe rows=500","logger":"unusual_prefix_faea391ec71b1d4b4651510353e4a48d62001c31_2_refresh_traffic_speed","filename":"2_refresh_traffic_speed.py","lineno":44}
{"timestamp":"2026-04-15T08:50:38.166552Z","level":"info","event":"[LATEST PREP] rows=500 | missing_measurement_rows=0","logger":"lta_common","filename":"lta_common.py","lineno":178}
{"timestamp":"2026-04-15T08:50:38.167500Z","level":"info","event":"[UPSERT START] upserting 500 rows into traffic_speed_latest","logger":"lta_common","filename":"lta_common.py","lineno":255}
{"timestamp":"2026-04-15T08:50:38.618683Z","level":"info","event":"[UPSERT DONE] upserted=500 rows into traffic_speed_latest","logger":"lta_common","filename":"lta_common.py","lineno":284}
{"timestamp":"2026-04-15T08:50:38.620101Z","level":"info","event":"[SAVE START] inserting 500 rows into traffic_speed_recent","logger":"lta_common","filename":"lta_common.py","lineno":226}
{"timestamp":"2026-04-15T08:50:39.124357Z","level":"info","event":"[SAVE DONE] inserted=500 rows into traffic_speed_recent","logger":"lta_common","filename":"lta_common.py","lineno":244}
{"timestamp":"2026-04-15T08:50:39.124835Z","level":"info","event":"STEP 6: page saved skip=14000 | pages=29 | latest_rows=14500 | recent_rows=14500","logger":"unusual_prefix_faea391ec71b1d4b4651510353e4a48d62001c31_2_refresh_traffic_speed","filename":"2_refresh_traffic_speed.py","lineno":56}
{"timestamp":"2026-04-15T08:50:39.124984Z","level":"info","event":"========== PAGE START ==========","logger":"lta_common","filename":"lta_common.py","lineno":52}
{"timestamp":"2026-04-15T08:50:39.125110Z","level":"info","event":"[FETCH] requesting rows 14500–14999","logger":"lta_common","filename":"lta_common.py","lineno":53}
{"timestamp":"2026-04-15T08:50:39.125251Z","level":"info","event":"Fetching page from LTA: skip=14500","logger":"lta_common","filename":"lta_common.py","lineno":35}
{"timestamp":"2026-04-15T08:50:39.606952Z","level":"info","event":"Retrieved 500 rows from LTA at skip=14500","logger":"lta_common","filename":"lta_common.py","lineno":43}
{"timestamp":"2026-04-15T08:50:39.610652Z","level":"info","event":"[FETCH DONE] retrieved=500 rows at skip=14500","logger":"lta_common","filename":"lta_common.py","lineno":58}
{"timestamp":"2026-04-15T08:50:39.611219Z","level":"info","event":"STEP 4: processing page skip=14500 rows=500","logger":"unusual_prefix_faea391ec71b1d4b4651510353e4a48d62001c31_2_refresh_traffic_speed","filename":"2_refresh_traffic_speed.py","lineno":41}
{"timestamp":"2026-04-15T08:50:39.614131Z","level":"info","event":"[CLEAN DONE] rows=500 | null_speed_band=0 | null_minimum_speed=0 | null_maximum_speed=0","logger":"lta_common","filename":"lta_common.py","lineno":147}
{"timestamp":"2026-04-15T08:50:39.614201Z","level":"info","event":"STEP 5: built cleaned snapshot dataframe rows=500","logger":"unusual_prefix_faea391ec71b1d4b4651510353e4a48d62001c31_2_refresh_traffic_speed","filename":"2_refresh_traffic_speed.py","lineno":44}
{"timestamp":"2026-04-15T08:50:39.615125Z","level":"info","event":"[LATEST PREP] rows=500 | missing_measurement_rows=0","logger":"lta_common","filename":"lta_common.py","lineno":178}
{"timestamp":"2026-04-15T08:50:39.615674Z","level":"info","event":"[UPSERT START] upserting 500 rows into traffic_speed_latest","logger":"lta_common","filename":"lta_common.py","lineno":255}
{"timestamp":"2026-04-15T08:50:40.039756Z","level":"info","event":"[UPSERT DONE] upserted=500 rows into traffic_speed_latest","logger":"lta_common","filename":"lta_common.py","lineno":284}
{"timestamp":"2026-04-15T08:50:40.040859Z","level":"info","event":"[SAVE START] inserting 500 rows into traffic_speed_recent","logger":"lta_common","filename":"lta_common.py","lineno":226}
{"timestamp":"2026-04-15T08:50:40.598055Z","level":"info","event":"[SAVE DONE] inserted=500 rows into traffic_speed_recent","logger":"lta_common","filename":"lta_common.py","lineno":244}
{"timestamp":"2026-04-15T08:50:40.598205Z","level":"info","event":"STEP 6: page saved skip=14500 | pages=30 | latest_rows=15000 | recent_rows=15000","logger":"unusual_prefix_faea391ec71b1d4b4651510353e4a48d62001c31_2_refresh_traffic_speed","filename":"2_refresh_traffic_speed.py","lineno":56}
{"timestamp":"2026-04-15T08:50:40.598236Z","level":"info","event":"========== PAGE START ==========","logger":"lta_common","filename":"lta_common.py","lineno":52}
{"timestamp":"2026-04-15T08:50:40.598258Z","level":"info","event":"[FETCH] requesting rows 15000–15499","logger":"lta_common","filename":"lta_common.py","lineno":53}
{"timestamp":"2026-04-15T08:50:40.598288Z","level":"info","event":"Fetching page from LTA: skip=15000","logger":"lta_common","filename":"lta_common.py","lineno":35}
{"timestamp":"2026-04-15T08:50:41.484024Z","level":"info","event":"Retrieved 500 rows from LTA at skip=15000","logger":"lta_common","filename":"lta_common.py","lineno":43}
{"timestamp":"2026-04-15T08:50:41.485546Z","level":"info","event":"[FETCH DONE] retrieved=500 rows at skip=15000","logger":"lta_common","filename":"lta_common.py","lineno":58}
{"timestamp":"2026-04-15T08:50:41.485679Z","level":"info","event":"STEP 4: processing page skip=15000 rows=500","logger":"unusual_prefix_faea391ec71b1d4b4651510353e4a48d62001c31_2_refresh_traffic_speed","filename":"2_refresh_traffic_speed.py","lineno":41}
{"timestamp":"2026-04-15T08:50:41.487726Z","level":"info","event":"[CLEAN DONE] rows=500 | null_speed_band=0 | null_minimum_speed=0 | null_maximum_speed=0","logger":"lta_common","filename":"lta_common.py","lineno":147}
{"timestamp":"2026-04-15T08:50:41.487791Z","level":"info","event":"STEP 5: built cleaned snapshot dataframe rows=500","logger":"unusual_prefix_faea391ec71b1d4b4651510353e4a48d62001c31_2_refresh_traffic_speed","filename":"2_refresh_traffic_speed.py","lineno":44}
{"timestamp":"2026-04-15T08:50:41.488160Z","level":"info","event":"[LATEST PREP] rows=500 | missing_measurement_rows=0","logger":"lta_common","filename":"lta_common.py","lineno":178}
{"timestamp":"2026-04-15T08:50:41.488564Z","level":"info","event":"[UPSERT START] upserting 500 rows into traffic_speed_latest","logger":"lta_common","filename":"lta_common.py","lineno":255}
{"timestamp":"2026-04-15T08:50:41.886865Z","level":"info","event":"[UPSERT DONE] upserted=500 rows into traffic_speed_latest","logger":"lta_common","filename":"lta_common.py","lineno":284}
{"timestamp":"2026-04-15T08:50:41.890848Z","level":"info","event":"[SAVE START] inserting 500 rows into traffic_speed_recent","logger":"lta_common","filename":"lta_common.py","lineno":226}
{"timestamp":"2026-04-15T08:50:42.297484Z","level":"info","event":"[SAVE DONE] inserted=500 rows into traffic_speed_recent","logger":"lta_common","filename":"lta_common.py","lineno":244}
{"timestamp":"2026-04-15T08:50:42.297764Z","level":"info","event":"STEP 6: page saved skip=15000 | pages=31 | latest_rows=15500 | recent_rows=15500","logger":"unusual_prefix_faea391ec71b1d4b4651510353e4a48d62001c31_2_refresh_traffic_speed","filename":"2_refresh_traffic_speed.py","lineno":56}
{"timestamp":"2026-04-15T08:50:42.297828Z","level":"info","event":"========== PAGE START ==========","logger":"lta_common","filename":"lta_common.py","lineno":52}
{"timestamp":"2026-04-15T08:50:42.297878Z","level":"info","event":"[FETCH] requesting rows 15500–15999","logger":"lta_common","filename":"lta_common.py","lineno":53}
{"timestamp":"2026-04-15T08:50:42.297942Z","level":"info","event":"Fetching page from LTA: skip=15500","logger":"lta_common","filename":"lta_common.py","lineno":35}
{"timestamp":"2026-04-15T08:50:42.861877Z","level":"info","event":"Retrieved 500 rows from LTA at skip=15500","logger":"lta_common","filename":"lta_common.py","lineno":43}
{"timestamp":"2026-04-15T08:50:42.865780Z","level":"info","event":"[FETCH DONE] retrieved=500 rows at skip=15500","logger":"lta_common","filename":"lta_common.py","lineno":58}
{"timestamp":"2026-04-15T08:50:42.867116Z","level":"info","event":"STEP 4: processing page skip=15500 rows=500","logger":"unusual_prefix_faea391ec71b1d4b4651510353e4a48d62001c31_2_refresh_traffic_speed","filename":"2_refresh_traffic_speed.py","lineno":41}
{"timestamp":"2026-04-15T08:50:42.872033Z","level":"info","event":"[CLEAN DONE] rows=500 | null_speed_band=0 | null_minimum_speed=0 | null_maximum_speed=0","logger":"lta_common","filename":"lta_common.py","lineno":147}
{"timestamp":"2026-04-15T08:50:42.872414Z","level":"info","event":"STEP 5: built cleaned snapshot dataframe rows=500","logger":"unusual_prefix_faea391ec71b1d4b4651510353e4a48d62001c31_2_refresh_traffic_speed","filename":"2_refresh_traffic_speed.py","lineno":44}
{"timestamp":"2026-04-15T08:50:42.873379Z","level":"info","event":"[LATEST PREP] rows=500 | missing_measurement_rows=0","logger":"lta_common","filename":"lta_common.py","lineno":178}
{"timestamp":"2026-04-15T08:50:42.874420Z","level":"info","event":"[UPSERT START] upserting 500 rows into traffic_speed_latest","logger":"lta_common","filename":"lta_common.py","lineno":255}
{"timestamp":"2026-04-15T08:50:43.340574Z","level":"info","event":"[UPSERT DONE] upserted=500 rows into traffic_speed_latest","logger":"lta_common","filename":"lta_common.py","lineno":284}
{"timestamp":"2026-04-15T08:50:43.341195Z","level":"info","event":"[SAVE START] inserting 500 rows into traffic_speed_recent","logger":"lta_common","filename":"lta_common.py","lineno":226}
{"timestamp":"2026-04-15T08:50:43.777768Z","level":"info","event":"[SAVE DONE] inserted=500 rows into traffic_speed_recent","logger":"lta_common","filename":"lta_common.py","lineno":244}
{"timestamp":"2026-04-15T08:50:43.777902Z","level":"info","event":"STEP 6: page saved skip=15500 | pages=32 | latest_rows=16000 | recent_rows=16000","logger":"unusual_prefix_faea391ec71b1d4b4651510353e4a48d62001c31_2_refresh_traffic_speed","filename":"2_refresh_traffic_speed.py","lineno":56}
{"timestamp":"2026-04-15T08:50:43.777943Z","level":"info","event":"========== PAGE START ==========","logger":"lta_common","filename":"lta_common.py","lineno":52}
{"timestamp":"2026-04-15T08:50:43.777966Z","level":"info","event":"[FETCH] requesting rows 16000–16499","logger":"lta_common","filename":"lta_common.py","lineno":53}
{"timestamp":"2026-04-15T08:50:43.777995Z","level":"info","event":"Fetching page from LTA: skip=16000","logger":"lta_common","filename":"lta_common.py","lineno":35}
{"timestamp":"2026-04-15T08:50:44.376547Z","level":"info","event":"Retrieved 500 rows from LTA at skip=16000","logger":"lta_common","filename":"lta_common.py","lineno":43}
{"timestamp":"2026-04-15T08:50:44.378275Z","level":"info","event":"[FETCH DONE] retrieved=500 rows at skip=16000","logger":"lta_common","filename":"lta_common.py","lineno":58}
{"timestamp":"2026-04-15T08:50:44.378543Z","level":"info","event":"STEP 4: processing page skip=16000 rows=500","logger":"unusual_prefix_faea391ec71b1d4b4651510353e4a48d62001c31_2_refresh_traffic_speed","filename":"2_refresh_traffic_speed.py","lineno":41}
{"timestamp":"2026-04-15T08:50:44.381899Z","level":"info","event":"[CLEAN DONE] rows=500 | null_speed_band=0 | null_minimum_speed=0 | null_maximum_speed=0","logger":"lta_common","filename":"lta_common.py","lineno":147}
{"timestamp":"2026-04-15T08:50:44.382043Z","level":"info","event":"STEP 5: built cleaned snapshot dataframe rows=500","logger":"unusual_prefix_faea391ec71b1d4b4651510353e4a48d62001c31_2_refresh_traffic_speed","filename":"2_refresh_traffic_speed.py","lineno":44}
{"timestamp":"2026-04-15T08:50:44.382594Z","level":"info","event":"[LATEST PREP] rows=500 | missing_measurement_rows=0","logger":"lta_common","filename":"lta_common.py","lineno":178}
{"timestamp":"2026-04-15T08:50:44.383043Z","level":"info","event":"[UPSERT START] upserting 500 rows into traffic_speed_latest","logger":"lta_common","filename":"lta_common.py","lineno":255}
{"timestamp":"2026-04-15T08:50:44.911369Z","level":"info","event":"[UPSERT DONE] upserted=500 rows into traffic_speed_latest","logger":"lta_common","filename":"lta_common.py","lineno":284}
{"timestamp":"2026-04-15T08:50:44.911967Z","level":"info","event":"[SAVE START] inserting 500 rows into traffic_speed_recent","logger":"lta_common","filename":"lta_common.py","lineno":226}
{"timestamp":"2026-04-15T08:50:45.332997Z","level":"info","event":"[SAVE DONE] inserted=500 rows into traffic_speed_recent","logger":"lta_common","filename":"lta_common.py","lineno":244}
{"timestamp":"2026-04-15T08:50:45.333132Z","level":"info","event":"STEP 6: page saved skip=16000 | pages=33 | latest_rows=16500 | recent_rows=16500","logger":"unusual_prefix_faea391ec71b1d4b4651510353e4a48d62001c31_2_refresh_traffic_speed","filename":"2_refresh_traffic_speed.py","lineno":56}
{"timestamp":"2026-04-15T08:50:45.333184Z","level":"info","event":"========== PAGE START ==========","logger":"lta_common","filename":"lta_common.py","lineno":52}
{"timestamp":"2026-04-15T08:50:45.333212Z","level":"info","event":"[FETCH] requesting rows 16500–16999","logger":"lta_common","filename":"lta_common.py","lineno":53}
{"timestamp":"2026-04-15T08:50:45.333245Z","level":"info","event":"Fetching page from LTA: skip=16500","logger":"lta_common","filename":"lta_common.py","lineno":35}
{"timestamp":"2026-04-15T08:50:46.111124Z","level":"info","event":"Retrieved 500 rows from LTA at skip=16500","logger":"lta_common","filename":"lta_common.py","lineno":43}
{"timestamp":"2026-04-15T08:50:46.112323Z","level":"info","event":"[FETCH DONE] retrieved=500 rows at skip=16500","logger":"lta_common","filename":"lta_common.py","lineno":58}
{"timestamp":"2026-04-15T08:50:46.112548Z","level":"info","event":"STEP 4: processing page skip=16500 rows=500","logger":"unusual_prefix_faea391ec71b1d4b4651510353e4a48d62001c31_2_refresh_traffic_speed","filename":"2_refresh_traffic_speed.py","lineno":41}
{"timestamp":"2026-04-15T08:50:46.114864Z","level":"info","event":"[CLEAN DONE] rows=500 | null_speed_band=0 | null_minimum_speed=0 | null_maximum_speed=0","logger":"lta_common","filename":"lta_common.py","lineno":147}
{"timestamp":"2026-04-15T08:50:46.114941Z","level":"info","event":"STEP 5: built cleaned snapshot dataframe rows=500","logger":"unusual_prefix_faea391ec71b1d4b4651510353e4a48d62001c31_2_refresh_traffic_speed","filename":"2_refresh_traffic_speed.py","lineno":44}
{"timestamp":"2026-04-15T08:50:46.115327Z","level":"info","event":"[LATEST PREP] rows=500 | missing_measurement_rows=0","logger":"lta_common","filename":"lta_common.py","lineno":178}
{"timestamp":"2026-04-15T08:50:46.115720Z","level":"info","event":"[UPSERT START] upserting 500 rows into traffic_speed_latest","logger":"lta_common","filename":"lta_common.py","lineno":255}
{"timestamp":"2026-04-15T08:50:46.503226Z","level":"info","event":"[UPSERT DONE] upserted=500 rows into traffic_speed_latest","logger":"lta_common","filename":"lta_common.py","lineno":284}
{"timestamp":"2026-04-15T08:50:46.506044Z","level":"info","event":"[SAVE START] inserting 500 rows into traffic_speed_recent","logger":"lta_common","filename":"lta_common.py","lineno":226}
{"timestamp":"2026-04-15T08:50:47.215584Z","level":"info","event":"[SAVE DONE] inserted=500 rows into traffic_speed_recent","logger":"lta_common","filename":"lta_common.py","lineno":244}
{"timestamp":"2026-04-15T08:50:47.216095Z","level":"info","event":"STEP 6: page saved skip=16500 | pages=34 | latest_rows=17000 | recent_rows=17000","logger":"unusual_prefix_faea391ec71b1d4b4651510353e4a48d62001c31_2_refresh_traffic_speed","filename":"2_refresh_traffic_speed.py","lineno":56}
{"timestamp":"2026-04-15T08:50:47.216395Z","level":"info","event":"========== PAGE START ==========","logger":"lta_common","filename":"lta_common.py","lineno":52}
{"timestamp":"2026-04-15T08:50:47.216546Z","level":"info","event":"[FETCH] requesting rows 17000–17499","logger":"lta_common","filename":"lta_common.py","lineno":53}
{"timestamp":"2026-04-15T08:50:47.216707Z","level":"info","event":"Fetching page from LTA: skip=17000","logger":"lta_common","filename":"lta_common.py","lineno":35}
{"timestamp":"2026-04-15T08:50:47.942968Z","level":"info","event":"Retrieved 500 rows from LTA at skip=17000","logger":"lta_common","filename":"lta_common.py","lineno":43}
{"timestamp":"2026-04-15T08:50:47.948981Z","level":"info","event":"[FETCH DONE] retrieved=500 rows at skip=17000","logger":"lta_common","filename":"lta_common.py","lineno":58}
{"timestamp":"2026-04-15T08:50:47.950114Z","level":"info","event":"STEP 4: processing page skip=17000 rows=500","logger":"unusual_prefix_faea391ec71b1d4b4651510353e4a48d62001c31_2_refresh_traffic_speed","filename":"2_refresh_traffic_speed.py","lineno":41}
{"timestamp":"2026-04-15T08:50:47.960003Z","level":"info","event":"[CLEAN DONE] rows=500 | null_speed_band=0 | null_minimum_speed=1 | null_maximum_speed=1","logger":"lta_common","filename":"lta_common.py","lineno":147}
{"timestamp":"2026-04-15T08:50:47.960286Z","level":"info","event":"STEP 5: built cleaned snapshot dataframe rows=500","logger":"unusual_prefix_faea391ec71b1d4b4651510353e4a48d62001c31_2_refresh_traffic_speed","filename":"2_refresh_traffic_speed.py","lineno":44}
{"timestamp":"2026-04-15T08:50:47.962014Z","level":"info","event":"[LATEST PREP] rows=500 | missing_measurement_rows=1","logger":"lta_common","filename":"lta_common.py","lineno":178}
{"timestamp":"2026-04-15T08:50:47.963533Z","level":"info","event":"[UPSERT START] upserting 500 rows into traffic_speed_latest","logger":"lta_common","filename":"lta_common.py","lineno":255}
{"timestamp":"2026-04-15T08:50:48.662216Z","level":"error","event":"FAILED: integer out of range\n","logger":"unusual_prefix_faea391ec71b1d4b4651510353e4a48d62001c31_2_refresh_traffic_speed","filename":"2_refresh_traffic_speed.py","lineno":64}
{"timestamp":"2026-04-15T08:50:48.665804Z","level":"error","event":"Traceback (most recent call last):\n  File \"/opt/airflow/dags/2_refresh_traffic_speed.py\", line 47, in refresh_traffic_speed\n    upsert_latest_snapshot_rows(conn, snapshots_df, batch_size=500)\n  File \"/opt/airflow/dags/lta_common.py\", line 280, in upsert_latest_snapshot_rows\n    execute_values(cur, sql, rows, page_size=batch_size)\n  File \"/home/airflow/.local/lib/python3.12/site-packages/psycopg2/extras.py\", line 1299, in execute_values\n    cur.execute(b''.join(parts))\npsycopg2.errors.NumericValueOutOfRange: integer out of range\n\n","logger":"unusual_prefix_faea391ec71b1d4b4651510353e4a48d62001c31_2_refresh_traffic_speed","filename":"2_refresh_traffic_speed.py","lineno":65}
{"timestamp":"2026-04-15T08:50:48.668216Z","level":"info","event":"Database connection closed","logger":"unusual_prefix_faea391ec71b1d4b4651510353e4a48d62001c31_2_refresh_traffic_speed","filename":"2_refresh_traffic_speed.py","lineno":71}
{"timestamp":"2026-04-15T08:50:48.669185Z","level":"error","event":"Task failed with exception","logger":"task","filename":"task_runner.py","lineno":1142,"error_detail":[{"exc_type":"NumericValueOutOfRange","exc_value":"integer out of range\n","exc_notes":[],"syntax_error":null,"is_cause":false,"frames":[{"filename":"/home/airflow/.local/lib/python3.12/site-packages/airflow/sdk/execution_time/task_runner.py","lineno":1068,"name":"run"},{"filename":"/home/airflow/.local/lib/python3.12/site-packages/airflow/sdk/execution_time/task_runner.py","lineno":1477,"name":"_execute_task"},{"filename":"/home/airflow/.local/lib/python3.12/site-packages/airflow/sdk/bases/operator.py","lineno":417,"name":"wrapper"},{"filename":"/home/airflow/.local/lib/python3.12/site-packages/airflow/providers/standard/operators/python.py","lineno":228,"name":"execute"},{"filename":"/home/airflow/.local/lib/python3.12/site-packages/airflow/providers/standard/operators/python.py","lineno":251,"name":"execute_callable"},{"filename":"/home/airflow/.local/lib/python3.12/site-packages/airflow/sdk/execution_time/callback_runner.py","lineno":82,"name":"run"},{"filename":"/opt/airflow/dags/2_refresh_traffic_speed.py","lineno":47,"name":"refresh_traffic_speed"},{"filename":"/opt/airflow/dags/lta_common.py","lineno":280,"name":"upsert_latest_snapshot_rows"},{"filename":"/home/airflow/.local/lib/python3.12/site-packages/psycopg2/extras.py","lineno":1299,"name":"execute_values"}],"is_group":false,"exceptions":[]}]}
