{"timestamp":"2026-04-15T09:50:33.439805Z","level":"info","event":"DAG bundles loaded: dags-folder","logger":"airflow.dag_processing.bundles.manager.DagBundlesManager","filename":"manager.py","lineno":179}
{"timestamp":"2026-04-15T09:50:33.441033Z","level":"info","event":"Filling up the DagBag from /opt/airflow/dags/2_refresh_traffic_speed.py","logger":"airflow.models.dagbag.BundleDagBag","filename":"dagbag.py","lineno":593}
{"timestamp":"2026-04-15T09:50:33.763402Z","level":"info","event":"STEP 1: start refresh_traffic_speed","logger":"unusual_prefix_faea391ec71b1d4b4651510353e4a48d62001c31_2_refresh_traffic_speed","filename":"2_refresh_traffic_speed.py","lineno":29}
{"timestamp":"2026-04-15T09:50:34.566110Z","level":"info","event":"STEP 2: connected to Supabase","logger":"unusual_prefix_faea391ec71b1d4b4651510353e4a48d62001c31_2_refresh_traffic_speed","filename":"2_refresh_traffic_speed.py","lineno":31}
{"timestamp":"2026-04-15T09:50:34.568041Z","level":"info","event":"STEP 3: snapshot timestamp = 2026-04-15 09:50:34.566243+00:00","logger":"unusual_prefix_faea391ec71b1d4b4651510353e4a48d62001c31_2_refresh_traffic_speed","filename":"2_refresh_traffic_speed.py","lineno":34}
{"timestamp":"2026-04-15T09:50:34.568290Z","level":"info","event":"========== PAGE START ==========","logger":"lta_common","filename":"lta_common.py","lineno":53}
{"timestamp":"2026-04-15T09:50:34.568396Z","level":"info","event":"[FETCH] requesting rows 0–499","logger":"lta_common","filename":"lta_common.py","lineno":54}
{"timestamp":"2026-04-15T09:50:34.568960Z","level":"info","event":"Fetching page from LTA: skip=0","logger":"lta_common","filename":"lta_common.py","lineno":36}
{"timestamp":"2026-04-15T09:50:35.033176Z","level":"info","event":"Retrieved 500 rows from LTA at skip=0","logger":"lta_common","filename":"lta_common.py","lineno":44}
{"timestamp":"2026-04-15T09:50:35.034825Z","level":"info","event":"[FETCH DONE] retrieved=500 rows at skip=0","logger":"lta_common","filename":"lta_common.py","lineno":59}
{"timestamp":"2026-04-15T09:50:35.034904Z","level":"info","event":"STEP 4: processing page skip=0 rows=500","logger":"unusual_prefix_faea391ec71b1d4b4651510353e4a48d62001c31_2_refresh_traffic_speed","filename":"2_refresh_traffic_speed.py","lineno":41}
{"timestamp":"2026-04-15T09:50:35.044278Z","level":"info","event":"[CLEAN DONE] rows=500 | null_speed_band=0 | null_minimum_speed=0 | null_maximum_speed=0","logger":"lta_common","filename":"lta_common.py","lineno":238}
{"timestamp":"2026-04-15T09:50:35.046143Z","level":"info","event":"STEP 5: built cleaned snapshot dataframe rows=500","logger":"unusual_prefix_faea391ec71b1d4b4651510353e4a48d62001c31_2_refresh_traffic_speed","filename":"2_refresh_traffic_speed.py","lineno":44}
{"timestamp":"2026-04-15T09:50:35.046519Z","level":"info","event":"[LATEST PREP] rows=500 | missing_measurement_rows=0","logger":"lta_common","filename":"lta_common.py","lineno":271}
{"timestamp":"2026-04-15T09:50:35.046781Z","level":"info","event":"[UPSERT START] upserting 500 rows into traffic_speed_latest","logger":"lta_common","filename":"lta_common.py","lineno":348}
{"timestamp":"2026-04-15T09:50:35.047167Z","level":"info","event":"[UPSERT DEBUG] max_link_id=719 | min_link_id=2 | max_speed_band=7 | min_speed_band=1 | max_minimum_speed=60 | min_minimum_speed=0 | max_maximum_speed=69 | min_maximum_speed=9","logger":"lta_common","filename":"lta_common.py","lineno":350}
{"timestamp":"2026-04-15T09:50:35.521416Z","level":"info","event":"[UPSERT DONE] upserted=500 rows into traffic_speed_latest","logger":"lta_common","filename":"lta_common.py","lineno":388}
{"timestamp":"2026-04-15T09:50:35.521851Z","level":"info","event":"[SAVE START] inserting 500 rows into traffic_speed_recent","logger":"lta_common","filename":"lta_common.py","lineno":319}
{"timestamp":"2026-04-15T09:50:36.039876Z","level":"info","event":"[SAVE DONE] inserted=500 rows into traffic_speed_recent","logger":"lta_common","filename":"lta_common.py","lineno":337}
{"timestamp":"2026-04-15T09:50:36.040050Z","level":"info","event":"STEP 6: page saved skip=0 | pages=1 | latest_rows=500 | recent_rows=500","logger":"unusual_prefix_faea391ec71b1d4b4651510353e4a48d62001c31_2_refresh_traffic_speed","filename":"2_refresh_traffic_speed.py","lineno":56}
{"timestamp":"2026-04-15T09:50:36.040114Z","level":"info","event":"========== PAGE START ==========","logger":"lta_common","filename":"lta_common.py","lineno":53}
{"timestamp":"2026-04-15T09:50:36.040153Z","level":"info","event":"[FETCH] requesting rows 500–999","logger":"lta_common","filename":"lta_common.py","lineno":54}
{"timestamp":"2026-04-15T09:50:36.040211Z","level":"info","event":"Fetching page from LTA: skip=500","logger":"lta_common","filename":"lta_common.py","lineno":36}
{"timestamp":"2026-04-15T09:50:36.513288Z","level":"info","event":"Retrieved 500 rows from LTA at skip=500","logger":"lta_common","filename":"lta_common.py","lineno":44}
{"timestamp":"2026-04-15T09:50:36.514993Z","level":"info","event":"[FETCH DONE] retrieved=500 rows at skip=500","logger":"lta_common","filename":"lta_common.py","lineno":59}
{"timestamp":"2026-04-15T09:50:36.515133Z","level":"info","event":"STEP 4: processing page skip=500 rows=500","logger":"unusual_prefix_faea391ec71b1d4b4651510353e4a48d62001c31_2_refresh_traffic_speed","filename":"2_refresh_traffic_speed.py","lineno":41}
{"timestamp":"2026-04-15T09:50:36.523564Z","level":"info","event":"[CLEAN DONE] rows=500 | null_speed_band=0 | null_minimum_speed=0 | null_maximum_speed=0","logger":"lta_common","filename":"lta_common.py","lineno":238}
{"timestamp":"2026-04-15T09:50:36.524565Z","level":"info","event":"STEP 5: built cleaned snapshot dataframe rows=500","logger":"unusual_prefix_faea391ec71b1d4b4651510353e4a48d62001c31_2_refresh_traffic_speed","filename":"2_refresh_traffic_speed.py","lineno":44}
{"timestamp":"2026-04-15T09:50:36.524982Z","level":"info","event":"[LATEST PREP] rows=500 | missing_measurement_rows=0","logger":"lta_common","filename":"lta_common.py","lineno":271}
{"timestamp":"2026-04-15T09:50:36.525234Z","level":"info","event":"[UPSERT START] upserting 500 rows into traffic_speed_latest","logger":"lta_common","filename":"lta_common.py","lineno":348}
{"timestamp":"2026-04-15T09:50:36.525549Z","level":"info","event":"[UPSERT DEBUG] max_link_id=1488 | min_link_id=720 | max_speed_band=6 | min_speed_band=1 | max_minimum_speed=50 | min_minimum_speed=0 | max_maximum_speed=59 | min_maximum_speed=9","logger":"lta_common","filename":"lta_common.py","lineno":350}
{"timestamp":"2026-04-15T09:50:36.993738Z","level":"info","event":"[UPSERT DONE] upserted=500 rows into traffic_speed_latest","logger":"lta_common","filename":"lta_common.py","lineno":388}
{"timestamp":"2026-04-15T09:50:36.994270Z","level":"info","event":"[SAVE START] inserting 500 rows into traffic_speed_recent","logger":"lta_common","filename":"lta_common.py","lineno":319}
{"timestamp":"2026-04-15T09:50:37.428714Z","level":"info","event":"[SAVE DONE] inserted=500 rows into traffic_speed_recent","logger":"lta_common","filename":"lta_common.py","lineno":337}
{"timestamp":"2026-04-15T09:50:37.428812Z","level":"info","event":"STEP 6: page saved skip=500 | pages=2 | latest_rows=1000 | recent_rows=1000","logger":"unusual_prefix_faea391ec71b1d4b4651510353e4a48d62001c31_2_refresh_traffic_speed","filename":"2_refresh_traffic_speed.py","lineno":56}
{"timestamp":"2026-04-15T09:50:37.428851Z","level":"info","event":"========== PAGE START ==========","logger":"lta_common","filename":"lta_common.py","lineno":53}
{"timestamp":"2026-04-15T09:50:37.428877Z","level":"info","event":"[FETCH] requesting rows 1000–1499","logger":"lta_common","filename":"lta_common.py","lineno":54}
{"timestamp":"2026-04-15T09:50:37.428906Z","level":"info","event":"Fetching page from LTA: skip=1000","logger":"lta_common","filename":"lta_common.py","lineno":36}
{"timestamp":"2026-04-15T09:50:37.805670Z","level":"info","event":"Retrieved 500 rows from LTA at skip=1000","logger":"lta_common","filename":"lta_common.py","lineno":44}
{"timestamp":"2026-04-15T09:50:37.806786Z","level":"info","event":"[FETCH DONE] retrieved=500 rows at skip=1000","logger":"lta_common","filename":"lta_common.py","lineno":59}
{"timestamp":"2026-04-15T09:50:37.806980Z","level":"info","event":"STEP 4: processing page skip=1000 rows=500","logger":"unusual_prefix_faea391ec71b1d4b4651510353e4a48d62001c31_2_refresh_traffic_speed","filename":"2_refresh_traffic_speed.py","lineno":41}
{"timestamp":"2026-04-15T09:50:37.814673Z","level":"info","event":"[CLEAN DONE] rows=500 | null_speed_band=0 | null_minimum_speed=0 | null_maximum_speed=0","logger":"lta_common","filename":"lta_common.py","lineno":238}
{"timestamp":"2026-04-15T09:50:37.815411Z","level":"info","event":"STEP 5: built cleaned snapshot dataframe rows=500","logger":"unusual_prefix_faea391ec71b1d4b4651510353e4a48d62001c31_2_refresh_traffic_speed","filename":"2_refresh_traffic_speed.py","lineno":44}
{"timestamp":"2026-04-15T09:50:37.815747Z","level":"info","event":"[LATEST PREP] rows=500 | missing_measurement_rows=0","logger":"lta_common","filename":"lta_common.py","lineno":271}
{"timestamp":"2026-04-15T09:50:37.815984Z","level":"info","event":"[UPSERT START] upserting 500 rows into traffic_speed_latest","logger":"lta_common","filename":"lta_common.py","lineno":348}
{"timestamp":"2026-04-15T09:50:37.816265Z","level":"info","event":"[UPSERT DEBUG] max_link_id=2215 | min_link_id=1492 | max_speed_band=7 | min_speed_band=1 | max_minimum_speed=60 | min_minimum_speed=0 | max_maximum_speed=69 | min_maximum_speed=9","logger":"lta_common","filename":"lta_common.py","lineno":350}
{"timestamp":"2026-04-15T09:50:38.301505Z","level":"info","event":"[UPSERT DONE] upserted=500 rows into traffic_speed_latest","logger":"lta_common","filename":"lta_common.py","lineno":388}
{"timestamp":"2026-04-15T09:50:38.302085Z","level":"info","event":"[SAVE START] inserting 500 rows into traffic_speed_recent","logger":"lta_common","filename":"lta_common.py","lineno":319}
{"timestamp":"2026-04-15T09:50:38.708850Z","level":"info","event":"[SAVE DONE] inserted=500 rows into traffic_speed_recent","logger":"lta_common","filename":"lta_common.py","lineno":337}
{"timestamp":"2026-04-15T09:50:38.709121Z","level":"info","event":"STEP 6: page saved skip=1000 | pages=3 | latest_rows=1500 | recent_rows=1500","logger":"unusual_prefix_faea391ec71b1d4b4651510353e4a48d62001c31_2_refresh_traffic_speed","filename":"2_refresh_traffic_speed.py","lineno":56}
{"timestamp":"2026-04-15T09:50:38.709240Z","level":"info","event":"========== PAGE START ==========","logger":"lta_common","filename":"lta_common.py","lineno":53}
{"timestamp":"2026-04-15T09:50:38.709381Z","level":"info","event":"[FETCH] requesting rows 1500–1999","logger":"lta_common","filename":"lta_common.py","lineno":54}
{"timestamp":"2026-04-15T09:50:38.709538Z","level":"info","event":"Fetching page from LTA: skip=1500","logger":"lta_common","filename":"lta_common.py","lineno":36}
{"timestamp":"2026-04-15T09:50:39.058670Z","level":"info","event":"Retrieved 500 rows from LTA at skip=1500","logger":"lta_common","filename":"lta_common.py","lineno":44}
{"timestamp":"2026-04-15T09:50:39.063643Z","level":"info","event":"[FETCH DONE] retrieved=500 rows at skip=1500","logger":"lta_common","filename":"lta_common.py","lineno":59}
{"timestamp":"2026-04-15T09:50:39.064149Z","level":"info","event":"STEP 4: processing page skip=1500 rows=500","logger":"unusual_prefix_faea391ec71b1d4b4651510353e4a48d62001c31_2_refresh_traffic_speed","filename":"2_refresh_traffic_speed.py","lineno":41}
{"timestamp":"2026-04-15T09:50:39.082911Z","level":"info","event":"[CLEAN DONE] rows=500 | null_speed_band=0 | null_minimum_speed=0 | null_maximum_speed=0","logger":"lta_common","filename":"lta_common.py","lineno":238}
{"timestamp":"2026-04-15T09:50:39.084559Z","level":"info","event":"STEP 5: built cleaned snapshot dataframe rows=500","logger":"unusual_prefix_faea391ec71b1d4b4651510353e4a48d62001c31_2_refresh_traffic_speed","filename":"2_refresh_traffic_speed.py","lineno":44}
{"timestamp":"2026-04-15T09:50:39.085230Z","level":"info","event":"[LATEST PREP] rows=500 | missing_measurement_rows=0","logger":"lta_common","filename":"lta_common.py","lineno":271}
{"timestamp":"2026-04-15T09:50:39.085655Z","level":"info","event":"[UPSERT START] upserting 500 rows into traffic_speed_latest","logger":"lta_common","filename":"lta_common.py","lineno":348}
{"timestamp":"2026-04-15T09:50:39.086144Z","level":"info","event":"[UPSERT DEBUG] max_link_id=3055 | min_link_id=2216 | max_speed_band=6 | min_speed_band=1 | max_minimum_speed=50 | min_minimum_speed=0 | max_maximum_speed=59 | min_maximum_speed=9","logger":"lta_common","filename":"lta_common.py","lineno":350}
{"timestamp":"2026-04-15T09:50:39.482452Z","level":"info","event":"[UPSERT DONE] upserted=500 rows into traffic_speed_latest","logger":"lta_common","filename":"lta_common.py","lineno":388}
{"timestamp":"2026-04-15T09:50:39.484596Z","level":"info","event":"[SAVE START] inserting 500 rows into traffic_speed_recent","logger":"lta_common","filename":"lta_common.py","lineno":319}
{"timestamp":"2026-04-15T09:50:39.849606Z","level":"info","event":"[SAVE DONE] inserted=500 rows into traffic_speed_recent","logger":"lta_common","filename":"lta_common.py","lineno":337}
{"timestamp":"2026-04-15T09:50:39.850173Z","level":"info","event":"STEP 6: page saved skip=1500 | pages=4 | latest_rows=2000 | recent_rows=2000","logger":"unusual_prefix_faea391ec71b1d4b4651510353e4a48d62001c31_2_refresh_traffic_speed","filename":"2_refresh_traffic_speed.py","lineno":56}
{"timestamp":"2026-04-15T09:50:39.850345Z","level":"info","event":"========== PAGE START ==========","logger":"lta_common","filename":"lta_common.py","lineno":53}
{"timestamp":"2026-04-15T09:50:39.850471Z","level":"info","event":"[FETCH] requesting rows 2000–2499","logger":"lta_common","filename":"lta_common.py","lineno":54}
{"timestamp":"2026-04-15T09:50:39.850659Z","level":"info","event":"Fetching page from LTA: skip=2000","logger":"lta_common","filename":"lta_common.py","lineno":36}
{"timestamp":"2026-04-15T09:50:40.217264Z","level":"info","event":"Retrieved 500 rows from LTA at skip=2000","logger":"lta_common","filename":"lta_common.py","lineno":44}
{"timestamp":"2026-04-15T09:50:40.222160Z","level":"info","event":"[FETCH DONE] retrieved=500 rows at skip=2000","logger":"lta_common","filename":"lta_common.py","lineno":59}
{"timestamp":"2026-04-15T09:50:40.223076Z","level":"info","event":"STEP 4: processing page skip=2000 rows=500","logger":"unusual_prefix_faea391ec71b1d4b4651510353e4a48d62001c31_2_refresh_traffic_speed","filename":"2_refresh_traffic_speed.py","lineno":41}
{"timestamp":"2026-04-15T09:50:40.242734Z","level":"info","event":"[CLEAN DONE] rows=500 | null_speed_band=0 | null_minimum_speed=0 | null_maximum_speed=0","logger":"lta_common","filename":"lta_common.py","lineno":238}
{"timestamp":"2026-04-15T09:50:40.244334Z","level":"info","event":"STEP 5: built cleaned snapshot dataframe rows=500","logger":"unusual_prefix_faea391ec71b1d4b4651510353e4a48d62001c31_2_refresh_traffic_speed","filename":"2_refresh_traffic_speed.py","lineno":44}
{"timestamp":"2026-04-15T09:50:40.244985Z","level":"info","event":"[LATEST PREP] rows=500 | missing_measurement_rows=0","logger":"lta_common","filename":"lta_common.py","lineno":271}
{"timestamp":"2026-04-15T09:50:40.245435Z","level":"info","event":"[UPSERT START] upserting 500 rows into traffic_speed_latest","logger":"lta_common","filename":"lta_common.py","lineno":348}
{"timestamp":"2026-04-15T09:50:40.245963Z","level":"info","event":"[UPSERT DEBUG] max_link_id=4015 | min_link_id=3059 | max_speed_band=7 | min_speed_band=1 | max_minimum_speed=60 | min_minimum_speed=0 | max_maximum_speed=69 | min_maximum_speed=9","logger":"lta_common","filename":"lta_common.py","lineno":350}
{"timestamp":"2026-04-15T09:50:40.665065Z","level":"info","event":"[UPSERT DONE] upserted=500 rows into traffic_speed_latest","logger":"lta_common","filename":"lta_common.py","lineno":388}
{"timestamp":"2026-04-15T09:50:40.667531Z","level":"info","event":"[SAVE START] inserting 500 rows into traffic_speed_recent","logger":"lta_common","filename":"lta_common.py","lineno":319}
{"timestamp":"2026-04-15T09:50:41.080609Z","level":"info","event":"[SAVE DONE] inserted=500 rows into traffic_speed_recent","logger":"lta_common","filename":"lta_common.py","lineno":337}
{"timestamp":"2026-04-15T09:50:41.080861Z","level":"info","event":"STEP 6: page saved skip=2000 | pages=5 | latest_rows=2500 | recent_rows=2500","logger":"unusual_prefix_faea391ec71b1d4b4651510353e4a48d62001c31_2_refresh_traffic_speed","filename":"2_refresh_traffic_speed.py","lineno":56}
{"timestamp":"2026-04-15T09:50:41.080930Z","level":"info","event":"========== PAGE START ==========","logger":"lta_common","filename":"lta_common.py","lineno":53}
{"timestamp":"2026-04-15T09:50:41.080980Z","level":"info","event":"[FETCH] requesting rows 2500–2999","logger":"lta_common","filename":"lta_common.py","lineno":54}
{"timestamp":"2026-04-15T09:50:41.081049Z","level":"info","event":"Fetching page from LTA: skip=2500","logger":"lta_common","filename":"lta_common.py","lineno":36}
{"timestamp":"2026-04-15T09:50:41.534810Z","level":"info","event":"Retrieved 500 rows from LTA at skip=2500","logger":"lta_common","filename":"lta_common.py","lineno":44}
{"timestamp":"2026-04-15T09:50:41.536146Z","level":"info","event":"[FETCH DONE] retrieved=500 rows at skip=2500","logger":"lta_common","filename":"lta_common.py","lineno":59}
{"timestamp":"2026-04-15T09:50:41.536245Z","level":"info","event":"STEP 4: processing page skip=2500 rows=500","logger":"unusual_prefix_faea391ec71b1d4b4651510353e4a48d62001c31_2_refresh_traffic_speed","filename":"2_refresh_traffic_speed.py","lineno":41}
{"timestamp":"2026-04-15T09:50:41.542546Z","level":"warning","event":"[SANITIZE] link_id=4115 field=maximum_speed suspicious sentinel value=999 -> NULL","logger":"lta_common","filename":"lta_common.py","lineno":143}
{"timestamp":"2026-04-15T09:50:41.544175Z","level":"info","event":"[CLEAN DONE] rows=500 | null_speed_band=0 | null_minimum_speed=0 | null_maximum_speed=1","logger":"lta_common","filename":"lta_common.py","lineno":238}
{"timestamp":"2026-04-15T09:50:41.544992Z","level":"info","event":"STEP 5: built cleaned snapshot dataframe rows=500","logger":"unusual_prefix_faea391ec71b1d4b4651510353e4a48d62001c31_2_refresh_traffic_speed","filename":"2_refresh_traffic_speed.py","lineno":44}
{"timestamp":"2026-04-15T09:50:41.545288Z","level":"info","event":"[LATEST PREP] rows=500 | missing_measurement_rows=0","logger":"lta_common","filename":"lta_common.py","lineno":271}
{"timestamp":"2026-04-15T09:50:41.545539Z","level":"info","event":"[UPSERT START] upserting 500 rows into traffic_speed_latest","logger":"lta_common","filename":"lta_common.py","lineno":348}
{"timestamp":"2026-04-15T09:50:41.545831Z","level":"info","event":"[UPSERT DEBUG] max_link_id=5041 | min_link_id=4016 | max_speed_band=8 | min_speed_band=1 | max_minimum_speed=70 | min_minimum_speed=0 | max_maximum_speed=69.0 | min_maximum_speed=9.0","logger":"lta_common","filename":"lta_common.py","lineno":350}
{"timestamp":"2026-04-15T09:50:41.991013Z","level":"info","event":"[UPSERT DONE] upserted=500 rows into traffic_speed_latest","logger":"lta_common","filename":"lta_common.py","lineno":388}
{"timestamp":"2026-04-15T09:50:41.991421Z","level":"info","event":"[SAVE START] inserting 500 rows into traffic_speed_recent","logger":"lta_common","filename":"lta_common.py","lineno":319}
{"timestamp":"2026-04-15T09:50:42.421243Z","level":"info","event":"[SAVE DONE] inserted=500 rows into traffic_speed_recent","logger":"lta_common","filename":"lta_common.py","lineno":337}
{"timestamp":"2026-04-15T09:50:42.421458Z","level":"info","event":"STEP 6: page saved skip=2500 | pages=6 | latest_rows=3000 | recent_rows=3000","logger":"unusual_prefix_faea391ec71b1d4b4651510353e4a48d62001c31_2_refresh_traffic_speed","filename":"2_refresh_traffic_speed.py","lineno":56}
{"timestamp":"2026-04-15T09:50:42.421541Z","level":"info","event":"========== PAGE START ==========","logger":"lta_common","filename":"lta_common.py","lineno":53}
{"timestamp":"2026-04-15T09:50:42.421605Z","level":"info","event":"[FETCH] requesting rows 3000–3499","logger":"lta_common","filename":"lta_common.py","lineno":54}
{"timestamp":"2026-04-15T09:50:42.421670Z","level":"info","event":"Fetching page from LTA: skip=3000","logger":"lta_common","filename":"lta_common.py","lineno":36}
{"timestamp":"2026-04-15T09:50:42.853404Z","level":"info","event":"Retrieved 500 rows from LTA at skip=3000","logger":"lta_common","filename":"lta_common.py","lineno":44}
{"timestamp":"2026-04-15T09:50:42.854782Z","level":"info","event":"[FETCH DONE] retrieved=500 rows at skip=3000","logger":"lta_common","filename":"lta_common.py","lineno":59}
{"timestamp":"2026-04-15T09:50:42.855019Z","level":"info","event":"STEP 4: processing page skip=3000 rows=500","logger":"unusual_prefix_faea391ec71b1d4b4651510353e4a48d62001c31_2_refresh_traffic_speed","filename":"2_refresh_traffic_speed.py","lineno":41}
{"timestamp":"2026-04-15T09:50:42.861845Z","level":"warning","event":"[SANITIZE] link_id=5081 field=maximum_speed suspicious sentinel value=999 -> NULL","logger":"lta_common","filename":"lta_common.py","lineno":143}
{"timestamp":"2026-04-15T09:50:42.863522Z","level":"info","event":"[CLEAN DONE] rows=500 | null_speed_band=0 | null_minimum_speed=0 | null_maximum_speed=1","logger":"lta_common","filename":"lta_common.py","lineno":238}
{"timestamp":"2026-04-15T09:50:42.864466Z","level":"info","event":"STEP 5: built cleaned snapshot dataframe rows=500","logger":"unusual_prefix_faea391ec71b1d4b4651510353e4a48d62001c31_2_refresh_traffic_speed","filename":"2_refresh_traffic_speed.py","lineno":44}
{"timestamp":"2026-04-15T09:50:42.864831Z","level":"info","event":"[LATEST PREP] rows=500 | missing_measurement_rows=0","logger":"lta_common","filename":"lta_common.py","lineno":271}
{"timestamp":"2026-04-15T09:50:42.865080Z","level":"info","event":"[UPSERT START] upserting 500 rows into traffic_speed_latest","logger":"lta_common","filename":"lta_common.py","lineno":348}
{"timestamp":"2026-04-15T09:50:42.865373Z","level":"info","event":"[UPSERT DEBUG] max_link_id=5569 | min_link_id=5042 | max_speed_band=8 | min_speed_band=1 | max_minimum_speed=70 | min_minimum_speed=0 | max_maximum_speed=69.0 | min_maximum_speed=9.0","logger":"lta_common","filename":"lta_common.py","lineno":350}
{"timestamp":"2026-04-15T09:50:43.423200Z","level":"info","event":"[UPSERT DONE] upserted=500 rows into traffic_speed_latest","logger":"lta_common","filename":"lta_common.py","lineno":388}
{"timestamp":"2026-04-15T09:50:43.423775Z","level":"info","event":"[SAVE START] inserting 500 rows into traffic_speed_recent","logger":"lta_common","filename":"lta_common.py","lineno":319}
{"timestamp":"2026-04-15T09:50:43.810968Z","level":"info","event":"[SAVE DONE] inserted=500 rows into traffic_speed_recent","logger":"lta_common","filename":"lta_common.py","lineno":337}
{"timestamp":"2026-04-15T09:50:43.811227Z","level":"info","event":"STEP 6: page saved skip=3000 | pages=7 | latest_rows=3500 | recent_rows=3500","logger":"unusual_prefix_faea391ec71b1d4b4651510353e4a48d62001c31_2_refresh_traffic_speed","filename":"2_refresh_traffic_speed.py","lineno":56}
{"timestamp":"2026-04-15T09:50:43.811299Z","level":"info","event":"========== PAGE START ==========","logger":"lta_common","filename":"lta_common.py","lineno":53}
{"timestamp":"2026-04-15T09:50:43.811365Z","level":"info","event":"[FETCH] requesting rows 3500–3999","logger":"lta_common","filename":"lta_common.py","lineno":54}
{"timestamp":"2026-04-15T09:50:43.811445Z","level":"info","event":"Fetching page from LTA: skip=3500","logger":"lta_common","filename":"lta_common.py","lineno":36}
{"timestamp":"2026-04-15T09:50:44.325052Z","level":"info","event":"Retrieved 500 rows from LTA at skip=3500","logger":"lta_common","filename":"lta_common.py","lineno":44}
{"timestamp":"2026-04-15T09:50:44.329987Z","level":"info","event":"[FETCH DONE] retrieved=500 rows at skip=3500","logger":"lta_common","filename":"lta_common.py","lineno":59}
{"timestamp":"2026-04-15T09:50:44.330969Z","level":"info","event":"STEP 4: processing page skip=3500 rows=500","logger":"unusual_prefix_faea391ec71b1d4b4651510353e4a48d62001c31_2_refresh_traffic_speed","filename":"2_refresh_traffic_speed.py","lineno":41}
{"timestamp":"2026-04-15T09:50:44.349003Z","level":"warning","event":"[SANITIZE] link_id=5701 field=maximum_speed suspicious sentinel value=999 -> NULL","logger":"lta_common","filename":"lta_common.py","lineno":143}
{"timestamp":"2026-04-15T09:50:44.349221Z","level":"warning","event":"[SANITIZE] link_id=5706 field=maximum_speed suspicious sentinel value=999 -> NULL","logger":"lta_common","filename":"lta_common.py","lineno":143}
{"timestamp":"2026-04-15T09:50:44.349669Z","level":"warning","event":"[SANITIZE] link_id=5757 field=maximum_speed suspicious sentinel value=999 -> NULL","logger":"lta_common","filename":"lta_common.py","lineno":143}
{"timestamp":"2026-04-15T09:50:44.352511Z","level":"info","event":"[CLEAN DONE] rows=500 | null_speed_band=0 | null_minimum_speed=0 | null_maximum_speed=3","logger":"lta_common","filename":"lta_common.py","lineno":238}
{"timestamp":"2026-04-15T09:50:44.354237Z","level":"info","event":"STEP 5: built cleaned snapshot dataframe rows=500","logger":"unusual_prefix_faea391ec71b1d4b4651510353e4a48d62001c31_2_refresh_traffic_speed","filename":"2_refresh_traffic_speed.py","lineno":44}
{"timestamp":"2026-04-15T09:50:44.354914Z","level":"info","event":"[LATEST PREP] rows=500 | missing_measurement_rows=0","logger":"lta_common","filename":"lta_common.py","lineno":271}
{"timestamp":"2026-04-15T09:50:44.355410Z","level":"info","event":"[UPSERT START] upserting 500 rows into traffic_speed_latest","logger":"lta_common","filename":"lta_common.py","lineno":348}
{"timestamp":"2026-04-15T09:50:44.355972Z","level":"info","event":"[UPSERT DEBUG] max_link_id=6101 | min_link_id=5570 | max_speed_band=8 | min_speed_band=1 | max_minimum_speed=70 | min_minimum_speed=0 | max_maximum_speed=69.0 | min_maximum_speed=9.0","logger":"lta_common","filename":"lta_common.py","lineno":350}
{"timestamp":"2026-04-15T09:50:44.777754Z","level":"info","event":"[UPSERT DONE] upserted=500 rows into traffic_speed_latest","logger":"lta_common","filename":"lta_common.py","lineno":388}
{"timestamp":"2026-04-15T09:50:44.778528Z","level":"info","event":"[SAVE START] inserting 500 rows into traffic_speed_recent","logger":"lta_common","filename":"lta_common.py","lineno":319}
{"timestamp":"2026-04-15T09:50:45.233195Z","level":"info","event":"[SAVE DONE] inserted=500 rows into traffic_speed_recent","logger":"lta_common","filename":"lta_common.py","lineno":337}
{"timestamp":"2026-04-15T09:50:45.233327Z","level":"info","event":"STEP 6: page saved skip=3500 | pages=8 | latest_rows=4000 | recent_rows=4000","logger":"unusual_prefix_faea391ec71b1d4b4651510353e4a48d62001c31_2_refresh_traffic_speed","filename":"2_refresh_traffic_speed.py","lineno":56}
{"timestamp":"2026-04-15T09:50:45.233367Z","level":"info","event":"========== PAGE START ==========","logger":"lta_common","filename":"lta_common.py","lineno":53}
{"timestamp":"2026-04-15T09:50:45.233397Z","level":"info","event":"[FETCH] requesting rows 4000–4499","logger":"lta_common","filename":"lta_common.py","lineno":54}
{"timestamp":"2026-04-15T09:50:45.233440Z","level":"info","event":"Fetching page from LTA: skip=4000","logger":"lta_common","filename":"lta_common.py","lineno":36}
{"timestamp":"2026-04-15T09:50:45.913784Z","level":"info","event":"Retrieved 500 rows from LTA at skip=4000","logger":"lta_common","filename":"lta_common.py","lineno":44}
{"timestamp":"2026-04-15T09:50:45.915691Z","level":"info","event":"[FETCH DONE] retrieved=500 rows at skip=4000","logger":"lta_common","filename":"lta_common.py","lineno":59}
{"timestamp":"2026-04-15T09:50:45.915993Z","level":"info","event":"STEP 4: processing page skip=4000 rows=500","logger":"unusual_prefix_faea391ec71b1d4b4651510353e4a48d62001c31_2_refresh_traffic_speed","filename":"2_refresh_traffic_speed.py","lineno":41}
{"timestamp":"2026-04-15T09:50:45.926866Z","level":"warning","event":"[SANITIZE] link_id=6545 field=maximum_speed suspicious sentinel value=999 -> NULL","logger":"lta_common","filename":"lta_common.py","lineno":143}
{"timestamp":"2026-04-15T09:50:45.927195Z","level":"warning","event":"[SANITIZE] link_id=6673 field=maximum_speed suspicious sentinel value=999 -> NULL","logger":"lta_common","filename":"lta_common.py","lineno":143}
{"timestamp":"2026-04-15T09:50:45.927726Z","level":"info","event":"[CLEAN DONE] rows=500 | null_speed_band=0 | null_minimum_speed=0 | null_maximum_speed=2","logger":"lta_common","filename":"lta_common.py","lineno":238}
{"timestamp":"2026-04-15T09:50:45.928742Z","level":"info","event":"STEP 5: built cleaned snapshot dataframe rows=500","logger":"unusual_prefix_faea391ec71b1d4b4651510353e4a48d62001c31_2_refresh_traffic_speed","filename":"2_refresh_traffic_speed.py","lineno":44}
{"timestamp":"2026-04-15T09:50:45.929133Z","level":"info","event":"[LATEST PREP] rows=500 | missing_measurement_rows=0","logger":"lta_common","filename":"lta_common.py","lineno":271}
{"timestamp":"2026-04-15T09:50:45.929451Z","level":"info","event":"[UPSERT START] upserting 500 rows into traffic_speed_latest","logger":"lta_common","filename":"lta_common.py","lineno":348}
{"timestamp":"2026-04-15T09:50:45.929861Z","level":"info","event":"[UPSERT DEBUG] max_link_id=6694 | min_link_id=6102 | max_speed_band=8 | min_speed_band=1 | max_minimum_speed=70 | min_minimum_speed=0 | max_maximum_speed=69.0 | min_maximum_speed=9.0","logger":"lta_common","filename":"lta_common.py","lineno":350}
{"timestamp":"2026-04-15T09:50:46.358959Z","level":"info","event":"[UPSERT DONE] upserted=500 rows into traffic_speed_latest","logger":"lta_common","filename":"lta_common.py","lineno":388}
{"timestamp":"2026-04-15T09:50:46.359337Z","level":"info","event":"[SAVE START] inserting 500 rows into traffic_speed_recent","logger":"lta_common","filename":"lta_common.py","lineno":319}
{"timestamp":"2026-04-15T09:50:46.808090Z","level":"info","event":"[SAVE DONE] inserted=500 rows into traffic_speed_recent","logger":"lta_common","filename":"lta_common.py","lineno":337}
{"timestamp":"2026-04-15T09:50:46.808199Z","level":"info","event":"STEP 6: page saved skip=4000 | pages=9 | latest_rows=4500 | recent_rows=4500","logger":"unusual_prefix_faea391ec71b1d4b4651510353e4a48d62001c31_2_refresh_traffic_speed","filename":"2_refresh_traffic_speed.py","lineno":56}
{"timestamp":"2026-04-15T09:50:46.808231Z","level":"info","event":"========== PAGE START ==========","logger":"lta_common","filename":"lta_common.py","lineno":53}
{"timestamp":"2026-04-15T09:50:46.808252Z","level":"info","event":"[FETCH] requesting rows 4500–4999","logger":"lta_common","filename":"lta_common.py","lineno":54}
{"timestamp":"2026-04-15T09:50:46.808280Z","level":"info","event":"Fetching page from LTA: skip=4500","logger":"lta_common","filename":"lta_common.py","lineno":36}
{"timestamp":"2026-04-15T09:50:47.120529Z","level":"info","event":"Retrieved 500 rows from LTA at skip=4500","logger":"lta_common","filename":"lta_common.py","lineno":44}
{"timestamp":"2026-04-15T09:50:47.121688Z","level":"info","event":"[FETCH DONE] retrieved=500 rows at skip=4500","logger":"lta_common","filename":"lta_common.py","lineno":59}
{"timestamp":"2026-04-15T09:50:47.121901Z","level":"info","event":"STEP 4: processing page skip=4500 rows=500","logger":"unusual_prefix_faea391ec71b1d4b4651510353e4a48d62001c31_2_refresh_traffic_speed","filename":"2_refresh_traffic_speed.py","lineno":41}
{"timestamp":"2026-04-15T09:50:47.129426Z","level":"info","event":"[CLEAN DONE] rows=500 | null_speed_band=0 | null_minimum_speed=0 | null_maximum_speed=0","logger":"lta_common","filename":"lta_common.py","lineno":238}
{"timestamp":"2026-04-15T09:50:47.130235Z","level":"info","event":"STEP 5: built cleaned snapshot dataframe rows=500","logger":"unusual_prefix_faea391ec71b1d4b4651510353e4a48d62001c31_2_refresh_traffic_speed","filename":"2_refresh_traffic_speed.py","lineno":44}
{"timestamp":"2026-04-15T09:50:47.130554Z","level":"info","event":"[LATEST PREP] rows=500 | missing_measurement_rows=0","logger":"lta_common","filename":"lta_common.py","lineno":271}
{"timestamp":"2026-04-15T09:50:47.130782Z","level":"info","event":"[UPSERT START] upserting 500 rows into traffic_speed_latest","logger":"lta_common","filename":"lta_common.py","lineno":348}
{"timestamp":"2026-04-15T09:50:47.131048Z","level":"info","event":"[UPSERT DEBUG] max_link_id=7256 | min_link_id=6695 | max_speed_band=7 | min_speed_band=1 | max_minimum_speed=60 | min_minimum_speed=0 | max_maximum_speed=69 | min_maximum_speed=9","logger":"lta_common","filename":"lta_common.py","lineno":350}
{"timestamp":"2026-04-15T09:50:47.467017Z","level":"info","event":"[UPSERT DONE] upserted=500 rows into traffic_speed_latest","logger":"lta_common","filename":"lta_common.py","lineno":388}
{"timestamp":"2026-04-15T09:50:47.468032Z","level":"info","event":"[SAVE START] inserting 500 rows into traffic_speed_recent","logger":"lta_common","filename":"lta_common.py","lineno":319}
{"timestamp":"2026-04-15T09:50:47.828745Z","level":"info","event":"[SAVE DONE] inserted=500 rows into traffic_speed_recent","logger":"lta_common","filename":"lta_common.py","lineno":337}
{"timestamp":"2026-04-15T09:50:47.829273Z","level":"info","event":"STEP 6: page saved skip=4500 | pages=10 | latest_rows=5000 | recent_rows=5000","logger":"unusual_prefix_faea391ec71b1d4b4651510353e4a48d62001c31_2_refresh_traffic_speed","filename":"2_refresh_traffic_speed.py","lineno":56}
{"timestamp":"2026-04-15T09:50:47.829439Z","level":"info","event":"========== PAGE START ==========","logger":"lta_common","filename":"lta_common.py","lineno":53}
{"timestamp":"2026-04-15T09:50:47.829602Z","level":"info","event":"[FETCH] requesting rows 5000–5499","logger":"lta_common","filename":"lta_common.py","lineno":54}
{"timestamp":"2026-04-15T09:50:47.829808Z","level":"info","event":"Fetching page from LTA: skip=5000","logger":"lta_common","filename":"lta_common.py","lineno":36}
{"timestamp":"2026-04-15T09:50:48.208744Z","level":"info","event":"Retrieved 500 rows from LTA at skip=5000","logger":"lta_common","filename":"lta_common.py","lineno":44}
{"timestamp":"2026-04-15T09:50:48.213928Z","level":"info","event":"[FETCH DONE] retrieved=500 rows at skip=5000","logger":"lta_common","filename":"lta_common.py","lineno":59}
{"timestamp":"2026-04-15T09:50:48.214981Z","level":"info","event":"STEP 4: processing page skip=5000 rows=500","logger":"unusual_prefix_faea391ec71b1d4b4651510353e4a48d62001c31_2_refresh_traffic_speed","filename":"2_refresh_traffic_speed.py","lineno":41}
{"timestamp":"2026-04-15T09:50:48.235144Z","level":"info","event":"[CLEAN DONE] rows=500 | null_speed_band=0 | null_minimum_speed=0 | null_maximum_speed=0","logger":"lta_common","filename":"lta_common.py","lineno":238}
{"timestamp":"2026-04-15T09:50:48.236900Z","level":"info","event":"STEP 5: built cleaned snapshot dataframe rows=500","logger":"unusual_prefix_faea391ec71b1d4b4651510353e4a48d62001c31_2_refresh_traffic_speed","filename":"2_refresh_traffic_speed.py","lineno":44}
{"timestamp":"2026-04-15T09:50:48.237581Z","level":"info","event":"[LATEST PREP] rows=500 | missing_measurement_rows=0","logger":"lta_common","filename":"lta_common.py","lineno":271}
{"timestamp":"2026-04-15T09:50:48.238061Z","level":"info","event":"[UPSERT START] upserting 500 rows into traffic_speed_latest","logger":"lta_common","filename":"lta_common.py","lineno":348}
{"timestamp":"2026-04-15T09:50:48.238622Z","level":"info","event":"[UPSERT DEBUG] max_link_id=8130 | min_link_id=7257 | max_speed_band=7 | min_speed_band=1 | max_minimum_speed=60 | min_minimum_speed=0 | max_maximum_speed=69 | min_maximum_speed=9","logger":"lta_common","filename":"lta_common.py","lineno":350}
{"timestamp":"2026-04-15T09:50:48.626829Z","level":"info","event":"[UPSERT DONE] upserted=500 rows into traffic_speed_latest","logger":"lta_common","filename":"lta_common.py","lineno":388}
{"timestamp":"2026-04-15T09:50:48.629086Z","level":"info","event":"[SAVE START] inserting 500 rows into traffic_speed_recent","logger":"lta_common","filename":"lta_common.py","lineno":319}
{"timestamp":"2026-04-15T09:50:48.989268Z","level":"info","event":"[SAVE DONE] inserted=500 rows into traffic_speed_recent","logger":"lta_common","filename":"lta_common.py","lineno":337}
{"timestamp":"2026-04-15T09:50:48.989392Z","level":"info","event":"STEP 6: page saved skip=5000 | pages=11 | latest_rows=5500 | recent_rows=5500","logger":"unusual_prefix_faea391ec71b1d4b4651510353e4a48d62001c31_2_refresh_traffic_speed","filename":"2_refresh_traffic_speed.py","lineno":56}
{"timestamp":"2026-04-15T09:50:48.989420Z","level":"info","event":"========== PAGE START ==========","logger":"lta_common","filename":"lta_common.py","lineno":53}
{"timestamp":"2026-04-15T09:50:48.989441Z","level":"info","event":"[FETCH] requesting rows 5500–5999","logger":"lta_common","filename":"lta_common.py","lineno":54}
{"timestamp":"2026-04-15T09:50:48.989473Z","level":"info","event":"Fetching page from LTA: skip=5500","logger":"lta_common","filename":"lta_common.py","lineno":36}
{"timestamp":"2026-04-15T09:50:49.344975Z","level":"info","event":"Retrieved 500 rows from LTA at skip=5500","logger":"lta_common","filename":"lta_common.py","lineno":44}
{"timestamp":"2026-04-15T09:50:49.346037Z","level":"info","event":"[FETCH DONE] retrieved=500 rows at skip=5500","logger":"lta_common","filename":"lta_common.py","lineno":59}
{"timestamp":"2026-04-15T09:50:49.346233Z","level":"info","event":"STEP 4: processing page skip=5500 rows=500","logger":"unusual_prefix_faea391ec71b1d4b4651510353e4a48d62001c31_2_refresh_traffic_speed","filename":"2_refresh_traffic_speed.py","lineno":41}
{"timestamp":"2026-04-15T09:50:49.352967Z","level":"warning","event":"[SANITIZE] link_id=8688 field=maximum_speed suspicious sentinel value=999 -> NULL","logger":"lta_common","filename":"lta_common.py","lineno":143}
{"timestamp":"2026-04-15T09:50:49.353746Z","level":"info","event":"[CLEAN DONE] rows=500 | null_speed_band=0 | null_minimum_speed=0 | null_maximum_speed=1","logger":"lta_common","filename":"lta_common.py","lineno":238}
{"timestamp":"2026-04-15T09:50:49.354505Z","level":"info","event":"STEP 5: built cleaned snapshot dataframe rows=500","logger":"unusual_prefix_faea391ec71b1d4b4651510353e4a48d62001c31_2_refresh_traffic_speed","filename":"2_refresh_traffic_speed.py","lineno":44}
{"timestamp":"2026-04-15T09:50:49.354798Z","level":"info","event":"[LATEST PREP] rows=500 | missing_measurement_rows=0","logger":"lta_common","filename":"lta_common.py","lineno":271}
{"timestamp":"2026-04-15T09:50:49.355020Z","level":"info","event":"[UPSERT START] upserting 500 rows into traffic_speed_latest","logger":"lta_common","filename":"lta_common.py","lineno":348}
{"timestamp":"2026-04-15T09:50:49.355304Z","level":"info","event":"[UPSERT DEBUG] max_link_id=8918 | min_link_id=8131 | max_speed_band=8 | min_speed_band=1 | max_minimum_speed=70 | min_minimum_speed=0 | max_maximum_speed=69.0 | min_maximum_speed=9.0","logger":"lta_common","filename":"lta_common.py","lineno":350}
{"timestamp":"2026-04-15T09:50:50.029601Z","level":"info","event":"[UPSERT DONE] upserted=500 rows into traffic_speed_latest","logger":"lta_common","filename":"lta_common.py","lineno":388}
{"timestamp":"2026-04-15T09:50:50.030219Z","level":"info","event":"[SAVE START] inserting 500 rows into traffic_speed_recent","logger":"lta_common","filename":"lta_common.py","lineno":319}
{"timestamp":"2026-04-15T09:50:50.678293Z","level":"info","event":"[SAVE DONE] inserted=500 rows into traffic_speed_recent","logger":"lta_common","filename":"lta_common.py","lineno":337}
{"timestamp":"2026-04-15T09:50:50.678394Z","level":"info","event":"STEP 6: page saved skip=5500 | pages=12 | latest_rows=6000 | recent_rows=6000","logger":"unusual_prefix_faea391ec71b1d4b4651510353e4a48d62001c31_2_refresh_traffic_speed","filename":"2_refresh_traffic_speed.py","lineno":56}
{"timestamp":"2026-04-15T09:50:50.678424Z","level":"info","event":"========== PAGE START ==========","logger":"lta_common","filename":"lta_common.py","lineno":53}
{"timestamp":"2026-04-15T09:50:50.678447Z","level":"info","event":"[FETCH] requesting rows 6000–6499","logger":"lta_common","filename":"lta_common.py","lineno":54}
{"timestamp":"2026-04-15T09:50:50.678475Z","level":"info","event":"Fetching page from LTA: skip=6000","logger":"lta_common","filename":"lta_common.py","lineno":36}
{"timestamp":"2026-04-15T09:50:51.014607Z","level":"info","event":"Retrieved 500 rows from LTA at skip=6000","logger":"lta_common","filename":"lta_common.py","lineno":44}
{"timestamp":"2026-04-15T09:50:51.015665Z","level":"info","event":"[FETCH DONE] retrieved=500 rows at skip=6000","logger":"lta_common","filename":"lta_common.py","lineno":59}
{"timestamp":"2026-04-15T09:50:51.015865Z","level":"info","event":"STEP 4: processing page skip=6000 rows=500","logger":"unusual_prefix_faea391ec71b1d4b4651510353e4a48d62001c31_2_refresh_traffic_speed","filename":"2_refresh_traffic_speed.py","lineno":41}
{"timestamp":"2026-04-15T09:50:51.021829Z","level":"warning","event":"[SANITIZE] link_id=8972 field=maximum_speed suspicious sentinel value=999 -> NULL","logger":"lta_common","filename":"lta_common.py","lineno":143}
{"timestamp":"2026-04-15T09:50:51.023323Z","level":"info","event":"[CLEAN DONE] rows=500 | null_speed_band=0 | null_minimum_speed=0 | null_maximum_speed=1","logger":"lta_common","filename":"lta_common.py","lineno":238}
{"timestamp":"2026-04-15T09:50:51.024081Z","level":"info","event":"STEP 5: built cleaned snapshot dataframe rows=500","logger":"unusual_prefix_faea391ec71b1d4b4651510353e4a48d62001c31_2_refresh_traffic_speed","filename":"2_refresh_traffic_speed.py","lineno":44}
{"timestamp":"2026-04-15T09:50:51.024356Z","level":"info","event":"[LATEST PREP] rows=500 | missing_measurement_rows=0","logger":"lta_common","filename":"lta_common.py","lineno":271}
{"timestamp":"2026-04-15T09:50:51.024587Z","level":"info","event":"[UPSERT START] upserting 500 rows into traffic_speed_latest","logger":"lta_common","filename":"lta_common.py","lineno":348}
{"timestamp":"2026-04-15T09:50:51.024848Z","level":"info","event":"[UPSERT DEBUG] max_link_id=9667 | min_link_id=8919 | max_speed_band=8 | min_speed_band=1 | max_minimum_speed=70 | min_minimum_speed=0 | max_maximum_speed=69.0 | min_maximum_speed=9.0","logger":"lta_common","filename":"lta_common.py","lineno":350}
{"timestamp":"2026-04-15T09:50:51.441560Z","level":"info","event":"[UPSERT DONE] upserted=500 rows into traffic_speed_latest","logger":"lta_common","filename":"lta_common.py","lineno":388}
{"timestamp":"2026-04-15T09:50:51.442014Z","level":"info","event":"[SAVE START] inserting 500 rows into traffic_speed_recent","logger":"lta_common","filename":"lta_common.py","lineno":319}
{"timestamp":"2026-04-15T09:50:51.856812Z","level":"info","event":"[SAVE DONE] inserted=500 rows into traffic_speed_recent","logger":"lta_common","filename":"lta_common.py","lineno":337}
{"timestamp":"2026-04-15T09:50:51.857202Z","level":"info","event":"STEP 6: page saved skip=6000 | pages=13 | latest_rows=6500 | recent_rows=6500","logger":"unusual_prefix_faea391ec71b1d4b4651510353e4a48d62001c31_2_refresh_traffic_speed","filename":"2_refresh_traffic_speed.py","lineno":56}
{"timestamp":"2026-04-15T09:50:51.857295Z","level":"info","event":"========== PAGE START ==========","logger":"lta_common","filename":"lta_common.py","lineno":53}
{"timestamp":"2026-04-15T09:50:51.857357Z","level":"info","event":"[FETCH] requesting rows 6500–6999","logger":"lta_common","filename":"lta_common.py","lineno":54}
{"timestamp":"2026-04-15T09:50:51.857440Z","level":"info","event":"Fetching page from LTA: skip=6500","logger":"lta_common","filename":"lta_common.py","lineno":36}
{"timestamp":"2026-04-15T09:50:52.236976Z","level":"info","event":"Retrieved 500 rows from LTA at skip=6500","logger":"lta_common","filename":"lta_common.py","lineno":44}
{"timestamp":"2026-04-15T09:50:52.242202Z","level":"info","event":"[FETCH DONE] retrieved=500 rows at skip=6500","logger":"lta_common","filename":"lta_common.py","lineno":59}
{"timestamp":"2026-04-15T09:50:52.243145Z","level":"info","event":"STEP 4: processing page skip=6500 rows=500","logger":"unusual_prefix_faea391ec71b1d4b4651510353e4a48d62001c31_2_refresh_traffic_speed","filename":"2_refresh_traffic_speed.py","lineno":41}
{"timestamp":"2026-04-15T09:50:52.260604Z","level":"warning","event":"[SANITIZE] link_id=10024 field=maximum_speed suspicious sentinel value=999 -> NULL","logger":"lta_common","filename":"lta_common.py","lineno":143}
{"timestamp":"2026-04-15T09:50:52.260736Z","level":"warning","event":"[SANITIZE] link_id=10025 field=maximum_speed suspicious sentinel value=999 -> NULL","logger":"lta_common","filename":"lta_common.py","lineno":143}
{"timestamp":"2026-04-15T09:50:52.260813Z","level":"warning","event":"[SANITIZE] link_id=10029 field=maximum_speed suspicious sentinel value=999 -> NULL","logger":"lta_common","filename":"lta_common.py","lineno":143}
{"timestamp":"2026-04-15T09:50:52.261927Z","level":"warning","event":"[SANITIZE] link_id=10422 field=maximum_speed suspicious sentinel value=999 -> NULL","logger":"lta_common","filename":"lta_common.py","lineno":143}
{"timestamp":"2026-04-15T09:50:52.263025Z","level":"info","event":"[CLEAN DONE] rows=500 | null_speed_band=0 | null_minimum_speed=0 | null_maximum_speed=4","logger":"lta_common","filename":"lta_common.py","lineno":238}
{"timestamp":"2026-04-15T09:50:52.264584Z","level":"info","event":"STEP 5: built cleaned snapshot dataframe rows=500","logger":"unusual_prefix_faea391ec71b1d4b4651510353e4a48d62001c31_2_refresh_traffic_speed","filename":"2_refresh_traffic_speed.py","lineno":44}
{"timestamp":"2026-04-15T09:50:52.265169Z","level":"info","event":"[LATEST PREP] rows=500 | missing_measurement_rows=0","logger":"lta_common","filename":"lta_common.py","lineno":271}
{"timestamp":"2026-04-15T09:50:52.265617Z","level":"info","event":"[UPSERT START] upserting 500 rows into traffic_speed_latest","logger":"lta_common","filename":"lta_common.py","lineno":348}
{"timestamp":"2026-04-15T09:50:52.266060Z","level":"info","event":"[UPSERT DEBUG] max_link_id=10530 | min_link_id=9669 | max_speed_band=8 | min_speed_band=1 | max_minimum_speed=70 | min_minimum_speed=0 | max_maximum_speed=69.0 | min_maximum_speed=9.0","logger":"lta_common","filename":"lta_common.py","lineno":350}
{"timestamp":"2026-04-15T09:50:52.752028Z","level":"info","event":"[UPSERT DONE] upserted=500 rows into traffic_speed_latest","logger":"lta_common","filename":"lta_common.py","lineno":388}
{"timestamp":"2026-04-15T09:50:52.753473Z","level":"info","event":"[SAVE START] inserting 500 rows into traffic_speed_recent","logger":"lta_common","filename":"lta_common.py","lineno":319}
{"timestamp":"2026-04-15T09:50:53.160045Z","level":"info","event":"[SAVE DONE] inserted=500 rows into traffic_speed_recent","logger":"lta_common","filename":"lta_common.py","lineno":337}
{"timestamp":"2026-04-15T09:50:53.160668Z","level":"info","event":"STEP 6: page saved skip=6500 | pages=14 | latest_rows=7000 | recent_rows=7000","logger":"unusual_prefix_faea391ec71b1d4b4651510353e4a48d62001c31_2_refresh_traffic_speed","filename":"2_refresh_traffic_speed.py","lineno":56}
{"timestamp":"2026-04-15T09:50:53.160866Z","level":"info","event":"========== PAGE START ==========","logger":"lta_common","filename":"lta_common.py","lineno":53}
{"timestamp":"2026-04-15T09:50:53.160995Z","level":"info","event":"[FETCH] requesting rows 7000–7499","logger":"lta_common","filename":"lta_common.py","lineno":54}
{"timestamp":"2026-04-15T09:50:53.161158Z","level":"info","event":"Fetching page from LTA: skip=7000","logger":"lta_common","filename":"lta_common.py","lineno":36}
{"timestamp":"2026-04-15T09:50:53.524732Z","level":"info","event":"Retrieved 500 rows from LTA at skip=7000","logger":"lta_common","filename":"lta_common.py","lineno":44}
{"timestamp":"2026-04-15T09:50:53.530576Z","level":"info","event":"[FETCH DONE] retrieved=500 rows at skip=7000","logger":"lta_common","filename":"lta_common.py","lineno":59}
{"timestamp":"2026-04-15T09:50:53.531959Z","level":"info","event":"STEP 4: processing page skip=7000 rows=500","logger":"unusual_prefix_faea391ec71b1d4b4651510353e4a48d62001c31_2_refresh_traffic_speed","filename":"2_refresh_traffic_speed.py","lineno":41}
{"timestamp":"2026-04-15T09:50:53.548478Z","level":"warning","event":"[SANITIZE] link_id=10687 field=maximum_speed suspicious sentinel value=999 -> NULL","logger":"lta_common","filename":"lta_common.py","lineno":143}
{"timestamp":"2026-04-15T09:50:53.549022Z","level":"warning","event":"[SANITIZE] link_id=10716 field=maximum_speed suspicious sentinel value=999 -> NULL","logger":"lta_common","filename":"lta_common.py","lineno":143}
{"timestamp":"2026-04-15T09:50:53.549993Z","level":"warning","event":"[SANITIZE] link_id=10951 field=maximum_speed suspicious sentinel value=999 -> NULL","logger":"lta_common","filename":"lta_common.py","lineno":143}
{"timestamp":"2026-04-15T09:50:53.550345Z","level":"warning","event":"[SANITIZE] link_id=11099 field=maximum_speed suspicious sentinel value=999 -> NULL","logger":"lta_common","filename":"lta_common.py","lineno":143}
{"timestamp":"2026-04-15T09:50:53.552177Z","level":"info","event":"[CLEAN DONE] rows=500 | null_speed_band=0 | null_minimum_speed=0 | null_maximum_speed=4","logger":"lta_common","filename":"lta_common.py","lineno":238}
{"timestamp":"2026-04-15T09:50:53.553813Z","level":"info","event":"STEP 5: built cleaned snapshot dataframe rows=500","logger":"unusual_prefix_faea391ec71b1d4b4651510353e4a48d62001c31_2_refresh_traffic_speed","filename":"2_refresh_traffic_speed.py","lineno":44}
{"timestamp":"2026-04-15T09:50:53.554457Z","level":"info","event":"[LATEST PREP] rows=500 | missing_measurement_rows=0","logger":"lta_common","filename":"lta_common.py","lineno":271}
{"timestamp":"2026-04-15T09:50:53.554975Z","level":"info","event":"[UPSERT START] upserting 500 rows into traffic_speed_latest","logger":"lta_common","filename":"lta_common.py","lineno":348}
{"timestamp":"2026-04-15T09:50:53.555532Z","level":"info","event":"[UPSERT DEBUG] max_link_id=11391 | min_link_id=10531 | max_speed_band=8 | min_speed_band=1 | max_minimum_speed=70 | min_minimum_speed=0 | max_maximum_speed=69.0 | min_maximum_speed=9.0","logger":"lta_common","filename":"lta_common.py","lineno":350}
{"timestamp":"2026-04-15T09:50:53.961234Z","level":"info","event":"[UPSERT DONE] upserted=500 rows into traffic_speed_latest","logger":"lta_common","filename":"lta_common.py","lineno":388}
{"timestamp":"2026-04-15T09:50:53.962904Z","level":"info","event":"[SAVE START] inserting 500 rows into traffic_speed_recent","logger":"lta_common","filename":"lta_common.py","lineno":319}
{"timestamp":"2026-04-15T09:50:54.407335Z","level":"info","event":"[SAVE DONE] inserted=500 rows into traffic_speed_recent","logger":"lta_common","filename":"lta_common.py","lineno":337}
{"timestamp":"2026-04-15T09:50:54.407718Z","level":"info","event":"STEP 6: page saved skip=7000 | pages=15 | latest_rows=7500 | recent_rows=7500","logger":"unusual_prefix_faea391ec71b1d4b4651510353e4a48d62001c31_2_refresh_traffic_speed","filename":"2_refresh_traffic_speed.py","lineno":56}
{"timestamp":"2026-04-15T09:50:54.407801Z","level":"info","event":"========== PAGE START ==========","logger":"lta_common","filename":"lta_common.py","lineno":53}
{"timestamp":"2026-04-15T09:50:54.407857Z","level":"info","event":"[FETCH] requesting rows 7500–7999","logger":"lta_common","filename":"lta_common.py","lineno":54}
{"timestamp":"2026-04-15T09:50:54.407927Z","level":"info","event":"Fetching page from LTA: skip=7500","logger":"lta_common","filename":"lta_common.py","lineno":36}
{"timestamp":"2026-04-15T09:50:54.835189Z","level":"info","event":"Retrieved 500 rows from LTA at skip=7500","logger":"lta_common","filename":"lta_common.py","lineno":44}
{"timestamp":"2026-04-15T09:50:54.836244Z","level":"info","event":"[FETCH DONE] retrieved=500 rows at skip=7500","logger":"lta_common","filename":"lta_common.py","lineno":59}
{"timestamp":"2026-04-15T09:50:54.836436Z","level":"info","event":"STEP 4: processing page skip=7500 rows=500","logger":"unusual_prefix_faea391ec71b1d4b4651510353e4a48d62001c31_2_refresh_traffic_speed","filename":"2_refresh_traffic_speed.py","lineno":41}
{"timestamp":"2026-04-15T09:50:54.842619Z","level":"warning","event":"[SANITIZE] link_id=11673 field=maximum_speed suspicious sentinel value=999 -> NULL","logger":"lta_common","filename":"lta_common.py","lineno":143}
{"timestamp":"2026-04-15T09:50:54.842670Z","level":"warning","event":"[SANITIZE] link_id=11675 field=maximum_speed suspicious sentinel value=999 -> NULL","logger":"lta_common","filename":"lta_common.py","lineno":143}
{"timestamp":"2026-04-15T09:50:54.842716Z","level":"warning","event":"[SANITIZE] link_id=11711 field=maximum_speed suspicious sentinel value=999 -> NULL","logger":"lta_common","filename":"lta_common.py","lineno":143}
{"timestamp":"2026-04-15T09:50:54.843902Z","level":"info","event":"[CLEAN DONE] rows=500 | null_speed_band=0 | null_minimum_speed=0 | null_maximum_speed=3","logger":"lta_common","filename":"lta_common.py","lineno":238}
{"timestamp":"2026-04-15T09:50:54.844618Z","level":"info","event":"STEP 5: built cleaned snapshot dataframe rows=500","logger":"unusual_prefix_faea391ec71b1d4b4651510353e4a48d62001c31_2_refresh_traffic_speed","filename":"2_refresh_traffic_speed.py","lineno":44}
{"timestamp":"2026-04-15T09:50:54.844894Z","level":"info","event":"[LATEST PREP] rows=500 | missing_measurement_rows=0","logger":"lta_common","filename":"lta_common.py","lineno":271}
{"timestamp":"2026-04-15T09:50:54.845120Z","level":"info","event":"[UPSERT START] upserting 500 rows into traffic_speed_latest","logger":"lta_common","filename":"lta_common.py","lineno":348}
{"timestamp":"2026-04-15T09:50:54.845379Z","level":"info","event":"[UPSERT DEBUG] max_link_id=12191 | min_link_id=11394 | max_speed_band=8 | min_speed_band=1 | max_minimum_speed=70 | min_minimum_speed=0 | max_maximum_speed=69.0 | min_maximum_speed=9.0","logger":"lta_common","filename":"lta_common.py","lineno":350}
{"timestamp":"2026-04-15T09:50:55.284786Z","level":"info","event":"[UPSERT DONE] upserted=500 rows into traffic_speed_latest","logger":"lta_common","filename":"lta_common.py","lineno":388}
{"timestamp":"2026-04-15T09:50:55.285232Z","level":"info","event":"[SAVE START] inserting 500 rows into traffic_speed_recent","logger":"lta_common","filename":"lta_common.py","lineno":319}
{"timestamp":"2026-04-15T09:50:55.680266Z","level":"info","event":"[SAVE DONE] inserted=500 rows into traffic_speed_recent","logger":"lta_common","filename":"lta_common.py","lineno":337}
{"timestamp":"2026-04-15T09:50:55.680357Z","level":"info","event":"STEP 6: page saved skip=7500 | pages=16 | latest_rows=8000 | recent_rows=8000","logger":"unusual_prefix_faea391ec71b1d4b4651510353e4a48d62001c31_2_refresh_traffic_speed","filename":"2_refresh_traffic_speed.py","lineno":56}
{"timestamp":"2026-04-15T09:50:55.680384Z","level":"info","event":"========== PAGE START ==========","logger":"lta_common","filename":"lta_common.py","lineno":53}
{"timestamp":"2026-04-15T09:50:55.680405Z","level":"info","event":"[FETCH] requesting rows 8000–8499","logger":"lta_common","filename":"lta_common.py","lineno":54}
{"timestamp":"2026-04-15T09:50:55.680432Z","level":"info","event":"Fetching page from LTA: skip=8000","logger":"lta_common","filename":"lta_common.py","lineno":36}
{"timestamp":"2026-04-15T09:50:56.072219Z","level":"info","event":"Retrieved 500 rows from LTA at skip=8000","logger":"lta_common","filename":"lta_common.py","lineno":44}
{"timestamp":"2026-04-15T09:50:56.073482Z","level":"info","event":"[FETCH DONE] retrieved=500 rows at skip=8000","logger":"lta_common","filename":"lta_common.py","lineno":59}
{"timestamp":"2026-04-15T09:50:56.073728Z","level":"info","event":"STEP 4: processing page skip=8000 rows=500","logger":"unusual_prefix_faea391ec71b1d4b4651510353e4a48d62001c31_2_refresh_traffic_speed","filename":"2_refresh_traffic_speed.py","lineno":41}
{"timestamp":"2026-04-15T09:50:56.081374Z","level":"info","event":"[CLEAN DONE] rows=500 | null_speed_band=0 | null_minimum_speed=0 | null_maximum_speed=0","logger":"lta_common","filename":"lta_common.py","lineno":238}
{"timestamp":"2026-04-15T09:50:56.082254Z","level":"info","event":"STEP 5: built cleaned snapshot dataframe rows=500","logger":"unusual_prefix_faea391ec71b1d4b4651510353e4a48d62001c31_2_refresh_traffic_speed","filename":"2_refresh_traffic_speed.py","lineno":44}
{"timestamp":"2026-04-15T09:50:56.082620Z","level":"info","event":"[LATEST PREP] rows=500 | missing_measurement_rows=0","logger":"lta_common","filename":"lta_common.py","lineno":271}
{"timestamp":"2026-04-15T09:50:56.082849Z","level":"info","event":"[UPSERT START] upserting 500 rows into traffic_speed_latest","logger":"lta_common","filename":"lta_common.py","lineno":348}
{"timestamp":"2026-04-15T09:50:56.083124Z","level":"info","event":"[UPSERT DEBUG] max_link_id=12845 | min_link_id=12192 | max_speed_band=7 | min_speed_band=1 | max_minimum_speed=60 | min_minimum_speed=0 | max_maximum_speed=69 | min_maximum_speed=9","logger":"lta_common","filename":"lta_common.py","lineno":350}
{"timestamp":"2026-04-15T09:50:56.468211Z","level":"info","event":"[UPSERT DONE] upserted=500 rows into traffic_speed_latest","logger":"lta_common","filename":"lta_common.py","lineno":388}
{"timestamp":"2026-04-15T09:50:56.470278Z","level":"info","event":"[SAVE START] inserting 500 rows into traffic_speed_recent","logger":"lta_common","filename":"lta_common.py","lineno":319}
{"timestamp":"2026-04-15T09:50:56.874913Z","level":"info","event":"[SAVE DONE] inserted=500 rows into traffic_speed_recent","logger":"lta_common","filename":"lta_common.py","lineno":337}
{"timestamp":"2026-04-15T09:50:56.875481Z","level":"info","event":"STEP 6: page saved skip=8000 | pages=17 | latest_rows=8500 | recent_rows=8500","logger":"unusual_prefix_faea391ec71b1d4b4651510353e4a48d62001c31_2_refresh_traffic_speed","filename":"2_refresh_traffic_speed.py","lineno":56}
{"timestamp":"2026-04-15T09:50:56.875696Z","level":"info","event":"========== PAGE START ==========","logger":"lta_common","filename":"lta_common.py","lineno":53}
{"timestamp":"2026-04-15T09:50:56.875835Z","level":"info","event":"[FETCH] requesting rows 8500–8999","logger":"lta_common","filename":"lta_common.py","lineno":54}
{"timestamp":"2026-04-15T09:50:56.875995Z","level":"info","event":"Fetching page from LTA: skip=8500","logger":"lta_common","filename":"lta_common.py","lineno":36}
{"timestamp":"2026-04-15T09:50:57.345335Z","level":"info","event":"Retrieved 500 rows from LTA at skip=8500","logger":"lta_common","filename":"lta_common.py","lineno":44}
{"timestamp":"2026-04-15T09:50:57.348725Z","level":"info","event":"[FETCH DONE] retrieved=500 rows at skip=8500","logger":"lta_common","filename":"lta_common.py","lineno":59}
{"timestamp":"2026-04-15T09:50:57.349216Z","level":"info","event":"STEP 4: processing page skip=8500 rows=500","logger":"unusual_prefix_faea391ec71b1d4b4651510353e4a48d62001c31_2_refresh_traffic_speed","filename":"2_refresh_traffic_speed.py","lineno":41}
{"timestamp":"2026-04-15T09:50:57.364185Z","level":"info","event":"[CLEAN DONE] rows=500 | null_speed_band=0 | null_minimum_speed=0 | null_maximum_speed=0","logger":"lta_common","filename":"lta_common.py","lineno":238}
{"timestamp":"2026-04-15T09:50:57.365406Z","level":"info","event":"STEP 5: built cleaned snapshot dataframe rows=500","logger":"unusual_prefix_faea391ec71b1d4b4651510353e4a48d62001c31_2_refresh_traffic_speed","filename":"2_refresh_traffic_speed.py","lineno":44}
{"timestamp":"2026-04-15T09:50:57.365938Z","level":"info","event":"[LATEST PREP] rows=500 | missing_measurement_rows=0","logger":"lta_common","filename":"lta_common.py","lineno":271}
{"timestamp":"2026-04-15T09:50:57.366316Z","level":"info","event":"[UPSERT START] upserting 500 rows into traffic_speed_latest","logger":"lta_common","filename":"lta_common.py","lineno":348}
{"timestamp":"2026-04-15T09:50:57.366744Z","level":"info","event":"[UPSERT DEBUG] max_link_id=13560 | min_link_id=12846 | max_speed_band=7 | min_speed_band=1 | max_minimum_speed=60 | min_minimum_speed=0 | max_maximum_speed=69 | min_maximum_speed=9","logger":"lta_common","filename":"lta_common.py","lineno":350}
{"timestamp":"2026-04-15T09:50:57.750250Z","level":"info","event":"[UPSERT DONE] upserted=500 rows into traffic_speed_latest","logger":"lta_common","filename":"lta_common.py","lineno":388}
{"timestamp":"2026-04-15T09:50:57.750980Z","level":"info","event":"[SAVE START] inserting 500 rows into traffic_speed_recent","logger":"lta_common","filename":"lta_common.py","lineno":319}
{"timestamp":"2026-04-15T09:50:58.132266Z","level":"info","event":"[SAVE DONE] inserted=500 rows into traffic_speed_recent","logger":"lta_common","filename":"lta_common.py","lineno":337}
{"timestamp":"2026-04-15T09:50:58.132852Z","level":"info","event":"STEP 6: page saved skip=8500 | pages=18 | latest_rows=9000 | recent_rows=9000","logger":"unusual_prefix_faea391ec71b1d4b4651510353e4a48d62001c31_2_refresh_traffic_speed","filename":"2_refresh_traffic_speed.py","lineno":56}
{"timestamp":"2026-04-15T09:50:58.133037Z","level":"info","event":"========== PAGE START ==========","logger":"lta_common","filename":"lta_common.py","lineno":53}
{"timestamp":"2026-04-15T09:50:58.133172Z","level":"info","event":"[FETCH] requesting rows 9000–9499","logger":"lta_common","filename":"lta_common.py","lineno":54}
{"timestamp":"2026-04-15T09:50:58.133330Z","level":"info","event":"Fetching page from LTA: skip=9000","logger":"lta_common","filename":"lta_common.py","lineno":36}
{"timestamp":"2026-04-15T09:50:58.466467Z","level":"info","event":"Retrieved 500 rows from LTA at skip=9000","logger":"lta_common","filename":"lta_common.py","lineno":44}
{"timestamp":"2026-04-15T09:50:58.471133Z","level":"info","event":"[FETCH DONE] retrieved=500 rows at skip=9000","logger":"lta_common","filename":"lta_common.py","lineno":59}
{"timestamp":"2026-04-15T09:50:58.472104Z","level":"info","event":"STEP 4: processing page skip=9000 rows=500","logger":"unusual_prefix_faea391ec71b1d4b4651510353e4a48d62001c31_2_refresh_traffic_speed","filename":"2_refresh_traffic_speed.py","lineno":41}
{"timestamp":"2026-04-15T09:50:58.491192Z","level":"info","event":"[CLEAN DONE] rows=500 | null_speed_band=0 | null_minimum_speed=0 | null_maximum_speed=0","logger":"lta_common","filename":"lta_common.py","lineno":238}
{"timestamp":"2026-04-15T09:50:58.492789Z","level":"info","event":"STEP 5: built cleaned snapshot dataframe rows=500","logger":"unusual_prefix_faea391ec71b1d4b4651510353e4a48d62001c31_2_refresh_traffic_speed","filename":"2_refresh_traffic_speed.py","lineno":44}
{"timestamp":"2026-04-15T09:50:58.493406Z","level":"info","event":"[LATEST PREP] rows=500 | missing_measurement_rows=0","logger":"lta_common","filename":"lta_common.py","lineno":271}
{"timestamp":"2026-04-15T09:50:58.493807Z","level":"info","event":"[UPSERT START] upserting 500 rows into traffic_speed_latest","logger":"lta_common","filename":"lta_common.py","lineno":348}
{"timestamp":"2026-04-15T09:50:58.494268Z","level":"info","event":"[UPSERT DEBUG] max_link_id=14274 | min_link_id=13561 | max_speed_band=7 | min_speed_band=1 | max_minimum_speed=60 | min_minimum_speed=0 | max_maximum_speed=69 | min_maximum_speed=9","logger":"lta_common","filename":"lta_common.py","lineno":350}
{"timestamp":"2026-04-15T09:50:59.086747Z","level":"info","event":"[UPSERT DONE] upserted=500 rows into traffic_speed_latest","logger":"lta_common","filename":"lta_common.py","lineno":388}
{"timestamp":"2026-04-15T09:50:59.088664Z","level":"info","event":"[SAVE START] inserting 500 rows into traffic_speed_recent","logger":"lta_common","filename":"lta_common.py","lineno":319}
{"timestamp":"2026-04-15T09:50:59.593483Z","level":"info","event":"[SAVE DONE] inserted=500 rows into traffic_speed_recent","logger":"lta_common","filename":"lta_common.py","lineno":337}
{"timestamp":"2026-04-15T09:50:59.594007Z","level":"info","event":"STEP 6: page saved skip=9000 | pages=19 | latest_rows=9500 | recent_rows=9500","logger":"unusual_prefix_faea391ec71b1d4b4651510353e4a48d62001c31_2_refresh_traffic_speed","filename":"2_refresh_traffic_speed.py","lineno":56}
{"timestamp":"2026-04-15T09:50:59.594078Z","level":"info","event":"========== PAGE START ==========","logger":"lta_common","filename":"lta_common.py","lineno":53}
{"timestamp":"2026-04-15T09:50:59.594108Z","level":"info","event":"[FETCH] requesting rows 9500–9999","logger":"lta_common","filename":"lta_common.py","lineno":54}
{"timestamp":"2026-04-15T09:50:59.594166Z","level":"info","event":"Fetching page from LTA: skip=9500","logger":"lta_common","filename":"lta_common.py","lineno":36}
{"timestamp":"2026-04-15T09:50:59.935226Z","level":"info","event":"Retrieved 500 rows from LTA at skip=9500","logger":"lta_common","filename":"lta_common.py","lineno":44}
{"timestamp":"2026-04-15T09:50:59.936776Z","level":"info","event":"[FETCH DONE] retrieved=500 rows at skip=9500","logger":"lta_common","filename":"lta_common.py","lineno":59}
{"timestamp":"2026-04-15T09:50:59.937035Z","level":"info","event":"STEP 4: processing page skip=9500 rows=500","logger":"unusual_prefix_faea391ec71b1d4b4651510353e4a48d62001c31_2_refresh_traffic_speed","filename":"2_refresh_traffic_speed.py","lineno":41}
{"timestamp":"2026-04-15T09:50:59.945660Z","level":"info","event":"[CLEAN DONE] rows=500 | null_speed_band=0 | null_minimum_speed=0 | null_maximum_speed=0","logger":"lta_common","filename":"lta_common.py","lineno":238}
{"timestamp":"2026-04-15T09:50:59.946548Z","level":"info","event":"STEP 5: built cleaned snapshot dataframe rows=500","logger":"unusual_prefix_faea391ec71b1d4b4651510353e4a48d62001c31_2_refresh_traffic_speed","filename":"2_refresh_traffic_speed.py","lineno":44}
{"timestamp":"2026-04-15T09:50:59.946905Z","level":"info","event":"[LATEST PREP] rows=500 | missing_measurement_rows=0","logger":"lta_common","filename":"lta_common.py","lineno":271}
{"timestamp":"2026-04-15T09:50:59.947160Z","level":"info","event":"[UPSERT START] upserting 500 rows into traffic_speed_latest","logger":"lta_common","filename":"lta_common.py","lineno":348}
{"timestamp":"2026-04-15T09:50:59.947459Z","level":"info","event":"[UPSERT DEBUG] max_link_id=14956 | min_link_id=14275 | max_speed_band=7 | min_speed_band=1 | max_minimum_speed=60 | min_minimum_speed=0 | max_maximum_speed=69 | min_maximum_speed=9","logger":"lta_common","filename":"lta_common.py","lineno":350}
{"timestamp":"2026-04-15T09:51:00.434628Z","level":"info","event":"[UPSERT DONE] upserted=500 rows into traffic_speed_latest","logger":"lta_common","filename":"lta_common.py","lineno":388}
{"timestamp":"2026-04-15T09:51:00.435206Z","level":"info","event":"[SAVE START] inserting 500 rows into traffic_speed_recent","logger":"lta_common","filename":"lta_common.py","lineno":319}
{"timestamp":"2026-04-15T09:51:01.094433Z","level":"info","event":"[SAVE DONE] inserted=500 rows into traffic_speed_recent","logger":"lta_common","filename":"lta_common.py","lineno":337}
{"timestamp":"2026-04-15T09:51:01.094956Z","level":"info","event":"STEP 6: page saved skip=9500 | pages=20 | latest_rows=10000 | recent_rows=10000","logger":"unusual_prefix_faea391ec71b1d4b4651510353e4a48d62001c31_2_refresh_traffic_speed","filename":"2_refresh_traffic_speed.py","lineno":56}
{"timestamp":"2026-04-15T09:51:01.095077Z","level":"info","event":"========== PAGE START ==========","logger":"lta_common","filename":"lta_common.py","lineno":53}
{"timestamp":"2026-04-15T09:51:01.095156Z","level":"info","event":"[FETCH] requesting rows 10000–10499","logger":"lta_common","filename":"lta_common.py","lineno":54}
{"timestamp":"2026-04-15T09:51:01.095265Z","level":"info","event":"Fetching page from LTA: skip=10000","logger":"lta_common","filename":"lta_common.py","lineno":36}
{"timestamp":"2026-04-15T09:51:02.024262Z","level":"info","event":"Retrieved 500 rows from LTA at skip=10000","logger":"lta_common","filename":"lta_common.py","lineno":44}
{"timestamp":"2026-04-15T09:51:02.025835Z","level":"info","event":"[FETCH DONE] retrieved=500 rows at skip=10000","logger":"lta_common","filename":"lta_common.py","lineno":59}
{"timestamp":"2026-04-15T09:51:02.026112Z","level":"info","event":"STEP 4: processing page skip=10000 rows=500","logger":"unusual_prefix_faea391ec71b1d4b4651510353e4a48d62001c31_2_refresh_traffic_speed","filename":"2_refresh_traffic_speed.py","lineno":41}
{"timestamp":"2026-04-15T09:51:02.037320Z","level":"info","event":"[CLEAN DONE] rows=500 | null_speed_band=0 | null_minimum_speed=0 | null_maximum_speed=0","logger":"lta_common","filename":"lta_common.py","lineno":238}
{"timestamp":"2026-04-15T09:51:02.038337Z","level":"info","event":"STEP 5: built cleaned snapshot dataframe rows=500","logger":"unusual_prefix_faea391ec71b1d4b4651510353e4a48d62001c31_2_refresh_traffic_speed","filename":"2_refresh_traffic_speed.py","lineno":44}
{"timestamp":"2026-04-15T09:51:02.038812Z","level":"info","event":"[LATEST PREP] rows=500 | missing_measurement_rows=0","logger":"lta_common","filename":"lta_common.py","lineno":271}
{"timestamp":"2026-04-15T09:51:02.039095Z","level":"info","event":"[UPSERT START] upserting 500 rows into traffic_speed_latest","logger":"lta_common","filename":"lta_common.py","lineno":348}
{"timestamp":"2026-04-15T09:51:02.039446Z","level":"info","event":"[UPSERT DEBUG] max_link_id=15673 | min_link_id=14959 | max_speed_band=6 | min_speed_band=1 | max_minimum_speed=50 | min_minimum_speed=0 | max_maximum_speed=59 | min_maximum_speed=9","logger":"lta_common","filename":"lta_common.py","lineno":350}
{"timestamp":"2026-04-15T09:51:02.692458Z","level":"info","event":"[UPSERT DONE] upserted=500 rows into traffic_speed_latest","logger":"lta_common","filename":"lta_common.py","lineno":388}
{"timestamp":"2026-04-15T09:51:02.692934Z","level":"info","event":"[SAVE START] inserting 500 rows into traffic_speed_recent","logger":"lta_common","filename":"lta_common.py","lineno":319}
{"timestamp":"2026-04-15T09:51:03.446566Z","level":"info","event":"[SAVE DONE] inserted=500 rows into traffic_speed_recent","logger":"lta_common","filename":"lta_common.py","lineno":337}
{"timestamp":"2026-04-15T09:51:03.446678Z","level":"info","event":"STEP 6: page saved skip=10000 | pages=21 | latest_rows=10500 | recent_rows=10500","logger":"unusual_prefix_faea391ec71b1d4b4651510353e4a48d62001c31_2_refresh_traffic_speed","filename":"2_refresh_traffic_speed.py","lineno":56}
{"timestamp":"2026-04-15T09:51:03.446712Z","level":"info","event":"========== PAGE START ==========","logger":"lta_common","filename":"lta_common.py","lineno":53}
{"timestamp":"2026-04-15T09:51:03.446734Z","level":"info","event":"[FETCH] requesting rows 10500–10999","logger":"lta_common","filename":"lta_common.py","lineno":54}
{"timestamp":"2026-04-15T09:51:03.446762Z","level":"info","event":"Fetching page from LTA: skip=10500","logger":"lta_common","filename":"lta_common.py","lineno":36}
{"timestamp":"2026-04-15T09:51:03.821735Z","level":"info","event":"Retrieved 500 rows from LTA at skip=10500","logger":"lta_common","filename":"lta_common.py","lineno":44}
{"timestamp":"2026-04-15T09:51:03.824859Z","level":"info","event":"[FETCH DONE] retrieved=500 rows at skip=10500","logger":"lta_common","filename":"lta_common.py","lineno":59}
{"timestamp":"2026-04-15T09:51:03.825084Z","level":"info","event":"STEP 4: processing page skip=10500 rows=500","logger":"unusual_prefix_faea391ec71b1d4b4651510353e4a48d62001c31_2_refresh_traffic_speed","filename":"2_refresh_traffic_speed.py","lineno":41}
{"timestamp":"2026-04-15T09:51:03.856266Z","level":"info","event":"[CLEAN DONE] rows=500 | null_speed_band=0 | null_minimum_speed=0 | null_maximum_speed=0","logger":"lta_common","filename":"lta_common.py","lineno":238}
{"timestamp":"2026-04-15T09:51:03.857971Z","level":"info","event":"STEP 5: built cleaned snapshot dataframe rows=500","logger":"unusual_prefix_faea391ec71b1d4b4651510353e4a48d62001c31_2_refresh_traffic_speed","filename":"2_refresh_traffic_speed.py","lineno":44}
{"timestamp":"2026-04-15T09:51:03.858632Z","level":"info","event":"[LATEST PREP] rows=500 | missing_measurement_rows=0","logger":"lta_common","filename":"lta_common.py","lineno":271}
{"timestamp":"2026-04-15T09:51:03.859101Z","level":"info","event":"[UPSERT START] upserting 500 rows into traffic_speed_latest","logger":"lta_common","filename":"lta_common.py","lineno":348}
{"timestamp":"2026-04-15T09:51:03.859663Z","level":"info","event":"[UPSERT DEBUG] max_link_id=16309 | min_link_id=15675 | max_speed_band=7 | min_speed_band=1 | max_minimum_speed=60 | min_minimum_speed=0 | max_maximum_speed=69 | min_maximum_speed=9","logger":"lta_common","filename":"lta_common.py","lineno":350}
{"timestamp":"2026-04-15T09:51:04.536589Z","level":"info","event":"[UPSERT DONE] upserted=500 rows into traffic_speed_latest","logger":"lta_common","filename":"lta_common.py","lineno":388}
{"timestamp":"2026-04-15T09:51:04.536962Z","level":"info","event":"[SAVE START] inserting 500 rows into traffic_speed_recent","logger":"lta_common","filename":"lta_common.py","lineno":319}
{"timestamp":"2026-04-15T09:51:05.257965Z","level":"info","event":"[SAVE DONE] inserted=500 rows into traffic_speed_recent","logger":"lta_common","filename":"lta_common.py","lineno":337}
{"timestamp":"2026-04-15T09:51:05.258146Z","level":"info","event":"STEP 6: page saved skip=10500 | pages=22 | latest_rows=11000 | recent_rows=11000","logger":"unusual_prefix_faea391ec71b1d4b4651510353e4a48d62001c31_2_refresh_traffic_speed","filename":"2_refresh_traffic_speed.py","lineno":56}
{"timestamp":"2026-04-15T09:51:05.258208Z","level":"info","event":"========== PAGE START ==========","logger":"lta_common","filename":"lta_common.py","lineno":53}
{"timestamp":"2026-04-15T09:51:05.258245Z","level":"info","event":"[FETCH] requesting rows 11000–11499","logger":"lta_common","filename":"lta_common.py","lineno":54}
{"timestamp":"2026-04-15T09:51:05.258292Z","level":"info","event":"Fetching page from LTA: skip=11000","logger":"lta_common","filename":"lta_common.py","lineno":36}
{"timestamp":"2026-04-15T09:51:05.640363Z","level":"info","event":"Retrieved 500 rows from LTA at skip=11000","logger":"lta_common","filename":"lta_common.py","lineno":44}
{"timestamp":"2026-04-15T09:51:05.645608Z","level":"info","event":"[FETCH DONE] retrieved=500 rows at skip=11000","logger":"lta_common","filename":"lta_common.py","lineno":59}
{"timestamp":"2026-04-15T09:51:05.646854Z","level":"info","event":"STEP 4: processing page skip=11000 rows=500","logger":"unusual_prefix_faea391ec71b1d4b4651510353e4a48d62001c31_2_refresh_traffic_speed","filename":"2_refresh_traffic_speed.py","lineno":41}
{"timestamp":"2026-04-15T09:51:05.664867Z","level":"info","event":"[CLEAN DONE] rows=500 | null_speed_band=0 | null_minimum_speed=0 | null_maximum_speed=0","logger":"lta_common","filename":"lta_common.py","lineno":238}
{"timestamp":"2026-04-15T09:51:05.666655Z","level":"info","event":"STEP 5: built cleaned snapshot dataframe rows=500","logger":"unusual_prefix_faea391ec71b1d4b4651510353e4a48d62001c31_2_refresh_traffic_speed","filename":"2_refresh_traffic_speed.py","lineno":44}
{"timestamp":"2026-04-15T09:51:05.667363Z","level":"info","event":"[LATEST PREP] rows=500 | missing_measurement_rows=0","logger":"lta_common","filename":"lta_common.py","lineno":271}
{"timestamp":"2026-04-15T09:51:05.667941Z","level":"info","event":"[UPSERT START] upserting 500 rows into traffic_speed_latest","logger":"lta_common","filename":"lta_common.py","lineno":348}
{"timestamp":"2026-04-15T09:51:05.668522Z","level":"info","event":"[UPSERT DEBUG] max_link_id=17103 | min_link_id=16310 | max_speed_band=7 | min_speed_band=1 | max_minimum_speed=60 | min_minimum_speed=0 | max_maximum_speed=69 | min_maximum_speed=9","logger":"lta_common","filename":"lta_common.py","lineno":350}
{"timestamp":"2026-04-15T09:51:06.249608Z","level":"info","event":"[UPSERT DONE] upserted=500 rows into traffic_speed_latest","logger":"lta_common","filename":"lta_common.py","lineno":388}
{"timestamp":"2026-04-15T09:51:06.251336Z","level":"info","event":"[SAVE START] inserting 500 rows into traffic_speed_recent","logger":"lta_common","filename":"lta_common.py","lineno":319}
{"timestamp":"2026-04-15T09:51:06.790669Z","level":"info","event":"[SAVE DONE] inserted=500 rows into traffic_speed_recent","logger":"lta_common","filename":"lta_common.py","lineno":337}
{"timestamp":"2026-04-15T09:51:06.791869Z","level":"info","event":"STEP 6: page saved skip=11000 | pages=23 | latest_rows=11500 | recent_rows=11500","logger":"unusual_prefix_faea391ec71b1d4b4651510353e4a48d62001c31_2_refresh_traffic_speed","filename":"2_refresh_traffic_speed.py","lineno":56}
{"timestamp":"2026-04-15T09:51:06.792059Z","level":"info","event":"========== PAGE START ==========","logger":"lta_common","filename":"lta_common.py","lineno":53}
{"timestamp":"2026-04-15T09:51:06.792191Z","level":"info","event":"[FETCH] requesting rows 11500–11999","logger":"lta_common","filename":"lta_common.py","lineno":54}
{"timestamp":"2026-04-15T09:51:06.792353Z","level":"info","event":"Fetching page from LTA: skip=11500","logger":"lta_common","filename":"lta_common.py","lineno":36}
{"timestamp":"2026-04-15T09:51:07.189282Z","level":"info","event":"Retrieved 500 rows from LTA at skip=11500","logger":"lta_common","filename":"lta_common.py","lineno":44}
{"timestamp":"2026-04-15T09:51:07.194038Z","level":"info","event":"[FETCH DONE] retrieved=500 rows at skip=11500","logger":"lta_common","filename":"lta_common.py","lineno":59}
{"timestamp":"2026-04-15T09:51:07.194940Z","level":"info","event":"STEP 4: processing page skip=11500 rows=500","logger":"unusual_prefix_faea391ec71b1d4b4651510353e4a48d62001c31_2_refresh_traffic_speed","filename":"2_refresh_traffic_speed.py","lineno":41}
{"timestamp":"2026-04-15T09:51:07.212787Z","level":"warning","event":"[SANITIZE] link_id=17752 field=maximum_speed suspicious sentinel value=999 -> NULL","logger":"lta_common","filename":"lta_common.py","lineno":143}
{"timestamp":"2026-04-15T09:51:07.212972Z","level":"warning","event":"[SANITIZE] link_id=17753 field=maximum_speed suspicious sentinel value=999 -> NULL","logger":"lta_common","filename":"lta_common.py","lineno":143}
{"timestamp":"2026-04-15T09:51:07.214802Z","level":"info","event":"[CLEAN DONE] rows=500 | null_speed_band=0 | null_minimum_speed=0 | null_maximum_speed=2","logger":"lta_common","filename":"lta_common.py","lineno":238}
{"timestamp":"2026-04-15T09:51:07.216450Z","level":"info","event":"STEP 5: built cleaned snapshot dataframe rows=500","logger":"unusual_prefix_faea391ec71b1d4b4651510353e4a48d62001c31_2_refresh_traffic_speed","filename":"2_refresh_traffic_speed.py","lineno":44}
{"timestamp":"2026-04-15T09:51:07.217084Z","level":"info","event":"[LATEST PREP] rows=500 | missing_measurement_rows=0","logger":"lta_common","filename":"lta_common.py","lineno":271}
{"timestamp":"2026-04-15T09:51:07.217554Z","level":"info","event":"[UPSERT START] upserting 500 rows into traffic_speed_latest","logger":"lta_common","filename":"lta_common.py","lineno":348}
{"timestamp":"2026-04-15T09:51:07.218061Z","level":"info","event":"[UPSERT DEBUG] max_link_id=18105 | min_link_id=17132 | max_speed_band=8 | min_speed_band=1 | max_minimum_speed=70 | min_minimum_speed=0 | max_maximum_speed=69.0 | min_maximum_speed=9.0","logger":"lta_common","filename":"lta_common.py","lineno":350}
{"timestamp":"2026-04-15T09:51:07.754991Z","level":"info","event":"[UPSERT DONE] upserted=500 rows into traffic_speed_latest","logger":"lta_common","filename":"lta_common.py","lineno":388}
{"timestamp":"2026-04-15T09:51:07.755726Z","level":"info","event":"[SAVE START] inserting 500 rows into traffic_speed_recent","logger":"lta_common","filename":"lta_common.py","lineno":319}
{"timestamp":"2026-04-15T09:51:08.273826Z","level":"info","event":"[SAVE DONE] inserted=500 rows into traffic_speed_recent","logger":"lta_common","filename":"lta_common.py","lineno":337}
{"timestamp":"2026-04-15T09:51:08.273923Z","level":"info","event":"STEP 6: page saved skip=11500 | pages=24 | latest_rows=12000 | recent_rows=12000","logger":"unusual_prefix_faea391ec71b1d4b4651510353e4a48d62001c31_2_refresh_traffic_speed","filename":"2_refresh_traffic_speed.py","lineno":56}
{"timestamp":"2026-04-15T09:51:08.273951Z","level":"info","event":"========== PAGE START ==========","logger":"lta_common","filename":"lta_common.py","lineno":53}
{"timestamp":"2026-04-15T09:51:08.273973Z","level":"info","event":"[FETCH] requesting rows 12000–12499","logger":"lta_common","filename":"lta_common.py","lineno":54}
{"timestamp":"2026-04-15T09:51:08.274001Z","level":"info","event":"Fetching page from LTA: skip=12000","logger":"lta_common","filename":"lta_common.py","lineno":36}
{"timestamp":"2026-04-15T09:51:08.658534Z","level":"info","event":"Retrieved 500 rows from LTA at skip=12000","logger":"lta_common","filename":"lta_common.py","lineno":44}
{"timestamp":"2026-04-15T09:51:08.659632Z","level":"info","event":"[FETCH DONE] retrieved=500 rows at skip=12000","logger":"lta_common","filename":"lta_common.py","lineno":59}
{"timestamp":"2026-04-15T09:51:08.659840Z","level":"info","event":"STEP 4: processing page skip=12000 rows=500","logger":"unusual_prefix_faea391ec71b1d4b4651510353e4a48d62001c31_2_refresh_traffic_speed","filename":"2_refresh_traffic_speed.py","lineno":41}
{"timestamp":"2026-04-15T09:51:08.667501Z","level":"info","event":"[CLEAN DONE] rows=500 | null_speed_band=0 | null_minimum_speed=0 | null_maximum_speed=0","logger":"lta_common","filename":"lta_common.py","lineno":238}
{"timestamp":"2026-04-15T09:51:08.668290Z","level":"info","event":"STEP 5: built cleaned snapshot dataframe rows=500","logger":"unusual_prefix_faea391ec71b1d4b4651510353e4a48d62001c31_2_refresh_traffic_speed","filename":"2_refresh_traffic_speed.py","lineno":44}
{"timestamp":"2026-04-15T09:51:08.668621Z","level":"info","event":"[LATEST PREP] rows=500 | missing_measurement_rows=0","logger":"lta_common","filename":"lta_common.py","lineno":271}
{"timestamp":"2026-04-15T09:51:08.668867Z","level":"info","event":"[UPSERT START] upserting 500 rows into traffic_speed_latest","logger":"lta_common","filename":"lta_common.py","lineno":348}
{"timestamp":"2026-04-15T09:51:08.669154Z","level":"info","event":"[UPSERT DEBUG] max_link_id=18947 | min_link_id=18108 | max_speed_band=6 | min_speed_band=1 | max_minimum_speed=50 | min_minimum_speed=0 | max_maximum_speed=59 | min_maximum_speed=9","logger":"lta_common","filename":"lta_common.py","lineno":350}
{"timestamp":"2026-04-15T09:51:09.259597Z","level":"info","event":"[UPSERT DONE] upserted=500 rows into traffic_speed_latest","logger":"lta_common","filename":"lta_common.py","lineno":388}
{"timestamp":"2026-04-15T09:51:09.260134Z","level":"info","event":"[SAVE START] inserting 500 rows into traffic_speed_recent","logger":"lta_common","filename":"lta_common.py","lineno":319}
{"timestamp":"2026-04-15T09:51:09.910988Z","level":"info","event":"[SAVE DONE] inserted=500 rows into traffic_speed_recent","logger":"lta_common","filename":"lta_common.py","lineno":337}
{"timestamp":"2026-04-15T09:51:09.913996Z","level":"info","event":"STEP 6: page saved skip=12000 | pages=25 | latest_rows=12500 | recent_rows=12500","logger":"unusual_prefix_faea391ec71b1d4b4651510353e4a48d62001c31_2_refresh_traffic_speed","filename":"2_refresh_traffic_speed.py","lineno":56}
{"timestamp":"2026-04-15T09:51:09.914201Z","level":"info","event":"========== PAGE START ==========","logger":"lta_common","filename":"lta_common.py","lineno":53}
{"timestamp":"2026-04-15T09:51:09.914260Z","level":"info","event":"[FETCH] requesting rows 12500–12999","logger":"lta_common","filename":"lta_common.py","lineno":54}
{"timestamp":"2026-04-15T09:51:09.914372Z","level":"info","event":"Fetching page from LTA: skip=12500","logger":"lta_common","filename":"lta_common.py","lineno":36}
{"timestamp":"2026-04-15T09:51:10.335354Z","level":"info","event":"Retrieved 500 rows from LTA at skip=12500","logger":"lta_common","filename":"lta_common.py","lineno":44}
{"timestamp":"2026-04-15T09:51:10.344112Z","level":"info","event":"[FETCH DONE] retrieved=500 rows at skip=12500","logger":"lta_common","filename":"lta_common.py","lineno":59}
{"timestamp":"2026-04-15T09:51:10.345041Z","level":"info","event":"STEP 4: processing page skip=12500 rows=500","logger":"unusual_prefix_faea391ec71b1d4b4651510353e4a48d62001c31_2_refresh_traffic_speed","filename":"2_refresh_traffic_speed.py","lineno":41}
{"timestamp":"2026-04-15T09:51:10.366486Z","level":"info","event":"[CLEAN DONE] rows=500 | null_speed_band=0 | null_minimum_speed=0 | null_maximum_speed=0","logger":"lta_common","filename":"lta_common.py","lineno":238}
{"timestamp":"2026-04-15T09:51:10.367865Z","level":"info","event":"STEP 5: built cleaned snapshot dataframe rows=500","logger":"unusual_prefix_faea391ec71b1d4b4651510353e4a48d62001c31_2_refresh_traffic_speed","filename":"2_refresh_traffic_speed.py","lineno":44}
{"timestamp":"2026-04-15T09:51:10.368434Z","level":"info","event":"[LATEST PREP] rows=500 | missing_measurement_rows=0","logger":"lta_common","filename":"lta_common.py","lineno":271}
{"timestamp":"2026-04-15T09:51:10.368829Z","level":"info","event":"[UPSERT START] upserting 500 rows into traffic_speed_latest","logger":"lta_common","filename":"lta_common.py","lineno":348}
{"timestamp":"2026-04-15T09:51:10.369321Z","level":"info","event":"[UPSERT DEBUG] max_link_id=19645 | min_link_id=18949 | max_speed_band=6 | min_speed_band=1 | max_minimum_speed=50 | min_minimum_speed=0 | max_maximum_speed=59 | min_maximum_speed=9","logger":"lta_common","filename":"lta_common.py","lineno":350}
{"timestamp":"2026-04-15T09:51:10.960474Z","level":"info","event":"[UPSERT DONE] upserted=500 rows into traffic_speed_latest","logger":"lta_common","filename":"lta_common.py","lineno":388}
{"timestamp":"2026-04-15T09:51:10.962877Z","level":"info","event":"[SAVE START] inserting 500 rows into traffic_speed_recent","logger":"lta_common","filename":"lta_common.py","lineno":319}
{"timestamp":"2026-04-15T09:51:11.496454Z","level":"info","event":"[SAVE DONE] inserted=500 rows into traffic_speed_recent","logger":"lta_common","filename":"lta_common.py","lineno":337}
{"timestamp":"2026-04-15T09:51:11.497200Z","level":"info","event":"STEP 6: page saved skip=12500 | pages=26 | latest_rows=13000 | recent_rows=13000","logger":"unusual_prefix_faea391ec71b1d4b4651510353e4a48d62001c31_2_refresh_traffic_speed","filename":"2_refresh_traffic_speed.py","lineno":56}
{"timestamp":"2026-04-15T09:51:11.497416Z","level":"info","event":"========== PAGE START ==========","logger":"lta_common","filename":"lta_common.py","lineno":53}
{"timestamp":"2026-04-15T09:51:11.497636Z","level":"info","event":"[FETCH] requesting rows 13000–13499","logger":"lta_common","filename":"lta_common.py","lineno":54}
{"timestamp":"2026-04-15T09:51:11.497832Z","level":"info","event":"Fetching page from LTA: skip=13000","logger":"lta_common","filename":"lta_common.py","lineno":36}
{"timestamp":"2026-04-15T09:51:11.921721Z","level":"info","event":"Retrieved 500 rows from LTA at skip=13000","logger":"lta_common","filename":"lta_common.py","lineno":44}
{"timestamp":"2026-04-15T09:51:11.927569Z","level":"info","event":"[FETCH DONE] retrieved=500 rows at skip=13000","logger":"lta_common","filename":"lta_common.py","lineno":59}
{"timestamp":"2026-04-15T09:51:11.928217Z","level":"info","event":"STEP 4: processing page skip=13000 rows=500","logger":"unusual_prefix_faea391ec71b1d4b4651510353e4a48d62001c31_2_refresh_traffic_speed","filename":"2_refresh_traffic_speed.py","lineno":41}
{"timestamp":"2026-04-15T09:51:11.944979Z","level":"info","event":"[CLEAN DONE] rows=500 | null_speed_band=0 | null_minimum_speed=0 | null_maximum_speed=0","logger":"lta_common","filename":"lta_common.py","lineno":238}
{"timestamp":"2026-04-15T09:51:11.946424Z","level":"info","event":"STEP 5: built cleaned snapshot dataframe rows=500","logger":"unusual_prefix_faea391ec71b1d4b4651510353e4a48d62001c31_2_refresh_traffic_speed","filename":"2_refresh_traffic_speed.py","lineno":44}
{"timestamp":"2026-04-15T09:51:11.947087Z","level":"info","event":"[LATEST PREP] rows=500 | missing_measurement_rows=0","logger":"lta_common","filename":"lta_common.py","lineno":271}
{"timestamp":"2026-04-15T09:51:11.947594Z","level":"info","event":"[UPSERT START] upserting 500 rows into traffic_speed_latest","logger":"lta_common","filename":"lta_common.py","lineno":348}
{"timestamp":"2026-04-15T09:51:11.948160Z","level":"info","event":"[UPSERT DEBUG] max_link_id=20346 | min_link_id=19646 | max_speed_band=6 | min_speed_band=1 | max_minimum_speed=50 | min_minimum_speed=0 | max_maximum_speed=59 | min_maximum_speed=9","logger":"lta_common","filename":"lta_common.py","lineno":350}
{"timestamp":"2026-04-15T09:51:12.520716Z","level":"info","event":"[UPSERT DONE] upserted=500 rows into traffic_speed_latest","logger":"lta_common","filename":"lta_common.py","lineno":388}
{"timestamp":"2026-04-15T09:51:12.524054Z","level":"info","event":"[SAVE START] inserting 500 rows into traffic_speed_recent","logger":"lta_common","filename":"lta_common.py","lineno":319}
{"timestamp":"2026-04-15T09:51:13.086320Z","level":"info","event":"[SAVE DONE] inserted=500 rows into traffic_speed_recent","logger":"lta_common","filename":"lta_common.py","lineno":337}
{"timestamp":"2026-04-15T09:51:13.086454Z","level":"info","event":"STEP 6: page saved skip=13000 | pages=27 | latest_rows=13500 | recent_rows=13500","logger":"unusual_prefix_faea391ec71b1d4b4651510353e4a48d62001c31_2_refresh_traffic_speed","filename":"2_refresh_traffic_speed.py","lineno":56}
{"timestamp":"2026-04-15T09:51:13.086501Z","level":"info","event":"========== PAGE START ==========","logger":"lta_common","filename":"lta_common.py","lineno":53}
{"timestamp":"2026-04-15T09:51:13.086541Z","level":"info","event":"[FETCH] requesting rows 13500–13999","logger":"lta_common","filename":"lta_common.py","lineno":54}
{"timestamp":"2026-04-15T09:51:13.086573Z","level":"info","event":"Fetching page from LTA: skip=13500","logger":"lta_common","filename":"lta_common.py","lineno":36}
{"timestamp":"2026-04-15T09:51:13.473549Z","level":"info","event":"Retrieved 500 rows from LTA at skip=13500","logger":"lta_common","filename":"lta_common.py","lineno":44}
{"timestamp":"2026-04-15T09:51:13.475003Z","level":"info","event":"[FETCH DONE] retrieved=500 rows at skip=13500","logger":"lta_common","filename":"lta_common.py","lineno":59}
{"timestamp":"2026-04-15T09:51:13.475257Z","level":"info","event":"STEP 4: processing page skip=13500 rows=500","logger":"unusual_prefix_faea391ec71b1d4b4651510353e4a48d62001c31_2_refresh_traffic_speed","filename":"2_refresh_traffic_speed.py","lineno":41}
{"timestamp":"2026-04-15T09:51:13.483526Z","level":"info","event":"[CLEAN DONE] rows=500 | null_speed_band=0 | null_minimum_speed=0 | null_maximum_speed=0","logger":"lta_common","filename":"lta_common.py","lineno":238}
{"timestamp":"2026-04-15T09:51:13.484425Z","level":"info","event":"STEP 5: built cleaned snapshot dataframe rows=500","logger":"unusual_prefix_faea391ec71b1d4b4651510353e4a48d62001c31_2_refresh_traffic_speed","filename":"2_refresh_traffic_speed.py","lineno":44}
{"timestamp":"2026-04-15T09:51:13.484808Z","level":"info","event":"[LATEST PREP] rows=500 | missing_measurement_rows=0","logger":"lta_common","filename":"lta_common.py","lineno":271}
{"timestamp":"2026-04-15T09:51:13.485056Z","level":"info","event":"[UPSERT START] upserting 500 rows into traffic_speed_latest","logger":"lta_common","filename":"lta_common.py","lineno":348}
{"timestamp":"2026-04-15T09:51:13.485366Z","level":"info","event":"[UPSERT DEBUG] max_link_id=21172 | min_link_id=20349 | max_speed_band=7 | min_speed_band=1 | max_minimum_speed=60 | min_minimum_speed=0 | max_maximum_speed=69 | min_maximum_speed=9","logger":"lta_common","filename":"lta_common.py","lineno":350}
{"timestamp":"2026-04-15T09:51:14.059733Z","level":"info","event":"[UPSERT DONE] upserted=500 rows into traffic_speed_latest","logger":"lta_common","filename":"lta_common.py","lineno":388}
{"timestamp":"2026-04-15T09:51:14.060191Z","level":"info","event":"[SAVE START] inserting 500 rows into traffic_speed_recent","logger":"lta_common","filename":"lta_common.py","lineno":319}
{"timestamp":"2026-04-15T09:51:14.677780Z","level":"info","event":"[SAVE DONE] inserted=500 rows into traffic_speed_recent","logger":"lta_common","filename":"lta_common.py","lineno":337}
{"timestamp":"2026-04-15T09:51:14.677897Z","level":"info","event":"STEP 6: page saved skip=13500 | pages=28 | latest_rows=14000 | recent_rows=14000","logger":"unusual_prefix_faea391ec71b1d4b4651510353e4a48d62001c31_2_refresh_traffic_speed","filename":"2_refresh_traffic_speed.py","lineno":56}
{"timestamp":"2026-04-15T09:51:14.677930Z","level":"info","event":"========== PAGE START ==========","logger":"lta_common","filename":"lta_common.py","lineno":53}
{"timestamp":"2026-04-15T09:51:14.677953Z","level":"info","event":"[FETCH] requesting rows 14000–14499","logger":"lta_common","filename":"lta_common.py","lineno":54}
{"timestamp":"2026-04-15T09:51:14.677983Z","level":"info","event":"Fetching page from LTA: skip=14000","logger":"lta_common","filename":"lta_common.py","lineno":36}
{"timestamp":"2026-04-15T09:51:15.066943Z","level":"info","event":"Retrieved 500 rows from LTA at skip=14000","logger":"lta_common","filename":"lta_common.py","lineno":44}
{"timestamp":"2026-04-15T09:51:15.068375Z","level":"info","event":"[FETCH DONE] retrieved=500 rows at skip=14000","logger":"lta_common","filename":"lta_common.py","lineno":59}
{"timestamp":"2026-04-15T09:51:15.068652Z","level":"info","event":"STEP 4: processing page skip=14000 rows=500","logger":"unusual_prefix_faea391ec71b1d4b4651510353e4a48d62001c31_2_refresh_traffic_speed","filename":"2_refresh_traffic_speed.py","lineno":41}
{"timestamp":"2026-04-15T09:51:15.076262Z","level":"warning","event":"[SANITIZE] link_id=21663 field=maximum_speed suspicious sentinel value=999 -> NULL","logger":"lta_common","filename":"lta_common.py","lineno":143}
{"timestamp":"2026-04-15T09:51:15.077224Z","level":"info","event":"[CLEAN DONE] rows=500 | null_speed_band=0 | null_minimum_speed=0 | null_maximum_speed=1","logger":"lta_common","filename":"lta_common.py","lineno":238}
{"timestamp":"2026-04-15T09:51:15.078171Z","level":"info","event":"STEP 5: built cleaned snapshot dataframe rows=500","logger":"unusual_prefix_faea391ec71b1d4b4651510353e4a48d62001c31_2_refresh_traffic_speed","filename":"2_refresh_traffic_speed.py","lineno":44}
{"timestamp":"2026-04-15T09:51:15.078546Z","level":"info","event":"[LATEST PREP] rows=500 | missing_measurement_rows=0","logger":"lta_common","filename":"lta_common.py","lineno":271}
{"timestamp":"2026-04-15T09:51:15.078798Z","level":"info","event":"[UPSERT START] upserting 500 rows into traffic_speed_latest","logger":"lta_common","filename":"lta_common.py","lineno":348}
{"timestamp":"2026-04-15T09:51:15.079116Z","level":"info","event":"[UPSERT DEBUG] max_link_id=21949 | min_link_id=21177 | max_speed_band=8 | min_speed_band=1 | max_minimum_speed=70 | min_minimum_speed=0 | max_maximum_speed=69.0 | min_maximum_speed=9.0","logger":"lta_common","filename":"lta_common.py","lineno":350}
{"timestamp":"2026-04-15T09:51:15.640237Z","level":"info","event":"[UPSERT DONE] upserted=500 rows into traffic_speed_latest","logger":"lta_common","filename":"lta_common.py","lineno":388}
{"timestamp":"2026-04-15T09:51:15.640660Z","level":"info","event":"[SAVE START] inserting 500 rows into traffic_speed_recent","logger":"lta_common","filename":"lta_common.py","lineno":319}
{"timestamp":"2026-04-15T09:51:16.146083Z","level":"info","event":"[SAVE DONE] inserted=500 rows into traffic_speed_recent","logger":"lta_common","filename":"lta_common.py","lineno":337}
{"timestamp":"2026-04-15T09:51:16.146205Z","level":"info","event":"STEP 6: page saved skip=14000 | pages=29 | latest_rows=14500 | recent_rows=14500","logger":"unusual_prefix_faea391ec71b1d4b4651510353e4a48d62001c31_2_refresh_traffic_speed","filename":"2_refresh_traffic_speed.py","lineno":56}
{"timestamp":"2026-04-15T09:51:16.146238Z","level":"info","event":"========== PAGE START ==========","logger":"lta_common","filename":"lta_common.py","lineno":53}
{"timestamp":"2026-04-15T09:51:16.146260Z","level":"info","event":"[FETCH] requesting rows 14500–14999","logger":"lta_common","filename":"lta_common.py","lineno":54}
{"timestamp":"2026-04-15T09:51:16.146290Z","level":"info","event":"Fetching page from LTA: skip=14500","logger":"lta_common","filename":"lta_common.py","lineno":36}
{"timestamp":"2026-04-15T09:51:16.530467Z","level":"info","event":"Retrieved 500 rows from LTA at skip=14500","logger":"lta_common","filename":"lta_common.py","lineno":44}
{"timestamp":"2026-04-15T09:51:16.535507Z","level":"info","event":"[FETCH DONE] retrieved=500 rows at skip=14500","logger":"lta_common","filename":"lta_common.py","lineno":59}
{"timestamp":"2026-04-15T09:51:16.536404Z","level":"info","event":"STEP 4: processing page skip=14500 rows=500","logger":"unusual_prefix_faea391ec71b1d4b4651510353e4a48d62001c31_2_refresh_traffic_speed","filename":"2_refresh_traffic_speed.py","lineno":41}
{"timestamp":"2026-04-15T09:51:16.553014Z","level":"warning","event":"[SANITIZE] link_id=22017 field=maximum_speed suspicious sentinel value=999 -> NULL","logger":"lta_common","filename":"lta_common.py","lineno":143}
{"timestamp":"2026-04-15T09:51:16.556109Z","level":"info","event":"[CLEAN DONE] rows=500 | null_speed_band=0 | null_minimum_speed=0 | null_maximum_speed=1","logger":"lta_common","filename":"lta_common.py","lineno":238}
{"timestamp":"2026-04-15T09:51:16.557665Z","level":"info","event":"STEP 5: built cleaned snapshot dataframe rows=500","logger":"unusual_prefix_faea391ec71b1d4b4651510353e4a48d62001c31_2_refresh_traffic_speed","filename":"2_refresh_traffic_speed.py","lineno":44}
{"timestamp":"2026-04-15T09:51:16.558182Z","level":"info","event":"[LATEST PREP] rows=500 | missing_measurement_rows=0","logger":"lta_common","filename":"lta_common.py","lineno":271}
{"timestamp":"2026-04-15T09:51:16.558588Z","level":"info","event":"[UPSERT START] upserting 500 rows into traffic_speed_latest","logger":"lta_common","filename":"lta_common.py","lineno":348}
{"timestamp":"2026-04-15T09:51:16.559029Z","level":"info","event":"[UPSERT DEBUG] max_link_id=22602 | min_link_id=21950 | max_speed_band=8 | min_speed_band=1 | max_minimum_speed=70 | min_minimum_speed=0 | max_maximum_speed=69.0 | min_maximum_speed=9.0","logger":"lta_common","filename":"lta_common.py","lineno":350}
{"timestamp":"2026-04-15T09:51:17.337537Z","level":"info","event":"[UPSERT DONE] upserted=500 rows into traffic_speed_latest","logger":"lta_common","filename":"lta_common.py","lineno":388}
{"timestamp":"2026-04-15T09:51:17.337942Z","level":"info","event":"[SAVE START] inserting 500 rows into traffic_speed_recent","logger":"lta_common","filename":"lta_common.py","lineno":319}
{"timestamp":"2026-04-15T09:51:17.901631Z","level":"info","event":"[SAVE DONE] inserted=500 rows into traffic_speed_recent","logger":"lta_common","filename":"lta_common.py","lineno":337}
{"timestamp":"2026-04-15T09:51:17.901734Z","level":"info","event":"STEP 6: page saved skip=14500 | pages=30 | latest_rows=15000 | recent_rows=15000","logger":"unusual_prefix_faea391ec71b1d4b4651510353e4a48d62001c31_2_refresh_traffic_speed","filename":"2_refresh_traffic_speed.py","lineno":56}
{"timestamp":"2026-04-15T09:51:17.901763Z","level":"info","event":"========== PAGE START ==========","logger":"lta_common","filename":"lta_common.py","lineno":53}
{"timestamp":"2026-04-15T09:51:17.901784Z","level":"info","event":"[FETCH] requesting rows 15000–15499","logger":"lta_common","filename":"lta_common.py","lineno":54}
{"timestamp":"2026-04-15T09:51:17.901811Z","level":"info","event":"Fetching page from LTA: skip=15000","logger":"lta_common","filename":"lta_common.py","lineno":36}
{"timestamp":"2026-04-15T09:51:18.264445Z","level":"info","event":"Retrieved 500 rows from LTA at skip=15000","logger":"lta_common","filename":"lta_common.py","lineno":44}
{"timestamp":"2026-04-15T09:51:18.265639Z","level":"info","event":"[FETCH DONE] retrieved=500 rows at skip=15000","logger":"lta_common","filename":"lta_common.py","lineno":59}
{"timestamp":"2026-04-15T09:51:18.265855Z","level":"info","event":"STEP 4: processing page skip=15000 rows=500","logger":"unusual_prefix_faea391ec71b1d4b4651510353e4a48d62001c31_2_refresh_traffic_speed","filename":"2_refresh_traffic_speed.py","lineno":41}
{"timestamp":"2026-04-15T09:51:18.272037Z","level":"warning","event":"[SANITIZE] link_id=22679 field=maximum_speed suspicious sentinel value=999 -> NULL","logger":"lta_common","filename":"lta_common.py","lineno":143}
{"timestamp":"2026-04-15T09:51:18.273550Z","level":"info","event":"[CLEAN DONE] rows=500 | null_speed_band=0 | null_minimum_speed=0 | null_maximum_speed=1","logger":"lta_common","filename":"lta_common.py","lineno":238}
{"timestamp":"2026-04-15T09:51:18.274329Z","level":"info","event":"STEP 5: built cleaned snapshot dataframe rows=500","logger":"unusual_prefix_faea391ec71b1d4b4651510353e4a48d62001c31_2_refresh_traffic_speed","filename":"2_refresh_traffic_speed.py","lineno":44}
{"timestamp":"2026-04-15T09:51:18.274635Z","level":"info","event":"[LATEST PREP] rows=500 | missing_measurement_rows=0","logger":"lta_common","filename":"lta_common.py","lineno":271}
{"timestamp":"2026-04-15T09:51:18.274864Z","level":"info","event":"[UPSERT START] upserting 500 rows into traffic_speed_latest","logger":"lta_common","filename":"lta_common.py","lineno":348}
{"timestamp":"2026-04-15T09:51:18.275122Z","level":"info","event":"[UPSERT DEBUG] max_link_id=23518 | min_link_id=22603 | max_speed_band=8 | min_speed_band=1 | max_minimum_speed=70 | min_minimum_speed=0 | max_maximum_speed=69.0 | min_maximum_speed=9.0","logger":"lta_common","filename":"lta_common.py","lineno":350}
{"timestamp":"2026-04-15T09:51:18.899996Z","level":"info","event":"[UPSERT DONE] upserted=500 rows into traffic_speed_latest","logger":"lta_common","filename":"lta_common.py","lineno":388}
{"timestamp":"2026-04-15T09:51:18.902537Z","level":"info","event":"[SAVE START] inserting 500 rows into traffic_speed_recent","logger":"lta_common","filename":"lta_common.py","lineno":319}
{"timestamp":"2026-04-15T09:51:19.710560Z","level":"info","event":"[SAVE DONE] inserted=500 rows into traffic_speed_recent","logger":"lta_common","filename":"lta_common.py","lineno":337}
{"timestamp":"2026-04-15T09:51:19.711128Z","level":"info","event":"STEP 6: page saved skip=15000 | pages=31 | latest_rows=15500 | recent_rows=15500","logger":"unusual_prefix_faea391ec71b1d4b4651510353e4a48d62001c31_2_refresh_traffic_speed","filename":"2_refresh_traffic_speed.py","lineno":56}
{"timestamp":"2026-04-15T09:51:19.711337Z","level":"info","event":"========== PAGE START ==========","logger":"lta_common","filename":"lta_common.py","lineno":53}
{"timestamp":"2026-04-15T09:51:19.711575Z","level":"info","event":"[FETCH] requesting rows 15500–15999","logger":"lta_common","filename":"lta_common.py","lineno":54}
{"timestamp":"2026-04-15T09:51:19.711791Z","level":"info","event":"Fetching page from LTA: skip=15500","logger":"lta_common","filename":"lta_common.py","lineno":36}
{"timestamp":"2026-04-15T09:51:20.112501Z","level":"info","event":"Retrieved 500 rows from LTA at skip=15500","logger":"lta_common","filename":"lta_common.py","lineno":44}
{"timestamp":"2026-04-15T09:51:20.120230Z","level":"info","event":"[FETCH DONE] retrieved=500 rows at skip=15500","logger":"lta_common","filename":"lta_common.py","lineno":59}
{"timestamp":"2026-04-15T09:51:20.121751Z","level":"info","event":"STEP 4: processing page skip=15500 rows=500","logger":"unusual_prefix_faea391ec71b1d4b4651510353e4a48d62001c31_2_refresh_traffic_speed","filename":"2_refresh_traffic_speed.py","lineno":41}
{"timestamp":"2026-04-15T09:51:20.138060Z","level":"info","event":"[CLEAN DONE] rows=500 | null_speed_band=0 | null_minimum_speed=0 | null_maximum_speed=0","logger":"lta_common","filename":"lta_common.py","lineno":238}
{"timestamp":"2026-04-15T09:51:20.139463Z","level":"info","event":"STEP 5: built cleaned snapshot dataframe rows=500","logger":"unusual_prefix_faea391ec71b1d4b4651510353e4a48d62001c31_2_refresh_traffic_speed","filename":"2_refresh_traffic_speed.py","lineno":44}
{"timestamp":"2026-04-15T09:51:20.140085Z","level":"info","event":"[LATEST PREP] rows=500 | missing_measurement_rows=0","logger":"lta_common","filename":"lta_common.py","lineno":271}
{"timestamp":"2026-04-15T09:51:20.140655Z","level":"info","event":"[UPSERT START] upserting 500 rows into traffic_speed_latest","logger":"lta_common","filename":"lta_common.py","lineno":348}
{"timestamp":"2026-04-15T09:51:20.141086Z","level":"info","event":"[UPSERT DEBUG] max_link_id=24311 | min_link_id=23519 | max_speed_band=7 | min_speed_band=1 | max_minimum_speed=60 | min_minimum_speed=0 | max_maximum_speed=69 | min_maximum_speed=9","logger":"lta_common","filename":"lta_common.py","lineno":350}
{"timestamp":"2026-04-15T09:51:20.857308Z","level":"info","event":"[UPSERT DONE] upserted=500 rows into traffic_speed_latest","logger":"lta_common","filename":"lta_common.py","lineno":388}
{"timestamp":"2026-04-15T09:51:20.860827Z","level":"info","event":"[SAVE START] inserting 500 rows into traffic_speed_recent","logger":"lta_common","filename":"lta_common.py","lineno":319}
{"timestamp":"2026-04-15T09:51:21.418364Z","level":"info","event":"[SAVE DONE] inserted=500 rows into traffic_speed_recent","logger":"lta_common","filename":"lta_common.py","lineno":337}
{"timestamp":"2026-04-15T09:51:21.418661Z","level":"info","event":"STEP 6: page saved skip=15500 | pages=32 | latest_rows=16000 | recent_rows=16000","logger":"unusual_prefix_faea391ec71b1d4b4651510353e4a48d62001c31_2_refresh_traffic_speed","filename":"2_refresh_traffic_speed.py","lineno":56}
{"timestamp":"2026-04-15T09:51:21.418721Z","level":"info","event":"========== PAGE START ==========","logger":"lta_common","filename":"lta_common.py","lineno":53}
{"timestamp":"2026-04-15T09:51:21.418764Z","level":"info","event":"[FETCH] requesting rows 16000–16499","logger":"lta_common","filename":"lta_common.py","lineno":54}
{"timestamp":"2026-04-15T09:51:21.418818Z","level":"info","event":"Fetching page from LTA: skip=16000","logger":"lta_common","filename":"lta_common.py","lineno":36}
{"timestamp":"2026-04-15T09:51:21.773758Z","level":"info","event":"Retrieved 500 rows from LTA at skip=16000","logger":"lta_common","filename":"lta_common.py","lineno":44}
{"timestamp":"2026-04-15T09:51:21.774812Z","level":"info","event":"[FETCH DONE] retrieved=500 rows at skip=16000","logger":"lta_common","filename":"lta_common.py","lineno":59}
{"timestamp":"2026-04-15T09:51:21.775008Z","level":"info","event":"STEP 4: processing page skip=16000 rows=500","logger":"unusual_prefix_faea391ec71b1d4b4651510353e4a48d62001c31_2_refresh_traffic_speed","filename":"2_refresh_traffic_speed.py","lineno":41}
{"timestamp":"2026-04-15T09:51:21.781751Z","level":"warning","event":"[SANITIZE] link_id=24614 field=maximum_speed suspicious sentinel value=999 -> NULL","logger":"lta_common","filename":"lta_common.py","lineno":143}
{"timestamp":"2026-04-15T09:51:21.782011Z","level":"warning","event":"[SANITIZE] link_id=24702 field=maximum_speed suspicious sentinel value=999 -> NULL","logger":"lta_common","filename":"lta_common.py","lineno":143}
{"timestamp":"2026-04-15T09:51:21.782680Z","level":"info","event":"[CLEAN DONE] rows=500 | null_speed_band=0 | null_minimum_speed=0 | null_maximum_speed=2","logger":"lta_common","filename":"lta_common.py","lineno":238}
{"timestamp":"2026-04-15T09:51:21.783438Z","level":"info","event":"STEP 5: built cleaned snapshot dataframe rows=500","logger":"unusual_prefix_faea391ec71b1d4b4651510353e4a48d62001c31_2_refresh_traffic_speed","filename":"2_refresh_traffic_speed.py","lineno":44}
{"timestamp":"2026-04-15T09:51:21.783714Z","level":"info","event":"[LATEST PREP] rows=500 | missing_measurement_rows=0","logger":"lta_common","filename":"lta_common.py","lineno":271}
{"timestamp":"2026-04-15T09:51:21.783939Z","level":"info","event":"[UPSERT START] upserting 500 rows into traffic_speed_latest","logger":"lta_common","filename":"lta_common.py","lineno":348}
{"timestamp":"2026-04-15T09:51:21.784199Z","level":"info","event":"[UPSERT DEBUG] max_link_id=24843 | min_link_id=24312 | max_speed_band=8 | min_speed_band=1 | max_minimum_speed=70 | min_minimum_speed=0 | max_maximum_speed=69.0 | min_maximum_speed=9.0","logger":"lta_common","filename":"lta_common.py","lineno":350}
{"timestamp":"2026-04-15T09:51:22.364659Z","level":"info","event":"[UPSERT DONE] upserted=500 rows into traffic_speed_latest","logger":"lta_common","filename":"lta_common.py","lineno":388}
{"timestamp":"2026-04-15T09:51:22.365111Z","level":"info","event":"[SAVE START] inserting 500 rows into traffic_speed_recent","logger":"lta_common","filename":"lta_common.py","lineno":319}
{"timestamp":"2026-04-15T09:51:23.006940Z","level":"info","event":"[SAVE DONE] inserted=500 rows into traffic_speed_recent","logger":"lta_common","filename":"lta_common.py","lineno":337}
{"timestamp":"2026-04-15T09:51:23.007110Z","level":"info","event":"STEP 6: page saved skip=16000 | pages=33 | latest_rows=16500 | recent_rows=16500","logger":"unusual_prefix_faea391ec71b1d4b4651510353e4a48d62001c31_2_refresh_traffic_speed","filename":"2_refresh_traffic_speed.py","lineno":56}
{"timestamp":"2026-04-15T09:51:23.007160Z","level":"info","event":"========== PAGE START ==========","logger":"lta_common","filename":"lta_common.py","lineno":53}
{"timestamp":"2026-04-15T09:51:23.007197Z","level":"info","event":"[FETCH] requesting rows 16500–16999","logger":"lta_common","filename":"lta_common.py","lineno":54}
{"timestamp":"2026-04-15T09:51:23.007244Z","level":"info","event":"Fetching page from LTA: skip=16500","logger":"lta_common","filename":"lta_common.py","lineno":36}
{"timestamp":"2026-04-15T09:51:23.418355Z","level":"info","event":"Retrieved 500 rows from LTA at skip=16500","logger":"lta_common","filename":"lta_common.py","lineno":44}
{"timestamp":"2026-04-15T09:51:23.426327Z","level":"info","event":"[FETCH DONE] retrieved=500 rows at skip=16500","logger":"lta_common","filename":"lta_common.py","lineno":59}
{"timestamp":"2026-04-15T09:51:23.428004Z","level":"info","event":"STEP 4: processing page skip=16500 rows=500","logger":"unusual_prefix_faea391ec71b1d4b4651510353e4a48d62001c31_2_refresh_traffic_speed","filename":"2_refresh_traffic_speed.py","lineno":41}
{"timestamp":"2026-04-15T09:51:23.442635Z","level":"warning","event":"[SANITIZE] link_id=24851 field=maximum_speed suspicious sentinel value=999 -> NULL","logger":"lta_common","filename":"lta_common.py","lineno":143}
{"timestamp":"2026-04-15T09:51:23.442777Z","level":"warning","event":"[SANITIZE] link_id=24852 field=maximum_speed suspicious sentinel value=999 -> NULL","logger":"lta_common","filename":"lta_common.py","lineno":143}
{"timestamp":"2026-04-15T09:51:23.443075Z","level":"warning","event":"[SANITIZE] link_id=24907 field=maximum_speed suspicious sentinel value=999 -> NULL","logger":"lta_common","filename":"lta_common.py","lineno":143}
{"timestamp":"2026-04-15T09:51:23.443536Z","level":"warning","event":"[SANITIZE] link_id=25001 field=maximum_speed suspicious sentinel value=999 -> NULL","logger":"lta_common","filename":"lta_common.py","lineno":143}
{"timestamp":"2026-04-15T09:51:23.443599Z","level":"warning","event":"[SANITIZE] link_id=25005 field=maximum_speed suspicious sentinel value=999 -> NULL","logger":"lta_common","filename":"lta_common.py","lineno":143}
{"timestamp":"2026-04-15T09:51:23.443641Z","level":"warning","event":"[SANITIZE] link_id=25006 field=maximum_speed suspicious sentinel value=999 -> NULL","logger":"lta_common","filename":"lta_common.py","lineno":143}
{"timestamp":"2026-04-15T09:51:23.443694Z","level":"warning","event":"[SANITIZE] link_id=25015 field=maximum_speed suspicious sentinel value=999 -> NULL","logger":"lta_common","filename":"lta_common.py","lineno":143}
{"timestamp":"2026-04-15T09:51:23.443749Z","level":"warning","event":"[SANITIZE] link_id=25019 field=maximum_speed suspicious sentinel value=999 -> NULL","logger":"lta_common","filename":"lta_common.py","lineno":143}
{"timestamp":"2026-04-15T09:51:23.443789Z","level":"warning","event":"[SANITIZE] link_id=25020 field=maximum_speed suspicious sentinel value=999 -> NULL","logger":"lta_common","filename":"lta_common.py","lineno":143}
{"timestamp":"2026-04-15T09:51:23.443830Z","level":"warning","event":"[SANITIZE] link_id=25021 field=maximum_speed suspicious sentinel value=999 -> NULL","logger":"lta_common","filename":"lta_common.py","lineno":143}
{"timestamp":"2026-04-15T09:51:23.443870Z","level":"warning","event":"[SANITIZE] link_id=25022 field=maximum_speed suspicious sentinel value=999 -> NULL","logger":"lta_common","filename":"lta_common.py","lineno":143}
{"timestamp":"2026-04-15T09:51:23.443909Z","level":"warning","event":"[SANITIZE] link_id=25023 field=maximum_speed suspicious sentinel value=999 -> NULL","logger":"lta_common","filename":"lta_common.py","lineno":143}
{"timestamp":"2026-04-15T09:51:23.444150Z","level":"warning","event":"[SANITIZE] link_id=25065 field=maximum_speed suspicious sentinel value=999 -> NULL","logger":"lta_common","filename":"lta_common.py","lineno":143}
{"timestamp":"2026-04-15T09:51:23.444190Z","level":"warning","event":"[SANITIZE] link_id=25066 field=maximum_speed suspicious sentinel value=999 -> NULL","logger":"lta_common","filename":"lta_common.py","lineno":143}
{"timestamp":"2026-04-15T09:51:23.444618Z","level":"warning","event":"[SANITIZE] link_id=25163 field=maximum_speed suspicious sentinel value=999 -> NULL","logger":"lta_common","filename":"lta_common.py","lineno":143}
{"timestamp":"2026-04-15T09:51:23.444686Z","level":"warning","event":"[SANITIZE] link_id=25168 field=maximum_speed suspicious sentinel value=999 -> NULL","logger":"lta_common","filename":"lta_common.py","lineno":143}
{"timestamp":"2026-04-15T09:51:23.444737Z","level":"warning","event":"[SANITIZE] link_id=25173 field=maximum_speed suspicious sentinel value=999 -> NULL","logger":"lta_common","filename":"lta_common.py","lineno":143}
{"timestamp":"2026-04-15T09:51:23.444861Z","level":"warning","event":"[SANITIZE] link_id=25202 field=maximum_speed suspicious sentinel value=999 -> NULL","logger":"lta_common","filename":"lta_common.py","lineno":143}
{"timestamp":"2026-04-15T09:51:23.445791Z","level":"warning","event":"[SANITIZE] link_id=25420 field=maximum_speed suspicious sentinel value=999 -> NULL","logger":"lta_common","filename":"lta_common.py","lineno":143}
{"timestamp":"2026-04-15T09:51:23.446368Z","level":"info","event":"[CLEAN DONE] rows=500 | null_speed_band=0 | null_minimum_speed=0 | null_maximum_speed=19","logger":"lta_common","filename":"lta_common.py","lineno":238}
{"timestamp":"2026-04-15T09:51:23.447792Z","level":"info","event":"STEP 5: built cleaned snapshot dataframe rows=500","logger":"unusual_prefix_faea391ec71b1d4b4651510353e4a48d62001c31_2_refresh_traffic_speed","filename":"2_refresh_traffic_speed.py","lineno":44}
{"timestamp":"2026-04-15T09:51:23.448533Z","level":"info","event":"[LATEST PREP] rows=500 | missing_measurement_rows=0","logger":"lta_common","filename":"lta_common.py","lineno":271}
{"timestamp":"2026-04-15T09:51:23.449041Z","level":"info","event":"[UPSERT START] upserting 500 rows into traffic_speed_latest","logger":"lta_common","filename":"lta_common.py","lineno":348}
{"timestamp":"2026-04-15T09:51:23.449633Z","level":"info","event":"[UPSERT DEBUG] max_link_id=25421 | min_link_id=24844 | max_speed_band=8 | min_speed_band=1 | max_minimum_speed=70 | min_minimum_speed=0 | max_maximum_speed=69.0 | min_maximum_speed=9.0","logger":"lta_common","filename":"lta_common.py","lineno":350}
{"timestamp":"2026-04-15T09:51:24.090304Z","level":"info","event":"[UPSERT DONE] upserted=500 rows into traffic_speed_latest","logger":"lta_common","filename":"lta_common.py","lineno":388}
{"timestamp":"2026-04-15T09:51:24.092185Z","level":"info","event":"[SAVE START] inserting 500 rows into traffic_speed_recent","logger":"lta_common","filename":"lta_common.py","lineno":319}
{"timestamp":"2026-04-15T09:51:24.530951Z","level":"info","event":"[SAVE DONE] inserted=500 rows into traffic_speed_recent","logger":"lta_common","filename":"lta_common.py","lineno":337}
{"timestamp":"2026-04-15T09:51:24.531172Z","level":"info","event":"STEP 6: page saved skip=16500 | pages=34 | latest_rows=17000 | recent_rows=17000","logger":"unusual_prefix_faea391ec71b1d4b4651510353e4a48d62001c31_2_refresh_traffic_speed","filename":"2_refresh_traffic_speed.py","lineno":56}
{"timestamp":"2026-04-15T09:51:24.531238Z","level":"info","event":"========== PAGE START ==========","logger":"lta_common","filename":"lta_common.py","lineno":53}
{"timestamp":"2026-04-15T09:51:24.531288Z","level":"info","event":"[FETCH] requesting rows 17000–17499","logger":"lta_common","filename":"lta_common.py","lineno":54}
{"timestamp":"2026-04-15T09:51:24.531355Z","level":"info","event":"Fetching page from LTA: skip=17000","logger":"lta_common","filename":"lta_common.py","lineno":36}
{"timestamp":"2026-04-15T09:51:24.929620Z","level":"info","event":"Retrieved 500 rows from LTA at skip=17000","logger":"lta_common","filename":"lta_common.py","lineno":44}
{"timestamp":"2026-04-15T09:51:24.931303Z","level":"info","event":"[FETCH DONE] retrieved=500 rows at skip=17000","logger":"lta_common","filename":"lta_common.py","lineno":59}
{"timestamp":"2026-04-15T09:51:24.931550Z","level":"info","event":"STEP 4: processing page skip=17000 rows=500","logger":"unusual_prefix_faea391ec71b1d4b4651510353e4a48d62001c31_2_refresh_traffic_speed","filename":"2_refresh_traffic_speed.py","lineno":41}
{"timestamp":"2026-04-15T09:51:24.940511Z","level":"warning","event":"[SANITIZE] link_id=25727 field=maximum_speed suspicious sentinel value=999 -> NULL","logger":"lta_common","filename":"lta_common.py","lineno":143}
{"timestamp":"2026-04-15T09:51:24.941695Z","level":"info","event":"[CLEAN DONE] rows=500 | null_speed_band=0 | null_minimum_speed=1 | null_maximum_speed=2","logger":"lta_common","filename":"lta_common.py","lineno":238}
{"timestamp":"2026-04-15T09:51:24.942769Z","level":"info","event":"STEP 5: built cleaned snapshot dataframe rows=500","logger":"unusual_prefix_faea391ec71b1d4b4651510353e4a48d62001c31_2_refresh_traffic_speed","filename":"2_refresh_traffic_speed.py","lineno":44}
{"timestamp":"2026-04-15T09:51:24.943194Z","level":"info","event":"[LATEST PREP] rows=500 | missing_measurement_rows=1","logger":"lta_common","filename":"lta_common.py","lineno":271}
{"timestamp":"2026-04-15T09:51:24.943551Z","level":"info","event":"[UPSERT START] upserting 500 rows into traffic_speed_latest","logger":"lta_common","filename":"lta_common.py","lineno":348}
{"timestamp":"2026-04-15T09:51:24.943947Z","level":"info","event":"[UPSERT DEBUG] max_link_id=25962 | min_link_id=25422 | max_speed_band=8 | min_speed_band=1 | max_minimum_speed=70.0 | min_minimum_speed=0.0 | max_maximum_speed=69.0 | min_maximum_speed=9.0","logger":"lta_common","filename":"lta_common.py","lineno":350}
{"timestamp":"2026-04-15T09:51:25.298985Z","level":"error","event":"[UPSERT BATCH FAILED] Falling back to row-by-row debug","logger":"lta_common","filename":"lta_common.py","lineno":391,"error_detail":[{"exc_type":"NotNullViolation","exc_value":"null value in column \"speed_band\" of relation \"traffic_speed_latest\" violates not-null constraint\nDETAIL:  Failing row contains (25882, 2026-04-15 09:50:34.566243+00, null, null, null, 2026-04-15 09:51:25.167188+00).\n","exc_notes":[],"syntax_error":null,"is_cause":false,"frames":[{"filename":"/opt/airflow/dags/lta_common.py","lineno":386,"name":"upsert_latest_snapshot_rows"},{"filename":"/home/airflow/.local/lib/python3.12/site-packages/psycopg2/extras.py","lineno":1299,"name":"execute_values"}],"is_group":false,"exceptions":[]}]}
{"timestamp":"2026-04-15T09:52:17.039594Z","level":"error","event":"[BAD ROW FOUND] row=(Timestamp('2026-04-15 09:50:34.566243+0000', tz='UTC'), 25882, None, None, None) | repr=(\"Timestamp('2026-04-15 09:50:34.566243+0000', tz='UTC')\", '25882', 'None', 'None', 'None') | types=('Timestamp', 'int', 'NoneType', 'NoneType', 'NoneType')","logger":"lta_common","filename":"lta_common.py","lineno":422,"error_detail":[{"exc_type":"NotNullViolation","exc_value":"null value in column \"speed_band\" of relation \"traffic_speed_latest\" violates not-null constraint\nDETAIL:  Failing row contains (25882, 2026-04-15 09:50:34.566243+00, null, null, null, 2026-04-15 09:51:25.649694+00).\n","exc_notes":[],"syntax_error":null,"is_cause":false,"frames":[{"filename":"/opt/airflow/dags/lta_common.py","lineno":420,"name":"upsert_latest_snapshot_rows"}],"is_group":false,"exceptions":[]},{"exc_type":"NotNullViolation","exc_value":"null value in column \"speed_band\" of relation \"traffic_speed_latest\" violates not-null constraint\nDETAIL:  Failing row contains (25882, 2026-04-15 09:50:34.566243+00, null, null, null, 2026-04-15 09:51:25.167188+00).\n","exc_notes":[],"syntax_error":null,"is_cause":false,"frames":[{"filename":"/opt/airflow/dags/lta_common.py","lineno":386,"name":"upsert_latest_snapshot_rows"},{"filename":"/home/airflow/.local/lib/python3.12/site-packages/psycopg2/extras.py","lineno":1299,"name":"execute_values"}],"is_group":false,"exceptions":[]}]}
{"timestamp":"2026-04-15T09:52:17.147848Z","level":"error","event":"FAILED: null value in column \"speed_band\" of relation \"traffic_speed_latest\" violates not-null constraint\nDETAIL:  Failing row contains (25882, 2026-04-15 09:50:34.566243+00, null, null, null, 2026-04-15 09:51:25.649694+00).\n","logger":"unusual_prefix_faea391ec71b1d4b4651510353e4a48d62001c31_2_refresh_traffic_speed","filename":"2_refresh_traffic_speed.py","lineno":64}
{"timestamp":"2026-04-15T09:52:17.151654Z","level":"error","event":"Traceback (most recent call last):\n  File \"/opt/airflow/dags/lta_common.py\", line 386, in upsert_latest_snapshot_rows\n    execute_values(cur, sql, rows, page_size=batch_size)\n  File \"/home/airflow/.local/lib/python3.12/site-packages/psycopg2/extras.py\", line 1299, in execute_values\n    cur.execute(b''.join(parts))\npsycopg2.errors.NotNullViolation: null value in column \"speed_band\" of relation \"traffic_speed_latest\" violates not-null constraint\nDETAIL:  Failing row contains (25882, 2026-04-15 09:50:34.566243+00, null, null, null, 2026-04-15 09:51:25.167188+00).\n\n\nDuring handling of the above exception, another exception occurred:\n\nTraceback (most recent call last):\n  File \"/opt/airflow/dags/2_refresh_traffic_speed.py\", line 47, in refresh_traffic_speed\n    upsert_latest_snapshot_rows(conn, snapshots_df, batch_size=500)\n  File \"/opt/airflow/dags/lta_common.py\", line 420, in upsert_latest_snapshot_rows\n    cur.execute(single_sql, row)\npsycopg2.errors.NotNullViolation: null value in column \"speed_band\" of relation \"traffic_speed_latest\" violates not-null constraint\nDETAIL:  Failing row contains (25882, 2026-04-15 09:50:34.566243+00, null, null, null, 2026-04-15 09:51:25.649694+00).\n\n","logger":"unusual_prefix_faea391ec71b1d4b4651510353e4a48d62001c31_2_refresh_traffic_speed","filename":"2_refresh_traffic_speed.py","lineno":65}
{"timestamp":"2026-04-15T09:52:17.154556Z","level":"info","event":"Database connection closed","logger":"unusual_prefix_faea391ec71b1d4b4651510353e4a48d62001c31_2_refresh_traffic_speed","filename":"2_refresh_traffic_speed.py","lineno":71}
{"timestamp":"2026-04-15T09:52:17.156569Z","level":"error","event":"Task failed with exception","logger":"task","filename":"task_runner.py","lineno":1142,"error_detail":[{"exc_type":"NotNullViolation","exc_value":"null value in column \"speed_band\" of relation \"traffic_speed_latest\" violates not-null constraint\nDETAIL:  Failing row contains (25882, 2026-04-15 09:50:34.566243+00, null, null, null, 2026-04-15 09:51:25.649694+00).\n","exc_notes":[],"syntax_error":null,"is_cause":false,"frames":[{"filename":"/home/airflow/.local/lib/python3.12/site-packages/airflow/sdk/execution_time/task_runner.py","lineno":1068,"name":"run"},{"filename":"/home/airflow/.local/lib/python3.12/site-packages/airflow/sdk/execution_time/task_runner.py","lineno":1477,"name":"_execute_task"},{"filename":"/home/airflow/.local/lib/python3.12/site-packages/airflow/sdk/bases/operator.py","lineno":417,"name":"wrapper"},{"filename":"/home/airflow/.local/lib/python3.12/site-packages/airflow/providers/standard/operators/python.py","lineno":228,"name":"execute"},{"filename":"/home/airflow/.local/lib/python3.12/site-packages/airflow/providers/standard/operators/python.py","lineno":251,"name":"execute_callable"},{"filename":"/home/airflow/.local/lib/python3.12/site-packages/airflow/sdk/execution_time/callback_runner.py","lineno":82,"name":"run"},{"filename":"/opt/airflow/dags/2_refresh_traffic_speed.py","lineno":47,"name":"refresh_traffic_speed"},{"filename":"/opt/airflow/dags/lta_common.py","lineno":420,"name":"upsert_latest_snapshot_rows"}],"is_group":false,"exceptions":[]},{"exc_type":"NotNullViolation","exc_value":"null value in column \"speed_band\" of relation \"traffic_speed_latest\" violates not-null constraint\nDETAIL:  Failing row contains (25882, 2026-04-15 09:50:34.566243+00, null, null, null, 2026-04-15 09:51:25.167188+00).\n","exc_notes":[],"syntax_error":null,"is_cause":false,"frames":[{"filename":"/opt/airflow/dags/lta_common.py","lineno":386,"name":"upsert_latest_snapshot_rows"},{"filename":"/home/airflow/.local/lib/python3.12/site-packages/psycopg2/extras.py","lineno":1299,"name":"execute_values"}],"is_group":false,"exceptions":[]}]}
