{"timestamp":"2026-04-15T09:40:00.205710Z","level":"info","event":"DAG bundles loaded: dags-folder","logger":"airflow.dag_processing.bundles.manager.DagBundlesManager","filename":"manager.py","lineno":179}
{"timestamp":"2026-04-15T09:40:00.206165Z","level":"info","event":"Filling up the DagBag from /opt/airflow/dags/2_refresh_traffic_speed.py","logger":"airflow.models.dagbag.BundleDagBag","filename":"dagbag.py","lineno":593}
{"timestamp":"2026-04-15T09:40:00.399120Z","level":"info","event":"STEP 1: start refresh_traffic_speed","logger":"unusual_prefix_faea391ec71b1d4b4651510353e4a48d62001c31_2_refresh_traffic_speed","filename":"2_refresh_traffic_speed.py","lineno":29}
{"timestamp":"2026-04-15T09:40:01.337168Z","level":"info","event":"STEP 2: connected to Supabase","logger":"unusual_prefix_faea391ec71b1d4b4651510353e4a48d62001c31_2_refresh_traffic_speed","filename":"2_refresh_traffic_speed.py","lineno":31}
{"timestamp":"2026-04-15T09:40:01.338433Z","level":"info","event":"STEP 3: snapshot timestamp = 2026-04-15 09:40:01.337331+00:00","logger":"unusual_prefix_faea391ec71b1d4b4651510353e4a48d62001c31_2_refresh_traffic_speed","filename":"2_refresh_traffic_speed.py","lineno":34}
{"timestamp":"2026-04-15T09:40:01.338529Z","level":"info","event":"========== PAGE START ==========","logger":"lta_common","filename":"lta_common.py","lineno":52}
{"timestamp":"2026-04-15T09:40:01.338571Z","level":"info","event":"[FETCH] requesting rows 0–499","logger":"lta_common","filename":"lta_common.py","lineno":53}
{"timestamp":"2026-04-15T09:40:01.338783Z","level":"info","event":"Fetching page from LTA: skip=0","logger":"lta_common","filename":"lta_common.py","lineno":35}
{"timestamp":"2026-04-15T09:40:01.923674Z","level":"info","event":"Retrieved 500 rows from LTA at skip=0","logger":"lta_common","filename":"lta_common.py","lineno":43}
{"timestamp":"2026-04-15T09:40:01.929984Z","level":"info","event":"[FETCH DONE] retrieved=500 rows at skip=0","logger":"lta_common","filename":"lta_common.py","lineno":58}
{"timestamp":"2026-04-15T09:40:01.930353Z","level":"info","event":"STEP 4: processing page skip=0 rows=500","logger":"unusual_prefix_faea391ec71b1d4b4651510353e4a48d62001c31_2_refresh_traffic_speed","filename":"2_refresh_traffic_speed.py","lineno":41}
{"timestamp":"2026-04-15T09:40:01.951992Z","level":"info","event":"[CLEAN DONE] rows=500 | null_speed_band=0 | null_minimum_speed=0 | null_maximum_speed=0","logger":"lta_common","filename":"lta_common.py","lineno":226}
{"timestamp":"2026-04-15T09:40:01.956486Z","level":"info","event":"STEP 5: built cleaned snapshot dataframe rows=500","logger":"unusual_prefix_faea391ec71b1d4b4651510353e4a48d62001c31_2_refresh_traffic_speed","filename":"2_refresh_traffic_speed.py","lineno":44}
{"timestamp":"2026-04-15T09:40:01.957298Z","level":"info","event":"[LATEST PREP] rows=500 | missing_measurement_rows=0","logger":"lta_common","filename":"lta_common.py","lineno":259}
{"timestamp":"2026-04-15T09:40:01.957844Z","level":"info","event":"[UPSERT START] upserting 500 rows into traffic_speed_latest","logger":"lta_common","filename":"lta_common.py","lineno":336}
{"timestamp":"2026-04-15T09:40:01.958372Z","level":"info","event":"[UPSERT DEBUG] max_link_id=719 | min_link_id=2 | max_speed_band=7 | min_speed_band=1 | max_minimum_speed=60 | min_minimum_speed=0 | max_maximum_speed=69 | min_maximum_speed=9","logger":"lta_common","filename":"lta_common.py","lineno":338}
{"timestamp":"2026-04-15T09:40:02.617664Z","level":"info","event":"[UPSERT DONE] upserted=500 rows into traffic_speed_latest","logger":"lta_common","filename":"lta_common.py","lineno":376}
{"timestamp":"2026-04-15T09:40:02.618748Z","level":"info","event":"[SAVE START] inserting 500 rows into traffic_speed_recent","logger":"lta_common","filename":"lta_common.py","lineno":307}
{"timestamp":"2026-04-15T09:40:03.134225Z","level":"info","event":"[SAVE DONE] inserted=500 rows into traffic_speed_recent","logger":"lta_common","filename":"lta_common.py","lineno":325}
{"timestamp":"2026-04-15T09:40:03.134427Z","level":"info","event":"STEP 6: page saved skip=0 | pages=1 | latest_rows=500 | recent_rows=500","logger":"unusual_prefix_faea391ec71b1d4b4651510353e4a48d62001c31_2_refresh_traffic_speed","filename":"2_refresh_traffic_speed.py","lineno":56}
{"timestamp":"2026-04-15T09:40:03.134481Z","level":"info","event":"========== PAGE START ==========","logger":"lta_common","filename":"lta_common.py","lineno":52}
{"timestamp":"2026-04-15T09:40:03.134519Z","level":"info","event":"[FETCH] requesting rows 500–999","logger":"lta_common","filename":"lta_common.py","lineno":53}
{"timestamp":"2026-04-15T09:40:03.134582Z","level":"info","event":"Fetching page from LTA: skip=500","logger":"lta_common","filename":"lta_common.py","lineno":35}
{"timestamp":"2026-04-15T09:40:03.569419Z","level":"info","event":"Retrieved 500 rows from LTA at skip=500","logger":"lta_common","filename":"lta_common.py","lineno":43}
{"timestamp":"2026-04-15T09:40:03.571087Z","level":"info","event":"[FETCH DONE] retrieved=500 rows at skip=500","logger":"lta_common","filename":"lta_common.py","lineno":58}
{"timestamp":"2026-04-15T09:40:03.571365Z","level":"info","event":"STEP 4: processing page skip=500 rows=500","logger":"unusual_prefix_faea391ec71b1d4b4651510353e4a48d62001c31_2_refresh_traffic_speed","filename":"2_refresh_traffic_speed.py","lineno":41}
{"timestamp":"2026-04-15T09:40:03.582112Z","level":"info","event":"[CLEAN DONE] rows=500 | null_speed_band=0 | null_minimum_speed=0 | null_maximum_speed=0","logger":"lta_common","filename":"lta_common.py","lineno":226}
{"timestamp":"2026-04-15T09:40:03.583204Z","level":"info","event":"STEP 5: built cleaned snapshot dataframe rows=500","logger":"unusual_prefix_faea391ec71b1d4b4651510353e4a48d62001c31_2_refresh_traffic_speed","filename":"2_refresh_traffic_speed.py","lineno":44}
{"timestamp":"2026-04-15T09:40:03.583662Z","level":"info","event":"[LATEST PREP] rows=500 | missing_measurement_rows=0","logger":"lta_common","filename":"lta_common.py","lineno":259}
{"timestamp":"2026-04-15T09:40:03.583936Z","level":"info","event":"[UPSERT START] upserting 500 rows into traffic_speed_latest","logger":"lta_common","filename":"lta_common.py","lineno":336}
{"timestamp":"2026-04-15T09:40:03.584264Z","level":"info","event":"[UPSERT DEBUG] max_link_id=1488 | min_link_id=720 | max_speed_band=6 | min_speed_band=1 | max_minimum_speed=50 | min_minimum_speed=0 | max_maximum_speed=59 | min_maximum_speed=9","logger":"lta_common","filename":"lta_common.py","lineno":338}
{"timestamp":"2026-04-15T09:40:04.131424Z","level":"info","event":"[UPSERT DONE] upserted=500 rows into traffic_speed_latest","logger":"lta_common","filename":"lta_common.py","lineno":376}
{"timestamp":"2026-04-15T09:40:04.131910Z","level":"info","event":"[SAVE START] inserting 500 rows into traffic_speed_recent","logger":"lta_common","filename":"lta_common.py","lineno":307}
{"timestamp":"2026-04-15T09:40:04.825315Z","level":"info","event":"[SAVE DONE] inserted=500 rows into traffic_speed_recent","logger":"lta_common","filename":"lta_common.py","lineno":325}
{"timestamp":"2026-04-15T09:40:04.825575Z","level":"info","event":"STEP 6: page saved skip=500 | pages=2 | latest_rows=1000 | recent_rows=1000","logger":"unusual_prefix_faea391ec71b1d4b4651510353e4a48d62001c31_2_refresh_traffic_speed","filename":"2_refresh_traffic_speed.py","lineno":56}
{"timestamp":"2026-04-15T09:40:04.825657Z","level":"info","event":"========== PAGE START ==========","logger":"lta_common","filename":"lta_common.py","lineno":52}
{"timestamp":"2026-04-15T09:40:04.825721Z","level":"info","event":"[FETCH] requesting rows 1000–1499","logger":"lta_common","filename":"lta_common.py","lineno":53}
{"timestamp":"2026-04-15T09:40:04.825792Z","level":"info","event":"Fetching page from LTA: skip=1000","logger":"lta_common","filename":"lta_common.py","lineno":35}
{"timestamp":"2026-04-15T09:40:05.152041Z","level":"info","event":"Retrieved 500 rows from LTA at skip=1000","logger":"lta_common","filename":"lta_common.py","lineno":43}
{"timestamp":"2026-04-15T09:40:05.156332Z","level":"info","event":"[FETCH DONE] retrieved=500 rows at skip=1000","logger":"lta_common","filename":"lta_common.py","lineno":58}
{"timestamp":"2026-04-15T09:40:05.156527Z","level":"info","event":"STEP 4: processing page skip=1000 rows=500","logger":"unusual_prefix_faea391ec71b1d4b4651510353e4a48d62001c31_2_refresh_traffic_speed","filename":"2_refresh_traffic_speed.py","lineno":41}
{"timestamp":"2026-04-15T09:40:05.167470Z","level":"info","event":"[CLEAN DONE] rows=500 | null_speed_band=0 | null_minimum_speed=0 | null_maximum_speed=0","logger":"lta_common","filename":"lta_common.py","lineno":226}
{"timestamp":"2026-04-15T09:40:05.168886Z","level":"info","event":"STEP 5: built cleaned snapshot dataframe rows=500","logger":"unusual_prefix_faea391ec71b1d4b4651510353e4a48d62001c31_2_refresh_traffic_speed","filename":"2_refresh_traffic_speed.py","lineno":44}
{"timestamp":"2026-04-15T09:40:05.169315Z","level":"info","event":"[LATEST PREP] rows=500 | missing_measurement_rows=0","logger":"lta_common","filename":"lta_common.py","lineno":259}
{"timestamp":"2026-04-15T09:40:05.169570Z","level":"info","event":"[UPSERT START] upserting 500 rows into traffic_speed_latest","logger":"lta_common","filename":"lta_common.py","lineno":336}
{"timestamp":"2026-04-15T09:40:05.169884Z","level":"info","event":"[UPSERT DEBUG] max_link_id=2215 | min_link_id=1492 | max_speed_band=7 | min_speed_band=1 | max_minimum_speed=60 | min_minimum_speed=0 | max_maximum_speed=69 | min_maximum_speed=9","logger":"lta_common","filename":"lta_common.py","lineno":338}
{"timestamp":"2026-04-15T09:40:05.711522Z","level":"info","event":"[UPSERT DONE] upserted=500 rows into traffic_speed_latest","logger":"lta_common","filename":"lta_common.py","lineno":376}
{"timestamp":"2026-04-15T09:40:05.714043Z","level":"info","event":"[SAVE START] inserting 500 rows into traffic_speed_recent","logger":"lta_common","filename":"lta_common.py","lineno":307}
{"timestamp":"2026-04-15T09:40:06.215650Z","level":"info","event":"[SAVE DONE] inserted=500 rows into traffic_speed_recent","logger":"lta_common","filename":"lta_common.py","lineno":325}
{"timestamp":"2026-04-15T09:40:06.216234Z","level":"info","event":"STEP 6: page saved skip=1000 | pages=3 | latest_rows=1500 | recent_rows=1500","logger":"unusual_prefix_faea391ec71b1d4b4651510353e4a48d62001c31_2_refresh_traffic_speed","filename":"2_refresh_traffic_speed.py","lineno":56}
{"timestamp":"2026-04-15T09:40:06.216521Z","level":"info","event":"========== PAGE START ==========","logger":"lta_common","filename":"lta_common.py","lineno":52}
{"timestamp":"2026-04-15T09:40:06.216675Z","level":"info","event":"[FETCH] requesting rows 1500–1999","logger":"lta_common","filename":"lta_common.py","lineno":53}
{"timestamp":"2026-04-15T09:40:06.216933Z","level":"info","event":"Fetching page from LTA: skip=1500","logger":"lta_common","filename":"lta_common.py","lineno":35}
{"timestamp":"2026-04-15T09:40:06.616607Z","level":"info","event":"Retrieved 500 rows from LTA at skip=1500","logger":"lta_common","filename":"lta_common.py","lineno":43}
{"timestamp":"2026-04-15T09:40:06.619445Z","level":"info","event":"[FETCH DONE] retrieved=500 rows at skip=1500","logger":"lta_common","filename":"lta_common.py","lineno":58}
{"timestamp":"2026-04-15T09:40:06.619904Z","level":"info","event":"STEP 4: processing page skip=1500 rows=500","logger":"unusual_prefix_faea391ec71b1d4b4651510353e4a48d62001c31_2_refresh_traffic_speed","filename":"2_refresh_traffic_speed.py","lineno":41}
{"timestamp":"2026-04-15T09:40:06.634075Z","level":"info","event":"[CLEAN DONE] rows=500 | null_speed_band=0 | null_minimum_speed=0 | null_maximum_speed=0","logger":"lta_common","filename":"lta_common.py","lineno":226}
{"timestamp":"2026-04-15T09:40:06.635305Z","level":"info","event":"STEP 5: built cleaned snapshot dataframe rows=500","logger":"unusual_prefix_faea391ec71b1d4b4651510353e4a48d62001c31_2_refresh_traffic_speed","filename":"2_refresh_traffic_speed.py","lineno":44}
{"timestamp":"2026-04-15T09:40:06.635851Z","level":"info","event":"[LATEST PREP] rows=500 | missing_measurement_rows=0","logger":"lta_common","filename":"lta_common.py","lineno":259}
{"timestamp":"2026-04-15T09:40:06.636300Z","level":"info","event":"[UPSERT START] upserting 500 rows into traffic_speed_latest","logger":"lta_common","filename":"lta_common.py","lineno":336}
{"timestamp":"2026-04-15T09:40:06.636842Z","level":"info","event":"[UPSERT DEBUG] max_link_id=3055 | min_link_id=2216 | max_speed_band=6 | min_speed_band=1 | max_minimum_speed=50 | min_minimum_speed=0 | max_maximum_speed=59 | min_maximum_speed=9","logger":"lta_common","filename":"lta_common.py","lineno":338}
{"timestamp":"2026-04-15T09:40:07.089645Z","level":"info","event":"[UPSERT DONE] upserted=500 rows into traffic_speed_latest","logger":"lta_common","filename":"lta_common.py","lineno":376}
{"timestamp":"2026-04-15T09:40:07.092651Z","level":"info","event":"[SAVE START] inserting 500 rows into traffic_speed_recent","logger":"lta_common","filename":"lta_common.py","lineno":307}
{"timestamp":"2026-04-15T09:40:07.515148Z","level":"info","event":"[SAVE DONE] inserted=500 rows into traffic_speed_recent","logger":"lta_common","filename":"lta_common.py","lineno":325}
{"timestamp":"2026-04-15T09:40:07.515520Z","level":"info","event":"STEP 6: page saved skip=1500 | pages=4 | latest_rows=2000 | recent_rows=2000","logger":"unusual_prefix_faea391ec71b1d4b4651510353e4a48d62001c31_2_refresh_traffic_speed","filename":"2_refresh_traffic_speed.py","lineno":56}
{"timestamp":"2026-04-15T09:40:07.515569Z","level":"info","event":"========== PAGE START ==========","logger":"lta_common","filename":"lta_common.py","lineno":52}
{"timestamp":"2026-04-15T09:40:07.515601Z","level":"info","event":"[FETCH] requesting rows 2000–2499","logger":"lta_common","filename":"lta_common.py","lineno":53}
{"timestamp":"2026-04-15T09:40:07.515651Z","level":"info","event":"Fetching page from LTA: skip=2000","logger":"lta_common","filename":"lta_common.py","lineno":35}
{"timestamp":"2026-04-15T09:40:07.943343Z","level":"info","event":"Retrieved 500 rows from LTA at skip=2000","logger":"lta_common","filename":"lta_common.py","lineno":43}
{"timestamp":"2026-04-15T09:40:07.944446Z","level":"info","event":"[FETCH DONE] retrieved=500 rows at skip=2000","logger":"lta_common","filename":"lta_common.py","lineno":58}
{"timestamp":"2026-04-15T09:40:07.944634Z","level":"info","event":"STEP 4: processing page skip=2000 rows=500","logger":"unusual_prefix_faea391ec71b1d4b4651510353e4a48d62001c31_2_refresh_traffic_speed","filename":"2_refresh_traffic_speed.py","lineno":41}
{"timestamp":"2026-04-15T09:40:07.952016Z","level":"info","event":"[CLEAN DONE] rows=500 | null_speed_band=0 | null_minimum_speed=0 | null_maximum_speed=0","logger":"lta_common","filename":"lta_common.py","lineno":226}
{"timestamp":"2026-04-15T09:40:07.952739Z","level":"info","event":"STEP 5: built cleaned snapshot dataframe rows=500","logger":"unusual_prefix_faea391ec71b1d4b4651510353e4a48d62001c31_2_refresh_traffic_speed","filename":"2_refresh_traffic_speed.py","lineno":44}
{"timestamp":"2026-04-15T09:40:07.953027Z","level":"info","event":"[LATEST PREP] rows=500 | missing_measurement_rows=0","logger":"lta_common","filename":"lta_common.py","lineno":259}
{"timestamp":"2026-04-15T09:40:07.953250Z","level":"info","event":"[UPSERT START] upserting 500 rows into traffic_speed_latest","logger":"lta_common","filename":"lta_common.py","lineno":336}
{"timestamp":"2026-04-15T09:40:07.953539Z","level":"info","event":"[UPSERT DEBUG] max_link_id=4015 | min_link_id=3059 | max_speed_band=7 | min_speed_band=1 | max_minimum_speed=60 | min_minimum_speed=0 | max_maximum_speed=69 | min_maximum_speed=9","logger":"lta_common","filename":"lta_common.py","lineno":338}
{"timestamp":"2026-04-15T09:40:08.355316Z","level":"info","event":"[UPSERT DONE] upserted=500 rows into traffic_speed_latest","logger":"lta_common","filename":"lta_common.py","lineno":376}
{"timestamp":"2026-04-15T09:40:08.355714Z","level":"info","event":"[SAVE START] inserting 500 rows into traffic_speed_recent","logger":"lta_common","filename":"lta_common.py","lineno":307}
{"timestamp":"2026-04-15T09:40:08.841365Z","level":"info","event":"[SAVE DONE] inserted=500 rows into traffic_speed_recent","logger":"lta_common","filename":"lta_common.py","lineno":325}
{"timestamp":"2026-04-15T09:40:08.841484Z","level":"info","event":"STEP 6: page saved skip=2000 | pages=5 | latest_rows=2500 | recent_rows=2500","logger":"unusual_prefix_faea391ec71b1d4b4651510353e4a48d62001c31_2_refresh_traffic_speed","filename":"2_refresh_traffic_speed.py","lineno":56}
{"timestamp":"2026-04-15T09:40:08.841514Z","level":"info","event":"========== PAGE START ==========","logger":"lta_common","filename":"lta_common.py","lineno":52}
{"timestamp":"2026-04-15T09:40:08.841536Z","level":"info","event":"[FETCH] requesting rows 2500–2999","logger":"lta_common","filename":"lta_common.py","lineno":53}
{"timestamp":"2026-04-15T09:40:08.841565Z","level":"info","event":"Fetching page from LTA: skip=2500","logger":"lta_common","filename":"lta_common.py","lineno":35}
{"timestamp":"2026-04-15T09:40:09.252111Z","level":"info","event":"Retrieved 500 rows from LTA at skip=2500","logger":"lta_common","filename":"lta_common.py","lineno":43}
{"timestamp":"2026-04-15T09:40:09.254065Z","level":"info","event":"[FETCH DONE] retrieved=500 rows at skip=2500","logger":"lta_common","filename":"lta_common.py","lineno":58}
{"timestamp":"2026-04-15T09:40:09.254292Z","level":"info","event":"STEP 4: processing page skip=2500 rows=500","logger":"unusual_prefix_faea391ec71b1d4b4651510353e4a48d62001c31_2_refresh_traffic_speed","filename":"2_refresh_traffic_speed.py","lineno":41}
{"timestamp":"2026-04-15T09:40:09.261781Z","level":"warning","event":"[SANITIZE] link_id=4115 field=maximum_speed suspicious sentinel value=999 -> NULL","logger":"lta_common","filename":"lta_common.py","lineno":131}
{"timestamp":"2026-04-15T09:40:09.263608Z","level":"info","event":"[CLEAN DONE] rows=500 | null_speed_band=0 | null_minimum_speed=0 | null_maximum_speed=1","logger":"lta_common","filename":"lta_common.py","lineno":226}
{"timestamp":"2026-04-15T09:40:09.264851Z","level":"info","event":"STEP 5: built cleaned snapshot dataframe rows=500","logger":"unusual_prefix_faea391ec71b1d4b4651510353e4a48d62001c31_2_refresh_traffic_speed","filename":"2_refresh_traffic_speed.py","lineno":44}
{"timestamp":"2026-04-15T09:40:09.265639Z","level":"info","event":"[LATEST PREP] rows=500 | missing_measurement_rows=0","logger":"lta_common","filename":"lta_common.py","lineno":259}
{"timestamp":"2026-04-15T09:40:09.266122Z","level":"info","event":"[UPSERT START] upserting 500 rows into traffic_speed_latest","logger":"lta_common","filename":"lta_common.py","lineno":336}
{"timestamp":"2026-04-15T09:40:09.267252Z","level":"info","event":"[UPSERT DEBUG] max_link_id=5041 | min_link_id=4016 | max_speed_band=8 | min_speed_band=1 | max_minimum_speed=70 | min_minimum_speed=0 | max_maximum_speed=69.0 | min_maximum_speed=9.0","logger":"lta_common","filename":"lta_common.py","lineno":338}
{"timestamp":"2026-04-15T09:40:09.690914Z","level":"info","event":"[UPSERT DONE] upserted=500 rows into traffic_speed_latest","logger":"lta_common","filename":"lta_common.py","lineno":376}
{"timestamp":"2026-04-15T09:40:09.691422Z","level":"info","event":"[SAVE START] inserting 500 rows into traffic_speed_recent","logger":"lta_common","filename":"lta_common.py","lineno":307}
{"timestamp":"2026-04-15T09:40:10.087286Z","level":"info","event":"[SAVE DONE] inserted=500 rows into traffic_speed_recent","logger":"lta_common","filename":"lta_common.py","lineno":325}
{"timestamp":"2026-04-15T09:40:10.087384Z","level":"info","event":"STEP 6: page saved skip=2500 | pages=6 | latest_rows=3000 | recent_rows=3000","logger":"unusual_prefix_faea391ec71b1d4b4651510353e4a48d62001c31_2_refresh_traffic_speed","filename":"2_refresh_traffic_speed.py","lineno":56}
{"timestamp":"2026-04-15T09:40:10.087414Z","level":"info","event":"========== PAGE START ==========","logger":"lta_common","filename":"lta_common.py","lineno":52}
{"timestamp":"2026-04-15T09:40:10.087435Z","level":"info","event":"[FETCH] requesting rows 3000–3499","logger":"lta_common","filename":"lta_common.py","lineno":53}
{"timestamp":"2026-04-15T09:40:10.087462Z","level":"info","event":"Fetching page from LTA: skip=3000","logger":"lta_common","filename":"lta_common.py","lineno":35}
{"timestamp":"2026-04-15T09:40:10.452099Z","level":"info","event":"Retrieved 500 rows from LTA at skip=3000","logger":"lta_common","filename":"lta_common.py","lineno":43}
{"timestamp":"2026-04-15T09:40:10.453201Z","level":"info","event":"[FETCH DONE] retrieved=500 rows at skip=3000","logger":"lta_common","filename":"lta_common.py","lineno":58}
{"timestamp":"2026-04-15T09:40:10.453425Z","level":"info","event":"STEP 4: processing page skip=3000 rows=500","logger":"unusual_prefix_faea391ec71b1d4b4651510353e4a48d62001c31_2_refresh_traffic_speed","filename":"2_refresh_traffic_speed.py","lineno":41}
{"timestamp":"2026-04-15T09:40:10.459754Z","level":"warning","event":"[SANITIZE] link_id=5081 field=maximum_speed suspicious sentinel value=999 -> NULL","logger":"lta_common","filename":"lta_common.py","lineno":131}
{"timestamp":"2026-04-15T09:40:10.461307Z","level":"info","event":"[CLEAN DONE] rows=500 | null_speed_band=0 | null_minimum_speed=0 | null_maximum_speed=1","logger":"lta_common","filename":"lta_common.py","lineno":226}
{"timestamp":"2026-04-15T09:40:10.462058Z","level":"info","event":"STEP 5: built cleaned snapshot dataframe rows=500","logger":"unusual_prefix_faea391ec71b1d4b4651510353e4a48d62001c31_2_refresh_traffic_speed","filename":"2_refresh_traffic_speed.py","lineno":44}
{"timestamp":"2026-04-15T09:40:10.462351Z","level":"info","event":"[LATEST PREP] rows=500 | missing_measurement_rows=0","logger":"lta_common","filename":"lta_common.py","lineno":259}
{"timestamp":"2026-04-15T09:40:10.462576Z","level":"info","event":"[UPSERT START] upserting 500 rows into traffic_speed_latest","logger":"lta_common","filename":"lta_common.py","lineno":336}
{"timestamp":"2026-04-15T09:40:10.462844Z","level":"info","event":"[UPSERT DEBUG] max_link_id=5569 | min_link_id=5042 | max_speed_band=8 | min_speed_band=1 | max_minimum_speed=70 | min_minimum_speed=0 | max_maximum_speed=69.0 | min_maximum_speed=9.0","logger":"lta_common","filename":"lta_common.py","lineno":338}
{"timestamp":"2026-04-15T09:40:10.930421Z","level":"info","event":"[UPSERT DONE] upserted=500 rows into traffic_speed_latest","logger":"lta_common","filename":"lta_common.py","lineno":376}
{"timestamp":"2026-04-15T09:40:10.931072Z","level":"info","event":"[SAVE START] inserting 500 rows into traffic_speed_recent","logger":"lta_common","filename":"lta_common.py","lineno":307}
{"timestamp":"2026-04-15T09:40:11.343982Z","level":"info","event":"[SAVE DONE] inserted=500 rows into traffic_speed_recent","logger":"lta_common","filename":"lta_common.py","lineno":325}
{"timestamp":"2026-04-15T09:40:11.344185Z","level":"info","event":"STEP 6: page saved skip=3000 | pages=7 | latest_rows=3500 | recent_rows=3500","logger":"unusual_prefix_faea391ec71b1d4b4651510353e4a48d62001c31_2_refresh_traffic_speed","filename":"2_refresh_traffic_speed.py","lineno":56}
{"timestamp":"2026-04-15T09:40:11.344242Z","level":"info","event":"========== PAGE START ==========","logger":"lta_common","filename":"lta_common.py","lineno":52}
{"timestamp":"2026-04-15T09:40:11.344315Z","level":"info","event":"[FETCH] requesting rows 3500–3999","logger":"lta_common","filename":"lta_common.py","lineno":53}
{"timestamp":"2026-04-15T09:40:11.344374Z","level":"info","event":"Fetching page from LTA: skip=3500","logger":"lta_common","filename":"lta_common.py","lineno":35}
{"timestamp":"2026-04-15T09:40:11.747171Z","level":"info","event":"Retrieved 500 rows from LTA at skip=3500","logger":"lta_common","filename":"lta_common.py","lineno":43}
{"timestamp":"2026-04-15T09:40:11.749722Z","level":"info","event":"[FETCH DONE] retrieved=500 rows at skip=3500","logger":"lta_common","filename":"lta_common.py","lineno":58}
{"timestamp":"2026-04-15T09:40:11.750172Z","level":"info","event":"STEP 4: processing page skip=3500 rows=500","logger":"unusual_prefix_faea391ec71b1d4b4651510353e4a48d62001c31_2_refresh_traffic_speed","filename":"2_refresh_traffic_speed.py","lineno":41}
{"timestamp":"2026-04-15T09:40:11.762658Z","level":"warning","event":"[SANITIZE] link_id=5701 field=maximum_speed suspicious sentinel value=999 -> NULL","logger":"lta_common","filename":"lta_common.py","lineno":131}
{"timestamp":"2026-04-15T09:40:11.762751Z","level":"warning","event":"[SANITIZE] link_id=5706 field=maximum_speed suspicious sentinel value=999 -> NULL","logger":"lta_common","filename":"lta_common.py","lineno":131}
{"timestamp":"2026-04-15T09:40:11.763017Z","level":"warning","event":"[SANITIZE] link_id=5757 field=maximum_speed suspicious sentinel value=999 -> NULL","logger":"lta_common","filename":"lta_common.py","lineno":131}
{"timestamp":"2026-04-15T09:40:11.765487Z","level":"info","event":"[CLEAN DONE] rows=500 | null_speed_band=0 | null_minimum_speed=0 | null_maximum_speed=3","logger":"lta_common","filename":"lta_common.py","lineno":226}
{"timestamp":"2026-04-15T09:40:11.766797Z","level":"info","event":"STEP 5: built cleaned snapshot dataframe rows=500","logger":"unusual_prefix_faea391ec71b1d4b4651510353e4a48d62001c31_2_refresh_traffic_speed","filename":"2_refresh_traffic_speed.py","lineno":44}
{"timestamp":"2026-04-15T09:40:11.767446Z","level":"info","event":"[LATEST PREP] rows=500 | missing_measurement_rows=0","logger":"lta_common","filename":"lta_common.py","lineno":259}
{"timestamp":"2026-04-15T09:40:11.767874Z","level":"info","event":"[UPSERT START] upserting 500 rows into traffic_speed_latest","logger":"lta_common","filename":"lta_common.py","lineno":336}
{"timestamp":"2026-04-15T09:40:11.768346Z","level":"info","event":"[UPSERT DEBUG] max_link_id=6101 | min_link_id=5570 | max_speed_band=8 | min_speed_band=1 | max_minimum_speed=70 | min_minimum_speed=0 | max_maximum_speed=69.0 | min_maximum_speed=9.0","logger":"lta_common","filename":"lta_common.py","lineno":338}
{"timestamp":"2026-04-15T09:40:12.237861Z","level":"info","event":"[UPSERT DONE] upserted=500 rows into traffic_speed_latest","logger":"lta_common","filename":"lta_common.py","lineno":376}
{"timestamp":"2026-04-15T09:40:12.239507Z","level":"info","event":"[SAVE START] inserting 500 rows into traffic_speed_recent","logger":"lta_common","filename":"lta_common.py","lineno":307}
{"timestamp":"2026-04-15T09:40:12.679564Z","level":"info","event":"[SAVE DONE] inserted=500 rows into traffic_speed_recent","logger":"lta_common","filename":"lta_common.py","lineno":325}
{"timestamp":"2026-04-15T09:40:12.679911Z","level":"info","event":"STEP 6: page saved skip=3500 | pages=8 | latest_rows=4000 | recent_rows=4000","logger":"unusual_prefix_faea391ec71b1d4b4651510353e4a48d62001c31_2_refresh_traffic_speed","filename":"2_refresh_traffic_speed.py","lineno":56}
{"timestamp":"2026-04-15T09:40:12.680001Z","level":"info","event":"========== PAGE START ==========","logger":"lta_common","filename":"lta_common.py","lineno":52}
{"timestamp":"2026-04-15T09:40:12.680063Z","level":"info","event":"[FETCH] requesting rows 4000–4499","logger":"lta_common","filename":"lta_common.py","lineno":53}
{"timestamp":"2026-04-15T09:40:12.680147Z","level":"info","event":"Fetching page from LTA: skip=4000","logger":"lta_common","filename":"lta_common.py","lineno":35}
{"timestamp":"2026-04-15T09:40:13.055622Z","level":"info","event":"Retrieved 500 rows from LTA at skip=4000","logger":"lta_common","filename":"lta_common.py","lineno":43}
{"timestamp":"2026-04-15T09:40:13.061621Z","level":"info","event":"[FETCH DONE] retrieved=500 rows at skip=4000","logger":"lta_common","filename":"lta_common.py","lineno":58}
{"timestamp":"2026-04-15T09:40:13.062165Z","level":"info","event":"STEP 4: processing page skip=4000 rows=500","logger":"unusual_prefix_faea391ec71b1d4b4651510353e4a48d62001c31_2_refresh_traffic_speed","filename":"2_refresh_traffic_speed.py","lineno":41}
{"timestamp":"2026-04-15T09:40:13.079974Z","level":"warning","event":"[SANITIZE] link_id=6545 field=maximum_speed suspicious sentinel value=999 -> NULL","logger":"lta_common","filename":"lta_common.py","lineno":131}
{"timestamp":"2026-04-15T09:40:13.080517Z","level":"warning","event":"[SANITIZE] link_id=6673 field=maximum_speed suspicious sentinel value=999 -> NULL","logger":"lta_common","filename":"lta_common.py","lineno":131}
{"timestamp":"2026-04-15T09:40:13.081443Z","level":"info","event":"[CLEAN DONE] rows=500 | null_speed_band=0 | null_minimum_speed=0 | null_maximum_speed=2","logger":"lta_common","filename":"lta_common.py","lineno":226}
{"timestamp":"2026-04-15T09:40:13.083080Z","level":"info","event":"STEP 5: built cleaned snapshot dataframe rows=500","logger":"unusual_prefix_faea391ec71b1d4b4651510353e4a48d62001c31_2_refresh_traffic_speed","filename":"2_refresh_traffic_speed.py","lineno":44}
{"timestamp":"2026-04-15T09:40:13.083666Z","level":"info","event":"[LATEST PREP] rows=500 | missing_measurement_rows=0","logger":"lta_common","filename":"lta_common.py","lineno":259}
{"timestamp":"2026-04-15T09:40:13.084131Z","level":"info","event":"[UPSERT START] upserting 500 rows into traffic_speed_latest","logger":"lta_common","filename":"lta_common.py","lineno":336}
{"timestamp":"2026-04-15T09:40:13.084657Z","level":"info","event":"[UPSERT DEBUG] max_link_id=6694 | min_link_id=6102 | max_speed_band=8 | min_speed_band=1 | max_minimum_speed=70 | min_minimum_speed=0 | max_maximum_speed=69.0 | min_maximum_speed=9.0","logger":"lta_common","filename":"lta_common.py","lineno":338}
{"timestamp":"2026-04-15T09:40:13.478543Z","level":"info","event":"[UPSERT DONE] upserted=500 rows into traffic_speed_latest","logger":"lta_common","filename":"lta_common.py","lineno":376}
{"timestamp":"2026-04-15T09:40:13.480662Z","level":"info","event":"[SAVE START] inserting 500 rows into traffic_speed_recent","logger":"lta_common","filename":"lta_common.py","lineno":307}
{"timestamp":"2026-04-15T09:40:13.913772Z","level":"info","event":"[SAVE DONE] inserted=500 rows into traffic_speed_recent","logger":"lta_common","filename":"lta_common.py","lineno":325}
{"timestamp":"2026-04-15T09:40:13.913897Z","level":"info","event":"STEP 6: page saved skip=4000 | pages=9 | latest_rows=4500 | recent_rows=4500","logger":"unusual_prefix_faea391ec71b1d4b4651510353e4a48d62001c31_2_refresh_traffic_speed","filename":"2_refresh_traffic_speed.py","lineno":56}
{"timestamp":"2026-04-15T09:40:13.913942Z","level":"info","event":"========== PAGE START ==========","logger":"lta_common","filename":"lta_common.py","lineno":52}
{"timestamp":"2026-04-15T09:40:13.913968Z","level":"info","event":"[FETCH] requesting rows 4500–4999","logger":"lta_common","filename":"lta_common.py","lineno":53}
{"timestamp":"2026-04-15T09:40:13.914010Z","level":"info","event":"Fetching page from LTA: skip=4500","logger":"lta_common","filename":"lta_common.py","lineno":35}
{"timestamp":"2026-04-15T09:40:14.249958Z","level":"info","event":"Retrieved 500 rows from LTA at skip=4500","logger":"lta_common","filename":"lta_common.py","lineno":43}
{"timestamp":"2026-04-15T09:40:14.251071Z","level":"info","event":"[FETCH DONE] retrieved=500 rows at skip=4500","logger":"lta_common","filename":"lta_common.py","lineno":58}
{"timestamp":"2026-04-15T09:40:14.251270Z","level":"info","event":"STEP 4: processing page skip=4500 rows=500","logger":"unusual_prefix_faea391ec71b1d4b4651510353e4a48d62001c31_2_refresh_traffic_speed","filename":"2_refresh_traffic_speed.py","lineno":41}
{"timestamp":"2026-04-15T09:40:14.258373Z","level":"info","event":"[CLEAN DONE] rows=500 | null_speed_band=0 | null_minimum_speed=0 | null_maximum_speed=0","logger":"lta_common","filename":"lta_common.py","lineno":226}
{"timestamp":"2026-04-15T09:40:14.259090Z","level":"info","event":"STEP 5: built cleaned snapshot dataframe rows=500","logger":"unusual_prefix_faea391ec71b1d4b4651510353e4a48d62001c31_2_refresh_traffic_speed","filename":"2_refresh_traffic_speed.py","lineno":44}
{"timestamp":"2026-04-15T09:40:14.259408Z","level":"info","event":"[LATEST PREP] rows=500 | missing_measurement_rows=0","logger":"lta_common","filename":"lta_common.py","lineno":259}
{"timestamp":"2026-04-15T09:40:14.259687Z","level":"info","event":"[UPSERT START] upserting 500 rows into traffic_speed_latest","logger":"lta_common","filename":"lta_common.py","lineno":336}
{"timestamp":"2026-04-15T09:40:14.260125Z","level":"info","event":"[UPSERT DEBUG] max_link_id=7256 | min_link_id=6695 | max_speed_band=7 | min_speed_band=1 | max_minimum_speed=60 | min_minimum_speed=0 | max_maximum_speed=69 | min_maximum_speed=9","logger":"lta_common","filename":"lta_common.py","lineno":338}
{"timestamp":"2026-04-15T09:40:14.695820Z","level":"info","event":"[UPSERT DONE] upserted=500 rows into traffic_speed_latest","logger":"lta_common","filename":"lta_common.py","lineno":376}
{"timestamp":"2026-04-15T09:40:14.696322Z","level":"info","event":"[SAVE START] inserting 500 rows into traffic_speed_recent","logger":"lta_common","filename":"lta_common.py","lineno":307}
{"timestamp":"2026-04-15T09:40:15.281219Z","level":"info","event":"[SAVE DONE] inserted=500 rows into traffic_speed_recent","logger":"lta_common","filename":"lta_common.py","lineno":325}
{"timestamp":"2026-04-15T09:40:15.282039Z","level":"info","event":"STEP 6: page saved skip=4500 | pages=10 | latest_rows=5000 | recent_rows=5000","logger":"unusual_prefix_faea391ec71b1d4b4651510353e4a48d62001c31_2_refresh_traffic_speed","filename":"2_refresh_traffic_speed.py","lineno":56}
{"timestamp":"2026-04-15T09:40:15.282268Z","level":"info","event":"========== PAGE START ==========","logger":"lta_common","filename":"lta_common.py","lineno":52}
{"timestamp":"2026-04-15T09:40:15.282390Z","level":"info","event":"[FETCH] requesting rows 5000–5499","logger":"lta_common","filename":"lta_common.py","lineno":53}
{"timestamp":"2026-04-15T09:40:15.282486Z","level":"info","event":"Fetching page from LTA: skip=5000","logger":"lta_common","filename":"lta_common.py","lineno":35}
{"timestamp":"2026-04-15T09:40:15.665052Z","level":"info","event":"Retrieved 500 rows from LTA at skip=5000","logger":"lta_common","filename":"lta_common.py","lineno":43}
{"timestamp":"2026-04-15T09:40:15.666799Z","level":"info","event":"[FETCH DONE] retrieved=500 rows at skip=5000","logger":"lta_common","filename":"lta_common.py","lineno":58}
{"timestamp":"2026-04-15T09:40:15.667096Z","level":"info","event":"STEP 4: processing page skip=5000 rows=500","logger":"unusual_prefix_faea391ec71b1d4b4651510353e4a48d62001c31_2_refresh_traffic_speed","filename":"2_refresh_traffic_speed.py","lineno":41}
{"timestamp":"2026-04-15T09:40:15.676748Z","level":"info","event":"[CLEAN DONE] rows=500 | null_speed_band=0 | null_minimum_speed=0 | null_maximum_speed=0","logger":"lta_common","filename":"lta_common.py","lineno":226}
{"timestamp":"2026-04-15T09:40:15.677722Z","level":"info","event":"STEP 5: built cleaned snapshot dataframe rows=500","logger":"unusual_prefix_faea391ec71b1d4b4651510353e4a48d62001c31_2_refresh_traffic_speed","filename":"2_refresh_traffic_speed.py","lineno":44}
{"timestamp":"2026-04-15T09:40:15.678114Z","level":"info","event":"[LATEST PREP] rows=500 | missing_measurement_rows=0","logger":"lta_common","filename":"lta_common.py","lineno":259}
{"timestamp":"2026-04-15T09:40:15.678355Z","level":"info","event":"[UPSERT START] upserting 500 rows into traffic_speed_latest","logger":"lta_common","filename":"lta_common.py","lineno":336}
{"timestamp":"2026-04-15T09:40:15.678675Z","level":"info","event":"[UPSERT DEBUG] max_link_id=8130 | min_link_id=7257 | max_speed_band=7 | min_speed_band=1 | max_minimum_speed=60 | min_minimum_speed=0 | max_maximum_speed=69 | min_maximum_speed=9","logger":"lta_common","filename":"lta_common.py","lineno":338}
{"timestamp":"2026-04-15T09:40:16.174888Z","level":"info","event":"[UPSERT DONE] upserted=500 rows into traffic_speed_latest","logger":"lta_common","filename":"lta_common.py","lineno":376}
{"timestamp":"2026-04-15T09:40:16.177152Z","level":"info","event":"[SAVE START] inserting 500 rows into traffic_speed_recent","logger":"lta_common","filename":"lta_common.py","lineno":307}
{"timestamp":"2026-04-15T09:40:16.887156Z","level":"info","event":"[SAVE DONE] inserted=500 rows into traffic_speed_recent","logger":"lta_common","filename":"lta_common.py","lineno":325}
{"timestamp":"2026-04-15T09:40:16.888933Z","level":"info","event":"STEP 6: page saved skip=5000 | pages=11 | latest_rows=5500 | recent_rows=5500","logger":"unusual_prefix_faea391ec71b1d4b4651510353e4a48d62001c31_2_refresh_traffic_speed","filename":"2_refresh_traffic_speed.py","lineno":56}
{"timestamp":"2026-04-15T09:40:16.891864Z","level":"info","event":"========== PAGE START ==========","logger":"lta_common","filename":"lta_common.py","lineno":52}
{"timestamp":"2026-04-15T09:40:16.892230Z","level":"info","event":"[FETCH] requesting rows 5500–5999","logger":"lta_common","filename":"lta_common.py","lineno":53}
{"timestamp":"2026-04-15T09:40:16.892535Z","level":"info","event":"Fetching page from LTA: skip=5500","logger":"lta_common","filename":"lta_common.py","lineno":35}
{"timestamp":"2026-04-15T09:40:17.325255Z","level":"info","event":"Retrieved 500 rows from LTA at skip=5500","logger":"lta_common","filename":"lta_common.py","lineno":43}
{"timestamp":"2026-04-15T09:40:17.330974Z","level":"info","event":"[FETCH DONE] retrieved=500 rows at skip=5500","logger":"lta_common","filename":"lta_common.py","lineno":58}
{"timestamp":"2026-04-15T09:40:17.332058Z","level":"info","event":"STEP 4: processing page skip=5500 rows=500","logger":"unusual_prefix_faea391ec71b1d4b4651510353e4a48d62001c31_2_refresh_traffic_speed","filename":"2_refresh_traffic_speed.py","lineno":41}
{"timestamp":"2026-04-15T09:40:17.350633Z","level":"warning","event":"[SANITIZE] link_id=8688 field=maximum_speed suspicious sentinel value=999 -> NULL","logger":"lta_common","filename":"lta_common.py","lineno":131}
{"timestamp":"2026-04-15T09:40:17.352563Z","level":"info","event":"[CLEAN DONE] rows=500 | null_speed_band=0 | null_minimum_speed=0 | null_maximum_speed=1","logger":"lta_common","filename":"lta_common.py","lineno":226}
{"timestamp":"2026-04-15T09:40:17.354520Z","level":"info","event":"STEP 5: built cleaned snapshot dataframe rows=500","logger":"unusual_prefix_faea391ec71b1d4b4651510353e4a48d62001c31_2_refresh_traffic_speed","filename":"2_refresh_traffic_speed.py","lineno":44}
{"timestamp":"2026-04-15T09:40:17.355150Z","level":"info","event":"[LATEST PREP] rows=500 | missing_measurement_rows=0","logger":"lta_common","filename":"lta_common.py","lineno":259}
{"timestamp":"2026-04-15T09:40:17.355565Z","level":"info","event":"[UPSERT START] upserting 500 rows into traffic_speed_latest","logger":"lta_common","filename":"lta_common.py","lineno":336}
{"timestamp":"2026-04-15T09:40:17.356051Z","level":"info","event":"[UPSERT DEBUG] max_link_id=8918 | min_link_id=8131 | max_speed_band=8 | min_speed_band=1 | max_minimum_speed=70 | min_minimum_speed=0 | max_maximum_speed=69.0 | min_maximum_speed=9.0","logger":"lta_common","filename":"lta_common.py","lineno":338}
{"timestamp":"2026-04-15T09:40:17.839377Z","level":"info","event":"[UPSERT DONE] upserted=500 rows into traffic_speed_latest","logger":"lta_common","filename":"lta_common.py","lineno":376}
{"timestamp":"2026-04-15T09:40:17.841595Z","level":"info","event":"[SAVE START] inserting 500 rows into traffic_speed_recent","logger":"lta_common","filename":"lta_common.py","lineno":307}
{"timestamp":"2026-04-15T09:40:18.347465Z","level":"info","event":"[SAVE DONE] inserted=500 rows into traffic_speed_recent","logger":"lta_common","filename":"lta_common.py","lineno":325}
{"timestamp":"2026-04-15T09:40:18.348068Z","level":"info","event":"STEP 6: page saved skip=5500 | pages=12 | latest_rows=6000 | recent_rows=6000","logger":"unusual_prefix_faea391ec71b1d4b4651510353e4a48d62001c31_2_refresh_traffic_speed","filename":"2_refresh_traffic_speed.py","lineno":56}
{"timestamp":"2026-04-15T09:40:18.348240Z","level":"info","event":"========== PAGE START ==========","logger":"lta_common","filename":"lta_common.py","lineno":52}
{"timestamp":"2026-04-15T09:40:18.348339Z","level":"info","event":"[FETCH] requesting rows 6000–6499","logger":"lta_common","filename":"lta_common.py","lineno":53}
{"timestamp":"2026-04-15T09:40:18.348567Z","level":"info","event":"Fetching page from LTA: skip=6000","logger":"lta_common","filename":"lta_common.py","lineno":35}
{"timestamp":"2026-04-15T09:40:18.786718Z","level":"info","event":"Retrieved 500 rows from LTA at skip=6000","logger":"lta_common","filename":"lta_common.py","lineno":43}
{"timestamp":"2026-04-15T09:40:18.787792Z","level":"info","event":"[FETCH DONE] retrieved=500 rows at skip=6000","logger":"lta_common","filename":"lta_common.py","lineno":58}
{"timestamp":"2026-04-15T09:40:18.787998Z","level":"info","event":"STEP 4: processing page skip=6000 rows=500","logger":"unusual_prefix_faea391ec71b1d4b4651510353e4a48d62001c31_2_refresh_traffic_speed","filename":"2_refresh_traffic_speed.py","lineno":41}
{"timestamp":"2026-04-15T09:40:18.793906Z","level":"warning","event":"[SANITIZE] link_id=8972 field=maximum_speed suspicious sentinel value=999 -> NULL","logger":"lta_common","filename":"lta_common.py","lineno":131}
{"timestamp":"2026-04-15T09:40:18.795389Z","level":"info","event":"[CLEAN DONE] rows=500 | null_speed_band=0 | null_minimum_speed=0 | null_maximum_speed=1","logger":"lta_common","filename":"lta_common.py","lineno":226}
{"timestamp":"2026-04-15T09:40:18.796168Z","level":"info","event":"STEP 5: built cleaned snapshot dataframe rows=500","logger":"unusual_prefix_faea391ec71b1d4b4651510353e4a48d62001c31_2_refresh_traffic_speed","filename":"2_refresh_traffic_speed.py","lineno":44}
{"timestamp":"2026-04-15T09:40:18.796478Z","level":"info","event":"[LATEST PREP] rows=500 | missing_measurement_rows=0","logger":"lta_common","filename":"lta_common.py","lineno":259}
{"timestamp":"2026-04-15T09:40:18.796722Z","level":"info","event":"[UPSERT START] upserting 500 rows into traffic_speed_latest","logger":"lta_common","filename":"lta_common.py","lineno":336}
{"timestamp":"2026-04-15T09:40:18.797006Z","level":"info","event":"[UPSERT DEBUG] max_link_id=9667 | min_link_id=8919 | max_speed_band=8 | min_speed_band=1 | max_minimum_speed=70 | min_minimum_speed=0 | max_maximum_speed=69.0 | min_maximum_speed=9.0","logger":"lta_common","filename":"lta_common.py","lineno":338}
{"timestamp":"2026-04-15T09:40:19.316617Z","level":"info","event":"[UPSERT DONE] upserted=500 rows into traffic_speed_latest","logger":"lta_common","filename":"lta_common.py","lineno":376}
{"timestamp":"2026-04-15T09:40:19.317039Z","level":"info","event":"[SAVE START] inserting 500 rows into traffic_speed_recent","logger":"lta_common","filename":"lta_common.py","lineno":307}
{"timestamp":"2026-04-15T09:40:19.830064Z","level":"info","event":"[SAVE DONE] inserted=500 rows into traffic_speed_recent","logger":"lta_common","filename":"lta_common.py","lineno":325}
{"timestamp":"2026-04-15T09:40:19.830196Z","level":"info","event":"STEP 6: page saved skip=6000 | pages=13 | latest_rows=6500 | recent_rows=6500","logger":"unusual_prefix_faea391ec71b1d4b4651510353e4a48d62001c31_2_refresh_traffic_speed","filename":"2_refresh_traffic_speed.py","lineno":56}
{"timestamp":"2026-04-15T09:40:19.830229Z","level":"info","event":"========== PAGE START ==========","logger":"lta_common","filename":"lta_common.py","lineno":52}
{"timestamp":"2026-04-15T09:40:19.830251Z","level":"info","event":"[FETCH] requesting rows 6500–6999","logger":"lta_common","filename":"lta_common.py","lineno":53}
{"timestamp":"2026-04-15T09:40:19.830284Z","level":"info","event":"Fetching page from LTA: skip=6500","logger":"lta_common","filename":"lta_common.py","lineno":35}
{"timestamp":"2026-04-15T09:40:20.192621Z","level":"info","event":"Retrieved 500 rows from LTA at skip=6500","logger":"lta_common","filename":"lta_common.py","lineno":43}
{"timestamp":"2026-04-15T09:40:20.194483Z","level":"info","event":"[FETCH DONE] retrieved=500 rows at skip=6500","logger":"lta_common","filename":"lta_common.py","lineno":58}
{"timestamp":"2026-04-15T09:40:20.194818Z","level":"info","event":"STEP 4: processing page skip=6500 rows=500","logger":"unusual_prefix_faea391ec71b1d4b4651510353e4a48d62001c31_2_refresh_traffic_speed","filename":"2_refresh_traffic_speed.py","lineno":41}
{"timestamp":"2026-04-15T09:40:20.204676Z","level":"warning","event":"[SANITIZE] link_id=10024 field=maximum_speed suspicious sentinel value=999 -> NULL","logger":"lta_common","filename":"lta_common.py","lineno":131}
{"timestamp":"2026-04-15T09:40:20.204736Z","level":"warning","event":"[SANITIZE] link_id=10025 field=maximum_speed suspicious sentinel value=999 -> NULL","logger":"lta_common","filename":"lta_common.py","lineno":131}
{"timestamp":"2026-04-15T09:40:20.204785Z","level":"warning","event":"[SANITIZE] link_id=10029 field=maximum_speed suspicious sentinel value=999 -> NULL","logger":"lta_common","filename":"lta_common.py","lineno":131}
{"timestamp":"2026-04-15T09:40:20.205568Z","level":"warning","event":"[SANITIZE] link_id=10422 field=maximum_speed suspicious sentinel value=999 -> NULL","logger":"lta_common","filename":"lta_common.py","lineno":131}
{"timestamp":"2026-04-15T09:40:20.206286Z","level":"info","event":"[CLEAN DONE] rows=500 | null_speed_band=0 | null_minimum_speed=0 | null_maximum_speed=4","logger":"lta_common","filename":"lta_common.py","lineno":226}
{"timestamp":"2026-04-15T09:40:20.207293Z","level":"info","event":"STEP 5: built cleaned snapshot dataframe rows=500","logger":"unusual_prefix_faea391ec71b1d4b4651510353e4a48d62001c31_2_refresh_traffic_speed","filename":"2_refresh_traffic_speed.py","lineno":44}
{"timestamp":"2026-04-15T09:40:20.207676Z","level":"info","event":"[LATEST PREP] rows=500 | missing_measurement_rows=0","logger":"lta_common","filename":"lta_common.py","lineno":259}
{"timestamp":"2026-04-15T09:40:20.207986Z","level":"info","event":"[UPSERT START] upserting 500 rows into traffic_speed_latest","logger":"lta_common","filename":"lta_common.py","lineno":336}
{"timestamp":"2026-04-15T09:40:20.208388Z","level":"info","event":"[UPSERT DEBUG] max_link_id=10530 | min_link_id=9669 | max_speed_band=8 | min_speed_band=1 | max_minimum_speed=70 | min_minimum_speed=0 | max_maximum_speed=69.0 | min_maximum_speed=9.0","logger":"lta_common","filename":"lta_common.py","lineno":338}
{"timestamp":"2026-04-15T09:40:20.653860Z","level":"info","event":"[UPSERT DONE] upserted=500 rows into traffic_speed_latest","logger":"lta_common","filename":"lta_common.py","lineno":376}
{"timestamp":"2026-04-15T09:40:20.656387Z","level":"info","event":"[SAVE START] inserting 500 rows into traffic_speed_recent","logger":"lta_common","filename":"lta_common.py","lineno":307}
{"timestamp":"2026-04-15T09:40:21.143424Z","level":"info","event":"[SAVE DONE] inserted=500 rows into traffic_speed_recent","logger":"lta_common","filename":"lta_common.py","lineno":325}
{"timestamp":"2026-04-15T09:40:21.143865Z","level":"info","event":"STEP 6: page saved skip=6500 | pages=14 | latest_rows=7000 | recent_rows=7000","logger":"unusual_prefix_faea391ec71b1d4b4651510353e4a48d62001c31_2_refresh_traffic_speed","filename":"2_refresh_traffic_speed.py","lineno":56}
{"timestamp":"2026-04-15T09:40:21.143992Z","level":"info","event":"========== PAGE START ==========","logger":"lta_common","filename":"lta_common.py","lineno":52}
{"timestamp":"2026-04-15T09:40:21.144129Z","level":"info","event":"[FETCH] requesting rows 7000–7499","logger":"lta_common","filename":"lta_common.py","lineno":53}
{"timestamp":"2026-04-15T09:40:21.144287Z","level":"info","event":"Fetching page from LTA: skip=7000","logger":"lta_common","filename":"lta_common.py","lineno":35}
{"timestamp":"2026-04-15T09:40:21.532297Z","level":"info","event":"Retrieved 500 rows from LTA at skip=7000","logger":"lta_common","filename":"lta_common.py","lineno":43}
{"timestamp":"2026-04-15T09:41:33.924168Z","level":"info","event":"DAG bundles loaded: dags-folder","logger":"airflow.dag_processing.bundles.manager.DagBundlesManager","filename":"manager.py","lineno":179}
{"timestamp":"2026-04-15T09:41:33.924646Z","level":"info","event":"Filling up the DagBag from /opt/airflow/dags/2_refresh_traffic_speed.py","logger":"airflow.models.dagbag.BundleDagBag","filename":"dagbag.py","lineno":593}
{"timestamp":"2026-04-15T09:41:34.159119Z","level":"info","event":"STEP 1: start refresh_traffic_speed","logger":"unusual_prefix_faea391ec71b1d4b4651510353e4a48d62001c31_2_refresh_traffic_speed","filename":"2_refresh_traffic_speed.py","lineno":29}
{"timestamp":"2026-04-15T09:41:35.005812Z","level":"info","event":"STEP 2: connected to Supabase","logger":"unusual_prefix_faea391ec71b1d4b4651510353e4a48d62001c31_2_refresh_traffic_speed","filename":"2_refresh_traffic_speed.py","lineno":31}
{"timestamp":"2026-04-15T09:41:35.008546Z","level":"info","event":"STEP 3: snapshot timestamp = 2026-04-15 09:41:35.006206+00:00","logger":"unusual_prefix_faea391ec71b1d4b4651510353e4a48d62001c31_2_refresh_traffic_speed","filename":"2_refresh_traffic_speed.py","lineno":34}
{"timestamp":"2026-04-15T09:41:35.008831Z","level":"info","event":"========== PAGE START ==========","logger":"lta_common","filename":"lta_common.py","lineno":52}
{"timestamp":"2026-04-15T09:41:35.009026Z","level":"info","event":"[FETCH] requesting rows 0–499","logger":"lta_common","filename":"lta_common.py","lineno":53}
{"timestamp":"2026-04-15T09:41:35.010137Z","level":"info","event":"Fetching page from LTA: skip=0","logger":"lta_common","filename":"lta_common.py","lineno":35}
{"timestamp":"2026-04-15T09:41:35.490521Z","level":"info","event":"Retrieved 500 rows from LTA at skip=0","logger":"lta_common","filename":"lta_common.py","lineno":43}
{"timestamp":"2026-04-15T09:41:35.497721Z","level":"info","event":"[FETCH DONE] retrieved=500 rows at skip=0","logger":"lta_common","filename":"lta_common.py","lineno":58}
{"timestamp":"2026-04-15T09:41:35.498246Z","level":"info","event":"STEP 4: processing page skip=0 rows=500","logger":"unusual_prefix_faea391ec71b1d4b4651510353e4a48d62001c31_2_refresh_traffic_speed","filename":"2_refresh_traffic_speed.py","lineno":41}
{"timestamp":"2026-04-15T09:41:35.521258Z","level":"info","event":"[CLEAN DONE] rows=500 | null_speed_band=0 | null_minimum_speed=0 | null_maximum_speed=0","logger":"lta_common","filename":"lta_common.py","lineno":237}
{"timestamp":"2026-04-15T09:41:35.523214Z","level":"info","event":"STEP 5: built cleaned snapshot dataframe rows=500","logger":"unusual_prefix_faea391ec71b1d4b4651510353e4a48d62001c31_2_refresh_traffic_speed","filename":"2_refresh_traffic_speed.py","lineno":44}
{"timestamp":"2026-04-15T09:41:35.523880Z","level":"info","event":"[LATEST PREP] rows=500 | missing_measurement_rows=0","logger":"lta_common","filename":"lta_common.py","lineno":270}
{"timestamp":"2026-04-15T09:41:35.524324Z","level":"info","event":"[UPSERT START] upserting 500 rows into traffic_speed_latest","logger":"lta_common","filename":"lta_common.py","lineno":347}
{"timestamp":"2026-04-15T09:41:35.524836Z","level":"info","event":"[UPSERT DEBUG] max_link_id=719 | min_link_id=2 | max_speed_band=7 | min_speed_band=1 | max_minimum_speed=60 | min_minimum_speed=0 | max_maximum_speed=69 | min_maximum_speed=9","logger":"lta_common","filename":"lta_common.py","lineno":349}
{"timestamp":"2026-04-15T09:41:36.013356Z","level":"info","event":"[UPSERT DONE] upserted=500 rows into traffic_speed_latest","logger":"lta_common","filename":"lta_common.py","lineno":387}
{"timestamp":"2026-04-15T09:41:36.016268Z","level":"info","event":"[SAVE START] inserting 500 rows into traffic_speed_recent","logger":"lta_common","filename":"lta_common.py","lineno":318}
{"timestamp":"2026-04-15T09:41:36.396320Z","level":"info","event":"[SAVE DONE] inserted=500 rows into traffic_speed_recent","logger":"lta_common","filename":"lta_common.py","lineno":336}
{"timestamp":"2026-04-15T09:41:36.397199Z","level":"info","event":"STEP 6: page saved skip=0 | pages=1 | latest_rows=500 | recent_rows=500","logger":"unusual_prefix_faea391ec71b1d4b4651510353e4a48d62001c31_2_refresh_traffic_speed","filename":"2_refresh_traffic_speed.py","lineno":56}
{"timestamp":"2026-04-15T09:41:36.397377Z","level":"info","event":"========== PAGE START ==========","logger":"lta_common","filename":"lta_common.py","lineno":52}
{"timestamp":"2026-04-15T09:41:36.397441Z","level":"info","event":"[FETCH] requesting rows 500–999","logger":"lta_common","filename":"lta_common.py","lineno":53}
{"timestamp":"2026-04-15T09:41:36.397554Z","level":"info","event":"Fetching page from LTA: skip=500","logger":"lta_common","filename":"lta_common.py","lineno":35}
{"timestamp":"2026-04-15T09:41:36.768265Z","level":"info","event":"Retrieved 500 rows from LTA at skip=500","logger":"lta_common","filename":"lta_common.py","lineno":43}
{"timestamp":"2026-04-15T09:41:36.773066Z","level":"info","event":"[FETCH DONE] retrieved=500 rows at skip=500","logger":"lta_common","filename":"lta_common.py","lineno":58}
{"timestamp":"2026-04-15T09:41:36.773828Z","level":"info","event":"STEP 4: processing page skip=500 rows=500","logger":"unusual_prefix_faea391ec71b1d4b4651510353e4a48d62001c31_2_refresh_traffic_speed","filename":"2_refresh_traffic_speed.py","lineno":41}
{"timestamp":"2026-04-15T09:41:36.790633Z","level":"info","event":"[CLEAN DONE] rows=500 | null_speed_band=0 | null_minimum_speed=0 | null_maximum_speed=0","logger":"lta_common","filename":"lta_common.py","lineno":237}
{"timestamp":"2026-04-15T09:41:36.792366Z","level":"info","event":"STEP 5: built cleaned snapshot dataframe rows=500","logger":"unusual_prefix_faea391ec71b1d4b4651510353e4a48d62001c31_2_refresh_traffic_speed","filename":"2_refresh_traffic_speed.py","lineno":44}
{"timestamp":"2026-04-15T09:41:36.793213Z","level":"info","event":"[LATEST PREP] rows=500 | missing_measurement_rows=0","logger":"lta_common","filename":"lta_common.py","lineno":270}
{"timestamp":"2026-04-15T09:41:36.793567Z","level":"info","event":"[UPSERT START] upserting 500 rows into traffic_speed_latest","logger":"lta_common","filename":"lta_common.py","lineno":347}
{"timestamp":"2026-04-15T09:41:36.794022Z","level":"info","event":"[UPSERT DEBUG] max_link_id=1488 | min_link_id=720 | max_speed_band=6 | min_speed_band=1 | max_minimum_speed=50 | min_minimum_speed=0 | max_maximum_speed=59 | min_maximum_speed=9","logger":"lta_common","filename":"lta_common.py","lineno":349}
{"timestamp":"2026-04-15T09:41:37.191504Z","level":"info","event":"[UPSERT DONE] upserted=500 rows into traffic_speed_latest","logger":"lta_common","filename":"lta_common.py","lineno":387}
{"timestamp":"2026-04-15T09:41:37.191890Z","level":"info","event":"[SAVE START] inserting 500 rows into traffic_speed_recent","logger":"lta_common","filename":"lta_common.py","lineno":318}
{"timestamp":"2026-04-15T09:41:37.614503Z","level":"info","event":"[SAVE DONE] inserted=500 rows into traffic_speed_recent","logger":"lta_common","filename":"lta_common.py","lineno":336}
{"timestamp":"2026-04-15T09:41:37.614826Z","level":"info","event":"STEP 6: page saved skip=500 | pages=2 | latest_rows=1000 | recent_rows=1000","logger":"unusual_prefix_faea391ec71b1d4b4651510353e4a48d62001c31_2_refresh_traffic_speed","filename":"2_refresh_traffic_speed.py","lineno":56}
{"timestamp":"2026-04-15T09:41:37.615297Z","level":"info","event":"========== PAGE START ==========","logger":"lta_common","filename":"lta_common.py","lineno":52}
{"timestamp":"2026-04-15T09:41:37.615411Z","level":"info","event":"[FETCH] requesting rows 1000–1499","logger":"lta_common","filename":"lta_common.py","lineno":53}
{"timestamp":"2026-04-15T09:41:37.615513Z","level":"info","event":"Fetching page from LTA: skip=1000","logger":"lta_common","filename":"lta_common.py","lineno":35}
{"timestamp":"2026-04-15T09:41:38.023817Z","level":"info","event":"Retrieved 500 rows from LTA at skip=1000","logger":"lta_common","filename":"lta_common.py","lineno":43}
{"timestamp":"2026-04-15T09:41:38.025309Z","level":"info","event":"[FETCH DONE] retrieved=500 rows at skip=1000","logger":"lta_common","filename":"lta_common.py","lineno":58}
{"timestamp":"2026-04-15T09:41:38.025423Z","level":"info","event":"STEP 4: processing page skip=1000 rows=500","logger":"unusual_prefix_faea391ec71b1d4b4651510353e4a48d62001c31_2_refresh_traffic_speed","filename":"2_refresh_traffic_speed.py","lineno":41}
{"timestamp":"2026-04-15T09:41:38.034284Z","level":"info","event":"[CLEAN DONE] rows=500 | null_speed_band=0 | null_minimum_speed=0 | null_maximum_speed=0","logger":"lta_common","filename":"lta_common.py","lineno":237}
{"timestamp":"2026-04-15T09:41:38.035199Z","level":"info","event":"STEP 5: built cleaned snapshot dataframe rows=500","logger":"unusual_prefix_faea391ec71b1d4b4651510353e4a48d62001c31_2_refresh_traffic_speed","filename":"2_refresh_traffic_speed.py","lineno":44}
{"timestamp":"2026-04-15T09:41:38.035561Z","level":"info","event":"[LATEST PREP] rows=500 | missing_measurement_rows=0","logger":"lta_common","filename":"lta_common.py","lineno":270}
{"timestamp":"2026-04-15T09:41:38.035804Z","level":"info","event":"[UPSERT START] upserting 500 rows into traffic_speed_latest","logger":"lta_common","filename":"lta_common.py","lineno":347}
{"timestamp":"2026-04-15T09:41:38.036129Z","level":"info","event":"[UPSERT DEBUG] max_link_id=2215 | min_link_id=1492 | max_speed_band=7 | min_speed_band=1 | max_minimum_speed=60 | min_minimum_speed=0 | max_maximum_speed=69 | min_maximum_speed=9","logger":"lta_common","filename":"lta_common.py","lineno":349}
{"timestamp":"2026-04-15T09:41:38.995754Z","level":"info","event":"[UPSERT DONE] upserted=500 rows into traffic_speed_latest","logger":"lta_common","filename":"lta_common.py","lineno":387}
{"timestamp":"2026-04-15T09:41:38.996402Z","level":"info","event":"[SAVE START] inserting 500 rows into traffic_speed_recent","logger":"lta_common","filename":"lta_common.py","lineno":318}
{"timestamp":"2026-04-15T09:41:39.586284Z","level":"info","event":"[SAVE DONE] inserted=500 rows into traffic_speed_recent","logger":"lta_common","filename":"lta_common.py","lineno":336}
{"timestamp":"2026-04-15T09:41:39.586400Z","level":"info","event":"STEP 6: page saved skip=1000 | pages=3 | latest_rows=1500 | recent_rows=1500","logger":"unusual_prefix_faea391ec71b1d4b4651510353e4a48d62001c31_2_refresh_traffic_speed","filename":"2_refresh_traffic_speed.py","lineno":56}
{"timestamp":"2026-04-15T09:41:39.586431Z","level":"info","event":"========== PAGE START ==========","logger":"lta_common","filename":"lta_common.py","lineno":52}
{"timestamp":"2026-04-15T09:41:39.586454Z","level":"info","event":"[FETCH] requesting rows 1500–1999","logger":"lta_common","filename":"lta_common.py","lineno":53}
{"timestamp":"2026-04-15T09:41:39.586485Z","level":"info","event":"Fetching page from LTA: skip=1500","logger":"lta_common","filename":"lta_common.py","lineno":35}
{"timestamp":"2026-04-15T09:41:39.983752Z","level":"info","event":"Retrieved 500 rows from LTA at skip=1500","logger":"lta_common","filename":"lta_common.py","lineno":43}
{"timestamp":"2026-04-15T09:41:39.985465Z","level":"info","event":"[FETCH DONE] retrieved=500 rows at skip=1500","logger":"lta_common","filename":"lta_common.py","lineno":58}
{"timestamp":"2026-04-15T09:41:39.985595Z","level":"info","event":"STEP 4: processing page skip=1500 rows=500","logger":"unusual_prefix_faea391ec71b1d4b4651510353e4a48d62001c31_2_refresh_traffic_speed","filename":"2_refresh_traffic_speed.py","lineno":41}
{"timestamp":"2026-04-15T09:41:39.993738Z","level":"info","event":"[CLEAN DONE] rows=500 | null_speed_band=0 | null_minimum_speed=0 | null_maximum_speed=0","logger":"lta_common","filename":"lta_common.py","lineno":237}
{"timestamp":"2026-04-15T09:41:39.994647Z","level":"info","event":"STEP 5: built cleaned snapshot dataframe rows=500","logger":"unusual_prefix_faea391ec71b1d4b4651510353e4a48d62001c31_2_refresh_traffic_speed","filename":"2_refresh_traffic_speed.py","lineno":44}
{"timestamp":"2026-04-15T09:41:39.995009Z","level":"info","event":"[LATEST PREP] rows=500 | missing_measurement_rows=0","logger":"lta_common","filename":"lta_common.py","lineno":270}
{"timestamp":"2026-04-15T09:41:39.995246Z","level":"info","event":"[UPSERT START] upserting 500 rows into traffic_speed_latest","logger":"lta_common","filename":"lta_common.py","lineno":347}
{"timestamp":"2026-04-15T09:41:39.995545Z","level":"info","event":"[UPSERT DEBUG] max_link_id=3055 | min_link_id=2216 | max_speed_band=6 | min_speed_band=1 | max_minimum_speed=50 | min_minimum_speed=0 | max_maximum_speed=59 | min_maximum_speed=9","logger":"lta_common","filename":"lta_common.py","lineno":349}
{"timestamp":"2026-04-15T09:41:40.534802Z","level":"info","event":"[UPSERT DONE] upserted=500 rows into traffic_speed_latest","logger":"lta_common","filename":"lta_common.py","lineno":387}
{"timestamp":"2026-04-15T09:41:40.537140Z","level":"info","event":"[SAVE START] inserting 500 rows into traffic_speed_recent","logger":"lta_common","filename":"lta_common.py","lineno":318}
{"timestamp":"2026-04-15T09:41:41.031433Z","level":"info","event":"[SAVE DONE] inserted=500 rows into traffic_speed_recent","logger":"lta_common","filename":"lta_common.py","lineno":336}
{"timestamp":"2026-04-15T09:41:41.032205Z","level":"info","event":"STEP 6: page saved skip=1500 | pages=4 | latest_rows=2000 | recent_rows=2000","logger":"unusual_prefix_faea391ec71b1d4b4651510353e4a48d62001c31_2_refresh_traffic_speed","filename":"2_refresh_traffic_speed.py","lineno":56}
{"timestamp":"2026-04-15T09:41:41.032352Z","level":"info","event":"========== PAGE START ==========","logger":"lta_common","filename":"lta_common.py","lineno":52}
{"timestamp":"2026-04-15T09:41:41.032440Z","level":"info","event":"[FETCH] requesting rows 2000–2499","logger":"lta_common","filename":"lta_common.py","lineno":53}
{"timestamp":"2026-04-15T09:41:41.032565Z","level":"info","event":"Fetching page from LTA: skip=2000","logger":"lta_common","filename":"lta_common.py","lineno":35}
{"timestamp":"2026-04-15T09:41:41.471677Z","level":"info","event":"Retrieved 500 rows from LTA at skip=2000","logger":"lta_common","filename":"lta_common.py","lineno":43}
{"timestamp":"2026-04-15T09:41:41.478540Z","level":"info","event":"[FETCH DONE] retrieved=500 rows at skip=2000","logger":"lta_common","filename":"lta_common.py","lineno":58}
{"timestamp":"2026-04-15T09:41:41.479800Z","level":"info","event":"STEP 4: processing page skip=2000 rows=500","logger":"unusual_prefix_faea391ec71b1d4b4651510353e4a48d62001c31_2_refresh_traffic_speed","filename":"2_refresh_traffic_speed.py","lineno":41}
{"timestamp":"2026-04-15T09:41:41.497520Z","level":"info","event":"[CLEAN DONE] rows=500 | null_speed_band=0 | null_minimum_speed=0 | null_maximum_speed=0","logger":"lta_common","filename":"lta_common.py","lineno":237}
{"timestamp":"2026-04-15T09:41:41.499252Z","level":"info","event":"STEP 5: built cleaned snapshot dataframe rows=500","logger":"unusual_prefix_faea391ec71b1d4b4651510353e4a48d62001c31_2_refresh_traffic_speed","filename":"2_refresh_traffic_speed.py","lineno":44}
{"timestamp":"2026-04-15T09:41:41.499967Z","level":"info","event":"[LATEST PREP] rows=500 | missing_measurement_rows=0","logger":"lta_common","filename":"lta_common.py","lineno":270}
{"timestamp":"2026-04-15T09:41:41.500452Z","level":"info","event":"[UPSERT START] upserting 500 rows into traffic_speed_latest","logger":"lta_common","filename":"lta_common.py","lineno":347}
{"timestamp":"2026-04-15T09:41:41.500919Z","level":"info","event":"[UPSERT DEBUG] max_link_id=4015 | min_link_id=3059 | max_speed_band=7 | min_speed_band=1 | max_minimum_speed=60 | min_minimum_speed=0 | max_maximum_speed=69 | min_maximum_speed=9","logger":"lta_common","filename":"lta_common.py","lineno":349}
{"timestamp":"2026-04-15T09:41:42.013761Z","level":"info","event":"[UPSERT DONE] upserted=500 rows into traffic_speed_latest","logger":"lta_common","filename":"lta_common.py","lineno":387}
{"timestamp":"2026-04-15T09:41:42.015404Z","level":"info","event":"[SAVE START] inserting 500 rows into traffic_speed_recent","logger":"lta_common","filename":"lta_common.py","lineno":318}
{"timestamp":"2026-04-15T09:41:42.473085Z","level":"info","event":"[SAVE DONE] inserted=500 rows into traffic_speed_recent","logger":"lta_common","filename":"lta_common.py","lineno":336}
{"timestamp":"2026-04-15T09:41:42.474206Z","level":"info","event":"STEP 6: page saved skip=2000 | pages=5 | latest_rows=2500 | recent_rows=2500","logger":"unusual_prefix_faea391ec71b1d4b4651510353e4a48d62001c31_2_refresh_traffic_speed","filename":"2_refresh_traffic_speed.py","lineno":56}
{"timestamp":"2026-04-15T09:41:42.474673Z","level":"info","event":"========== PAGE START ==========","logger":"lta_common","filename":"lta_common.py","lineno":52}
{"timestamp":"2026-04-15T09:41:42.475183Z","level":"info","event":"[FETCH] requesting rows 2500–2999","logger":"lta_common","filename":"lta_common.py","lineno":53}
{"timestamp":"2026-04-15T09:41:42.475373Z","level":"info","event":"Fetching page from LTA: skip=2500","logger":"lta_common","filename":"lta_common.py","lineno":35}
{"timestamp":"2026-04-15T09:41:42.878262Z","level":"info","event":"Retrieved 500 rows from LTA at skip=2500","logger":"lta_common","filename":"lta_common.py","lineno":43}
{"timestamp":"2026-04-15T09:41:42.881342Z","level":"info","event":"[FETCH DONE] retrieved=500 rows at skip=2500","logger":"lta_common","filename":"lta_common.py","lineno":58}
{"timestamp":"2026-04-15T09:41:42.881887Z","level":"info","event":"STEP 4: processing page skip=2500 rows=500","logger":"unusual_prefix_faea391ec71b1d4b4651510353e4a48d62001c31_2_refresh_traffic_speed","filename":"2_refresh_traffic_speed.py","lineno":41}
{"timestamp":"2026-04-15T09:41:42.894983Z","level":"warning","event":"[SANITIZE] link_id=4115 field=maximum_speed suspicious sentinel value=999 -> NULL","logger":"lta_common","filename":"lta_common.py","lineno":142}
{"timestamp":"2026-04-15T09:41:42.897613Z","level":"info","event":"[CLEAN DONE] rows=500 | null_speed_band=0 | null_minimum_speed=0 | null_maximum_speed=1","logger":"lta_common","filename":"lta_common.py","lineno":237}
{"timestamp":"2026-04-15T09:41:42.898952Z","level":"info","event":"STEP 5: built cleaned snapshot dataframe rows=500","logger":"unusual_prefix_faea391ec71b1d4b4651510353e4a48d62001c31_2_refresh_traffic_speed","filename":"2_refresh_traffic_speed.py","lineno":44}
{"timestamp":"2026-04-15T09:41:42.899417Z","level":"info","event":"[LATEST PREP] rows=500 | missing_measurement_rows=0","logger":"lta_common","filename":"lta_common.py","lineno":270}
{"timestamp":"2026-04-15T09:41:42.899778Z","level":"info","event":"[UPSERT START] upserting 500 rows into traffic_speed_latest","logger":"lta_common","filename":"lta_common.py","lineno":347}
{"timestamp":"2026-04-15T09:41:42.900317Z","level":"info","event":"[UPSERT DEBUG] max_link_id=5041 | min_link_id=4016 | max_speed_band=8 | min_speed_band=1 | max_minimum_speed=70 | min_minimum_speed=0 | max_maximum_speed=69.0 | min_maximum_speed=9.0","logger":"lta_common","filename":"lta_common.py","lineno":349}
{"timestamp":"2026-04-15T09:41:43.436109Z","level":"info","event":"[UPSERT DONE] upserted=500 rows into traffic_speed_latest","logger":"lta_common","filename":"lta_common.py","lineno":387}
{"timestamp":"2026-04-15T09:41:43.436529Z","level":"info","event":"[SAVE START] inserting 500 rows into traffic_speed_recent","logger":"lta_common","filename":"lta_common.py","lineno":318}
{"timestamp":"2026-04-15T09:41:44.265119Z","level":"info","event":"[SAVE DONE] inserted=500 rows into traffic_speed_recent","logger":"lta_common","filename":"lta_common.py","lineno":336}
{"timestamp":"2026-04-15T09:41:44.265263Z","level":"info","event":"STEP 6: page saved skip=2500 | pages=6 | latest_rows=3000 | recent_rows=3000","logger":"unusual_prefix_faea391ec71b1d4b4651510353e4a48d62001c31_2_refresh_traffic_speed","filename":"2_refresh_traffic_speed.py","lineno":56}
{"timestamp":"2026-04-15T09:41:44.265311Z","level":"info","event":"========== PAGE START ==========","logger":"lta_common","filename":"lta_common.py","lineno":52}
{"timestamp":"2026-04-15T09:41:44.265338Z","level":"info","event":"[FETCH] requesting rows 3000–3499","logger":"lta_common","filename":"lta_common.py","lineno":53}
{"timestamp":"2026-04-15T09:41:44.265380Z","level":"info","event":"Fetching page from LTA: skip=3000","logger":"lta_common","filename":"lta_common.py","lineno":35}
{"timestamp":"2026-04-15T09:41:44.639575Z","level":"info","event":"Retrieved 500 rows from LTA at skip=3000","logger":"lta_common","filename":"lta_common.py","lineno":43}
{"timestamp":"2026-04-15T09:41:44.641373Z","level":"info","event":"[FETCH DONE] retrieved=500 rows at skip=3000","logger":"lta_common","filename":"lta_common.py","lineno":58}
{"timestamp":"2026-04-15T09:41:44.641683Z","level":"info","event":"STEP 4: processing page skip=3000 rows=500","logger":"unusual_prefix_faea391ec71b1d4b4651510353e4a48d62001c31_2_refresh_traffic_speed","filename":"2_refresh_traffic_speed.py","lineno":41}
{"timestamp":"2026-04-15T09:41:44.650794Z","level":"warning","event":"[SANITIZE] link_id=5081 field=maximum_speed suspicious sentinel value=999 -> NULL","logger":"lta_common","filename":"lta_common.py","lineno":142}
{"timestamp":"2026-04-15T09:41:44.654510Z","level":"info","event":"[CLEAN DONE] rows=500 | null_speed_band=0 | null_minimum_speed=0 | null_maximum_speed=1","logger":"lta_common","filename":"lta_common.py","lineno":237}
{"timestamp":"2026-04-15T09:41:44.655609Z","level":"info","event":"STEP 5: built cleaned snapshot dataframe rows=500","logger":"unusual_prefix_faea391ec71b1d4b4651510353e4a48d62001c31_2_refresh_traffic_speed","filename":"2_refresh_traffic_speed.py","lineno":44}
{"timestamp":"2026-04-15T09:41:44.655989Z","level":"info","event":"[LATEST PREP] rows=500 | missing_measurement_rows=0","logger":"lta_common","filename":"lta_common.py","lineno":270}
{"timestamp":"2026-04-15T09:41:44.656233Z","level":"info","event":"[UPSERT START] upserting 500 rows into traffic_speed_latest","logger":"lta_common","filename":"lta_common.py","lineno":347}
{"timestamp":"2026-04-15T09:41:44.656503Z","level":"info","event":"[UPSERT DEBUG] max_link_id=5569 | min_link_id=5042 | max_speed_band=8 | min_speed_band=1 | max_minimum_speed=70 | min_minimum_speed=0 | max_maximum_speed=69.0 | min_maximum_speed=9.0","logger":"lta_common","filename":"lta_common.py","lineno":349}
{"timestamp":"2026-04-15T09:41:45.115826Z","level":"info","event":"[UPSERT DONE] upserted=500 rows into traffic_speed_latest","logger":"lta_common","filename":"lta_common.py","lineno":387}
{"timestamp":"2026-04-15T09:41:45.117039Z","level":"info","event":"[SAVE START] inserting 500 rows into traffic_speed_recent","logger":"lta_common","filename":"lta_common.py","lineno":318}
{"timestamp":"2026-04-15T09:41:45.556755Z","level":"info","event":"[SAVE DONE] inserted=500 rows into traffic_speed_recent","logger":"lta_common","filename":"lta_common.py","lineno":336}
{"timestamp":"2026-04-15T09:41:45.557210Z","level":"info","event":"STEP 6: page saved skip=3000 | pages=7 | latest_rows=3500 | recent_rows=3500","logger":"unusual_prefix_faea391ec71b1d4b4651510353e4a48d62001c31_2_refresh_traffic_speed","filename":"2_refresh_traffic_speed.py","lineno":56}
{"timestamp":"2026-04-15T09:41:45.557345Z","level":"info","event":"========== PAGE START ==========","logger":"lta_common","filename":"lta_common.py","lineno":52}
{"timestamp":"2026-04-15T09:41:45.557421Z","level":"info","event":"[FETCH] requesting rows 3500–3999","logger":"lta_common","filename":"lta_common.py","lineno":53}
{"timestamp":"2026-04-15T09:41:45.557530Z","level":"info","event":"Fetching page from LTA: skip=3500","logger":"lta_common","filename":"lta_common.py","lineno":35}
{"timestamp":"2026-04-15T09:41:45.960148Z","level":"info","event":"Retrieved 500 rows from LTA at skip=3500","logger":"lta_common","filename":"lta_common.py","lineno":43}
{"timestamp":"2026-04-15T09:41:45.965128Z","level":"info","event":"[FETCH DONE] retrieved=500 rows at skip=3500","logger":"lta_common","filename":"lta_common.py","lineno":58}
{"timestamp":"2026-04-15T09:41:45.966100Z","level":"info","event":"STEP 4: processing page skip=3500 rows=500","logger":"unusual_prefix_faea391ec71b1d4b4651510353e4a48d62001c31_2_refresh_traffic_speed","filename":"2_refresh_traffic_speed.py","lineno":41}
{"timestamp":"2026-04-15T09:41:45.982720Z","level":"warning","event":"[SANITIZE] link_id=5701 field=maximum_speed suspicious sentinel value=999 -> NULL","logger":"lta_common","filename":"lta_common.py","lineno":142}
{"timestamp":"2026-04-15T09:41:45.982884Z","level":"warning","event":"[SANITIZE] link_id=5706 field=maximum_speed suspicious sentinel value=999 -> NULL","logger":"lta_common","filename":"lta_common.py","lineno":142}
{"timestamp":"2026-04-15T09:41:45.983217Z","level":"warning","event":"[SANITIZE] link_id=5757 field=maximum_speed suspicious sentinel value=999 -> NULL","logger":"lta_common","filename":"lta_common.py","lineno":142}
{"timestamp":"2026-04-15T09:41:45.985507Z","level":"info","event":"[CLEAN DONE] rows=500 | null_speed_band=0 | null_minimum_speed=0 | null_maximum_speed=3","logger":"lta_common","filename":"lta_common.py","lineno":237}
{"timestamp":"2026-04-15T09:41:45.987000Z","level":"info","event":"STEP 5: built cleaned snapshot dataframe rows=500","logger":"unusual_prefix_faea391ec71b1d4b4651510353e4a48d62001c31_2_refresh_traffic_speed","filename":"2_refresh_traffic_speed.py","lineno":44}
{"timestamp":"2026-04-15T09:41:45.987544Z","level":"info","event":"[LATEST PREP] rows=500 | missing_measurement_rows=0","logger":"lta_common","filename":"lta_common.py","lineno":270}
{"timestamp":"2026-04-15T09:41:45.987935Z","level":"info","event":"[UPSERT START] upserting 500 rows into traffic_speed_latest","logger":"lta_common","filename":"lta_common.py","lineno":347}
{"timestamp":"2026-04-15T09:41:45.988382Z","level":"info","event":"[UPSERT DEBUG] max_link_id=6101 | min_link_id=5570 | max_speed_band=8 | min_speed_band=1 | max_minimum_speed=70 | min_minimum_speed=0 | max_maximum_speed=69.0 | min_maximum_speed=9.0","logger":"lta_common","filename":"lta_common.py","lineno":349}
{"timestamp":"2026-04-15T09:41:46.458881Z","level":"info","event":"[UPSERT DONE] upserted=500 rows into traffic_speed_latest","logger":"lta_common","filename":"lta_common.py","lineno":387}
{"timestamp":"2026-04-15T09:41:46.461130Z","level":"info","event":"[SAVE START] inserting 500 rows into traffic_speed_recent","logger":"lta_common","filename":"lta_common.py","lineno":318}
{"timestamp":"2026-04-15T09:41:46.943213Z","level":"info","event":"[SAVE DONE] inserted=500 rows into traffic_speed_recent","logger":"lta_common","filename":"lta_common.py","lineno":336}
{"timestamp":"2026-04-15T09:41:46.943391Z","level":"info","event":"STEP 6: page saved skip=3500 | pages=8 | latest_rows=4000 | recent_rows=4000","logger":"unusual_prefix_faea391ec71b1d4b4651510353e4a48d62001c31_2_refresh_traffic_speed","filename":"2_refresh_traffic_speed.py","lineno":56}
{"timestamp":"2026-04-15T09:41:46.943453Z","level":"info","event":"========== PAGE START ==========","logger":"lta_common","filename":"lta_common.py","lineno":52}
{"timestamp":"2026-04-15T09:41:46.943500Z","level":"info","event":"[FETCH] requesting rows 4000–4499","logger":"lta_common","filename":"lta_common.py","lineno":53}
{"timestamp":"2026-04-15T09:41:46.943556Z","level":"info","event":"Fetching page from LTA: skip=4000","logger":"lta_common","filename":"lta_common.py","lineno":35}
{"timestamp":"2026-04-15T09:41:47.341250Z","level":"info","event":"Retrieved 500 rows from LTA at skip=4000","logger":"lta_common","filename":"lta_common.py","lineno":43}
{"timestamp":"2026-04-15T09:41:47.345212Z","level":"info","event":"[FETCH DONE] retrieved=500 rows at skip=4000","logger":"lta_common","filename":"lta_common.py","lineno":58}
{"timestamp":"2026-04-15T09:41:47.346019Z","level":"info","event":"STEP 4: processing page skip=4000 rows=500","logger":"unusual_prefix_faea391ec71b1d4b4651510353e4a48d62001c31_2_refresh_traffic_speed","filename":"2_refresh_traffic_speed.py","lineno":41}
{"timestamp":"2026-04-15T09:41:47.360308Z","level":"warning","event":"[SANITIZE] link_id=6545 field=maximum_speed suspicious sentinel value=999 -> NULL","logger":"lta_common","filename":"lta_common.py","lineno":142}
{"timestamp":"2026-04-15T09:41:47.361054Z","level":"warning","event":"[SANITIZE] link_id=6673 field=maximum_speed suspicious sentinel value=999 -> NULL","logger":"lta_common","filename":"lta_common.py","lineno":142}
{"timestamp":"2026-04-15T09:41:47.361836Z","level":"info","event":"[CLEAN DONE] rows=500 | null_speed_band=0 | null_minimum_speed=0 | null_maximum_speed=2","logger":"lta_common","filename":"lta_common.py","lineno":237}
{"timestamp":"2026-04-15T09:41:47.363174Z","level":"info","event":"STEP 5: built cleaned snapshot dataframe rows=500","logger":"unusual_prefix_faea391ec71b1d4b4651510353e4a48d62001c31_2_refresh_traffic_speed","filename":"2_refresh_traffic_speed.py","lineno":44}
{"timestamp":"2026-04-15T09:41:47.363784Z","level":"info","event":"[LATEST PREP] rows=500 | missing_measurement_rows=0","logger":"lta_common","filename":"lta_common.py","lineno":270}
{"timestamp":"2026-04-15T09:41:47.364240Z","level":"info","event":"[UPSERT START] upserting 500 rows into traffic_speed_latest","logger":"lta_common","filename":"lta_common.py","lineno":347}
{"timestamp":"2026-04-15T09:41:47.364694Z","level":"info","event":"[UPSERT DEBUG] max_link_id=6694 | min_link_id=6102 | max_speed_band=8 | min_speed_band=1 | max_minimum_speed=70 | min_minimum_speed=0 | max_maximum_speed=69.0 | min_maximum_speed=9.0","logger":"lta_common","filename":"lta_common.py","lineno":349}
{"timestamp":"2026-04-15T09:41:47.854914Z","level":"info","event":"[UPSERT DONE] upserted=500 rows into traffic_speed_latest","logger":"lta_common","filename":"lta_common.py","lineno":387}
{"timestamp":"2026-04-15T09:41:47.857814Z","level":"info","event":"[SAVE START] inserting 500 rows into traffic_speed_recent","logger":"lta_common","filename":"lta_common.py","lineno":318}
{"timestamp":"2026-04-15T09:41:48.307467Z","level":"info","event":"[SAVE DONE] inserted=500 rows into traffic_speed_recent","logger":"lta_common","filename":"lta_common.py","lineno":336}
{"timestamp":"2026-04-15T09:41:48.307564Z","level":"info","event":"STEP 6: page saved skip=4000 | pages=9 | latest_rows=4500 | recent_rows=4500","logger":"unusual_prefix_faea391ec71b1d4b4651510353e4a48d62001c31_2_refresh_traffic_speed","filename":"2_refresh_traffic_speed.py","lineno":56}
{"timestamp":"2026-04-15T09:41:48.307617Z","level":"info","event":"========== PAGE START ==========","logger":"lta_common","filename":"lta_common.py","lineno":52}
{"timestamp":"2026-04-15T09:41:48.307649Z","level":"info","event":"[FETCH] requesting rows 4500–4999","logger":"lta_common","filename":"lta_common.py","lineno":53}
{"timestamp":"2026-04-15T09:41:48.307690Z","level":"info","event":"Fetching page from LTA: skip=4500","logger":"lta_common","filename":"lta_common.py","lineno":35}
{"timestamp":"2026-04-15T09:41:48.703203Z","level":"info","event":"Retrieved 500 rows from LTA at skip=4500","logger":"lta_common","filename":"lta_common.py","lineno":43}
{"timestamp":"2026-04-15T09:41:48.704360Z","level":"info","event":"[FETCH DONE] retrieved=500 rows at skip=4500","logger":"lta_common","filename":"lta_common.py","lineno":58}
{"timestamp":"2026-04-15T09:41:48.704541Z","level":"info","event":"STEP 4: processing page skip=4500 rows=500","logger":"unusual_prefix_faea391ec71b1d4b4651510353e4a48d62001c31_2_refresh_traffic_speed","filename":"2_refresh_traffic_speed.py","lineno":41}
{"timestamp":"2026-04-15T09:41:48.712308Z","level":"info","event":"[CLEAN DONE] rows=500 | null_speed_band=0 | null_minimum_speed=0 | null_maximum_speed=0","logger":"lta_common","filename":"lta_common.py","lineno":237}
{"timestamp":"2026-04-15T09:41:48.713065Z","level":"info","event":"STEP 5: built cleaned snapshot dataframe rows=500","logger":"unusual_prefix_faea391ec71b1d4b4651510353e4a48d62001c31_2_refresh_traffic_speed","filename":"2_refresh_traffic_speed.py","lineno":44}
{"timestamp":"2026-04-15T09:41:48.713354Z","level":"info","event":"[LATEST PREP] rows=500 | missing_measurement_rows=0","logger":"lta_common","filename":"lta_common.py","lineno":270}
{"timestamp":"2026-04-15T09:41:48.713577Z","level":"info","event":"[UPSERT START] upserting 500 rows into traffic_speed_latest","logger":"lta_common","filename":"lta_common.py","lineno":347}
{"timestamp":"2026-04-15T09:41:48.713871Z","level":"info","event":"[UPSERT DEBUG] max_link_id=7256 | min_link_id=6695 | max_speed_band=7 | min_speed_band=1 | max_minimum_speed=60 | min_minimum_speed=0 | max_maximum_speed=69 | min_maximum_speed=9","logger":"lta_common","filename":"lta_common.py","lineno":349}
{"timestamp":"2026-04-15T09:41:49.136235Z","level":"info","event":"[UPSERT DONE] upserted=500 rows into traffic_speed_latest","logger":"lta_common","filename":"lta_common.py","lineno":387}
{"timestamp":"2026-04-15T09:41:49.136675Z","level":"info","event":"[SAVE START] inserting 500 rows into traffic_speed_recent","logger":"lta_common","filename":"lta_common.py","lineno":318}
{"timestamp":"2026-04-15T09:41:49.592918Z","level":"info","event":"[SAVE DONE] inserted=500 rows into traffic_speed_recent","logger":"lta_common","filename":"lta_common.py","lineno":336}
{"timestamp":"2026-04-15T09:41:49.593150Z","level":"info","event":"STEP 6: page saved skip=4500 | pages=10 | latest_rows=5000 | recent_rows=5000","logger":"unusual_prefix_faea391ec71b1d4b4651510353e4a48d62001c31_2_refresh_traffic_speed","filename":"2_refresh_traffic_speed.py","lineno":56}
{"timestamp":"2026-04-15T09:41:49.593229Z","level":"info","event":"========== PAGE START ==========","logger":"lta_common","filename":"lta_common.py","lineno":52}
{"timestamp":"2026-04-15T09:41:49.593287Z","level":"info","event":"[FETCH] requesting rows 5000–5499","logger":"lta_common","filename":"lta_common.py","lineno":53}
{"timestamp":"2026-04-15T09:41:49.593370Z","level":"info","event":"Fetching page from LTA: skip=5000","logger":"lta_common","filename":"lta_common.py","lineno":35}
{"timestamp":"2026-04-15T09:41:50.077359Z","level":"info","event":"Retrieved 500 rows from LTA at skip=5000","logger":"lta_common","filename":"lta_common.py","lineno":43}
{"timestamp":"2026-04-15T09:41:50.081952Z","level":"info","event":"[FETCH DONE] retrieved=500 rows at skip=5000","logger":"lta_common","filename":"lta_common.py","lineno":58}
{"timestamp":"2026-04-15T09:41:50.082547Z","level":"info","event":"STEP 4: processing page skip=5000 rows=500","logger":"unusual_prefix_faea391ec71b1d4b4651510353e4a48d62001c31_2_refresh_traffic_speed","filename":"2_refresh_traffic_speed.py","lineno":41}
{"timestamp":"2026-04-15T09:41:50.098812Z","level":"info","event":"[CLEAN DONE] rows=500 | null_speed_band=0 | null_minimum_speed=0 | null_maximum_speed=0","logger":"lta_common","filename":"lta_common.py","lineno":237}
{"timestamp":"2026-04-15T09:41:50.100141Z","level":"info","event":"STEP 5: built cleaned snapshot dataframe rows=500","logger":"unusual_prefix_faea391ec71b1d4b4651510353e4a48d62001c31_2_refresh_traffic_speed","filename":"2_refresh_traffic_speed.py","lineno":44}
{"timestamp":"2026-04-15T09:41:50.100682Z","level":"info","event":"[LATEST PREP] rows=500 | missing_measurement_rows=0","logger":"lta_common","filename":"lta_common.py","lineno":270}
{"timestamp":"2026-04-15T09:41:50.101066Z","level":"info","event":"[UPSERT START] upserting 500 rows into traffic_speed_latest","logger":"lta_common","filename":"lta_common.py","lineno":347}
{"timestamp":"2026-04-15T09:41:50.101523Z","level":"info","event":"[UPSERT DEBUG] max_link_id=8130 | min_link_id=7257 | max_speed_band=7 | min_speed_band=1 | max_minimum_speed=60 | min_minimum_speed=0 | max_maximum_speed=69 | min_maximum_speed=9","logger":"lta_common","filename":"lta_common.py","lineno":349}
{"timestamp":"2026-04-15T09:41:50.595576Z","level":"info","event":"[UPSERT DONE] upserted=500 rows into traffic_speed_latest","logger":"lta_common","filename":"lta_common.py","lineno":387}
{"timestamp":"2026-04-15T09:41:50.597892Z","level":"info","event":"[SAVE START] inserting 500 rows into traffic_speed_recent","logger":"lta_common","filename":"lta_common.py","lineno":318}
{"timestamp":"2026-04-15T09:41:51.029122Z","level":"info","event":"[SAVE DONE] inserted=500 rows into traffic_speed_recent","logger":"lta_common","filename":"lta_common.py","lineno":336}
{"timestamp":"2026-04-15T09:41:51.029257Z","level":"info","event":"STEP 6: page saved skip=5000 | pages=11 | latest_rows=5500 | recent_rows=5500","logger":"unusual_prefix_faea391ec71b1d4b4651510353e4a48d62001c31_2_refresh_traffic_speed","filename":"2_refresh_traffic_speed.py","lineno":56}
{"timestamp":"2026-04-15T09:41:51.029285Z","level":"info","event":"========== PAGE START ==========","logger":"lta_common","filename":"lta_common.py","lineno":52}
{"timestamp":"2026-04-15T09:41:51.029305Z","level":"info","event":"[FETCH] requesting rows 5500–5999","logger":"lta_common","filename":"lta_common.py","lineno":53}
{"timestamp":"2026-04-15T09:41:51.029333Z","level":"info","event":"Fetching page from LTA: skip=5500","logger":"lta_common","filename":"lta_common.py","lineno":35}
{"timestamp":"2026-04-15T09:41:51.377154Z","level":"info","event":"Retrieved 500 rows from LTA at skip=5500","logger":"lta_common","filename":"lta_common.py","lineno":43}
{"timestamp":"2026-04-15T09:41:51.378267Z","level":"info","event":"[FETCH DONE] retrieved=500 rows at skip=5500","logger":"lta_common","filename":"lta_common.py","lineno":58}
{"timestamp":"2026-04-15T09:41:51.378483Z","level":"info","event":"STEP 4: processing page skip=5500 rows=500","logger":"unusual_prefix_faea391ec71b1d4b4651510353e4a48d62001c31_2_refresh_traffic_speed","filename":"2_refresh_traffic_speed.py","lineno":41}
{"timestamp":"2026-04-15T09:41:51.385311Z","level":"warning","event":"[SANITIZE] link_id=8688 field=maximum_speed suspicious sentinel value=999 -> NULL","logger":"lta_common","filename":"lta_common.py","lineno":142}
{"timestamp":"2026-04-15T09:41:51.386215Z","level":"info","event":"[CLEAN DONE] rows=500 | null_speed_band=0 | null_minimum_speed=0 | null_maximum_speed=1","logger":"lta_common","filename":"lta_common.py","lineno":237}
{"timestamp":"2026-04-15T09:41:51.387239Z","level":"info","event":"STEP 5: built cleaned snapshot dataframe rows=500","logger":"unusual_prefix_faea391ec71b1d4b4651510353e4a48d62001c31_2_refresh_traffic_speed","filename":"2_refresh_traffic_speed.py","lineno":44}
{"timestamp":"2026-04-15T09:41:51.387638Z","level":"info","event":"[LATEST PREP] rows=500 | missing_measurement_rows=0","logger":"lta_common","filename":"lta_common.py","lineno":270}
{"timestamp":"2026-04-15T09:41:51.387919Z","level":"info","event":"[UPSERT START] upserting 500 rows into traffic_speed_latest","logger":"lta_common","filename":"lta_common.py","lineno":347}
{"timestamp":"2026-04-15T09:41:51.388211Z","level":"info","event":"[UPSERT DEBUG] max_link_id=8918 | min_link_id=8131 | max_speed_band=8 | min_speed_band=1 | max_minimum_speed=70 | min_minimum_speed=0 | max_maximum_speed=69.0 | min_maximum_speed=9.0","logger":"lta_common","filename":"lta_common.py","lineno":349}
{"timestamp":"2026-04-15T09:41:51.839266Z","level":"info","event":"[UPSERT DONE] upserted=500 rows into traffic_speed_latest","logger":"lta_common","filename":"lta_common.py","lineno":387}
{"timestamp":"2026-04-15T09:41:51.839762Z","level":"info","event":"[SAVE START] inserting 500 rows into traffic_speed_recent","logger":"lta_common","filename":"lta_common.py","lineno":318}
{"timestamp":"2026-04-15T09:41:52.326625Z","level":"info","event":"[SAVE DONE] inserted=500 rows into traffic_speed_recent","logger":"lta_common","filename":"lta_common.py","lineno":336}
{"timestamp":"2026-04-15T09:41:52.326754Z","level":"info","event":"STEP 6: page saved skip=5500 | pages=12 | latest_rows=6000 | recent_rows=6000","logger":"unusual_prefix_faea391ec71b1d4b4651510353e4a48d62001c31_2_refresh_traffic_speed","filename":"2_refresh_traffic_speed.py","lineno":56}
{"timestamp":"2026-04-15T09:41:52.326794Z","level":"info","event":"========== PAGE START ==========","logger":"lta_common","filename":"lta_common.py","lineno":52}
{"timestamp":"2026-04-15T09:41:52.326824Z","level":"info","event":"[FETCH] requesting rows 6000–6499","logger":"lta_common","filename":"lta_common.py","lineno":53}
{"timestamp":"2026-04-15T09:41:52.326860Z","level":"info","event":"Fetching page from LTA: skip=6000","logger":"lta_common","filename":"lta_common.py","lineno":35}
{"timestamp":"2026-04-15T09:41:52.683815Z","level":"info","event":"Retrieved 500 rows from LTA at skip=6000","logger":"lta_common","filename":"lta_common.py","lineno":43}
{"timestamp":"2026-04-15T09:41:52.684986Z","level":"info","event":"[FETCH DONE] retrieved=500 rows at skip=6000","logger":"lta_common","filename":"lta_common.py","lineno":58}
{"timestamp":"2026-04-15T09:41:52.685082Z","level":"info","event":"STEP 4: processing page skip=6000 rows=500","logger":"unusual_prefix_faea391ec71b1d4b4651510353e4a48d62001c31_2_refresh_traffic_speed","filename":"2_refresh_traffic_speed.py","lineno":41}
{"timestamp":"2026-04-15T09:41:52.692720Z","level":"warning","event":"[SANITIZE] link_id=8972 field=maximum_speed suspicious sentinel value=999 -> NULL","logger":"lta_common","filename":"lta_common.py","lineno":142}
{"timestamp":"2026-04-15T09:41:52.694505Z","level":"info","event":"[CLEAN DONE] rows=500 | null_speed_band=0 | null_minimum_speed=0 | null_maximum_speed=1","logger":"lta_common","filename":"lta_common.py","lineno":237}
{"timestamp":"2026-04-15T09:41:52.695912Z","level":"info","event":"STEP 5: built cleaned snapshot dataframe rows=500","logger":"unusual_prefix_faea391ec71b1d4b4651510353e4a48d62001c31_2_refresh_traffic_speed","filename":"2_refresh_traffic_speed.py","lineno":44}
{"timestamp":"2026-04-15T09:41:52.696383Z","level":"info","event":"[LATEST PREP] rows=500 | missing_measurement_rows=0","logger":"lta_common","filename":"lta_common.py","lineno":270}
{"timestamp":"2026-04-15T09:41:52.696908Z","level":"info","event":"[UPSERT START] upserting 500 rows into traffic_speed_latest","logger":"lta_common","filename":"lta_common.py","lineno":347}
{"timestamp":"2026-04-15T09:41:52.697259Z","level":"info","event":"[UPSERT DEBUG] max_link_id=9667 | min_link_id=8919 | max_speed_band=8 | min_speed_band=1 | max_minimum_speed=70 | min_minimum_speed=0 | max_maximum_speed=69.0 | min_maximum_speed=9.0","logger":"lta_common","filename":"lta_common.py","lineno":349}
{"timestamp":"2026-04-15T09:41:53.206213Z","level":"info","event":"[UPSERT DONE] upserted=500 rows into traffic_speed_latest","logger":"lta_common","filename":"lta_common.py","lineno":387}
{"timestamp":"2026-04-15T09:41:53.206670Z","level":"info","event":"[SAVE START] inserting 500 rows into traffic_speed_recent","logger":"lta_common","filename":"lta_common.py","lineno":318}
{"timestamp":"2026-04-15T09:41:53.636693Z","level":"info","event":"[SAVE DONE] inserted=500 rows into traffic_speed_recent","logger":"lta_common","filename":"lta_common.py","lineno":336}
{"timestamp":"2026-04-15T09:41:53.636812Z","level":"info","event":"STEP 6: page saved skip=6000 | pages=13 | latest_rows=6500 | recent_rows=6500","logger":"unusual_prefix_faea391ec71b1d4b4651510353e4a48d62001c31_2_refresh_traffic_speed","filename":"2_refresh_traffic_speed.py","lineno":56}
{"timestamp":"2026-04-15T09:41:53.636845Z","level":"info","event":"========== PAGE START ==========","logger":"lta_common","filename":"lta_common.py","lineno":52}
{"timestamp":"2026-04-15T09:41:53.636867Z","level":"info","event":"[FETCH] requesting rows 6500–6999","logger":"lta_common","filename":"lta_common.py","lineno":53}
{"timestamp":"2026-04-15T09:41:53.636897Z","level":"info","event":"Fetching page from LTA: skip=6500","logger":"lta_common","filename":"lta_common.py","lineno":35}
{"timestamp":"2026-04-15T09:41:54.163776Z","level":"info","event":"Retrieved 500 rows from LTA at skip=6500","logger":"lta_common","filename":"lta_common.py","lineno":43}
{"timestamp":"2026-04-15T09:41:54.168939Z","level":"info","event":"[FETCH DONE] retrieved=500 rows at skip=6500","logger":"lta_common","filename":"lta_common.py","lineno":58}
{"timestamp":"2026-04-15T09:41:54.170704Z","level":"info","event":"STEP 4: processing page skip=6500 rows=500","logger":"unusual_prefix_faea391ec71b1d4b4651510353e4a48d62001c31_2_refresh_traffic_speed","filename":"2_refresh_traffic_speed.py","lineno":41}
{"timestamp":"2026-04-15T09:41:54.187991Z","level":"warning","event":"[SANITIZE] link_id=10024 field=maximum_speed suspicious sentinel value=999 -> NULL","logger":"lta_common","filename":"lta_common.py","lineno":142}
{"timestamp":"2026-04-15T09:41:54.188152Z","level":"warning","event":"[SANITIZE] link_id=10025 field=maximum_speed suspicious sentinel value=999 -> NULL","logger":"lta_common","filename":"lta_common.py","lineno":142}
{"timestamp":"2026-04-15T09:41:54.188231Z","level":"warning","event":"[SANITIZE] link_id=10029 field=maximum_speed suspicious sentinel value=999 -> NULL","logger":"lta_common","filename":"lta_common.py","lineno":142}
{"timestamp":"2026-04-15T09:41:54.189327Z","level":"warning","event":"[SANITIZE] link_id=10422 field=maximum_speed suspicious sentinel value=999 -> NULL","logger":"lta_common","filename":"lta_common.py","lineno":142}
{"timestamp":"2026-04-15T09:41:54.190424Z","level":"info","event":"[CLEAN DONE] rows=500 | null_speed_band=0 | null_minimum_speed=0 | null_maximum_speed=4","logger":"lta_common","filename":"lta_common.py","lineno":237}
{"timestamp":"2026-04-15T09:41:54.191983Z","level":"info","event":"STEP 5: built cleaned snapshot dataframe rows=500","logger":"unusual_prefix_faea391ec71b1d4b4651510353e4a48d62001c31_2_refresh_traffic_speed","filename":"2_refresh_traffic_speed.py","lineno":44}
{"timestamp":"2026-04-15T09:41:54.192506Z","level":"info","event":"[LATEST PREP] rows=500 | missing_measurement_rows=0","logger":"lta_common","filename":"lta_common.py","lineno":270}
{"timestamp":"2026-04-15T09:41:54.192931Z","level":"info","event":"[UPSERT START] upserting 500 rows into traffic_speed_latest","logger":"lta_common","filename":"lta_common.py","lineno":347}
{"timestamp":"2026-04-15T09:41:54.193377Z","level":"info","event":"[UPSERT DEBUG] max_link_id=10530 | min_link_id=9669 | max_speed_band=8 | min_speed_band=1 | max_minimum_speed=70 | min_minimum_speed=0 | max_maximum_speed=69.0 | min_maximum_speed=9.0","logger":"lta_common","filename":"lta_common.py","lineno":349}
{"timestamp":"2026-04-15T09:41:54.651986Z","level":"info","event":"[UPSERT DONE] upserted=500 rows into traffic_speed_latest","logger":"lta_common","filename":"lta_common.py","lineno":387}
{"timestamp":"2026-04-15T09:41:54.656108Z","level":"info","event":"[SAVE START] inserting 500 rows into traffic_speed_recent","logger":"lta_common","filename":"lta_common.py","lineno":318}
{"timestamp":"2026-04-15T09:41:55.115379Z","level":"info","event":"[SAVE DONE] inserted=500 rows into traffic_speed_recent","logger":"lta_common","filename":"lta_common.py","lineno":336}
{"timestamp":"2026-04-15T09:41:55.115834Z","level":"info","event":"STEP 6: page saved skip=6500 | pages=14 | latest_rows=7000 | recent_rows=7000","logger":"unusual_prefix_faea391ec71b1d4b4651510353e4a48d62001c31_2_refresh_traffic_speed","filename":"2_refresh_traffic_speed.py","lineno":56}
{"timestamp":"2026-04-15T09:41:55.115937Z","level":"info","event":"========== PAGE START ==========","logger":"lta_common","filename":"lta_common.py","lineno":52}
{"timestamp":"2026-04-15T09:41:55.116002Z","level":"info","event":"[FETCH] requesting rows 7000–7499","logger":"lta_common","filename":"lta_common.py","lineno":53}
{"timestamp":"2026-04-15T09:41:55.116089Z","level":"info","event":"Fetching page from LTA: skip=7000","logger":"lta_common","filename":"lta_common.py","lineno":35}
{"timestamp":"2026-04-15T09:41:55.663432Z","level":"info","event":"Retrieved 500 rows from LTA at skip=7000","logger":"lta_common","filename":"lta_common.py","lineno":43}
{"timestamp":"2026-04-15T09:41:55.669405Z","level":"info","event":"[FETCH DONE] retrieved=500 rows at skip=7000","logger":"lta_common","filename":"lta_common.py","lineno":58}
{"timestamp":"2026-04-15T09:41:55.670379Z","level":"info","event":"STEP 4: processing page skip=7000 rows=500","logger":"unusual_prefix_faea391ec71b1d4b4651510353e4a48d62001c31_2_refresh_traffic_speed","filename":"2_refresh_traffic_speed.py","lineno":41}
{"timestamp":"2026-04-15T09:41:55.687009Z","level":"warning","event":"[SANITIZE] link_id=10687 field=maximum_speed suspicious sentinel value=999 -> NULL","logger":"lta_common","filename":"lta_common.py","lineno":142}
{"timestamp":"2026-04-15T09:41:55.687525Z","level":"warning","event":"[SANITIZE] link_id=10716 field=maximum_speed suspicious sentinel value=999 -> NULL","logger":"lta_common","filename":"lta_common.py","lineno":142}
{"timestamp":"2026-04-15T09:41:55.688357Z","level":"warning","event":"[SANITIZE] link_id=10951 field=maximum_speed suspicious sentinel value=999 -> NULL","logger":"lta_common","filename":"lta_common.py","lineno":142}
{"timestamp":"2026-04-15T09:41:55.689604Z","level":"warning","event":"[SANITIZE] link_id=11099 field=maximum_speed suspicious sentinel value=999 -> NULL","logger":"lta_common","filename":"lta_common.py","lineno":142}
{"timestamp":"2026-04-15T09:41:55.691736Z","level":"info","event":"[CLEAN DONE] rows=500 | null_speed_band=0 | null_minimum_speed=0 | null_maximum_speed=4","logger":"lta_common","filename":"lta_common.py","lineno":237}
{"timestamp":"2026-04-15T09:41:55.695144Z","level":"info","event":"STEP 5: built cleaned snapshot dataframe rows=500","logger":"unusual_prefix_faea391ec71b1d4b4651510353e4a48d62001c31_2_refresh_traffic_speed","filename":"2_refresh_traffic_speed.py","lineno":44}
{"timestamp":"2026-04-15T09:41:55.696090Z","level":"info","event":"[LATEST PREP] rows=500 | missing_measurement_rows=0","logger":"lta_common","filename":"lta_common.py","lineno":270}
{"timestamp":"2026-04-15T09:41:55.696553Z","level":"info","event":"[UPSERT START] upserting 500 rows into traffic_speed_latest","logger":"lta_common","filename":"lta_common.py","lineno":347}
{"timestamp":"2026-04-15T09:41:55.697139Z","level":"info","event":"[UPSERT DEBUG] max_link_id=11391 | min_link_id=10531 | max_speed_band=8 | min_speed_band=1 | max_minimum_speed=70 | min_minimum_speed=0 | max_maximum_speed=69.0 | min_maximum_speed=9.0","logger":"lta_common","filename":"lta_common.py","lineno":349}
{"timestamp":"2026-04-15T09:41:56.278018Z","level":"info","event":"[UPSERT DONE] upserted=500 rows into traffic_speed_latest","logger":"lta_common","filename":"lta_common.py","lineno":387}
{"timestamp":"2026-04-15T09:41:56.280111Z","level":"info","event":"[SAVE START] inserting 500 rows into traffic_speed_recent","logger":"lta_common","filename":"lta_common.py","lineno":318}
{"timestamp":"2026-04-15T09:41:57.035677Z","level":"info","event":"[SAVE DONE] inserted=500 rows into traffic_speed_recent","logger":"lta_common","filename":"lta_common.py","lineno":336}
{"timestamp":"2026-04-15T09:41:57.035881Z","level":"info","event":"STEP 6: page saved skip=7000 | pages=15 | latest_rows=7500 | recent_rows=7500","logger":"unusual_prefix_faea391ec71b1d4b4651510353e4a48d62001c31_2_refresh_traffic_speed","filename":"2_refresh_traffic_speed.py","lineno":56}
{"timestamp":"2026-04-15T09:41:57.035932Z","level":"info","event":"========== PAGE START ==========","logger":"lta_common","filename":"lta_common.py","lineno":52}
{"timestamp":"2026-04-15T09:41:57.035957Z","level":"info","event":"[FETCH] requesting rows 7500–7999","logger":"lta_common","filename":"lta_common.py","lineno":53}
{"timestamp":"2026-04-15T09:41:57.035988Z","level":"info","event":"Fetching page from LTA: skip=7500","logger":"lta_common","filename":"lta_common.py","lineno":35}
{"timestamp":"2026-04-15T09:41:57.439371Z","level":"info","event":"Retrieved 500 rows from LTA at skip=7500","logger":"lta_common","filename":"lta_common.py","lineno":43}
{"timestamp":"2026-04-15T09:41:57.440692Z","level":"info","event":"[FETCH DONE] retrieved=500 rows at skip=7500","logger":"lta_common","filename":"lta_common.py","lineno":58}
{"timestamp":"2026-04-15T09:41:57.440850Z","level":"info","event":"STEP 4: processing page skip=7500 rows=500","logger":"unusual_prefix_faea391ec71b1d4b4651510353e4a48d62001c31_2_refresh_traffic_speed","filename":"2_refresh_traffic_speed.py","lineno":41}
{"timestamp":"2026-04-15T09:41:57.447461Z","level":"warning","event":"[SANITIZE] link_id=11673 field=maximum_speed suspicious sentinel value=999 -> NULL","logger":"lta_common","filename":"lta_common.py","lineno":142}
{"timestamp":"2026-04-15T09:41:57.447535Z","level":"warning","event":"[SANITIZE] link_id=11675 field=maximum_speed suspicious sentinel value=999 -> NULL","logger":"lta_common","filename":"lta_common.py","lineno":142}
{"timestamp":"2026-04-15T09:41:57.447589Z","level":"warning","event":"[SANITIZE] link_id=11711 field=maximum_speed suspicious sentinel value=999 -> NULL","logger":"lta_common","filename":"lta_common.py","lineno":142}
{"timestamp":"2026-04-15T09:41:57.448827Z","level":"info","event":"[CLEAN DONE] rows=500 | null_speed_band=0 | null_minimum_speed=0 | null_maximum_speed=3","logger":"lta_common","filename":"lta_common.py","lineno":237}
{"timestamp":"2026-04-15T09:41:57.449673Z","level":"info","event":"STEP 5: built cleaned snapshot dataframe rows=500","logger":"unusual_prefix_faea391ec71b1d4b4651510353e4a48d62001c31_2_refresh_traffic_speed","filename":"2_refresh_traffic_speed.py","lineno":44}
{"timestamp":"2026-04-15T09:41:57.450002Z","level":"info","event":"[LATEST PREP] rows=500 | missing_measurement_rows=0","logger":"lta_common","filename":"lta_common.py","lineno":270}
{"timestamp":"2026-04-15T09:41:57.450242Z","level":"info","event":"[UPSERT START] upserting 500 rows into traffic_speed_latest","logger":"lta_common","filename":"lta_common.py","lineno":347}
{"timestamp":"2026-04-15T09:41:57.450519Z","level":"info","event":"[UPSERT DEBUG] max_link_id=12191 | min_link_id=11394 | max_speed_band=8 | min_speed_band=1 | max_minimum_speed=70 | min_minimum_speed=0 | max_maximum_speed=69.0 | min_maximum_speed=9.0","logger":"lta_common","filename":"lta_common.py","lineno":349}
{"timestamp":"2026-04-15T09:41:57.863054Z","level":"info","event":"[UPSERT DONE] upserted=500 rows into traffic_speed_latest","logger":"lta_common","filename":"lta_common.py","lineno":387}
{"timestamp":"2026-04-15T09:41:57.863460Z","level":"info","event":"[SAVE START] inserting 500 rows into traffic_speed_recent","logger":"lta_common","filename":"lta_common.py","lineno":318}
{"timestamp":"2026-04-15T09:41:58.278120Z","level":"info","event":"[SAVE DONE] inserted=500 rows into traffic_speed_recent","logger":"lta_common","filename":"lta_common.py","lineno":336}
{"timestamp":"2026-04-15T09:41:58.278242Z","level":"info","event":"STEP 6: page saved skip=7500 | pages=16 | latest_rows=8000 | recent_rows=8000","logger":"unusual_prefix_faea391ec71b1d4b4651510353e4a48d62001c31_2_refresh_traffic_speed","filename":"2_refresh_traffic_speed.py","lineno":56}
{"timestamp":"2026-04-15T09:41:58.278272Z","level":"info","event":"========== PAGE START ==========","logger":"lta_common","filename":"lta_common.py","lineno":52}
{"timestamp":"2026-04-15T09:41:58.278292Z","level":"info","event":"[FETCH] requesting rows 8000–8499","logger":"lta_common","filename":"lta_common.py","lineno":53}
{"timestamp":"2026-04-15T09:41:58.278321Z","level":"info","event":"Fetching page from LTA: skip=8000","logger":"lta_common","filename":"lta_common.py","lineno":35}
{"timestamp":"2026-04-15T09:41:58.788992Z","level":"info","event":"Retrieved 500 rows from LTA at skip=8000","logger":"lta_common","filename":"lta_common.py","lineno":43}
{"timestamp":"2026-04-15T09:41:58.791086Z","level":"info","event":"[FETCH DONE] retrieved=500 rows at skip=8000","logger":"lta_common","filename":"lta_common.py","lineno":58}
{"timestamp":"2026-04-15T09:41:58.791499Z","level":"info","event":"STEP 4: processing page skip=8000 rows=500","logger":"unusual_prefix_faea391ec71b1d4b4651510353e4a48d62001c31_2_refresh_traffic_speed","filename":"2_refresh_traffic_speed.py","lineno":41}
{"timestamp":"2026-04-15T09:41:58.799880Z","level":"info","event":"[CLEAN DONE] rows=500 | null_speed_band=0 | null_minimum_speed=0 | null_maximum_speed=0","logger":"lta_common","filename":"lta_common.py","lineno":237}
{"timestamp":"2026-04-15T09:41:58.800684Z","level":"info","event":"STEP 5: built cleaned snapshot dataframe rows=500","logger":"unusual_prefix_faea391ec71b1d4b4651510353e4a48d62001c31_2_refresh_traffic_speed","filename":"2_refresh_traffic_speed.py","lineno":44}
{"timestamp":"2026-04-15T09:41:58.801010Z","level":"info","event":"[LATEST PREP] rows=500 | missing_measurement_rows=0","logger":"lta_common","filename":"lta_common.py","lineno":270}
{"timestamp":"2026-04-15T09:41:58.801252Z","level":"info","event":"[UPSERT START] upserting 500 rows into traffic_speed_latest","logger":"lta_common","filename":"lta_common.py","lineno":347}
{"timestamp":"2026-04-15T09:41:58.801540Z","level":"info","event":"[UPSERT DEBUG] max_link_id=12845 | min_link_id=12192 | max_speed_band=7 | min_speed_band=1 | max_minimum_speed=60 | min_minimum_speed=0 | max_maximum_speed=69 | min_maximum_speed=9","logger":"lta_common","filename":"lta_common.py","lineno":349}
{"timestamp":"2026-04-15T09:41:59.323293Z","level":"info","event":"[UPSERT DONE] upserted=500 rows into traffic_speed_latest","logger":"lta_common","filename":"lta_common.py","lineno":387}
{"timestamp":"2026-04-15T09:41:59.324964Z","level":"info","event":"[SAVE START] inserting 500 rows into traffic_speed_recent","logger":"lta_common","filename":"lta_common.py","lineno":318}
{"timestamp":"2026-04-15T09:41:59.813674Z","level":"info","event":"[SAVE DONE] inserted=500 rows into traffic_speed_recent","logger":"lta_common","filename":"lta_common.py","lineno":336}
{"timestamp":"2026-04-15T09:41:59.814209Z","level":"info","event":"STEP 6: page saved skip=8000 | pages=17 | latest_rows=8500 | recent_rows=8500","logger":"unusual_prefix_faea391ec71b1d4b4651510353e4a48d62001c31_2_refresh_traffic_speed","filename":"2_refresh_traffic_speed.py","lineno":56}
{"timestamp":"2026-04-15T09:41:59.814477Z","level":"info","event":"========== PAGE START ==========","logger":"lta_common","filename":"lta_common.py","lineno":52}
{"timestamp":"2026-04-15T09:41:59.814680Z","level":"info","event":"[FETCH] requesting rows 8500–8999","logger":"lta_common","filename":"lta_common.py","lineno":53}
{"timestamp":"2026-04-15T09:41:59.814919Z","level":"info","event":"Fetching page from LTA: skip=8500","logger":"lta_common","filename":"lta_common.py","lineno":35}
{"timestamp":"2026-04-15T09:42:00.393655Z","level":"info","event":"Retrieved 500 rows from LTA at skip=8500","logger":"lta_common","filename":"lta_common.py","lineno":43}
{"timestamp":"2026-04-15T09:42:00.398731Z","level":"info","event":"[FETCH DONE] retrieved=500 rows at skip=8500","logger":"lta_common","filename":"lta_common.py","lineno":58}
{"timestamp":"2026-04-15T09:42:00.399813Z","level":"info","event":"STEP 4: processing page skip=8500 rows=500","logger":"unusual_prefix_faea391ec71b1d4b4651510353e4a48d62001c31_2_refresh_traffic_speed","filename":"2_refresh_traffic_speed.py","lineno":41}
{"timestamp":"2026-04-15T09:42:00.418700Z","level":"info","event":"[CLEAN DONE] rows=500 | null_speed_band=0 | null_minimum_speed=0 | null_maximum_speed=0","logger":"lta_common","filename":"lta_common.py","lineno":237}
{"timestamp":"2026-04-15T09:42:00.420327Z","level":"info","event":"STEP 5: built cleaned snapshot dataframe rows=500","logger":"unusual_prefix_faea391ec71b1d4b4651510353e4a48d62001c31_2_refresh_traffic_speed","filename":"2_refresh_traffic_speed.py","lineno":44}
{"timestamp":"2026-04-15T09:42:00.420988Z","level":"info","event":"[LATEST PREP] rows=500 | missing_measurement_rows=0","logger":"lta_common","filename":"lta_common.py","lineno":270}
{"timestamp":"2026-04-15T09:42:00.421439Z","level":"info","event":"[UPSERT START] upserting 500 rows into traffic_speed_latest","logger":"lta_common","filename":"lta_common.py","lineno":347}
{"timestamp":"2026-04-15T09:42:00.421918Z","level":"info","event":"[UPSERT DEBUG] max_link_id=13560 | min_link_id=12846 | max_speed_band=7 | min_speed_band=1 | max_minimum_speed=60 | min_minimum_speed=0 | max_maximum_speed=69 | min_maximum_speed=9","logger":"lta_common","filename":"lta_common.py","lineno":349}
{"timestamp":"2026-04-15T09:42:00.854784Z","level":"info","event":"[UPSERT DONE] upserted=500 rows into traffic_speed_latest","logger":"lta_common","filename":"lta_common.py","lineno":387}
{"timestamp":"2026-04-15T09:42:00.855265Z","level":"info","event":"[SAVE START] inserting 500 rows into traffic_speed_recent","logger":"lta_common","filename":"lta_common.py","lineno":318}
{"timestamp":"2026-04-15T09:42:01.322433Z","level":"info","event":"[SAVE DONE] inserted=500 rows into traffic_speed_recent","logger":"lta_common","filename":"lta_common.py","lineno":336}
{"timestamp":"2026-04-15T09:42:01.322555Z","level":"info","event":"STEP 6: page saved skip=8500 | pages=18 | latest_rows=9000 | recent_rows=9000","logger":"unusual_prefix_faea391ec71b1d4b4651510353e4a48d62001c31_2_refresh_traffic_speed","filename":"2_refresh_traffic_speed.py","lineno":56}
{"timestamp":"2026-04-15T09:42:01.322598Z","level":"info","event":"========== PAGE START ==========","logger":"lta_common","filename":"lta_common.py","lineno":52}
{"timestamp":"2026-04-15T09:42:01.322628Z","level":"info","event":"[FETCH] requesting rows 9000–9499","logger":"lta_common","filename":"lta_common.py","lineno":53}
{"timestamp":"2026-04-15T09:42:01.322663Z","level":"info","event":"Fetching page from LTA: skip=9000","logger":"lta_common","filename":"lta_common.py","lineno":35}
{"timestamp":"2026-04-15T09:42:02.317872Z","level":"info","event":"Retrieved 500 rows from LTA at skip=9000","logger":"lta_common","filename":"lta_common.py","lineno":43}
{"timestamp":"2026-04-15T09:42:02.327539Z","level":"info","event":"[FETCH DONE] retrieved=500 rows at skip=9000","logger":"lta_common","filename":"lta_common.py","lineno":58}
{"timestamp":"2026-04-15T09:42:02.327732Z","level":"info","event":"STEP 4: processing page skip=9000 rows=500","logger":"unusual_prefix_faea391ec71b1d4b4651510353e4a48d62001c31_2_refresh_traffic_speed","filename":"2_refresh_traffic_speed.py","lineno":41}
{"timestamp":"2026-04-15T09:42:02.353848Z","level":"info","event":"[CLEAN DONE] rows=500 | null_speed_band=0 | null_minimum_speed=0 | null_maximum_speed=0","logger":"lta_common","filename":"lta_common.py","lineno":237}
{"timestamp":"2026-04-15T09:42:02.354939Z","level":"info","event":"STEP 5: built cleaned snapshot dataframe rows=500","logger":"unusual_prefix_faea391ec71b1d4b4651510353e4a48d62001c31_2_refresh_traffic_speed","filename":"2_refresh_traffic_speed.py","lineno":44}
{"timestamp":"2026-04-15T09:42:02.355299Z","level":"info","event":"[LATEST PREP] rows=500 | missing_measurement_rows=0","logger":"lta_common","filename":"lta_common.py","lineno":270}
{"timestamp":"2026-04-15T09:42:02.355542Z","level":"info","event":"[UPSERT START] upserting 500 rows into traffic_speed_latest","logger":"lta_common","filename":"lta_common.py","lineno":347}
{"timestamp":"2026-04-15T09:42:02.359038Z","level":"info","event":"[UPSERT DEBUG] max_link_id=14274 | min_link_id=13561 | max_speed_band=7 | min_speed_band=1 | max_minimum_speed=60 | min_minimum_speed=0 | max_maximum_speed=69 | min_maximum_speed=9","logger":"lta_common","filename":"lta_common.py","lineno":349}
{"timestamp":"2026-04-15T09:42:02.839327Z","level":"info","event":"[UPSERT DONE] upserted=500 rows into traffic_speed_latest","logger":"lta_common","filename":"lta_common.py","lineno":387}
{"timestamp":"2026-04-15T09:42:02.839852Z","level":"info","event":"[SAVE START] inserting 500 rows into traffic_speed_recent","logger":"lta_common","filename":"lta_common.py","lineno":318}
{"timestamp":"2026-04-15T09:42:03.285316Z","level":"info","event":"[SAVE DONE] inserted=500 rows into traffic_speed_recent","logger":"lta_common","filename":"lta_common.py","lineno":336}
{"timestamp":"2026-04-15T09:42:03.286265Z","level":"info","event":"STEP 6: page saved skip=9000 | pages=19 | latest_rows=9500 | recent_rows=9500","logger":"unusual_prefix_faea391ec71b1d4b4651510353e4a48d62001c31_2_refresh_traffic_speed","filename":"2_refresh_traffic_speed.py","lineno":56}
{"timestamp":"2026-04-15T09:42:03.286633Z","level":"info","event":"========== PAGE START ==========","logger":"lta_common","filename":"lta_common.py","lineno":52}
{"timestamp":"2026-04-15T09:42:03.286763Z","level":"info","event":"[FETCH] requesting rows 9500–9999","logger":"lta_common","filename":"lta_common.py","lineno":53}
{"timestamp":"2026-04-15T09:42:03.286875Z","level":"info","event":"Fetching page from LTA: skip=9500","logger":"lta_common","filename":"lta_common.py","lineno":35}
{"timestamp":"2026-04-15T09:42:03.822101Z","level":"info","event":"Retrieved 500 rows from LTA at skip=9500","logger":"lta_common","filename":"lta_common.py","lineno":43}
{"timestamp":"2026-04-15T09:42:03.823205Z","level":"info","event":"[FETCH DONE] retrieved=500 rows at skip=9500","logger":"lta_common","filename":"lta_common.py","lineno":58}
{"timestamp":"2026-04-15T09:42:03.823397Z","level":"info","event":"STEP 4: processing page skip=9500 rows=500","logger":"unusual_prefix_faea391ec71b1d4b4651510353e4a48d62001c31_2_refresh_traffic_speed","filename":"2_refresh_traffic_speed.py","lineno":41}
{"timestamp":"2026-04-15T09:42:03.830847Z","level":"info","event":"[CLEAN DONE] rows=500 | null_speed_band=0 | null_minimum_speed=0 | null_maximum_speed=0","logger":"lta_common","filename":"lta_common.py","lineno":237}
{"timestamp":"2026-04-15T09:42:03.831662Z","level":"info","event":"STEP 5: built cleaned snapshot dataframe rows=500","logger":"unusual_prefix_faea391ec71b1d4b4651510353e4a48d62001c31_2_refresh_traffic_speed","filename":"2_refresh_traffic_speed.py","lineno":44}
{"timestamp":"2026-04-15T09:42:03.831972Z","level":"info","event":"[LATEST PREP] rows=500 | missing_measurement_rows=0","logger":"lta_common","filename":"lta_common.py","lineno":270}
{"timestamp":"2026-04-15T09:42:03.832192Z","level":"info","event":"[UPSERT START] upserting 500 rows into traffic_speed_latest","logger":"lta_common","filename":"lta_common.py","lineno":347}
{"timestamp":"2026-04-15T09:42:03.832464Z","level":"info","event":"[UPSERT DEBUG] max_link_id=14956 | min_link_id=14275 | max_speed_band=7 | min_speed_band=1 | max_minimum_speed=60 | min_minimum_speed=0 | max_maximum_speed=69 | min_maximum_speed=9","logger":"lta_common","filename":"lta_common.py","lineno":349}
{"timestamp":"2026-04-15T09:42:04.409191Z","level":"info","event":"[UPSERT DONE] upserted=500 rows into traffic_speed_latest","logger":"lta_common","filename":"lta_common.py","lineno":387}
{"timestamp":"2026-04-15T09:42:04.409640Z","level":"info","event":"[SAVE START] inserting 500 rows into traffic_speed_recent","logger":"lta_common","filename":"lta_common.py","lineno":318}
{"timestamp":"2026-04-15T09:42:05.402499Z","level":"info","event":"[SAVE DONE] inserted=500 rows into traffic_speed_recent","logger":"lta_common","filename":"lta_common.py","lineno":336}
{"timestamp":"2026-04-15T09:42:05.402643Z","level":"info","event":"STEP 6: page saved skip=9500 | pages=20 | latest_rows=10000 | recent_rows=10000","logger":"unusual_prefix_faea391ec71b1d4b4651510353e4a48d62001c31_2_refresh_traffic_speed","filename":"2_refresh_traffic_speed.py","lineno":56}
{"timestamp":"2026-04-15T09:42:05.402681Z","level":"info","event":"========== PAGE START ==========","logger":"lta_common","filename":"lta_common.py","lineno":52}
{"timestamp":"2026-04-15T09:42:05.402704Z","level":"info","event":"[FETCH] requesting rows 10000–10499","logger":"lta_common","filename":"lta_common.py","lineno":53}
{"timestamp":"2026-04-15T09:42:05.402736Z","level":"info","event":"Fetching page from LTA: skip=10000","logger":"lta_common","filename":"lta_common.py","lineno":35}
{"timestamp":"2026-04-15T09:42:06.126196Z","level":"info","event":"Retrieved 500 rows from LTA at skip=10000","logger":"lta_common","filename":"lta_common.py","lineno":43}
{"timestamp":"2026-04-15T09:42:06.127338Z","level":"info","event":"[FETCH DONE] retrieved=500 rows at skip=10000","logger":"lta_common","filename":"lta_common.py","lineno":58}
{"timestamp":"2026-04-15T09:42:06.127428Z","level":"info","event":"STEP 4: processing page skip=10000 rows=500","logger":"unusual_prefix_faea391ec71b1d4b4651510353e4a48d62001c31_2_refresh_traffic_speed","filename":"2_refresh_traffic_speed.py","lineno":41}
{"timestamp":"2026-04-15T09:42:06.134849Z","level":"info","event":"[CLEAN DONE] rows=500 | null_speed_band=0 | null_minimum_speed=0 | null_maximum_speed=0","logger":"lta_common","filename":"lta_common.py","lineno":237}
{"timestamp":"2026-04-15T09:42:06.135559Z","level":"info","event":"STEP 5: built cleaned snapshot dataframe rows=500","logger":"unusual_prefix_faea391ec71b1d4b4651510353e4a48d62001c31_2_refresh_traffic_speed","filename":"2_refresh_traffic_speed.py","lineno":44}
{"timestamp":"2026-04-15T09:42:06.135876Z","level":"info","event":"[LATEST PREP] rows=500 | missing_measurement_rows=0","logger":"lta_common","filename":"lta_common.py","lineno":270}
{"timestamp":"2026-04-15T09:42:06.136108Z","level":"info","event":"[UPSERT START] upserting 500 rows into traffic_speed_latest","logger":"lta_common","filename":"lta_common.py","lineno":347}
{"timestamp":"2026-04-15T09:42:06.136377Z","level":"info","event":"[UPSERT DEBUG] max_link_id=15673 | min_link_id=14959 | max_speed_band=6 | min_speed_band=1 | max_minimum_speed=50 | min_minimum_speed=0 | max_maximum_speed=59 | min_maximum_speed=9","logger":"lta_common","filename":"lta_common.py","lineno":349}
{"timestamp":"2026-04-15T09:42:07.120842Z","level":"info","event":"[UPSERT DONE] upserted=500 rows into traffic_speed_latest","logger":"lta_common","filename":"lta_common.py","lineno":387}
{"timestamp":"2026-04-15T09:42:07.121276Z","level":"info","event":"[SAVE START] inserting 500 rows into traffic_speed_recent","logger":"lta_common","filename":"lta_common.py","lineno":318}
{"timestamp":"2026-04-15T09:42:07.818952Z","level":"info","event":"[SAVE DONE] inserted=500 rows into traffic_speed_recent","logger":"lta_common","filename":"lta_common.py","lineno":336}
{"timestamp":"2026-04-15T09:42:07.819176Z","level":"info","event":"STEP 6: page saved skip=10000 | pages=21 | latest_rows=10500 | recent_rows=10500","logger":"unusual_prefix_faea391ec71b1d4b4651510353e4a48d62001c31_2_refresh_traffic_speed","filename":"2_refresh_traffic_speed.py","lineno":56}
{"timestamp":"2026-04-15T09:42:07.819229Z","level":"info","event":"========== PAGE START ==========","logger":"lta_common","filename":"lta_common.py","lineno":52}
{"timestamp":"2026-04-15T09:42:07.819270Z","level":"info","event":"[FETCH] requesting rows 10500–10999","logger":"lta_common","filename":"lta_common.py","lineno":53}
{"timestamp":"2026-04-15T09:42:07.819417Z","level":"info","event":"Fetching page from LTA: skip=10500","logger":"lta_common","filename":"lta_common.py","lineno":35}
{"timestamp":"2026-04-15T09:42:08.344403Z","level":"info","event":"Retrieved 500 rows from LTA at skip=10500","logger":"lta_common","filename":"lta_common.py","lineno":43}
{"timestamp":"2026-04-15T09:42:08.346654Z","level":"info","event":"[FETCH DONE] retrieved=500 rows at skip=10500","logger":"lta_common","filename":"lta_common.py","lineno":58}
{"timestamp":"2026-04-15T09:42:08.346829Z","level":"info","event":"STEP 4: processing page skip=10500 rows=500","logger":"unusual_prefix_faea391ec71b1d4b4651510353e4a48d62001c31_2_refresh_traffic_speed","filename":"2_refresh_traffic_speed.py","lineno":41}
{"timestamp":"2026-04-15T09:42:08.358944Z","level":"info","event":"[CLEAN DONE] rows=500 | null_speed_band=0 | null_minimum_speed=0 | null_maximum_speed=0","logger":"lta_common","filename":"lta_common.py","lineno":237}
{"timestamp":"2026-04-15T09:42:08.360024Z","level":"info","event":"STEP 5: built cleaned snapshot dataframe rows=500","logger":"unusual_prefix_faea391ec71b1d4b4651510353e4a48d62001c31_2_refresh_traffic_speed","filename":"2_refresh_traffic_speed.py","lineno":44}
{"timestamp":"2026-04-15T09:42:08.360466Z","level":"info","event":"[LATEST PREP] rows=500 | missing_measurement_rows=0","logger":"lta_common","filename":"lta_common.py","lineno":270}
{"timestamp":"2026-04-15T09:42:08.360820Z","level":"info","event":"[UPSERT START] upserting 500 rows into traffic_speed_latest","logger":"lta_common","filename":"lta_common.py","lineno":347}
{"timestamp":"2026-04-15T09:42:08.361206Z","level":"info","event":"[UPSERT DEBUG] max_link_id=16309 | min_link_id=15675 | max_speed_band=7 | min_speed_band=1 | max_minimum_speed=60 | min_minimum_speed=0 | max_maximum_speed=69 | min_maximum_speed=9","logger":"lta_common","filename":"lta_common.py","lineno":349}
{"timestamp":"2026-04-15T09:42:09.019300Z","level":"info","event":"[UPSERT DONE] upserted=500 rows into traffic_speed_latest","logger":"lta_common","filename":"lta_common.py","lineno":387}
{"timestamp":"2026-04-15T09:42:09.020291Z","level":"info","event":"[SAVE START] inserting 500 rows into traffic_speed_recent","logger":"lta_common","filename":"lta_common.py","lineno":318}
{"timestamp":"2026-04-15T09:42:09.694950Z","level":"info","event":"[SAVE DONE] inserted=500 rows into traffic_speed_recent","logger":"lta_common","filename":"lta_common.py","lineno":336}
{"timestamp":"2026-04-15T09:42:09.695508Z","level":"info","event":"STEP 6: page saved skip=10500 | pages=22 | latest_rows=11000 | recent_rows=11000","logger":"unusual_prefix_faea391ec71b1d4b4651510353e4a48d62001c31_2_refresh_traffic_speed","filename":"2_refresh_traffic_speed.py","lineno":56}
{"timestamp":"2026-04-15T09:42:09.695728Z","level":"info","event":"========== PAGE START ==========","logger":"lta_common","filename":"lta_common.py","lineno":52}
{"timestamp":"2026-04-15T09:42:09.695875Z","level":"info","event":"[FETCH] requesting rows 11000–11499","logger":"lta_common","filename":"lta_common.py","lineno":53}
{"timestamp":"2026-04-15T09:42:09.696101Z","level":"info","event":"Fetching page from LTA: skip=11000","logger":"lta_common","filename":"lta_common.py","lineno":35}
{"timestamp":"2026-04-15T09:42:10.268978Z","level":"info","event":"Retrieved 500 rows from LTA at skip=11000","logger":"lta_common","filename":"lta_common.py","lineno":43}
{"timestamp":"2026-04-15T09:42:10.273349Z","level":"info","event":"[FETCH DONE] retrieved=500 rows at skip=11000","logger":"lta_common","filename":"lta_common.py","lineno":58}
{"timestamp":"2026-04-15T09:42:10.273736Z","level":"info","event":"STEP 4: processing page skip=11000 rows=500","logger":"unusual_prefix_faea391ec71b1d4b4651510353e4a48d62001c31_2_refresh_traffic_speed","filename":"2_refresh_traffic_speed.py","lineno":41}
{"timestamp":"2026-04-15T09:42:10.288934Z","level":"info","event":"[CLEAN DONE] rows=500 | null_speed_band=0 | null_minimum_speed=0 | null_maximum_speed=0","logger":"lta_common","filename":"lta_common.py","lineno":237}
{"timestamp":"2026-04-15T09:42:10.290159Z","level":"info","event":"STEP 5: built cleaned snapshot dataframe rows=500","logger":"unusual_prefix_faea391ec71b1d4b4651510353e4a48d62001c31_2_refresh_traffic_speed","filename":"2_refresh_traffic_speed.py","lineno":44}
{"timestamp":"2026-04-15T09:42:10.290663Z","level":"info","event":"[LATEST PREP] rows=500 | missing_measurement_rows=0","logger":"lta_common","filename":"lta_common.py","lineno":270}
{"timestamp":"2026-04-15T09:42:10.291053Z","level":"info","event":"[UPSERT START] upserting 500 rows into traffic_speed_latest","logger":"lta_common","filename":"lta_common.py","lineno":347}
{"timestamp":"2026-04-15T09:42:10.291531Z","level":"info","event":"[UPSERT DEBUG] max_link_id=17103 | min_link_id=16310 | max_speed_band=7 | min_speed_band=1 | max_minimum_speed=60 | min_minimum_speed=0 | max_maximum_speed=69 | min_maximum_speed=9","logger":"lta_common","filename":"lta_common.py","lineno":349}
{"timestamp":"2026-04-15T09:42:10.882787Z","level":"info","event":"[UPSERT DONE] upserted=500 rows into traffic_speed_latest","logger":"lta_common","filename":"lta_common.py","lineno":387}
{"timestamp":"2026-04-15T09:42:10.883273Z","level":"info","event":"[SAVE START] inserting 500 rows into traffic_speed_recent","logger":"lta_common","filename":"lta_common.py","lineno":318}
{"timestamp":"2026-04-15T09:42:11.414050Z","level":"info","event":"[SAVE DONE] inserted=500 rows into traffic_speed_recent","logger":"lta_common","filename":"lta_common.py","lineno":336}
{"timestamp":"2026-04-15T09:42:11.414166Z","level":"info","event":"STEP 6: page saved skip=11000 | pages=23 | latest_rows=11500 | recent_rows=11500","logger":"unusual_prefix_faea391ec71b1d4b4651510353e4a48d62001c31_2_refresh_traffic_speed","filename":"2_refresh_traffic_speed.py","lineno":56}
{"timestamp":"2026-04-15T09:42:11.414199Z","level":"info","event":"========== PAGE START ==========","logger":"lta_common","filename":"lta_common.py","lineno":52}
{"timestamp":"2026-04-15T09:42:11.414227Z","level":"info","event":"[FETCH] requesting rows 11500–11999","logger":"lta_common","filename":"lta_common.py","lineno":53}
{"timestamp":"2026-04-15T09:42:11.414284Z","level":"info","event":"Fetching page from LTA: skip=11500","logger":"lta_common","filename":"lta_common.py","lineno":35}
{"timestamp":"2026-04-15T09:42:12.009975Z","level":"info","event":"Retrieved 500 rows from LTA at skip=11500","logger":"lta_common","filename":"lta_common.py","lineno":43}
{"timestamp":"2026-04-15T09:42:12.013638Z","level":"info","event":"[FETCH DONE] retrieved=500 rows at skip=11500","logger":"lta_common","filename":"lta_common.py","lineno":58}
{"timestamp":"2026-04-15T09:42:12.013806Z","level":"info","event":"STEP 4: processing page skip=11500 rows=500","logger":"unusual_prefix_faea391ec71b1d4b4651510353e4a48d62001c31_2_refresh_traffic_speed","filename":"2_refresh_traffic_speed.py","lineno":41}
{"timestamp":"2026-04-15T09:42:12.023084Z","level":"warning","event":"[SANITIZE] link_id=17752 field=maximum_speed suspicious sentinel value=999 -> NULL","logger":"lta_common","filename":"lta_common.py","lineno":142}
{"timestamp":"2026-04-15T09:42:12.023159Z","level":"warning","event":"[SANITIZE] link_id=17753 field=maximum_speed suspicious sentinel value=999 -> NULL","logger":"lta_common","filename":"lta_common.py","lineno":142}
{"timestamp":"2026-04-15T09:42:12.024207Z","level":"info","event":"[CLEAN DONE] rows=500 | null_speed_band=0 | null_minimum_speed=0 | null_maximum_speed=2","logger":"lta_common","filename":"lta_common.py","lineno":237}
{"timestamp":"2026-04-15T09:42:12.025164Z","level":"info","event":"STEP 5: built cleaned snapshot dataframe rows=500","logger":"unusual_prefix_faea391ec71b1d4b4651510353e4a48d62001c31_2_refresh_traffic_speed","filename":"2_refresh_traffic_speed.py","lineno":44}
{"timestamp":"2026-04-15T09:42:12.025545Z","level":"info","event":"[LATEST PREP] rows=500 | missing_measurement_rows=0","logger":"lta_common","filename":"lta_common.py","lineno":270}
{"timestamp":"2026-04-15T09:42:12.025848Z","level":"info","event":"[UPSERT START] upserting 500 rows into traffic_speed_latest","logger":"lta_common","filename":"lta_common.py","lineno":347}
{"timestamp":"2026-04-15T09:42:12.026174Z","level":"info","event":"[UPSERT DEBUG] max_link_id=18105 | min_link_id=17132 | max_speed_band=8 | min_speed_band=1 | max_minimum_speed=70 | min_minimum_speed=0 | max_maximum_speed=69.0 | min_maximum_speed=9.0","logger":"lta_common","filename":"lta_common.py","lineno":349}
{"timestamp":"2026-04-15T09:42:12.973470Z","level":"info","event":"[UPSERT DONE] upserted=500 rows into traffic_speed_latest","logger":"lta_common","filename":"lta_common.py","lineno":387}
{"timestamp":"2026-04-15T09:42:12.974510Z","level":"info","event":"[SAVE START] inserting 500 rows into traffic_speed_recent","logger":"lta_common","filename":"lta_common.py","lineno":318}
{"timestamp":"2026-04-15T09:42:13.879199Z","level":"info","event":"[SAVE DONE] inserted=500 rows into traffic_speed_recent","logger":"lta_common","filename":"lta_common.py","lineno":336}
{"timestamp":"2026-04-15T09:42:13.879375Z","level":"info","event":"STEP 6: page saved skip=11500 | pages=24 | latest_rows=12000 | recent_rows=12000","logger":"unusual_prefix_faea391ec71b1d4b4651510353e4a48d62001c31_2_refresh_traffic_speed","filename":"2_refresh_traffic_speed.py","lineno":56}
{"timestamp":"2026-04-15T09:42:13.879417Z","level":"info","event":"========== PAGE START ==========","logger":"lta_common","filename":"lta_common.py","lineno":52}
{"timestamp":"2026-04-15T09:42:13.879446Z","level":"info","event":"[FETCH] requesting rows 12000–12499","logger":"lta_common","filename":"lta_common.py","lineno":53}
{"timestamp":"2026-04-15T09:42:13.879497Z","level":"info","event":"Fetching page from LTA: skip=12000","logger":"lta_common","filename":"lta_common.py","lineno":35}
{"timestamp":"2026-04-15T09:42:14.233881Z","level":"info","event":"Retrieved 500 rows from LTA at skip=12000","logger":"lta_common","filename":"lta_common.py","lineno":43}
{"timestamp":"2026-04-15T09:42:14.239893Z","level":"info","event":"[FETCH DONE] retrieved=500 rows at skip=12000","logger":"lta_common","filename":"lta_common.py","lineno":58}
{"timestamp":"2026-04-15T09:42:14.240508Z","level":"info","event":"STEP 4: processing page skip=12000 rows=500","logger":"unusual_prefix_faea391ec71b1d4b4651510353e4a48d62001c31_2_refresh_traffic_speed","filename":"2_refresh_traffic_speed.py","lineno":41}
{"timestamp":"2026-04-15T09:42:14.260380Z","level":"info","event":"[CLEAN DONE] rows=500 | null_speed_band=0 | null_minimum_speed=0 | null_maximum_speed=0","logger":"lta_common","filename":"lta_common.py","lineno":237}
{"timestamp":"2026-04-15T09:42:14.262743Z","level":"info","event":"STEP 5: built cleaned snapshot dataframe rows=500","logger":"unusual_prefix_faea391ec71b1d4b4651510353e4a48d62001c31_2_refresh_traffic_speed","filename":"2_refresh_traffic_speed.py","lineno":44}
{"timestamp":"2026-04-15T09:42:14.263952Z","level":"info","event":"[LATEST PREP] rows=500 | missing_measurement_rows=0","logger":"lta_common","filename":"lta_common.py","lineno":270}
{"timestamp":"2026-04-15T09:42:14.264587Z","level":"info","event":"[UPSERT START] upserting 500 rows into traffic_speed_latest","logger":"lta_common","filename":"lta_common.py","lineno":347}
{"timestamp":"2026-04-15T09:42:14.265402Z","level":"info","event":"[UPSERT DEBUG] max_link_id=18947 | min_link_id=18108 | max_speed_band=6 | min_speed_band=1 | max_minimum_speed=50 | min_minimum_speed=0 | max_maximum_speed=59 | min_maximum_speed=9","logger":"lta_common","filename":"lta_common.py","lineno":349}
{"timestamp":"2026-04-15T09:42:14.824112Z","level":"info","event":"[UPSERT DONE] upserted=500 rows into traffic_speed_latest","logger":"lta_common","filename":"lta_common.py","lineno":387}
{"timestamp":"2026-04-15T09:42:14.826045Z","level":"info","event":"[SAVE START] inserting 500 rows into traffic_speed_recent","logger":"lta_common","filename":"lta_common.py","lineno":318}
{"timestamp":"2026-04-15T09:42:15.405321Z","level":"info","event":"[SAVE DONE] inserted=500 rows into traffic_speed_recent","logger":"lta_common","filename":"lta_common.py","lineno":336}
{"timestamp":"2026-04-15T09:42:15.405415Z","level":"info","event":"STEP 6: page saved skip=12000 | pages=25 | latest_rows=12500 | recent_rows=12500","logger":"unusual_prefix_faea391ec71b1d4b4651510353e4a48d62001c31_2_refresh_traffic_speed","filename":"2_refresh_traffic_speed.py","lineno":56}
{"timestamp":"2026-04-15T09:42:15.405444Z","level":"info","event":"========== PAGE START ==========","logger":"lta_common","filename":"lta_common.py","lineno":52}
{"timestamp":"2026-04-15T09:42:15.405467Z","level":"info","event":"[FETCH] requesting rows 12500–12999","logger":"lta_common","filename":"lta_common.py","lineno":53}
{"timestamp":"2026-04-15T09:42:15.405495Z","level":"info","event":"Fetching page from LTA: skip=12500","logger":"lta_common","filename":"lta_common.py","lineno":35}
{"timestamp":"2026-04-15T09:42:15.782828Z","level":"info","event":"Retrieved 500 rows from LTA at skip=12500","logger":"lta_common","filename":"lta_common.py","lineno":43}
{"timestamp":"2026-04-15T09:42:15.783980Z","level":"info","event":"[FETCH DONE] retrieved=500 rows at skip=12500","logger":"lta_common","filename":"lta_common.py","lineno":58}
{"timestamp":"2026-04-15T09:42:15.784191Z","level":"info","event":"STEP 4: processing page skip=12500 rows=500","logger":"unusual_prefix_faea391ec71b1d4b4651510353e4a48d62001c31_2_refresh_traffic_speed","filename":"2_refresh_traffic_speed.py","lineno":41}
{"timestamp":"2026-04-15T09:42:15.791914Z","level":"info","event":"[CLEAN DONE] rows=500 | null_speed_band=0 | null_minimum_speed=0 | null_maximum_speed=0","logger":"lta_common","filename":"lta_common.py","lineno":237}
{"timestamp":"2026-04-15T09:42:15.792738Z","level":"info","event":"STEP 5: built cleaned snapshot dataframe rows=500","logger":"unusual_prefix_faea391ec71b1d4b4651510353e4a48d62001c31_2_refresh_traffic_speed","filename":"2_refresh_traffic_speed.py","lineno":44}
{"timestamp":"2026-04-15T09:42:15.793062Z","level":"info","event":"[LATEST PREP] rows=500 | missing_measurement_rows=0","logger":"lta_common","filename":"lta_common.py","lineno":270}
{"timestamp":"2026-04-15T09:42:15.793297Z","level":"info","event":"[UPSERT START] upserting 500 rows into traffic_speed_latest","logger":"lta_common","filename":"lta_common.py","lineno":347}
{"timestamp":"2026-04-15T09:42:15.793582Z","level":"info","event":"[UPSERT DEBUG] max_link_id=19645 | min_link_id=18949 | max_speed_band=6 | min_speed_band=1 | max_minimum_speed=50 | min_minimum_speed=0 | max_maximum_speed=59 | min_maximum_speed=9","logger":"lta_common","filename":"lta_common.py","lineno":349}
{"timestamp":"2026-04-15T09:42:16.276198Z","level":"info","event":"[UPSERT DONE] upserted=500 rows into traffic_speed_latest","logger":"lta_common","filename":"lta_common.py","lineno":387}
{"timestamp":"2026-04-15T09:42:16.276725Z","level":"info","event":"[SAVE START] inserting 500 rows into traffic_speed_recent","logger":"lta_common","filename":"lta_common.py","lineno":318}
{"timestamp":"2026-04-15T09:42:16.824151Z","level":"info","event":"[SAVE DONE] inserted=500 rows into traffic_speed_recent","logger":"lta_common","filename":"lta_common.py","lineno":336}
{"timestamp":"2026-04-15T09:42:16.824553Z","level":"info","event":"STEP 6: page saved skip=12500 | pages=26 | latest_rows=13000 | recent_rows=13000","logger":"unusual_prefix_faea391ec71b1d4b4651510353e4a48d62001c31_2_refresh_traffic_speed","filename":"2_refresh_traffic_speed.py","lineno":56}
{"timestamp":"2026-04-15T09:42:16.824634Z","level":"info","event":"========== PAGE START ==========","logger":"lta_common","filename":"lta_common.py","lineno":52}
{"timestamp":"2026-04-15T09:42:16.824689Z","level":"info","event":"[FETCH] requesting rows 13000–13499","logger":"lta_common","filename":"lta_common.py","lineno":53}
{"timestamp":"2026-04-15T09:42:16.824769Z","level":"info","event":"Fetching page from LTA: skip=13000","logger":"lta_common","filename":"lta_common.py","lineno":35}
{"timestamp":"2026-04-15T09:42:17.212819Z","level":"info","event":"Retrieved 500 rows from LTA at skip=13000","logger":"lta_common","filename":"lta_common.py","lineno":43}
{"timestamp":"2026-04-15T09:42:17.215141Z","level":"info","event":"[FETCH DONE] retrieved=500 rows at skip=13000","logger":"lta_common","filename":"lta_common.py","lineno":58}
{"timestamp":"2026-04-15T09:42:17.215536Z","level":"info","event":"STEP 4: processing page skip=13000 rows=500","logger":"unusual_prefix_faea391ec71b1d4b4651510353e4a48d62001c31_2_refresh_traffic_speed","filename":"2_refresh_traffic_speed.py","lineno":41}
{"timestamp":"2026-04-15T09:42:17.227368Z","level":"info","event":"[CLEAN DONE] rows=500 | null_speed_band=0 | null_minimum_speed=0 | null_maximum_speed=0","logger":"lta_common","filename":"lta_common.py","lineno":237}
{"timestamp":"2026-04-15T09:42:17.228713Z","level":"info","event":"STEP 5: built cleaned snapshot dataframe rows=500","logger":"unusual_prefix_faea391ec71b1d4b4651510353e4a48d62001c31_2_refresh_traffic_speed","filename":"2_refresh_traffic_speed.py","lineno":44}
{"timestamp":"2026-04-15T09:42:17.229295Z","level":"info","event":"[LATEST PREP] rows=500 | missing_measurement_rows=0","logger":"lta_common","filename":"lta_common.py","lineno":270}
{"timestamp":"2026-04-15T09:42:17.229685Z","level":"info","event":"[UPSERT START] upserting 500 rows into traffic_speed_latest","logger":"lta_common","filename":"lta_common.py","lineno":347}
{"timestamp":"2026-04-15T09:42:17.230146Z","level":"info","event":"[UPSERT DEBUG] max_link_id=20346 | min_link_id=19646 | max_speed_band=6 | min_speed_band=1 | max_minimum_speed=50 | min_minimum_speed=0 | max_maximum_speed=59 | min_maximum_speed=9","logger":"lta_common","filename":"lta_common.py","lineno":349}
{"timestamp":"2026-04-15T09:42:17.715296Z","level":"info","event":"[UPSERT DONE] upserted=500 rows into traffic_speed_latest","logger":"lta_common","filename":"lta_common.py","lineno":387}
{"timestamp":"2026-04-15T09:42:17.715761Z","level":"info","event":"[SAVE START] inserting 500 rows into traffic_speed_recent","logger":"lta_common","filename":"lta_common.py","lineno":318}
{"timestamp":"2026-04-15T09:42:18.337855Z","level":"info","event":"[SAVE DONE] inserted=500 rows into traffic_speed_recent","logger":"lta_common","filename":"lta_common.py","lineno":336}
{"timestamp":"2026-04-15T09:42:18.337961Z","level":"info","event":"STEP 6: page saved skip=13000 | pages=27 | latest_rows=13500 | recent_rows=13500","logger":"unusual_prefix_faea391ec71b1d4b4651510353e4a48d62001c31_2_refresh_traffic_speed","filename":"2_refresh_traffic_speed.py","lineno":56}
{"timestamp":"2026-04-15T09:42:18.337991Z","level":"info","event":"========== PAGE START ==========","logger":"lta_common","filename":"lta_common.py","lineno":52}
{"timestamp":"2026-04-15T09:42:18.338013Z","level":"info","event":"[FETCH] requesting rows 13500–13999","logger":"lta_common","filename":"lta_common.py","lineno":53}
{"timestamp":"2026-04-15T09:42:18.338041Z","level":"info","event":"Fetching page from LTA: skip=13500","logger":"lta_common","filename":"lta_common.py","lineno":35}
{"timestamp":"2026-04-15T09:42:18.663091Z","level":"info","event":"Retrieved 500 rows from LTA at skip=13500","logger":"lta_common","filename":"lta_common.py","lineno":43}
{"timestamp":"2026-04-15T09:42:18.664335Z","level":"info","event":"[FETCH DONE] retrieved=500 rows at skip=13500","logger":"lta_common","filename":"lta_common.py","lineno":58}
{"timestamp":"2026-04-15T09:42:18.664542Z","level":"info","event":"STEP 4: processing page skip=13500 rows=500","logger":"unusual_prefix_faea391ec71b1d4b4651510353e4a48d62001c31_2_refresh_traffic_speed","filename":"2_refresh_traffic_speed.py","lineno":41}
{"timestamp":"2026-04-15T09:42:18.673584Z","level":"info","event":"[CLEAN DONE] rows=500 | null_speed_band=0 | null_minimum_speed=0 | null_maximum_speed=0","logger":"lta_common","filename":"lta_common.py","lineno":237}
{"timestamp":"2026-04-15T09:42:18.675205Z","level":"info","event":"STEP 5: built cleaned snapshot dataframe rows=500","logger":"unusual_prefix_faea391ec71b1d4b4651510353e4a48d62001c31_2_refresh_traffic_speed","filename":"2_refresh_traffic_speed.py","lineno":44}
{"timestamp":"2026-04-15T09:42:18.676004Z","level":"info","event":"[LATEST PREP] rows=500 | missing_measurement_rows=0","logger":"lta_common","filename":"lta_common.py","lineno":270}
{"timestamp":"2026-04-15T09:42:18.676929Z","level":"info","event":"[UPSERT START] upserting 500 rows into traffic_speed_latest","logger":"lta_common","filename":"lta_common.py","lineno":347}
{"timestamp":"2026-04-15T09:42:18.677335Z","level":"info","event":"[UPSERT DEBUG] max_link_id=21172 | min_link_id=20349 | max_speed_band=7 | min_speed_band=1 | max_minimum_speed=60 | min_minimum_speed=0 | max_maximum_speed=69 | min_maximum_speed=9","logger":"lta_common","filename":"lta_common.py","lineno":349}
{"timestamp":"2026-04-15T09:42:19.333657Z","level":"info","event":"[UPSERT DONE] upserted=500 rows into traffic_speed_latest","logger":"lta_common","filename":"lta_common.py","lineno":387}
{"timestamp":"2026-04-15T09:42:19.335210Z","level":"info","event":"[SAVE START] inserting 500 rows into traffic_speed_recent","logger":"lta_common","filename":"lta_common.py","lineno":318}
{"timestamp":"2026-04-15T09:42:19.828698Z","level":"info","event":"[SAVE DONE] inserted=500 rows into traffic_speed_recent","logger":"lta_common","filename":"lta_common.py","lineno":336}
{"timestamp":"2026-04-15T09:42:19.828861Z","level":"info","event":"STEP 6: page saved skip=13500 | pages=28 | latest_rows=14000 | recent_rows=14000","logger":"unusual_prefix_faea391ec71b1d4b4651510353e4a48d62001c31_2_refresh_traffic_speed","filename":"2_refresh_traffic_speed.py","lineno":56}
{"timestamp":"2026-04-15T09:42:19.829144Z","level":"info","event":"========== PAGE START ==========","logger":"lta_common","filename":"lta_common.py","lineno":52}
{"timestamp":"2026-04-15T09:42:19.829264Z","level":"info","event":"[FETCH] requesting rows 14000–14499","logger":"lta_common","filename":"lta_common.py","lineno":53}
{"timestamp":"2026-04-15T09:42:19.829363Z","level":"info","event":"Fetching page from LTA: skip=14000","logger":"lta_common","filename":"lta_common.py","lineno":35}
{"timestamp":"2026-04-15T09:42:20.328543Z","level":"info","event":"Retrieved 500 rows from LTA at skip=14000","logger":"lta_common","filename":"lta_common.py","lineno":43}
{"timestamp":"2026-04-15T09:42:20.330034Z","level":"info","event":"[FETCH DONE] retrieved=500 rows at skip=14000","logger":"lta_common","filename":"lta_common.py","lineno":58}
{"timestamp":"2026-04-15T09:42:20.330295Z","level":"info","event":"STEP 4: processing page skip=14000 rows=500","logger":"unusual_prefix_faea391ec71b1d4b4651510353e4a48d62001c31_2_refresh_traffic_speed","filename":"2_refresh_traffic_speed.py","lineno":41}
{"timestamp":"2026-04-15T09:42:20.337857Z","level":"warning","event":"[SANITIZE] link_id=21663 field=maximum_speed suspicious sentinel value=999 -> NULL","logger":"lta_common","filename":"lta_common.py","lineno":142}
{"timestamp":"2026-04-15T09:42:20.338713Z","level":"info","event":"[CLEAN DONE] rows=500 | null_speed_band=0 | null_minimum_speed=0 | null_maximum_speed=1","logger":"lta_common","filename":"lta_common.py","lineno":237}
{"timestamp":"2026-04-15T09:42:20.339697Z","level":"info","event":"STEP 5: built cleaned snapshot dataframe rows=500","logger":"unusual_prefix_faea391ec71b1d4b4651510353e4a48d62001c31_2_refresh_traffic_speed","filename":"2_refresh_traffic_speed.py","lineno":44}
{"timestamp":"2026-04-15T09:42:20.340079Z","level":"info","event":"[LATEST PREP] rows=500 | missing_measurement_rows=0","logger":"lta_common","filename":"lta_common.py","lineno":270}
{"timestamp":"2026-04-15T09:42:20.340339Z","level":"info","event":"[UPSERT START] upserting 500 rows into traffic_speed_latest","logger":"lta_common","filename":"lta_common.py","lineno":347}
{"timestamp":"2026-04-15T09:42:20.340639Z","level":"info","event":"[UPSERT DEBUG] max_link_id=21949 | min_link_id=21177 | max_speed_band=8 | min_speed_band=1 | max_minimum_speed=70 | min_minimum_speed=0 | max_maximum_speed=69.0 | min_maximum_speed=9.0","logger":"lta_common","filename":"lta_common.py","lineno":349}
{"timestamp":"2026-04-15T09:42:21.066002Z","level":"info","event":"[UPSERT DONE] upserted=500 rows into traffic_speed_latest","logger":"lta_common","filename":"lta_common.py","lineno":387}
{"timestamp":"2026-04-15T09:42:21.066807Z","level":"info","event":"[SAVE START] inserting 500 rows into traffic_speed_recent","logger":"lta_common","filename":"lta_common.py","lineno":318}
{"timestamp":"2026-04-15T09:42:21.763718Z","level":"info","event":"[SAVE DONE] inserted=500 rows into traffic_speed_recent","logger":"lta_common","filename":"lta_common.py","lineno":336}
{"timestamp":"2026-04-15T09:42:21.764492Z","level":"info","event":"STEP 6: page saved skip=14000 | pages=29 | latest_rows=14500 | recent_rows=14500","logger":"unusual_prefix_faea391ec71b1d4b4651510353e4a48d62001c31_2_refresh_traffic_speed","filename":"2_refresh_traffic_speed.py","lineno":56}
{"timestamp":"2026-04-15T09:42:21.765760Z","level":"info","event":"========== PAGE START ==========","logger":"lta_common","filename":"lta_common.py","lineno":52}
{"timestamp":"2026-04-15T09:42:21.766586Z","level":"info","event":"[FETCH] requesting rows 14500–14999","logger":"lta_common","filename":"lta_common.py","lineno":53}
{"timestamp":"2026-04-15T09:42:21.766717Z","level":"info","event":"Fetching page from LTA: skip=14500","logger":"lta_common","filename":"lta_common.py","lineno":35}
{"timestamp":"2026-04-15T09:42:22.195156Z","level":"info","event":"Retrieved 500 rows from LTA at skip=14500","logger":"lta_common","filename":"lta_common.py","lineno":43}
{"timestamp":"2026-04-15T09:42:22.201055Z","level":"info","event":"[FETCH DONE] retrieved=500 rows at skip=14500","logger":"lta_common","filename":"lta_common.py","lineno":58}
{"timestamp":"2026-04-15T09:42:22.202160Z","level":"info","event":"STEP 4: processing page skip=14500 rows=500","logger":"unusual_prefix_faea391ec71b1d4b4651510353e4a48d62001c31_2_refresh_traffic_speed","filename":"2_refresh_traffic_speed.py","lineno":41}
{"timestamp":"2026-04-15T09:42:22.218275Z","level":"warning","event":"[SANITIZE] link_id=22017 field=maximum_speed suspicious sentinel value=999 -> NULL","logger":"lta_common","filename":"lta_common.py","lineno":142}
{"timestamp":"2026-04-15T09:42:22.221296Z","level":"info","event":"[CLEAN DONE] rows=500 | null_speed_band=0 | null_minimum_speed=0 | null_maximum_speed=1","logger":"lta_common","filename":"lta_common.py","lineno":237}
{"timestamp":"2026-04-15T09:42:22.222858Z","level":"info","event":"STEP 5: built cleaned snapshot dataframe rows=500","logger":"unusual_prefix_faea391ec71b1d4b4651510353e4a48d62001c31_2_refresh_traffic_speed","filename":"2_refresh_traffic_speed.py","lineno":44}
{"timestamp":"2026-04-15T09:42:22.223410Z","level":"info","event":"[LATEST PREP] rows=500 | missing_measurement_rows=0","logger":"lta_common","filename":"lta_common.py","lineno":270}
{"timestamp":"2026-04-15T09:42:22.223801Z","level":"info","event":"[UPSERT START] upserting 500 rows into traffic_speed_latest","logger":"lta_common","filename":"lta_common.py","lineno":347}
{"timestamp":"2026-04-15T09:42:22.224258Z","level":"info","event":"[UPSERT DEBUG] max_link_id=22602 | min_link_id=21950 | max_speed_band=8 | min_speed_band=1 | max_minimum_speed=70 | min_minimum_speed=0 | max_maximum_speed=69.0 | min_maximum_speed=9.0","logger":"lta_common","filename":"lta_common.py","lineno":349}
{"timestamp":"2026-04-15T09:42:22.809348Z","level":"info","event":"[UPSERT DONE] upserted=500 rows into traffic_speed_latest","logger":"lta_common","filename":"lta_common.py","lineno":387}
{"timestamp":"2026-04-15T09:42:22.811386Z","level":"info","event":"[SAVE START] inserting 500 rows into traffic_speed_recent","logger":"lta_common","filename":"lta_common.py","lineno":318}
{"timestamp":"2026-04-15T09:42:23.484118Z","level":"info","event":"[SAVE DONE] inserted=500 rows into traffic_speed_recent","logger":"lta_common","filename":"lta_common.py","lineno":336}
{"timestamp":"2026-04-15T09:42:23.484621Z","level":"info","event":"STEP 6: page saved skip=14500 | pages=30 | latest_rows=15000 | recent_rows=15000","logger":"unusual_prefix_faea391ec71b1d4b4651510353e4a48d62001c31_2_refresh_traffic_speed","filename":"2_refresh_traffic_speed.py","lineno":56}
{"timestamp":"2026-04-15T09:42:23.484724Z","level":"info","event":"========== PAGE START ==========","logger":"lta_common","filename":"lta_common.py","lineno":52}
{"timestamp":"2026-04-15T09:42:23.484798Z","level":"info","event":"[FETCH] requesting rows 15000–15499","logger":"lta_common","filename":"lta_common.py","lineno":53}
{"timestamp":"2026-04-15T09:42:23.484913Z","level":"info","event":"Fetching page from LTA: skip=15000","logger":"lta_common","filename":"lta_common.py","lineno":35}
{"timestamp":"2026-04-15T09:42:23.873911Z","level":"info","event":"Retrieved 500 rows from LTA at skip=15000","logger":"lta_common","filename":"lta_common.py","lineno":43}
{"timestamp":"2026-04-15T09:42:23.878656Z","level":"info","event":"[FETCH DONE] retrieved=500 rows at skip=15000","logger":"lta_common","filename":"lta_common.py","lineno":58}
{"timestamp":"2026-04-15T09:42:23.879708Z","level":"info","event":"STEP 4: processing page skip=15000 rows=500","logger":"unusual_prefix_faea391ec71b1d4b4651510353e4a48d62001c31_2_refresh_traffic_speed","filename":"2_refresh_traffic_speed.py","lineno":41}
{"timestamp":"2026-04-15T09:42:23.896676Z","level":"warning","event":"[SANITIZE] link_id=22679 field=maximum_speed suspicious sentinel value=999 -> NULL","logger":"lta_common","filename":"lta_common.py","lineno":142}
{"timestamp":"2026-04-15T09:42:23.900358Z","level":"info","event":"[CLEAN DONE] rows=500 | null_speed_band=0 | null_minimum_speed=0 | null_maximum_speed=1","logger":"lta_common","filename":"lta_common.py","lineno":237}
{"timestamp":"2026-04-15T09:42:23.902056Z","level":"info","event":"STEP 5: built cleaned snapshot dataframe rows=500","logger":"unusual_prefix_faea391ec71b1d4b4651510353e4a48d62001c31_2_refresh_traffic_speed","filename":"2_refresh_traffic_speed.py","lineno":44}
{"timestamp":"2026-04-15T09:42:23.902687Z","level":"info","event":"[LATEST PREP] rows=500 | missing_measurement_rows=0","logger":"lta_common","filename":"lta_common.py","lineno":270}
{"timestamp":"2026-04-15T09:42:23.903100Z","level":"info","event":"[UPSERT START] upserting 500 rows into traffic_speed_latest","logger":"lta_common","filename":"lta_common.py","lineno":347}
{"timestamp":"2026-04-15T09:42:23.903608Z","level":"info","event":"[UPSERT DEBUG] max_link_id=23518 | min_link_id=22603 | max_speed_band=8 | min_speed_band=1 | max_minimum_speed=70 | min_minimum_speed=0 | max_maximum_speed=69.0 | min_maximum_speed=9.0","logger":"lta_common","filename":"lta_common.py","lineno":349}
{"timestamp":"2026-04-15T09:42:24.485623Z","level":"info","event":"[UPSERT DONE] upserted=500 rows into traffic_speed_latest","logger":"lta_common","filename":"lta_common.py","lineno":387}
{"timestamp":"2026-04-15T09:42:24.486027Z","level":"info","event":"[SAVE START] inserting 500 rows into traffic_speed_recent","logger":"lta_common","filename":"lta_common.py","lineno":318}
{"timestamp":"2026-04-15T09:42:25.170278Z","level":"info","event":"[SAVE DONE] inserted=500 rows into traffic_speed_recent","logger":"lta_common","filename":"lta_common.py","lineno":336}
{"timestamp":"2026-04-15T09:42:25.170394Z","level":"info","event":"STEP 6: page saved skip=15000 | pages=31 | latest_rows=15500 | recent_rows=15500","logger":"unusual_prefix_faea391ec71b1d4b4651510353e4a48d62001c31_2_refresh_traffic_speed","filename":"2_refresh_traffic_speed.py","lineno":56}
{"timestamp":"2026-04-15T09:42:25.170423Z","level":"info","event":"========== PAGE START ==========","logger":"lta_common","filename":"lta_common.py","lineno":52}
{"timestamp":"2026-04-15T09:42:25.170445Z","level":"info","event":"[FETCH] requesting rows 15500–15999","logger":"lta_common","filename":"lta_common.py","lineno":53}
{"timestamp":"2026-04-15T09:42:25.170473Z","level":"info","event":"Fetching page from LTA: skip=15500","logger":"lta_common","filename":"lta_common.py","lineno":35}
{"timestamp":"2026-04-15T09:42:25.591315Z","level":"info","event":"Retrieved 500 rows from LTA at skip=15500","logger":"lta_common","filename":"lta_common.py","lineno":43}
{"timestamp":"2026-04-15T09:42:25.595581Z","level":"info","event":"[FETCH DONE] retrieved=500 rows at skip=15500","logger":"lta_common","filename":"lta_common.py","lineno":58}
{"timestamp":"2026-04-15T09:42:25.596620Z","level":"info","event":"STEP 4: processing page skip=15500 rows=500","logger":"unusual_prefix_faea391ec71b1d4b4651510353e4a48d62001c31_2_refresh_traffic_speed","filename":"2_refresh_traffic_speed.py","lineno":41}
{"timestamp":"2026-04-15T09:42:25.612533Z","level":"info","event":"[CLEAN DONE] rows=500 | null_speed_band=0 | null_minimum_speed=0 | null_maximum_speed=0","logger":"lta_common","filename":"lta_common.py","lineno":237}
{"timestamp":"2026-04-15T09:42:25.613826Z","level":"info","event":"STEP 5: built cleaned snapshot dataframe rows=500","logger":"unusual_prefix_faea391ec71b1d4b4651510353e4a48d62001c31_2_refresh_traffic_speed","filename":"2_refresh_traffic_speed.py","lineno":44}
{"timestamp":"2026-04-15T09:42:25.614349Z","level":"info","event":"[LATEST PREP] rows=500 | missing_measurement_rows=0","logger":"lta_common","filename":"lta_common.py","lineno":270}
{"timestamp":"2026-04-15T09:42:25.614733Z","level":"info","event":"[UPSERT START] upserting 500 rows into traffic_speed_latest","logger":"lta_common","filename":"lta_common.py","lineno":347}
{"timestamp":"2026-04-15T09:42:25.615184Z","level":"info","event":"[UPSERT DEBUG] max_link_id=24311 | min_link_id=23519 | max_speed_band=7 | min_speed_band=1 | max_minimum_speed=60 | min_minimum_speed=0 | max_maximum_speed=69 | min_maximum_speed=9","logger":"lta_common","filename":"lta_common.py","lineno":349}
{"timestamp":"2026-04-15T09:42:26.205379Z","level":"info","event":"[UPSERT DONE] upserted=500 rows into traffic_speed_latest","logger":"lta_common","filename":"lta_common.py","lineno":387}
{"timestamp":"2026-04-15T09:42:26.206374Z","level":"info","event":"[SAVE START] inserting 500 rows into traffic_speed_recent","logger":"lta_common","filename":"lta_common.py","lineno":318}
{"timestamp":"2026-04-15T09:42:26.757162Z","level":"info","event":"[SAVE DONE] inserted=500 rows into traffic_speed_recent","logger":"lta_common","filename":"lta_common.py","lineno":336}
{"timestamp":"2026-04-15T09:42:26.757810Z","level":"info","event":"STEP 6: page saved skip=15500 | pages=32 | latest_rows=16000 | recent_rows=16000","logger":"unusual_prefix_faea391ec71b1d4b4651510353e4a48d62001c31_2_refresh_traffic_speed","filename":"2_refresh_traffic_speed.py","lineno":56}
{"timestamp":"2026-04-15T09:42:26.758100Z","level":"info","event":"========== PAGE START ==========","logger":"lta_common","filename":"lta_common.py","lineno":52}
{"timestamp":"2026-04-15T09:42:26.758279Z","level":"info","event":"[FETCH] requesting rows 16000–16499","logger":"lta_common","filename":"lta_common.py","lineno":53}
{"timestamp":"2026-04-15T09:42:26.758504Z","level":"info","event":"Fetching page from LTA: skip=16000","logger":"lta_common","filename":"lta_common.py","lineno":35}
{"timestamp":"2026-04-15T09:42:27.169981Z","level":"info","event":"Retrieved 500 rows from LTA at skip=16000","logger":"lta_common","filename":"lta_common.py","lineno":43}
{"timestamp":"2026-04-15T09:42:27.175038Z","level":"info","event":"[FETCH DONE] retrieved=500 rows at skip=16000","logger":"lta_common","filename":"lta_common.py","lineno":58}
{"timestamp":"2026-04-15T09:42:27.176277Z","level":"info","event":"STEP 4: processing page skip=16000 rows=500","logger":"unusual_prefix_faea391ec71b1d4b4651510353e4a48d62001c31_2_refresh_traffic_speed","filename":"2_refresh_traffic_speed.py","lineno":41}
{"timestamp":"2026-04-15T09:42:27.196798Z","level":"warning","event":"[SANITIZE] link_id=24614 field=maximum_speed suspicious sentinel value=999 -> NULL","logger":"lta_common","filename":"lta_common.py","lineno":142}
{"timestamp":"2026-04-15T09:42:27.197270Z","level":"warning","event":"[SANITIZE] link_id=24702 field=maximum_speed suspicious sentinel value=999 -> NULL","logger":"lta_common","filename":"lta_common.py","lineno":142}
{"timestamp":"2026-04-15T09:42:27.198438Z","level":"info","event":"[CLEAN DONE] rows=500 | null_speed_band=0 | null_minimum_speed=0 | null_maximum_speed=2","logger":"lta_common","filename":"lta_common.py","lineno":237}
{"timestamp":"2026-04-15T09:42:27.199805Z","level":"info","event":"STEP 5: built cleaned snapshot dataframe rows=500","logger":"unusual_prefix_faea391ec71b1d4b4651510353e4a48d62001c31_2_refresh_traffic_speed","filename":"2_refresh_traffic_speed.py","lineno":44}
{"timestamp":"2026-04-15T09:42:27.200324Z","level":"info","event":"[LATEST PREP] rows=500 | missing_measurement_rows=0","logger":"lta_common","filename":"lta_common.py","lineno":270}
{"timestamp":"2026-04-15T09:42:27.200767Z","level":"info","event":"[UPSERT START] upserting 500 rows into traffic_speed_latest","logger":"lta_common","filename":"lta_common.py","lineno":347}
{"timestamp":"2026-04-15T09:42:27.201227Z","level":"info","event":"[UPSERT DEBUG] max_link_id=24843 | min_link_id=24312 | max_speed_band=8 | min_speed_band=1 | max_minimum_speed=70 | min_minimum_speed=0 | max_maximum_speed=69.0 | min_maximum_speed=9.0","logger":"lta_common","filename":"lta_common.py","lineno":349}
{"timestamp":"2026-04-15T09:42:27.863349Z","level":"info","event":"[UPSERT DONE] upserted=500 rows into traffic_speed_latest","logger":"lta_common","filename":"lta_common.py","lineno":387}
{"timestamp":"2026-04-15T09:42:27.864779Z","level":"info","event":"[SAVE START] inserting 500 rows into traffic_speed_recent","logger":"lta_common","filename":"lta_common.py","lineno":318}
{"timestamp":"2026-04-15T09:42:28.610421Z","level":"info","event":"[SAVE DONE] inserted=500 rows into traffic_speed_recent","logger":"lta_common","filename":"lta_common.py","lineno":336}
{"timestamp":"2026-04-15T09:42:28.610523Z","level":"info","event":"STEP 6: page saved skip=16000 | pages=33 | latest_rows=16500 | recent_rows=16500","logger":"unusual_prefix_faea391ec71b1d4b4651510353e4a48d62001c31_2_refresh_traffic_speed","filename":"2_refresh_traffic_speed.py","lineno":56}
{"timestamp":"2026-04-15T09:42:28.610553Z","level":"info","event":"========== PAGE START ==========","logger":"lta_common","filename":"lta_common.py","lineno":52}
{"timestamp":"2026-04-15T09:42:28.610574Z","level":"info","event":"[FETCH] requesting rows 16500–16999","logger":"lta_common","filename":"lta_common.py","lineno":53}
{"timestamp":"2026-04-15T09:42:28.610602Z","level":"info","event":"Fetching page from LTA: skip=16500","logger":"lta_common","filename":"lta_common.py","lineno":35}
{"timestamp":"2026-04-15T09:42:29.027143Z","level":"info","event":"Retrieved 500 rows from LTA at skip=16500","logger":"lta_common","filename":"lta_common.py","lineno":43}
{"timestamp":"2026-04-15T09:42:29.028299Z","level":"info","event":"[FETCH DONE] retrieved=500 rows at skip=16500","logger":"lta_common","filename":"lta_common.py","lineno":58}
{"timestamp":"2026-04-15T09:42:29.028401Z","level":"info","event":"STEP 4: processing page skip=16500 rows=500","logger":"unusual_prefix_faea391ec71b1d4b4651510353e4a48d62001c31_2_refresh_traffic_speed","filename":"2_refresh_traffic_speed.py","lineno":41}
{"timestamp":"2026-04-15T09:42:29.034115Z","level":"warning","event":"[SANITIZE] link_id=24851 field=maximum_speed suspicious sentinel value=999 -> NULL","logger":"lta_common","filename":"lta_common.py","lineno":142}
{"timestamp":"2026-04-15T09:42:29.034163Z","level":"warning","event":"[SANITIZE] link_id=24852 field=maximum_speed suspicious sentinel value=999 -> NULL","logger":"lta_common","filename":"lta_common.py","lineno":142}
{"timestamp":"2026-04-15T09:42:29.034325Z","level":"warning","event":"[SANITIZE] link_id=24907 field=maximum_speed suspicious sentinel value=999 -> NULL","logger":"lta_common","filename":"lta_common.py","lineno":142}
{"timestamp":"2026-04-15T09:42:29.034552Z","level":"warning","event":"[SANITIZE] link_id=25001 field=maximum_speed suspicious sentinel value=999 -> NULL","logger":"lta_common","filename":"lta_common.py","lineno":142}
{"timestamp":"2026-04-15T09:42:29.034579Z","level":"warning","event":"[SANITIZE] link_id=25005 field=maximum_speed suspicious sentinel value=999 -> NULL","logger":"lta_common","filename":"lta_common.py","lineno":142}
{"timestamp":"2026-04-15T09:42:29.034600Z","level":"warning","event":"[SANITIZE] link_id=25006 field=maximum_speed suspicious sentinel value=999 -> NULL","logger":"lta_common","filename":"lta_common.py","lineno":142}
{"timestamp":"2026-04-15T09:42:29.034626Z","level":"warning","event":"[SANITIZE] link_id=25015 field=maximum_speed suspicious sentinel value=999 -> NULL","logger":"lta_common","filename":"lta_common.py","lineno":142}
{"timestamp":"2026-04-15T09:42:29.034654Z","level":"warning","event":"[SANITIZE] link_id=25019 field=maximum_speed suspicious sentinel value=999 -> NULL","logger":"lta_common","filename":"lta_common.py","lineno":142}
{"timestamp":"2026-04-15T09:42:29.034674Z","level":"warning","event":"[SANITIZE] link_id=25020 field=maximum_speed suspicious sentinel value=999 -> NULL","logger":"lta_common","filename":"lta_common.py","lineno":142}
{"timestamp":"2026-04-15T09:42:29.034695Z","level":"warning","event":"[SANITIZE] link_id=25021 field=maximum_speed suspicious sentinel value=999 -> NULL","logger":"lta_common","filename":"lta_common.py","lineno":142}
{"timestamp":"2026-04-15T09:42:29.034714Z","level":"warning","event":"[SANITIZE] link_id=25022 field=maximum_speed suspicious sentinel value=999 -> NULL","logger":"lta_common","filename":"lta_common.py","lineno":142}
{"timestamp":"2026-04-15T09:42:29.034735Z","level":"warning","event":"[SANITIZE] link_id=25023 field=maximum_speed suspicious sentinel value=999 -> NULL","logger":"lta_common","filename":"lta_common.py","lineno":142}
{"timestamp":"2026-04-15T09:42:29.034855Z","level":"warning","event":"[SANITIZE] link_id=25065 field=maximum_speed suspicious sentinel value=999 -> NULL","logger":"lta_common","filename":"lta_common.py","lineno":142}
{"timestamp":"2026-04-15T09:42:29.034876Z","level":"warning","event":"[SANITIZE] link_id=25066 field=maximum_speed suspicious sentinel value=999 -> NULL","logger":"lta_common","filename":"lta_common.py","lineno":142}
{"timestamp":"2026-04-15T09:42:29.035069Z","level":"warning","event":"[SANITIZE] link_id=25163 field=maximum_speed suspicious sentinel value=999 -> NULL","logger":"lta_common","filename":"lta_common.py","lineno":142}
{"timestamp":"2026-04-15T09:42:29.035097Z","level":"warning","event":"[SANITIZE] link_id=25168 field=maximum_speed suspicious sentinel value=999 -> NULL","logger":"lta_common","filename":"lta_common.py","lineno":142}
{"timestamp":"2026-04-15T09:42:29.035127Z","level":"warning","event":"[SANITIZE] link_id=25173 field=maximum_speed suspicious sentinel value=999 -> NULL","logger":"lta_common","filename":"lta_common.py","lineno":142}
{"timestamp":"2026-04-15T09:42:29.035199Z","level":"warning","event":"[SANITIZE] link_id=25202 field=maximum_speed suspicious sentinel value=999 -> NULL","logger":"lta_common","filename":"lta_common.py","lineno":142}
{"timestamp":"2026-04-15T09:42:29.035793Z","level":"warning","event":"[SANITIZE] link_id=25420 field=maximum_speed suspicious sentinel value=999 -> NULL","logger":"lta_common","filename":"lta_common.py","lineno":142}
{"timestamp":"2026-04-15T09:42:29.036170Z","level":"info","event":"[CLEAN DONE] rows=500 | null_speed_band=0 | null_minimum_speed=0 | null_maximum_speed=19","logger":"lta_common","filename":"lta_common.py","lineno":237}
{"timestamp":"2026-04-15T09:42:29.036896Z","level":"info","event":"STEP 5: built cleaned snapshot dataframe rows=500","logger":"unusual_prefix_faea391ec71b1d4b4651510353e4a48d62001c31_2_refresh_traffic_speed","filename":"2_refresh_traffic_speed.py","lineno":44}
{"timestamp":"2026-04-15T09:42:29.037172Z","level":"info","event":"[LATEST PREP] rows=500 | missing_measurement_rows=0","logger":"lta_common","filename":"lta_common.py","lineno":270}
{"timestamp":"2026-04-15T09:42:29.037406Z","level":"info","event":"[UPSERT START] upserting 500 rows into traffic_speed_latest","logger":"lta_common","filename":"lta_common.py","lineno":347}
{"timestamp":"2026-04-15T09:42:29.037660Z","level":"info","event":"[UPSERT DEBUG] max_link_id=25421 | min_link_id=24844 | max_speed_band=8 | min_speed_band=1 | max_minimum_speed=70 | min_minimum_speed=0 | max_maximum_speed=69.0 | min_maximum_speed=9.0","logger":"lta_common","filename":"lta_common.py","lineno":349}
{"timestamp":"2026-04-15T09:42:29.616473Z","level":"info","event":"[UPSERT DONE] upserted=500 rows into traffic_speed_latest","logger":"lta_common","filename":"lta_common.py","lineno":387}
{"timestamp":"2026-04-15T09:42:29.616915Z","level":"info","event":"[SAVE START] inserting 500 rows into traffic_speed_recent","logger":"lta_common","filename":"lta_common.py","lineno":318}
{"timestamp":"2026-04-15T09:42:30.289700Z","level":"info","event":"[SAVE DONE] inserted=500 rows into traffic_speed_recent","logger":"lta_common","filename":"lta_common.py","lineno":336}
{"timestamp":"2026-04-15T09:42:30.290216Z","level":"info","event":"STEP 6: page saved skip=16500 | pages=34 | latest_rows=17000 | recent_rows=17000","logger":"unusual_prefix_faea391ec71b1d4b4651510353e4a48d62001c31_2_refresh_traffic_speed","filename":"2_refresh_traffic_speed.py","lineno":56}
{"timestamp":"2026-04-15T09:42:30.290731Z","level":"info","event":"========== PAGE START ==========","logger":"lta_common","filename":"lta_common.py","lineno":52}
{"timestamp":"2026-04-15T09:42:30.290860Z","level":"info","event":"[FETCH] requesting rows 17000–17499","logger":"lta_common","filename":"lta_common.py","lineno":53}
{"timestamp":"2026-04-15T09:42:30.290979Z","level":"info","event":"Fetching page from LTA: skip=17000","logger":"lta_common","filename":"lta_common.py","lineno":35}
{"timestamp":"2026-04-15T09:42:30.713163Z","level":"info","event":"Retrieved 500 rows from LTA at skip=17000","logger":"lta_common","filename":"lta_common.py","lineno":43}
{"timestamp":"2026-04-15T09:42:30.718340Z","level":"info","event":"[FETCH DONE] retrieved=500 rows at skip=17000","logger":"lta_common","filename":"lta_common.py","lineno":58}
{"timestamp":"2026-04-15T09:42:30.719339Z","level":"info","event":"STEP 4: processing page skip=17000 rows=500","logger":"unusual_prefix_faea391ec71b1d4b4651510353e4a48d62001c31_2_refresh_traffic_speed","filename":"2_refresh_traffic_speed.py","lineno":41}
{"timestamp":"2026-04-15T09:42:30.734810Z","level":"error","event":"FAILED: name 'math' is not defined","logger":"unusual_prefix_faea391ec71b1d4b4651510353e4a48d62001c31_2_refresh_traffic_speed","filename":"2_refresh_traffic_speed.py","lineno":64}
{"timestamp":"2026-04-15T09:42:30.741717Z","level":"error","event":"Traceback (most recent call last):\n  File \"/opt/airflow/dags/2_refresh_traffic_speed.py\", line 43, in refresh_traffic_speed\n    snapshots_df = build_snapshots_df(df_page, collected_at)\n                   ^^^^^^^^^^^^^^^^^^^^^^^^^^^^^^^^^^^^^^^^^\n  File \"/opt/airflow/dags/lta_common.py\", line 228, in build_snapshots_df\n    snapshots_df[\"minimum_speed\"] = snapshots_df.apply(\n                                    ^^^^^^^^^^^^^^^^^^^\n  File \"/home/airflow/.local/lib/python3.12/site-packages/pandas/core/frame.py\", line 10401, in apply\n    return op.apply().__finalize__(self, method=\"apply\")\n           ^^^^^^^^^^\n  File \"/home/airflow/.local/lib/python3.12/site-packages/pandas/core/apply.py\", line 916, in apply\n    return self.apply_standard()\n           ^^^^^^^^^^^^^^^^^^^^^\n  File \"/home/airflow/.local/lib/python3.12/site-packages/pandas/core/apply.py\", line 1063, in apply_standard\n    results, res_index = self.apply_series_generator()\n                         ^^^^^^^^^^^^^^^^^^^^^^^^^^^^^\n  File \"/home/airflow/.local/lib/python3.12/site-packages/pandas/core/apply.py\", line 1081, in apply_series_generator\n    results[i] = self.func(v, *self.args, **self.kwargs)\n                 ^^^^^^^^^^^^^^^^^^^^^^^^^^^^^^^^^^^^^^^\n  File \"/opt/airflow/dags/lta_common.py\", line 229, in <lambda>\n    lambda row: _sanitize_speed_value(row[\"minimum_speed\"], \"minimum_speed\", row[\"link_id\"]),\n                ^^^^^^^^^^^^^^^^^^^^^^^^^^^^^^^^^^^^^^^^^^^^^^^^^^^^^^^^^^^^^^^^^^^^^^^^^^^^\n  File \"/opt/airflow/dags/lta_common.py\", line 115, in _sanitize_speed_value\n    if value is None or (isinstance(value, float) and math.isnan(value)):\n                                                      ^^^^\nNameError: name 'math' is not defined. Did you forget to import 'math'\n","logger":"unusual_prefix_faea391ec71b1d4b4651510353e4a48d62001c31_2_refresh_traffic_speed","filename":"2_refresh_traffic_speed.py","lineno":65}
{"timestamp":"2026-04-15T09:42:30.743152Z","level":"info","event":"Database connection closed","logger":"unusual_prefix_faea391ec71b1d4b4651510353e4a48d62001c31_2_refresh_traffic_speed","filename":"2_refresh_traffic_speed.py","lineno":71}
{"timestamp":"2026-04-15T09:42:30.744097Z","level":"error","event":"Task failed with exception","logger":"task","filename":"task_runner.py","lineno":1142,"error_detail":[{"exc_type":"NameError","exc_value":"name 'math' is not defined","exc_notes":[],"syntax_error":null,"is_cause":false,"frames":[{"filename":"/home/airflow/.local/lib/python3.12/site-packages/airflow/sdk/execution_time/task_runner.py","lineno":1068,"name":"run"},{"filename":"/home/airflow/.local/lib/python3.12/site-packages/airflow/sdk/execution_time/task_runner.py","lineno":1477,"name":"_execute_task"},{"filename":"/home/airflow/.local/lib/python3.12/site-packages/airflow/sdk/bases/operator.py","lineno":417,"name":"wrapper"},{"filename":"/home/airflow/.local/lib/python3.12/site-packages/airflow/providers/standard/operators/python.py","lineno":228,"name":"execute"},{"filename":"/home/airflow/.local/lib/python3.12/site-packages/airflow/providers/standard/operators/python.py","lineno":251,"name":"execute_callable"},{"filename":"/home/airflow/.local/lib/python3.12/site-packages/airflow/sdk/execution_time/callback_runner.py","lineno":82,"name":"run"},{"filename":"/opt/airflow/dags/2_refresh_traffic_speed.py","lineno":43,"name":"refresh_traffic_speed"},{"filename":"/opt/airflow/dags/lta_common.py","lineno":228,"name":"build_snapshots_df"},{"filename":"/home/airflow/.local/lib/python3.12/site-packages/pandas/core/frame.py","lineno":10401,"name":"apply"},{"filename":"/home/airflow/.local/lib/python3.12/site-packages/pandas/core/apply.py","lineno":916,"name":"apply"},{"filename":"/home/airflow/.local/lib/python3.12/site-packages/pandas/core/apply.py","lineno":1063,"name":"apply_standard"},{"filename":"/home/airflow/.local/lib/python3.12/site-packages/pandas/core/apply.py","lineno":1081,"name":"apply_series_generator"},{"filename":"/opt/airflow/dags/lta_common.py","lineno":229,"name":"<lambda>"},{"filename":"/opt/airflow/dags/lta_common.py","lineno":115,"name":"_sanitize_speed_value"}],"is_group":false,"exceptions":[]}]}
