{"timestamp":"2026-04-15T14:00:00.303026Z","level":"info","event":"DAG bundles loaded: dags-folder","logger":"airflow.dag_processing.bundles.manager.DagBundlesManager","filename":"manager.py","lineno":179}
{"timestamp":"2026-04-15T14:00:00.304082Z","level":"info","event":"Filling up the DagBag from /opt/airflow/dags/0_pipeline_master.py","logger":"airflow.models.dagbag.BundleDagBag","filename":"dagbag.py","lineno":593}
{"timestamp":"2026-04-15T14:00:00.642501Z","level":"warning","event":"The `airflow.operators.python.PythonOperator` attribute is deprecated. Please use `'airflow.providers.standard.operators.python.PythonOperator'`.","category":"DeprecatedImportWarning","filename":"/opt/airflow/dags/3_aggregate_traffic_speed_15min.py","lineno":2,"logger":"py.warnings"}
{"timestamp":"2026-04-15T14:00:00.642575Z","level":"warning","event":"The `airflow.operators.python.PythonOperator` attribute is deprecated. Please use `'airflow.providers.standard.operators.python.PythonOperator'`.","category":"DeprecatedImportWarning","filename":"/opt/airflow/dags/4_cleanup_recent_history.py","lineno":2,"logger":"py.warnings"}
{"timestamp":"2026-04-15T14:00:00.671405Z","level":"info","event":"STEP 1: start refresh_traffic_speed","logger":"2_refresh_traffic_speed","filename":"2_refresh_traffic_speed.py","lineno":29}
{"timestamp":"2026-04-15T14:00:01.339578Z","level":"info","event":"STEP 2: connected to Supabase","logger":"2_refresh_traffic_speed","filename":"2_refresh_traffic_speed.py","lineno":31}
{"timestamp":"2026-04-15T14:00:01.341215Z","level":"info","event":"STEP 3: snapshot timestamp = 2026-04-15 14:00:01.339692+00:00","logger":"2_refresh_traffic_speed","filename":"2_refresh_traffic_speed.py","lineno":34}
{"timestamp":"2026-04-15T14:00:01.341407Z","level":"info","event":"========== PAGE START ==========","logger":"lta_common","filename":"lta_common.py","lineno":53}
{"timestamp":"2026-04-15T14:00:01.341491Z","level":"info","event":"[FETCH] requesting rows 0–499","logger":"lta_common","filename":"lta_common.py","lineno":54}
{"timestamp":"2026-04-15T14:00:01.341924Z","level":"info","event":"Fetching page from LTA: skip=0","logger":"lta_common","filename":"lta_common.py","lineno":36}
{"timestamp":"2026-04-15T14:00:01.638949Z","level":"info","event":"Retrieved 500 rows from LTA at skip=0","logger":"lta_common","filename":"lta_common.py","lineno":44}
{"timestamp":"2026-04-15T14:00:01.642436Z","level":"info","event":"[FETCH DONE] retrieved=500 rows at skip=0","logger":"lta_common","filename":"lta_common.py","lineno":59}
{"timestamp":"2026-04-15T14:00:01.642576Z","level":"info","event":"STEP 4: processing page skip=0 rows=500","logger":"2_refresh_traffic_speed","filename":"2_refresh_traffic_speed.py","lineno":41}
{"timestamp":"2026-04-15T14:00:01.658798Z","level":"info","event":"[CLEAN DONE] rows=500 | null_speed_band=0 | null_minimum_speed=0 | null_maximum_speed=0","logger":"lta_common","filename":"lta_common.py","lineno":238}
{"timestamp":"2026-04-15T14:00:01.661167Z","level":"info","event":"STEP 5: built cleaned snapshot dataframe rows=500","logger":"2_refresh_traffic_speed","filename":"2_refresh_traffic_speed.py","lineno":44}
{"timestamp":"2026-04-15T14:00:01.661649Z","level":"info","event":"[LATEST PREP] rows=500 | missing_measurement_rows=0","logger":"lta_common","filename":"lta_common.py","lineno":271}
{"timestamp":"2026-04-15T14:00:01.661983Z","level":"info","event":"[UPSERT START] upserting 500 rows into traffic_speed_latest","logger":"lta_common","filename":"lta_common.py","lineno":348}
{"timestamp":"2026-04-15T14:00:01.662407Z","level":"info","event":"[UPSERT DEBUG] max_link_id=719 | min_link_id=2 | max_speed_band=7 | min_speed_band=1 | max_minimum_speed=60 | min_minimum_speed=0 | max_maximum_speed=69 | min_maximum_speed=9","logger":"lta_common","filename":"lta_common.py","lineno":350}
{"timestamp":"2026-04-15T14:00:02.110344Z","level":"info","event":"[UPSERT DONE] upserted=500 rows into traffic_speed_latest","logger":"lta_common","filename":"lta_common.py","lineno":388}
{"timestamp":"2026-04-15T14:00:02.112562Z","level":"info","event":"[SAVE START] inserting 500 rows into traffic_speed_recent","logger":"lta_common","filename":"lta_common.py","lineno":319}
{"timestamp":"2026-04-15T14:00:02.483756Z","level":"info","event":"[SAVE DONE] inserted=500 rows into traffic_speed_recent","logger":"lta_common","filename":"lta_common.py","lineno":337}
{"timestamp":"2026-04-15T14:00:02.484309Z","level":"info","event":"STEP 6: page saved skip=0 | pages=1 | latest_rows=500 | recent_rows=500","logger":"2_refresh_traffic_speed","filename":"2_refresh_traffic_speed.py","lineno":56}
{"timestamp":"2026-04-15T14:00:02.484489Z","level":"info","event":"========== PAGE START ==========","logger":"lta_common","filename":"lta_common.py","lineno":53}
{"timestamp":"2026-04-15T14:00:02.484608Z","level":"info","event":"[FETCH] requesting rows 500–999","logger":"lta_common","filename":"lta_common.py","lineno":54}
{"timestamp":"2026-04-15T14:00:02.484811Z","level":"info","event":"Fetching page from LTA: skip=500","logger":"lta_common","filename":"lta_common.py","lineno":36}
{"timestamp":"2026-04-15T14:00:02.788814Z","level":"info","event":"Retrieved 500 rows from LTA at skip=500","logger":"lta_common","filename":"lta_common.py","lineno":44}
{"timestamp":"2026-04-15T14:00:02.794812Z","level":"info","event":"[FETCH DONE] retrieved=500 rows at skip=500","logger":"lta_common","filename":"lta_common.py","lineno":59}
{"timestamp":"2026-04-15T14:00:02.795318Z","level":"info","event":"STEP 4: processing page skip=500 rows=500","logger":"2_refresh_traffic_speed","filename":"2_refresh_traffic_speed.py","lineno":41}
{"timestamp":"2026-04-15T14:00:02.816058Z","level":"info","event":"[CLEAN DONE] rows=500 | null_speed_band=0 | null_minimum_speed=0 | null_maximum_speed=0","logger":"lta_common","filename":"lta_common.py","lineno":238}
{"timestamp":"2026-04-15T14:00:02.817600Z","level":"info","event":"STEP 5: built cleaned snapshot dataframe rows=500","logger":"2_refresh_traffic_speed","filename":"2_refresh_traffic_speed.py","lineno":44}
{"timestamp":"2026-04-15T14:00:02.818212Z","level":"info","event":"[LATEST PREP] rows=500 | missing_measurement_rows=0","logger":"lta_common","filename":"lta_common.py","lineno":271}
{"timestamp":"2026-04-15T14:00:02.818597Z","level":"info","event":"[UPSERT START] upserting 500 rows into traffic_speed_latest","logger":"lta_common","filename":"lta_common.py","lineno":348}
{"timestamp":"2026-04-15T14:00:02.819058Z","level":"info","event":"[UPSERT DEBUG] max_link_id=1488 | min_link_id=720 | max_speed_band=6 | min_speed_band=1 | max_minimum_speed=50 | min_minimum_speed=0 | max_maximum_speed=59 | min_maximum_speed=9","logger":"lta_common","filename":"lta_common.py","lineno":350}
{"timestamp":"2026-04-15T14:00:03.143883Z","level":"info","event":"[UPSERT DONE] upserted=500 rows into traffic_speed_latest","logger":"lta_common","filename":"lta_common.py","lineno":388}
{"timestamp":"2026-04-15T14:00:03.145460Z","level":"info","event":"[SAVE START] inserting 500 rows into traffic_speed_recent","logger":"lta_common","filename":"lta_common.py","lineno":319}
{"timestamp":"2026-04-15T14:00:03.515169Z","level":"info","event":"[SAVE DONE] inserted=500 rows into traffic_speed_recent","logger":"lta_common","filename":"lta_common.py","lineno":337}
{"timestamp":"2026-04-15T14:00:03.515287Z","level":"info","event":"STEP 6: page saved skip=500 | pages=2 | latest_rows=1000 | recent_rows=1000","logger":"2_refresh_traffic_speed","filename":"2_refresh_traffic_speed.py","lineno":56}
{"timestamp":"2026-04-15T14:00:03.515324Z","level":"info","event":"========== PAGE START ==========","logger":"lta_common","filename":"lta_common.py","lineno":53}
{"timestamp":"2026-04-15T14:00:03.515348Z","level":"info","event":"[FETCH] requesting rows 1000–1499","logger":"lta_common","filename":"lta_common.py","lineno":54}
{"timestamp":"2026-04-15T14:00:03.515380Z","level":"info","event":"Fetching page from LTA: skip=1000","logger":"lta_common","filename":"lta_common.py","lineno":36}
{"timestamp":"2026-04-15T14:00:03.755298Z","level":"info","event":"Retrieved 500 rows from LTA at skip=1000","logger":"lta_common","filename":"lta_common.py","lineno":44}
{"timestamp":"2026-04-15T14:00:03.756742Z","level":"info","event":"[FETCH DONE] retrieved=500 rows at skip=1000","logger":"lta_common","filename":"lta_common.py","lineno":59}
{"timestamp":"2026-04-15T14:00:03.756856Z","level":"info","event":"STEP 4: processing page skip=1000 rows=500","logger":"2_refresh_traffic_speed","filename":"2_refresh_traffic_speed.py","lineno":41}
{"timestamp":"2026-04-15T14:00:03.765217Z","level":"info","event":"[CLEAN DONE] rows=500 | null_speed_band=0 | null_minimum_speed=0 | null_maximum_speed=0","logger":"lta_common","filename":"lta_common.py","lineno":238}
{"timestamp":"2026-04-15T14:00:03.766039Z","level":"info","event":"STEP 5: built cleaned snapshot dataframe rows=500","logger":"2_refresh_traffic_speed","filename":"2_refresh_traffic_speed.py","lineno":44}
{"timestamp":"2026-04-15T14:00:03.766392Z","level":"info","event":"[LATEST PREP] rows=500 | missing_measurement_rows=0","logger":"lta_common","filename":"lta_common.py","lineno":271}
{"timestamp":"2026-04-15T14:00:03.766624Z","level":"info","event":"[UPSERT START] upserting 500 rows into traffic_speed_latest","logger":"lta_common","filename":"lta_common.py","lineno":348}
{"timestamp":"2026-04-15T14:00:03.766917Z","level":"info","event":"[UPSERT DEBUG] max_link_id=2215 | min_link_id=1492 | max_speed_band=7 | min_speed_band=1 | max_minimum_speed=60 | min_minimum_speed=0 | max_maximum_speed=69 | min_maximum_speed=9","logger":"lta_common","filename":"lta_common.py","lineno":350}
{"timestamp":"2026-04-15T14:00:04.143726Z","level":"info","event":"[UPSERT DONE] upserted=500 rows into traffic_speed_latest","logger":"lta_common","filename":"lta_common.py","lineno":388}
{"timestamp":"2026-04-15T14:00:04.144658Z","level":"info","event":"[SAVE START] inserting 500 rows into traffic_speed_recent","logger":"lta_common","filename":"lta_common.py","lineno":319}
{"timestamp":"2026-04-15T14:00:04.491775Z","level":"info","event":"[SAVE DONE] inserted=500 rows into traffic_speed_recent","logger":"lta_common","filename":"lta_common.py","lineno":337}
{"timestamp":"2026-04-15T14:00:04.491945Z","level":"info","event":"STEP 6: page saved skip=1000 | pages=3 | latest_rows=1500 | recent_rows=1500","logger":"2_refresh_traffic_speed","filename":"2_refresh_traffic_speed.py","lineno":56}
{"timestamp":"2026-04-15T14:00:04.492001Z","level":"info","event":"========== PAGE START ==========","logger":"lta_common","filename":"lta_common.py","lineno":53}
{"timestamp":"2026-04-15T14:00:04.492043Z","level":"info","event":"[FETCH] requesting rows 1500–1999","logger":"lta_common","filename":"lta_common.py","lineno":54}
{"timestamp":"2026-04-15T14:00:04.492098Z","level":"info","event":"Fetching page from LTA: skip=1500","logger":"lta_common","filename":"lta_common.py","lineno":36}
{"timestamp":"2026-04-15T14:00:04.742115Z","level":"info","event":"Retrieved 500 rows from LTA at skip=1500","logger":"lta_common","filename":"lta_common.py","lineno":44}
{"timestamp":"2026-04-15T14:00:04.743693Z","level":"info","event":"[FETCH DONE] retrieved=500 rows at skip=1500","logger":"lta_common","filename":"lta_common.py","lineno":59}
{"timestamp":"2026-04-15T14:00:04.743857Z","level":"info","event":"STEP 4: processing page skip=1500 rows=500","logger":"2_refresh_traffic_speed","filename":"2_refresh_traffic_speed.py","lineno":41}
{"timestamp":"2026-04-15T14:00:04.752356Z","level":"info","event":"[CLEAN DONE] rows=500 | null_speed_band=0 | null_minimum_speed=0 | null_maximum_speed=0","logger":"lta_common","filename":"lta_common.py","lineno":238}
{"timestamp":"2026-04-15T14:00:04.753323Z","level":"info","event":"STEP 5: built cleaned snapshot dataframe rows=500","logger":"2_refresh_traffic_speed","filename":"2_refresh_traffic_speed.py","lineno":44}
{"timestamp":"2026-04-15T14:00:04.753706Z","level":"info","event":"[LATEST PREP] rows=500 | missing_measurement_rows=0","logger":"lta_common","filename":"lta_common.py","lineno":271}
{"timestamp":"2026-04-15T14:00:04.753961Z","level":"info","event":"[UPSERT START] upserting 500 rows into traffic_speed_latest","logger":"lta_common","filename":"lta_common.py","lineno":348}
{"timestamp":"2026-04-15T14:00:04.754289Z","level":"info","event":"[UPSERT DEBUG] max_link_id=3055 | min_link_id=2216 | max_speed_band=6 | min_speed_band=1 | max_minimum_speed=50 | min_minimum_speed=0 | max_maximum_speed=59 | min_maximum_speed=9","logger":"lta_common","filename":"lta_common.py","lineno":350}
{"timestamp":"2026-04-15T14:00:05.121723Z","level":"info","event":"[UPSERT DONE] upserted=500 rows into traffic_speed_latest","logger":"lta_common","filename":"lta_common.py","lineno":388}
{"timestamp":"2026-04-15T14:00:05.122171Z","level":"info","event":"[SAVE START] inserting 500 rows into traffic_speed_recent","logger":"lta_common","filename":"lta_common.py","lineno":319}
{"timestamp":"2026-04-15T14:00:05.467413Z","level":"info","event":"[SAVE DONE] inserted=500 rows into traffic_speed_recent","logger":"lta_common","filename":"lta_common.py","lineno":337}
{"timestamp":"2026-04-15T14:00:05.467527Z","level":"info","event":"STEP 6: page saved skip=1500 | pages=4 | latest_rows=2000 | recent_rows=2000","logger":"2_refresh_traffic_speed","filename":"2_refresh_traffic_speed.py","lineno":56}
{"timestamp":"2026-04-15T14:00:05.467557Z","level":"info","event":"========== PAGE START ==========","logger":"lta_common","filename":"lta_common.py","lineno":53}
{"timestamp":"2026-04-15T14:00:05.467578Z","level":"info","event":"[FETCH] requesting rows 2000–2499","logger":"lta_common","filename":"lta_common.py","lineno":54}
{"timestamp":"2026-04-15T14:00:05.467606Z","level":"info","event":"Fetching page from LTA: skip=2000","logger":"lta_common","filename":"lta_common.py","lineno":36}
{"timestamp":"2026-04-15T14:00:05.707698Z","level":"info","event":"Retrieved 500 rows from LTA at skip=2000","logger":"lta_common","filename":"lta_common.py","lineno":44}
{"timestamp":"2026-04-15T14:00:05.713662Z","level":"info","event":"[FETCH DONE] retrieved=500 rows at skip=2000","logger":"lta_common","filename":"lta_common.py","lineno":59}
{"timestamp":"2026-04-15T14:00:05.714146Z","level":"info","event":"STEP 4: processing page skip=2000 rows=500","logger":"2_refresh_traffic_speed","filename":"2_refresh_traffic_speed.py","lineno":41}
{"timestamp":"2026-04-15T14:00:05.731176Z","level":"info","event":"[CLEAN DONE] rows=500 | null_speed_band=0 | null_minimum_speed=0 | null_maximum_speed=0","logger":"lta_common","filename":"lta_common.py","lineno":238}
{"timestamp":"2026-04-15T14:00:05.732553Z","level":"info","event":"STEP 5: built cleaned snapshot dataframe rows=500","logger":"2_refresh_traffic_speed","filename":"2_refresh_traffic_speed.py","lineno":44}
{"timestamp":"2026-04-15T14:00:05.733079Z","level":"info","event":"[LATEST PREP] rows=500 | missing_measurement_rows=0","logger":"lta_common","filename":"lta_common.py","lineno":271}
{"timestamp":"2026-04-15T14:00:05.733452Z","level":"info","event":"[UPSERT START] upserting 500 rows into traffic_speed_latest","logger":"lta_common","filename":"lta_common.py","lineno":348}
{"timestamp":"2026-04-15T14:00:05.733905Z","level":"info","event":"[UPSERT DEBUG] max_link_id=4015 | min_link_id=3059 | max_speed_band=7 | min_speed_band=1 | max_minimum_speed=60 | min_minimum_speed=0 | max_maximum_speed=69 | min_maximum_speed=9","logger":"lta_common","filename":"lta_common.py","lineno":350}
{"timestamp":"2026-04-15T14:00:06.122779Z","level":"info","event":"[UPSERT DONE] upserted=500 rows into traffic_speed_latest","logger":"lta_common","filename":"lta_common.py","lineno":388}
{"timestamp":"2026-04-15T14:00:06.123615Z","level":"info","event":"[SAVE START] inserting 500 rows into traffic_speed_recent","logger":"lta_common","filename":"lta_common.py","lineno":319}
{"timestamp":"2026-04-15T14:00:06.476979Z","level":"info","event":"[SAVE DONE] inserted=500 rows into traffic_speed_recent","logger":"lta_common","filename":"lta_common.py","lineno":337}
{"timestamp":"2026-04-15T14:00:06.477502Z","level":"info","event":"STEP 6: page saved skip=2000 | pages=5 | latest_rows=2500 | recent_rows=2500","logger":"2_refresh_traffic_speed","filename":"2_refresh_traffic_speed.py","lineno":56}
{"timestamp":"2026-04-15T14:00:06.477608Z","level":"info","event":"========== PAGE START ==========","logger":"lta_common","filename":"lta_common.py","lineno":53}
{"timestamp":"2026-04-15T14:00:06.477673Z","level":"info","event":"[FETCH] requesting rows 2500–2999","logger":"lta_common","filename":"lta_common.py","lineno":54}
{"timestamp":"2026-04-15T14:00:06.477780Z","level":"info","event":"Fetching page from LTA: skip=2500","logger":"lta_common","filename":"lta_common.py","lineno":36}
{"timestamp":"2026-04-15T14:00:06.729945Z","level":"info","event":"Retrieved 500 rows from LTA at skip=2500","logger":"lta_common","filename":"lta_common.py","lineno":44}
{"timestamp":"2026-04-15T14:00:06.735633Z","level":"info","event":"[FETCH DONE] retrieved=500 rows at skip=2500","logger":"lta_common","filename":"lta_common.py","lineno":59}
{"timestamp":"2026-04-15T14:00:06.736720Z","level":"info","event":"STEP 4: processing page skip=2500 rows=500","logger":"2_refresh_traffic_speed","filename":"2_refresh_traffic_speed.py","lineno":41}
{"timestamp":"2026-04-15T14:00:06.753304Z","level":"warning","event":"[SANITIZE] link_id=4115 field=maximum_speed suspicious sentinel value=999 -> NULL","logger":"lta_common","filename":"lta_common.py","lineno":143}
{"timestamp":"2026-04-15T14:00:06.756321Z","level":"info","event":"[CLEAN DONE] rows=500 | null_speed_band=0 | null_minimum_speed=0 | null_maximum_speed=1","logger":"lta_common","filename":"lta_common.py","lineno":238}
{"timestamp":"2026-04-15T14:00:06.757834Z","level":"info","event":"STEP 5: built cleaned snapshot dataframe rows=500","logger":"2_refresh_traffic_speed","filename":"2_refresh_traffic_speed.py","lineno":44}
{"timestamp":"2026-04-15T14:00:06.758374Z","level":"info","event":"[LATEST PREP] rows=500 | missing_measurement_rows=0","logger":"lta_common","filename":"lta_common.py","lineno":271}
{"timestamp":"2026-04-15T14:00:06.758783Z","level":"info","event":"[UPSERT START] upserting 500 rows into traffic_speed_latest","logger":"lta_common","filename":"lta_common.py","lineno":348}
{"timestamp":"2026-04-15T14:00:06.759273Z","level":"info","event":"[UPSERT DEBUG] max_link_id=5041 | min_link_id=4016 | max_speed_band=8 | min_speed_band=1 | max_minimum_speed=70 | min_minimum_speed=0 | max_maximum_speed=69.0 | min_maximum_speed=9.0","logger":"lta_common","filename":"lta_common.py","lineno":350}
{"timestamp":"2026-04-15T14:00:07.129351Z","level":"info","event":"[UPSERT DONE] upserted=500 rows into traffic_speed_latest","logger":"lta_common","filename":"lta_common.py","lineno":388}
{"timestamp":"2026-04-15T14:00:07.129858Z","level":"info","event":"[SAVE START] inserting 500 rows into traffic_speed_recent","logger":"lta_common","filename":"lta_common.py","lineno":319}
{"timestamp":"2026-04-15T14:00:07.473481Z","level":"info","event":"[SAVE DONE] inserted=500 rows into traffic_speed_recent","logger":"lta_common","filename":"lta_common.py","lineno":337}
{"timestamp":"2026-04-15T14:00:07.473662Z","level":"info","event":"STEP 6: page saved skip=2500 | pages=6 | latest_rows=3000 | recent_rows=3000","logger":"2_refresh_traffic_speed","filename":"2_refresh_traffic_speed.py","lineno":56}
{"timestamp":"2026-04-15T14:00:07.473723Z","level":"info","event":"========== PAGE START ==========","logger":"lta_common","filename":"lta_common.py","lineno":53}
{"timestamp":"2026-04-15T14:00:07.473771Z","level":"info","event":"[FETCH] requesting rows 3000–3499","logger":"lta_common","filename":"lta_common.py","lineno":54}
{"timestamp":"2026-04-15T14:00:07.473831Z","level":"info","event":"Fetching page from LTA: skip=3000","logger":"lta_common","filename":"lta_common.py","lineno":36}
{"timestamp":"2026-04-15T14:00:07.710493Z","level":"info","event":"Retrieved 500 rows from LTA at skip=3000","logger":"lta_common","filename":"lta_common.py","lineno":44}
{"timestamp":"2026-04-15T14:00:07.716568Z","level":"info","event":"[FETCH DONE] retrieved=500 rows at skip=3000","logger":"lta_common","filename":"lta_common.py","lineno":59}
{"timestamp":"2026-04-15T14:00:07.717540Z","level":"info","event":"STEP 4: processing page skip=3000 rows=500","logger":"2_refresh_traffic_speed","filename":"2_refresh_traffic_speed.py","lineno":41}
{"timestamp":"2026-04-15T14:00:07.734441Z","level":"warning","event":"[SANITIZE] link_id=5081 field=maximum_speed suspicious sentinel value=999 -> NULL","logger":"lta_common","filename":"lta_common.py","lineno":143}
{"timestamp":"2026-04-15T14:00:07.737527Z","level":"info","event":"[CLEAN DONE] rows=500 | null_speed_band=0 | null_minimum_speed=0 | null_maximum_speed=1","logger":"lta_common","filename":"lta_common.py","lineno":238}
{"timestamp":"2026-04-15T14:00:07.739037Z","level":"info","event":"STEP 5: built cleaned snapshot dataframe rows=500","logger":"2_refresh_traffic_speed","filename":"2_refresh_traffic_speed.py","lineno":44}
{"timestamp":"2026-04-15T14:00:07.739541Z","level":"info","event":"[LATEST PREP] rows=500 | missing_measurement_rows=0","logger":"lta_common","filename":"lta_common.py","lineno":271}
{"timestamp":"2026-04-15T14:00:07.739926Z","level":"info","event":"[UPSERT START] upserting 500 rows into traffic_speed_latest","logger":"lta_common","filename":"lta_common.py","lineno":348}
{"timestamp":"2026-04-15T14:00:07.740428Z","level":"info","event":"[UPSERT DEBUG] max_link_id=5569 | min_link_id=5042 | max_speed_band=8 | min_speed_band=1 | max_minimum_speed=70 | min_minimum_speed=0 | max_maximum_speed=69.0 | min_maximum_speed=9.0","logger":"lta_common","filename":"lta_common.py","lineno":350}
{"timestamp":"2026-04-15T14:00:08.081418Z","level":"info","event":"[UPSERT DONE] upserted=500 rows into traffic_speed_latest","logger":"lta_common","filename":"lta_common.py","lineno":388}
{"timestamp":"2026-04-15T14:00:08.082581Z","level":"info","event":"[SAVE START] inserting 500 rows into traffic_speed_recent","logger":"lta_common","filename":"lta_common.py","lineno":319}
{"timestamp":"2026-04-15T14:00:08.422374Z","level":"info","event":"[SAVE DONE] inserted=500 rows into traffic_speed_recent","logger":"lta_common","filename":"lta_common.py","lineno":337}
{"timestamp":"2026-04-15T14:00:08.422842Z","level":"info","event":"STEP 6: page saved skip=3000 | pages=7 | latest_rows=3500 | recent_rows=3500","logger":"2_refresh_traffic_speed","filename":"2_refresh_traffic_speed.py","lineno":56}
{"timestamp":"2026-04-15T14:00:08.422935Z","level":"info","event":"========== PAGE START ==========","logger":"lta_common","filename":"lta_common.py","lineno":53}
{"timestamp":"2026-04-15T14:00:08.423086Z","level":"info","event":"[FETCH] requesting rows 3500–3999","logger":"lta_common","filename":"lta_common.py","lineno":54}
{"timestamp":"2026-04-15T14:00:08.423321Z","level":"info","event":"Fetching page from LTA: skip=3500","logger":"lta_common","filename":"lta_common.py","lineno":36}
{"timestamp":"2026-04-15T14:00:08.681587Z","level":"info","event":"Retrieved 500 rows from LTA at skip=3500","logger":"lta_common","filename":"lta_common.py","lineno":44}
{"timestamp":"2026-04-15T14:00:08.683170Z","level":"info","event":"[FETCH DONE] retrieved=500 rows at skip=3500","logger":"lta_common","filename":"lta_common.py","lineno":59}
{"timestamp":"2026-04-15T14:00:08.683444Z","level":"info","event":"STEP 4: processing page skip=3500 rows=500","logger":"2_refresh_traffic_speed","filename":"2_refresh_traffic_speed.py","lineno":41}
{"timestamp":"2026-04-15T14:00:08.693260Z","level":"warning","event":"[SANITIZE] link_id=5701 field=maximum_speed suspicious sentinel value=999 -> NULL","logger":"lta_common","filename":"lta_common.py","lineno":143}
{"timestamp":"2026-04-15T14:00:08.693461Z","level":"warning","event":"[SANITIZE] link_id=5706 field=maximum_speed suspicious sentinel value=999 -> NULL","logger":"lta_common","filename":"lta_common.py","lineno":143}
{"timestamp":"2026-04-15T14:00:08.693638Z","level":"warning","event":"[SANITIZE] link_id=5757 field=maximum_speed suspicious sentinel value=999 -> NULL","logger":"lta_common","filename":"lta_common.py","lineno":143}
{"timestamp":"2026-04-15T14:00:08.695198Z","level":"info","event":"[CLEAN DONE] rows=500 | null_speed_band=0 | null_minimum_speed=0 | null_maximum_speed=3","logger":"lta_common","filename":"lta_common.py","lineno":238}
{"timestamp":"2026-04-15T14:00:08.696275Z","level":"info","event":"STEP 5: built cleaned snapshot dataframe rows=500","logger":"2_refresh_traffic_speed","filename":"2_refresh_traffic_speed.py","lineno":44}
{"timestamp":"2026-04-15T14:00:08.696647Z","level":"info","event":"[LATEST PREP] rows=500 | missing_measurement_rows=0","logger":"lta_common","filename":"lta_common.py","lineno":271}
{"timestamp":"2026-04-15T14:00:08.696890Z","level":"info","event":"[UPSERT START] upserting 500 rows into traffic_speed_latest","logger":"lta_common","filename":"lta_common.py","lineno":348}
{"timestamp":"2026-04-15T14:00:08.697190Z","level":"info","event":"[UPSERT DEBUG] max_link_id=6101 | min_link_id=5570 | max_speed_band=8 | min_speed_band=1 | max_minimum_speed=70 | min_minimum_speed=0 | max_maximum_speed=69.0 | min_maximum_speed=9.0","logger":"lta_common","filename":"lta_common.py","lineno":350}
{"timestamp":"2026-04-15T14:00:09.071378Z","level":"info","event":"[UPSERT DONE] upserted=500 rows into traffic_speed_latest","logger":"lta_common","filename":"lta_common.py","lineno":388}
{"timestamp":"2026-04-15T14:00:09.071815Z","level":"info","event":"[SAVE START] inserting 500 rows into traffic_speed_recent","logger":"lta_common","filename":"lta_common.py","lineno":319}
{"timestamp":"2026-04-15T14:00:09.389531Z","level":"info","event":"[SAVE DONE] inserted=500 rows into traffic_speed_recent","logger":"lta_common","filename":"lta_common.py","lineno":337}
{"timestamp":"2026-04-15T14:00:09.389636Z","level":"info","event":"STEP 6: page saved skip=3500 | pages=8 | latest_rows=4000 | recent_rows=4000","logger":"2_refresh_traffic_speed","filename":"2_refresh_traffic_speed.py","lineno":56}
{"timestamp":"2026-04-15T14:00:09.389665Z","level":"info","event":"========== PAGE START ==========","logger":"lta_common","filename":"lta_common.py","lineno":53}
{"timestamp":"2026-04-15T14:00:09.389686Z","level":"info","event":"[FETCH] requesting rows 4000–4499","logger":"lta_common","filename":"lta_common.py","lineno":54}
{"timestamp":"2026-04-15T14:00:09.389715Z","level":"info","event":"Fetching page from LTA: skip=4000","logger":"lta_common","filename":"lta_common.py","lineno":36}
{"timestamp":"2026-04-15T14:00:09.620020Z","level":"info","event":"Retrieved 500 rows from LTA at skip=4000","logger":"lta_common","filename":"lta_common.py","lineno":44}
{"timestamp":"2026-04-15T14:00:09.621108Z","level":"info","event":"[FETCH DONE] retrieved=500 rows at skip=4000","logger":"lta_common","filename":"lta_common.py","lineno":59}
{"timestamp":"2026-04-15T14:00:09.621310Z","level":"info","event":"STEP 4: processing page skip=4000 rows=500","logger":"2_refresh_traffic_speed","filename":"2_refresh_traffic_speed.py","lineno":41}
{"timestamp":"2026-04-15T14:00:09.628319Z","level":"warning","event":"[SANITIZE] link_id=6545 field=maximum_speed suspicious sentinel value=999 -> NULL","logger":"lta_common","filename":"lta_common.py","lineno":143}
{"timestamp":"2026-04-15T14:00:09.628539Z","level":"warning","event":"[SANITIZE] link_id=6673 field=maximum_speed suspicious sentinel value=999 -> NULL","logger":"lta_common","filename":"lta_common.py","lineno":143}
{"timestamp":"2026-04-15T14:00:09.628915Z","level":"info","event":"[CLEAN DONE] rows=500 | null_speed_band=0 | null_minimum_speed=0 | null_maximum_speed=2","logger":"lta_common","filename":"lta_common.py","lineno":238}
{"timestamp":"2026-04-15T14:00:09.629637Z","level":"info","event":"STEP 5: built cleaned snapshot dataframe rows=500","logger":"2_refresh_traffic_speed","filename":"2_refresh_traffic_speed.py","lineno":44}
{"timestamp":"2026-04-15T14:00:09.629913Z","level":"info","event":"[LATEST PREP] rows=500 | missing_measurement_rows=0","logger":"lta_common","filename":"lta_common.py","lineno":271}
{"timestamp":"2026-04-15T14:00:09.630142Z","level":"info","event":"[UPSERT START] upserting 500 rows into traffic_speed_latest","logger":"lta_common","filename":"lta_common.py","lineno":348}
{"timestamp":"2026-04-15T14:00:09.630397Z","level":"info","event":"[UPSERT DEBUG] max_link_id=6694 | min_link_id=6102 | max_speed_band=8 | min_speed_band=1 | max_minimum_speed=70 | min_minimum_speed=0 | max_maximum_speed=69.0 | min_maximum_speed=9.0","logger":"lta_common","filename":"lta_common.py","lineno":350}
{"timestamp":"2026-04-15T14:00:10.000289Z","level":"info","event":"[UPSERT DONE] upserted=500 rows into traffic_speed_latest","logger":"lta_common","filename":"lta_common.py","lineno":388}
{"timestamp":"2026-04-15T14:00:10.000761Z","level":"info","event":"[SAVE START] inserting 500 rows into traffic_speed_recent","logger":"lta_common","filename":"lta_common.py","lineno":319}
{"timestamp":"2026-04-15T14:00:10.337616Z","level":"info","event":"[SAVE DONE] inserted=500 rows into traffic_speed_recent","logger":"lta_common","filename":"lta_common.py","lineno":337}
{"timestamp":"2026-04-15T14:00:10.338115Z","level":"info","event":"STEP 6: page saved skip=4000 | pages=9 | latest_rows=4500 | recent_rows=4500","logger":"2_refresh_traffic_speed","filename":"2_refresh_traffic_speed.py","lineno":56}
{"timestamp":"2026-04-15T14:00:10.338310Z","level":"info","event":"========== PAGE START ==========","logger":"lta_common","filename":"lta_common.py","lineno":53}
{"timestamp":"2026-04-15T14:00:10.338445Z","level":"info","event":"[FETCH] requesting rows 4500–4999","logger":"lta_common","filename":"lta_common.py","lineno":54}
{"timestamp":"2026-04-15T14:00:10.338623Z","level":"info","event":"Fetching page from LTA: skip=4500","logger":"lta_common","filename":"lta_common.py","lineno":36}
{"timestamp":"2026-04-15T14:00:10.663865Z","level":"info","event":"Retrieved 500 rows from LTA at skip=4500","logger":"lta_common","filename":"lta_common.py","lineno":44}
{"timestamp":"2026-04-15T14:00:10.665262Z","level":"info","event":"[FETCH DONE] retrieved=500 rows at skip=4500","logger":"lta_common","filename":"lta_common.py","lineno":59}
{"timestamp":"2026-04-15T14:00:10.665365Z","level":"info","event":"STEP 4: processing page skip=4500 rows=500","logger":"2_refresh_traffic_speed","filename":"2_refresh_traffic_speed.py","lineno":41}
{"timestamp":"2026-04-15T14:00:10.673234Z","level":"info","event":"[CLEAN DONE] rows=500 | null_speed_band=0 | null_minimum_speed=0 | null_maximum_speed=0","logger":"lta_common","filename":"lta_common.py","lineno":238}
{"timestamp":"2026-04-15T14:00:10.673999Z","level":"info","event":"STEP 5: built cleaned snapshot dataframe rows=500","logger":"2_refresh_traffic_speed","filename":"2_refresh_traffic_speed.py","lineno":44}
{"timestamp":"2026-04-15T14:00:10.674313Z","level":"info","event":"[LATEST PREP] rows=500 | missing_measurement_rows=0","logger":"lta_common","filename":"lta_common.py","lineno":271}
{"timestamp":"2026-04-15T14:00:10.674536Z","level":"info","event":"[UPSERT START] upserting 500 rows into traffic_speed_latest","logger":"lta_common","filename":"lta_common.py","lineno":348}
{"timestamp":"2026-04-15T14:00:10.674805Z","level":"info","event":"[UPSERT DEBUG] max_link_id=7256 | min_link_id=6695 | max_speed_band=7 | min_speed_band=1 | max_minimum_speed=60 | min_minimum_speed=0 | max_maximum_speed=69 | min_maximum_speed=9","logger":"lta_common","filename":"lta_common.py","lineno":350}
{"timestamp":"2026-04-15T14:00:11.037104Z","level":"info","event":"[UPSERT DONE] upserted=500 rows into traffic_speed_latest","logger":"lta_common","filename":"lta_common.py","lineno":388}
{"timestamp":"2026-04-15T14:00:11.037488Z","level":"info","event":"[SAVE START] inserting 500 rows into traffic_speed_recent","logger":"lta_common","filename":"lta_common.py","lineno":319}
{"timestamp":"2026-04-15T14:00:11.367266Z","level":"info","event":"[SAVE DONE] inserted=500 rows into traffic_speed_recent","logger":"lta_common","filename":"lta_common.py","lineno":337}
{"timestamp":"2026-04-15T14:00:11.367356Z","level":"info","event":"STEP 6: page saved skip=4500 | pages=10 | latest_rows=5000 | recent_rows=5000","logger":"2_refresh_traffic_speed","filename":"2_refresh_traffic_speed.py","lineno":56}
{"timestamp":"2026-04-15T14:00:11.367384Z","level":"info","event":"========== PAGE START ==========","logger":"lta_common","filename":"lta_common.py","lineno":53}
{"timestamp":"2026-04-15T14:00:11.367406Z","level":"info","event":"[FETCH] requesting rows 5000–5499","logger":"lta_common","filename":"lta_common.py","lineno":54}
{"timestamp":"2026-04-15T14:00:11.367432Z","level":"info","event":"Fetching page from LTA: skip=5000","logger":"lta_common","filename":"lta_common.py","lineno":36}
{"timestamp":"2026-04-15T14:00:11.608215Z","level":"info","event":"Retrieved 500 rows from LTA at skip=5000","logger":"lta_common","filename":"lta_common.py","lineno":44}
{"timestamp":"2026-04-15T14:00:11.609600Z","level":"info","event":"[FETCH DONE] retrieved=500 rows at skip=5000","logger":"lta_common","filename":"lta_common.py","lineno":59}
{"timestamp":"2026-04-15T14:00:11.609740Z","level":"info","event":"STEP 4: processing page skip=5000 rows=500","logger":"2_refresh_traffic_speed","filename":"2_refresh_traffic_speed.py","lineno":41}
{"timestamp":"2026-04-15T14:00:11.618191Z","level":"info","event":"[CLEAN DONE] rows=500 | null_speed_band=0 | null_minimum_speed=0 | null_maximum_speed=0","logger":"lta_common","filename":"lta_common.py","lineno":238}
{"timestamp":"2026-04-15T14:00:11.618968Z","level":"info","event":"STEP 5: built cleaned snapshot dataframe rows=500","logger":"2_refresh_traffic_speed","filename":"2_refresh_traffic_speed.py","lineno":44}
{"timestamp":"2026-04-15T14:00:11.619272Z","level":"info","event":"[LATEST PREP] rows=500 | missing_measurement_rows=0","logger":"lta_common","filename":"lta_common.py","lineno":271}
{"timestamp":"2026-04-15T14:00:11.619515Z","level":"info","event":"[UPSERT START] upserting 500 rows into traffic_speed_latest","logger":"lta_common","filename":"lta_common.py","lineno":348}
{"timestamp":"2026-04-15T14:00:11.619815Z","level":"info","event":"[UPSERT DEBUG] max_link_id=8130 | min_link_id=7257 | max_speed_band=7 | min_speed_band=1 | max_minimum_speed=60 | min_minimum_speed=0 | max_maximum_speed=69 | min_maximum_speed=9","logger":"lta_common","filename":"lta_common.py","lineno":350}
{"timestamp":"2026-04-15T14:00:11.996254Z","level":"info","event":"[UPSERT DONE] upserted=500 rows into traffic_speed_latest","logger":"lta_common","filename":"lta_common.py","lineno":388}
{"timestamp":"2026-04-15T14:00:11.998419Z","level":"info","event":"[SAVE START] inserting 500 rows into traffic_speed_recent","logger":"lta_common","filename":"lta_common.py","lineno":319}
{"timestamp":"2026-04-15T14:00:12.342362Z","level":"info","event":"[SAVE DONE] inserted=500 rows into traffic_speed_recent","logger":"lta_common","filename":"lta_common.py","lineno":337}
{"timestamp":"2026-04-15T14:00:12.342763Z","level":"info","event":"STEP 6: page saved skip=5000 | pages=11 | latest_rows=5500 | recent_rows=5500","logger":"2_refresh_traffic_speed","filename":"2_refresh_traffic_speed.py","lineno":56}
{"timestamp":"2026-04-15T14:00:12.342888Z","level":"info","event":"========== PAGE START ==========","logger":"lta_common","filename":"lta_common.py","lineno":53}
{"timestamp":"2026-04-15T14:00:12.343006Z","level":"info","event":"[FETCH] requesting rows 5500–5999","logger":"lta_common","filename":"lta_common.py","lineno":54}
{"timestamp":"2026-04-15T14:00:12.343113Z","level":"info","event":"Fetching page from LTA: skip=5500","logger":"lta_common","filename":"lta_common.py","lineno":36}
{"timestamp":"2026-04-15T14:00:12.607574Z","level":"info","event":"Retrieved 500 rows from LTA at skip=5500","logger":"lta_common","filename":"lta_common.py","lineno":44}
{"timestamp":"2026-04-15T14:00:12.612898Z","level":"info","event":"[FETCH DONE] retrieved=500 rows at skip=5500","logger":"lta_common","filename":"lta_common.py","lineno":59}
{"timestamp":"2026-04-15T14:00:12.613851Z","level":"info","event":"STEP 4: processing page skip=5500 rows=500","logger":"2_refresh_traffic_speed","filename":"2_refresh_traffic_speed.py","lineno":41}
{"timestamp":"2026-04-15T14:00:12.631381Z","level":"warning","event":"[SANITIZE] link_id=8688 field=maximum_speed suspicious sentinel value=999 -> NULL","logger":"lta_common","filename":"lta_common.py","lineno":143}
{"timestamp":"2026-04-15T14:00:12.633084Z","level":"info","event":"[CLEAN DONE] rows=500 | null_speed_band=0 | null_minimum_speed=0 | null_maximum_speed=1","logger":"lta_common","filename":"lta_common.py","lineno":238}
{"timestamp":"2026-04-15T14:00:12.634757Z","level":"info","event":"STEP 5: built cleaned snapshot dataframe rows=500","logger":"2_refresh_traffic_speed","filename":"2_refresh_traffic_speed.py","lineno":44}
{"timestamp":"2026-04-15T14:00:12.635301Z","level":"info","event":"[LATEST PREP] rows=500 | missing_measurement_rows=0","logger":"lta_common","filename":"lta_common.py","lineno":271}
{"timestamp":"2026-04-15T14:00:12.635707Z","level":"info","event":"[UPSERT START] upserting 500 rows into traffic_speed_latest","logger":"lta_common","filename":"lta_common.py","lineno":348}
{"timestamp":"2026-04-15T14:00:12.636197Z","level":"info","event":"[UPSERT DEBUG] max_link_id=8918 | min_link_id=8131 | max_speed_band=8 | min_speed_band=1 | max_minimum_speed=70 | min_minimum_speed=0 | max_maximum_speed=69.0 | min_maximum_speed=9.0","logger":"lta_common","filename":"lta_common.py","lineno":350}
{"timestamp":"2026-04-15T14:00:12.997572Z","level":"info","event":"[UPSERT DONE] upserted=500 rows into traffic_speed_latest","logger":"lta_common","filename":"lta_common.py","lineno":388}
{"timestamp":"2026-04-15T14:00:12.999547Z","level":"info","event":"[SAVE START] inserting 500 rows into traffic_speed_recent","logger":"lta_common","filename":"lta_common.py","lineno":319}
{"timestamp":"2026-04-15T14:00:13.355029Z","level":"info","event":"[SAVE DONE] inserted=500 rows into traffic_speed_recent","logger":"lta_common","filename":"lta_common.py","lineno":337}
{"timestamp":"2026-04-15T14:00:13.355162Z","level":"info","event":"STEP 6: page saved skip=5500 | pages=12 | latest_rows=6000 | recent_rows=6000","logger":"2_refresh_traffic_speed","filename":"2_refresh_traffic_speed.py","lineno":56}
{"timestamp":"2026-04-15T14:00:13.355210Z","level":"info","event":"========== PAGE START ==========","logger":"lta_common","filename":"lta_common.py","lineno":53}
{"timestamp":"2026-04-15T14:00:13.355244Z","level":"info","event":"[FETCH] requesting rows 6000–6499","logger":"lta_common","filename":"lta_common.py","lineno":54}
{"timestamp":"2026-04-15T14:00:13.355289Z","level":"info","event":"Fetching page from LTA: skip=6000","logger":"lta_common","filename":"lta_common.py","lineno":36}
{"timestamp":"2026-04-15T14:00:13.570532Z","level":"info","event":"Retrieved 500 rows from LTA at skip=6000","logger":"lta_common","filename":"lta_common.py","lineno":44}
{"timestamp":"2026-04-15T14:00:13.571670Z","level":"info","event":"[FETCH DONE] retrieved=500 rows at skip=6000","logger":"lta_common","filename":"lta_common.py","lineno":59}
{"timestamp":"2026-04-15T14:00:13.571873Z","level":"info","event":"STEP 4: processing page skip=6000 rows=500","logger":"2_refresh_traffic_speed","filename":"2_refresh_traffic_speed.py","lineno":41}
{"timestamp":"2026-04-15T14:00:13.578439Z","level":"warning","event":"[SANITIZE] link_id=8972 field=maximum_speed suspicious sentinel value=999 -> NULL","logger":"lta_common","filename":"lta_common.py","lineno":143}
{"timestamp":"2026-04-15T14:00:13.580014Z","level":"info","event":"[CLEAN DONE] rows=500 | null_speed_band=0 | null_minimum_speed=0 | null_maximum_speed=1","logger":"lta_common","filename":"lta_common.py","lineno":238}
{"timestamp":"2026-04-15T14:00:13.580774Z","level":"info","event":"STEP 5: built cleaned snapshot dataframe rows=500","logger":"2_refresh_traffic_speed","filename":"2_refresh_traffic_speed.py","lineno":44}
{"timestamp":"2026-04-15T14:00:13.581084Z","level":"info","event":"[LATEST PREP] rows=500 | missing_measurement_rows=0","logger":"lta_common","filename":"lta_common.py","lineno":271}
{"timestamp":"2026-04-15T14:00:13.581309Z","level":"info","event":"[UPSERT START] upserting 500 rows into traffic_speed_latest","logger":"lta_common","filename":"lta_common.py","lineno":348}
{"timestamp":"2026-04-15T14:00:13.581570Z","level":"info","event":"[UPSERT DEBUG] max_link_id=9667 | min_link_id=8919 | max_speed_band=8 | min_speed_band=1 | max_minimum_speed=70 | min_minimum_speed=0 | max_maximum_speed=69.0 | min_maximum_speed=9.0","logger":"lta_common","filename":"lta_common.py","lineno":350}
{"timestamp":"2026-04-15T14:00:13.920642Z","level":"info","event":"[UPSERT DONE] upserted=500 rows into traffic_speed_latest","logger":"lta_common","filename":"lta_common.py","lineno":388}
{"timestamp":"2026-04-15T14:00:13.921257Z","level":"info","event":"[SAVE START] inserting 500 rows into traffic_speed_recent","logger":"lta_common","filename":"lta_common.py","lineno":319}
{"timestamp":"2026-04-15T14:00:14.245057Z","level":"info","event":"[SAVE DONE] inserted=500 rows into traffic_speed_recent","logger":"lta_common","filename":"lta_common.py","lineno":337}
{"timestamp":"2026-04-15T14:00:14.245168Z","level":"info","event":"STEP 6: page saved skip=6000 | pages=13 | latest_rows=6500 | recent_rows=6500","logger":"2_refresh_traffic_speed","filename":"2_refresh_traffic_speed.py","lineno":56}
{"timestamp":"2026-04-15T14:00:14.245200Z","level":"info","event":"========== PAGE START ==========","logger":"lta_common","filename":"lta_common.py","lineno":53}
{"timestamp":"2026-04-15T14:00:14.245221Z","level":"info","event":"[FETCH] requesting rows 6500–6999","logger":"lta_common","filename":"lta_common.py","lineno":54}
{"timestamp":"2026-04-15T14:00:14.245250Z","level":"info","event":"Fetching page from LTA: skip=6500","logger":"lta_common","filename":"lta_common.py","lineno":36}
{"timestamp":"2026-04-15T14:00:14.470156Z","level":"info","event":"Retrieved 500 rows from LTA at skip=6500","logger":"lta_common","filename":"lta_common.py","lineno":44}
{"timestamp":"2026-04-15T14:00:14.471420Z","level":"info","event":"[FETCH DONE] retrieved=500 rows at skip=6500","logger":"lta_common","filename":"lta_common.py","lineno":59}
{"timestamp":"2026-04-15T14:00:14.471642Z","level":"info","event":"STEP 4: processing page skip=6500 rows=500","logger":"2_refresh_traffic_speed","filename":"2_refresh_traffic_speed.py","lineno":41}
{"timestamp":"2026-04-15T14:00:14.478265Z","level":"warning","event":"[SANITIZE] link_id=10024 field=maximum_speed suspicious sentinel value=999 -> NULL","logger":"lta_common","filename":"lta_common.py","lineno":143}
{"timestamp":"2026-04-15T14:00:14.478335Z","level":"warning","event":"[SANITIZE] link_id=10025 field=maximum_speed suspicious sentinel value=999 -> NULL","logger":"lta_common","filename":"lta_common.py","lineno":143}
{"timestamp":"2026-04-15T14:00:14.478372Z","level":"warning","event":"[SANITIZE] link_id=10029 field=maximum_speed suspicious sentinel value=999 -> NULL","logger":"lta_common","filename":"lta_common.py","lineno":143}
{"timestamp":"2026-04-15T14:00:14.478905Z","level":"warning","event":"[SANITIZE] link_id=10422 field=maximum_speed suspicious sentinel value=999 -> NULL","logger":"lta_common","filename":"lta_common.py","lineno":143}
{"timestamp":"2026-04-15T14:00:14.479441Z","level":"info","event":"[CLEAN DONE] rows=500 | null_speed_band=0 | null_minimum_speed=0 | null_maximum_speed=4","logger":"lta_common","filename":"lta_common.py","lineno":238}
{"timestamp":"2026-04-15T14:00:14.480215Z","level":"info","event":"STEP 5: built cleaned snapshot dataframe rows=500","logger":"2_refresh_traffic_speed","filename":"2_refresh_traffic_speed.py","lineno":44}
{"timestamp":"2026-04-15T14:00:14.480543Z","level":"info","event":"[LATEST PREP] rows=500 | missing_measurement_rows=0","logger":"lta_common","filename":"lta_common.py","lineno":271}
{"timestamp":"2026-04-15T14:00:14.480783Z","level":"info","event":"[UPSERT START] upserting 500 rows into traffic_speed_latest","logger":"lta_common","filename":"lta_common.py","lineno":348}
{"timestamp":"2026-04-15T14:00:14.481068Z","level":"info","event":"[UPSERT DEBUG] max_link_id=10530 | min_link_id=9669 | max_speed_band=8 | min_speed_band=1 | max_minimum_speed=70 | min_minimum_speed=0 | max_maximum_speed=69.0 | min_maximum_speed=9.0","logger":"lta_common","filename":"lta_common.py","lineno":350}
{"timestamp":"2026-04-15T14:00:14.827436Z","level":"info","event":"[UPSERT DONE] upserted=500 rows into traffic_speed_latest","logger":"lta_common","filename":"lta_common.py","lineno":388}
{"timestamp":"2026-04-15T14:00:14.828118Z","level":"info","event":"[SAVE START] inserting 500 rows into traffic_speed_recent","logger":"lta_common","filename":"lta_common.py","lineno":319}
{"timestamp":"2026-04-15T14:00:15.168735Z","level":"info","event":"[SAVE DONE] inserted=500 rows into traffic_speed_recent","logger":"lta_common","filename":"lta_common.py","lineno":337}
{"timestamp":"2026-04-15T14:00:15.169032Z","level":"info","event":"STEP 6: page saved skip=6500 | pages=14 | latest_rows=7000 | recent_rows=7000","logger":"2_refresh_traffic_speed","filename":"2_refresh_traffic_speed.py","lineno":56}
{"timestamp":"2026-04-15T14:00:15.169080Z","level":"info","event":"========== PAGE START ==========","logger":"lta_common","filename":"lta_common.py","lineno":53}
{"timestamp":"2026-04-15T14:00:15.169112Z","level":"info","event":"[FETCH] requesting rows 7000–7499","logger":"lta_common","filename":"lta_common.py","lineno":54}
{"timestamp":"2026-04-15T14:00:15.169170Z","level":"info","event":"Fetching page from LTA: skip=7000","logger":"lta_common","filename":"lta_common.py","lineno":36}
{"timestamp":"2026-04-15T14:00:15.454409Z","level":"info","event":"Retrieved 500 rows from LTA at skip=7000","logger":"lta_common","filename":"lta_common.py","lineno":44}
{"timestamp":"2026-04-15T14:00:15.455723Z","level":"info","event":"[FETCH DONE] retrieved=500 rows at skip=7000","logger":"lta_common","filename":"lta_common.py","lineno":59}
{"timestamp":"2026-04-15T14:00:15.455848Z","level":"info","event":"STEP 4: processing page skip=7000 rows=500","logger":"2_refresh_traffic_speed","filename":"2_refresh_traffic_speed.py","lineno":41}
{"timestamp":"2026-04-15T14:00:15.462291Z","level":"warning","event":"[SANITIZE] link_id=10687 field=maximum_speed suspicious sentinel value=999 -> NULL","logger":"lta_common","filename":"lta_common.py","lineno":143}
{"timestamp":"2026-04-15T14:00:15.462401Z","level":"warning","event":"[SANITIZE] link_id=10716 field=maximum_speed suspicious sentinel value=999 -> NULL","logger":"lta_common","filename":"lta_common.py","lineno":143}
{"timestamp":"2026-04-15T14:00:15.462818Z","level":"warning","event":"[SANITIZE] link_id=10951 field=maximum_speed suspicious sentinel value=999 -> NULL","logger":"lta_common","filename":"lta_common.py","lineno":143}
{"timestamp":"2026-04-15T14:00:15.463010Z","level":"warning","event":"[SANITIZE] link_id=11099 field=maximum_speed suspicious sentinel value=999 -> NULL","logger":"lta_common","filename":"lta_common.py","lineno":143}
{"timestamp":"2026-04-15T14:00:15.463761Z","level":"info","event":"[CLEAN DONE] rows=500 | null_speed_band=0 | null_minimum_speed=0 | null_maximum_speed=4","logger":"lta_common","filename":"lta_common.py","lineno":238}
{"timestamp":"2026-04-15T14:00:15.464571Z","level":"info","event":"STEP 5: built cleaned snapshot dataframe rows=500","logger":"2_refresh_traffic_speed","filename":"2_refresh_traffic_speed.py","lineno":44}
{"timestamp":"2026-04-15T14:00:15.464859Z","level":"info","event":"[LATEST PREP] rows=500 | missing_measurement_rows=0","logger":"lta_common","filename":"lta_common.py","lineno":271}
{"timestamp":"2026-04-15T14:00:15.465095Z","level":"info","event":"[UPSERT START] upserting 500 rows into traffic_speed_latest","logger":"lta_common","filename":"lta_common.py","lineno":348}
{"timestamp":"2026-04-15T14:00:15.465358Z","level":"info","event":"[UPSERT DEBUG] max_link_id=11391 | min_link_id=10531 | max_speed_band=8 | min_speed_band=1 | max_minimum_speed=70 | min_minimum_speed=0 | max_maximum_speed=69.0 | min_maximum_speed=9.0","logger":"lta_common","filename":"lta_common.py","lineno":350}
{"timestamp":"2026-04-15T14:00:15.798290Z","level":"info","event":"[UPSERT DONE] upserted=500 rows into traffic_speed_latest","logger":"lta_common","filename":"lta_common.py","lineno":388}
{"timestamp":"2026-04-15T14:00:15.800300Z","level":"info","event":"[SAVE START] inserting 500 rows into traffic_speed_recent","logger":"lta_common","filename":"lta_common.py","lineno":319}
{"timestamp":"2026-04-15T14:00:16.136007Z","level":"info","event":"[SAVE DONE] inserted=500 rows into traffic_speed_recent","logger":"lta_common","filename":"lta_common.py","lineno":337}
{"timestamp":"2026-04-15T14:00:16.136562Z","level":"info","event":"STEP 6: page saved skip=7000 | pages=15 | latest_rows=7500 | recent_rows=7500","logger":"2_refresh_traffic_speed","filename":"2_refresh_traffic_speed.py","lineno":56}
{"timestamp":"2026-04-15T14:00:16.136687Z","level":"info","event":"========== PAGE START ==========","logger":"lta_common","filename":"lta_common.py","lineno":53}
{"timestamp":"2026-04-15T14:00:16.136747Z","level":"info","event":"[FETCH] requesting rows 7500–7999","logger":"lta_common","filename":"lta_common.py","lineno":54}
{"timestamp":"2026-04-15T14:00:16.136852Z","level":"info","event":"Fetching page from LTA: skip=7500","logger":"lta_common","filename":"lta_common.py","lineno":36}
{"timestamp":"2026-04-15T14:00:16.398784Z","level":"info","event":"Retrieved 500 rows from LTA at skip=7500","logger":"lta_common","filename":"lta_common.py","lineno":44}
{"timestamp":"2026-04-15T14:00:16.409096Z","level":"info","event":"[FETCH DONE] retrieved=500 rows at skip=7500","logger":"lta_common","filename":"lta_common.py","lineno":59}
{"timestamp":"2026-04-15T14:00:16.412833Z","level":"info","event":"STEP 4: processing page skip=7500 rows=500","logger":"2_refresh_traffic_speed","filename":"2_refresh_traffic_speed.py","lineno":41}
{"timestamp":"2026-04-15T14:00:16.436543Z","level":"warning","event":"[SANITIZE] link_id=11673 field=maximum_speed suspicious sentinel value=999 -> NULL","logger":"lta_common","filename":"lta_common.py","lineno":143}
{"timestamp":"2026-04-15T14:00:16.437022Z","level":"warning","event":"[SANITIZE] link_id=11675 field=maximum_speed suspicious sentinel value=999 -> NULL","logger":"lta_common","filename":"lta_common.py","lineno":143}
{"timestamp":"2026-04-15T14:00:16.437256Z","level":"warning","event":"[SANITIZE] link_id=11711 field=maximum_speed suspicious sentinel value=999 -> NULL","logger":"lta_common","filename":"lta_common.py","lineno":143}
{"timestamp":"2026-04-15T14:00:16.439572Z","level":"info","event":"[CLEAN DONE] rows=500 | null_speed_band=0 | null_minimum_speed=0 | null_maximum_speed=3","logger":"lta_common","filename":"lta_common.py","lineno":238}
{"timestamp":"2026-04-15T14:00:16.441258Z","level":"info","event":"STEP 5: built cleaned snapshot dataframe rows=500","logger":"2_refresh_traffic_speed","filename":"2_refresh_traffic_speed.py","lineno":44}
{"timestamp":"2026-04-15T14:00:16.441895Z","level":"info","event":"[LATEST PREP] rows=500 | missing_measurement_rows=0","logger":"lta_common","filename":"lta_common.py","lineno":271}
{"timestamp":"2026-04-15T14:00:16.442616Z","level":"info","event":"[UPSERT START] upserting 500 rows into traffic_speed_latest","logger":"lta_common","filename":"lta_common.py","lineno":348}
{"timestamp":"2026-04-15T14:00:16.443237Z","level":"info","event":"[UPSERT DEBUG] max_link_id=12191 | min_link_id=11394 | max_speed_band=8 | min_speed_band=1 | max_minimum_speed=70 | min_minimum_speed=0 | max_maximum_speed=69.0 | min_maximum_speed=9.0","logger":"lta_common","filename":"lta_common.py","lineno":350}
{"timestamp":"2026-04-15T14:00:16.808537Z","level":"info","event":"[UPSERT DONE] upserted=500 rows into traffic_speed_latest","logger":"lta_common","filename":"lta_common.py","lineno":388}
{"timestamp":"2026-04-15T14:00:16.811159Z","level":"info","event":"[SAVE START] inserting 500 rows into traffic_speed_recent","logger":"lta_common","filename":"lta_common.py","lineno":319}
{"timestamp":"2026-04-15T14:00:17.156935Z","level":"info","event":"[SAVE DONE] inserted=500 rows into traffic_speed_recent","logger":"lta_common","filename":"lta_common.py","lineno":337}
{"timestamp":"2026-04-15T14:00:17.157340Z","level":"info","event":"STEP 6: page saved skip=7500 | pages=16 | latest_rows=8000 | recent_rows=8000","logger":"2_refresh_traffic_speed","filename":"2_refresh_traffic_speed.py","lineno":56}
{"timestamp":"2026-04-15T14:00:17.157421Z","level":"info","event":"========== PAGE START ==========","logger":"lta_common","filename":"lta_common.py","lineno":53}
{"timestamp":"2026-04-15T14:00:17.157462Z","level":"info","event":"[FETCH] requesting rows 8000–8499","logger":"lta_common","filename":"lta_common.py","lineno":54}
{"timestamp":"2026-04-15T14:00:17.157524Z","level":"info","event":"Fetching page from LTA: skip=8000","logger":"lta_common","filename":"lta_common.py","lineno":36}
{"timestamp":"2026-04-15T14:00:17.411857Z","level":"info","event":"Retrieved 500 rows from LTA at skip=8000","logger":"lta_common","filename":"lta_common.py","lineno":44}
{"timestamp":"2026-04-15T14:00:17.416546Z","level":"info","event":"[FETCH DONE] retrieved=500 rows at skip=8000","logger":"lta_common","filename":"lta_common.py","lineno":59}
{"timestamp":"2026-04-15T14:00:17.416995Z","level":"info","event":"STEP 4: processing page skip=8000 rows=500","logger":"2_refresh_traffic_speed","filename":"2_refresh_traffic_speed.py","lineno":41}
{"timestamp":"2026-04-15T14:00:17.438422Z","level":"info","event":"[CLEAN DONE] rows=500 | null_speed_band=0 | null_minimum_speed=0 | null_maximum_speed=0","logger":"lta_common","filename":"lta_common.py","lineno":238}
{"timestamp":"2026-04-15T14:00:17.440048Z","level":"info","event":"STEP 5: built cleaned snapshot dataframe rows=500","logger":"2_refresh_traffic_speed","filename":"2_refresh_traffic_speed.py","lineno":44}
{"timestamp":"2026-04-15T14:00:17.440678Z","level":"info","event":"[LATEST PREP] rows=500 | missing_measurement_rows=0","logger":"lta_common","filename":"lta_common.py","lineno":271}
{"timestamp":"2026-04-15T14:00:17.441053Z","level":"info","event":"[UPSERT START] upserting 500 rows into traffic_speed_latest","logger":"lta_common","filename":"lta_common.py","lineno":348}
{"timestamp":"2026-04-15T14:00:17.441532Z","level":"info","event":"[UPSERT DEBUG] max_link_id=12845 | min_link_id=12192 | max_speed_band=7 | min_speed_band=1 | max_minimum_speed=60 | min_minimum_speed=0 | max_maximum_speed=69 | min_maximum_speed=9","logger":"lta_common","filename":"lta_common.py","lineno":350}
{"timestamp":"2026-04-15T14:00:17.786462Z","level":"info","event":"[UPSERT DONE] upserted=500 rows into traffic_speed_latest","logger":"lta_common","filename":"lta_common.py","lineno":388}
{"timestamp":"2026-04-15T14:00:17.791709Z","level":"info","event":"[SAVE START] inserting 500 rows into traffic_speed_recent","logger":"lta_common","filename":"lta_common.py","lineno":319}
{"timestamp":"2026-04-15T14:00:18.135153Z","level":"info","event":"[SAVE DONE] inserted=500 rows into traffic_speed_recent","logger":"lta_common","filename":"lta_common.py","lineno":337}
{"timestamp":"2026-04-15T14:00:18.135270Z","level":"info","event":"STEP 6: page saved skip=8000 | pages=17 | latest_rows=8500 | recent_rows=8500","logger":"2_refresh_traffic_speed","filename":"2_refresh_traffic_speed.py","lineno":56}
{"timestamp":"2026-04-15T14:00:18.135304Z","level":"info","event":"========== PAGE START ==========","logger":"lta_common","filename":"lta_common.py","lineno":53}
{"timestamp":"2026-04-15T14:00:18.135327Z","level":"info","event":"[FETCH] requesting rows 8500–8999","logger":"lta_common","filename":"lta_common.py","lineno":54}
{"timestamp":"2026-04-15T14:00:18.135357Z","level":"info","event":"Fetching page from LTA: skip=8500","logger":"lta_common","filename":"lta_common.py","lineno":36}
{"timestamp":"2026-04-15T14:00:18.410158Z","level":"info","event":"Retrieved 500 rows from LTA at skip=8500","logger":"lta_common","filename":"lta_common.py","lineno":44}
{"timestamp":"2026-04-15T14:00:18.411472Z","level":"info","event":"[FETCH DONE] retrieved=500 rows at skip=8500","logger":"lta_common","filename":"lta_common.py","lineno":59}
{"timestamp":"2026-04-15T14:00:18.411724Z","level":"info","event":"STEP 4: processing page skip=8500 rows=500","logger":"2_refresh_traffic_speed","filename":"2_refresh_traffic_speed.py","lineno":41}
{"timestamp":"2026-04-15T14:00:18.421096Z","level":"info","event":"[CLEAN DONE] rows=500 | null_speed_band=0 | null_minimum_speed=0 | null_maximum_speed=0","logger":"lta_common","filename":"lta_common.py","lineno":238}
{"timestamp":"2026-04-15T14:00:18.421950Z","level":"info","event":"STEP 5: built cleaned snapshot dataframe rows=500","logger":"2_refresh_traffic_speed","filename":"2_refresh_traffic_speed.py","lineno":44}
{"timestamp":"2026-04-15T14:00:18.422272Z","level":"info","event":"[LATEST PREP] rows=500 | missing_measurement_rows=0","logger":"lta_common","filename":"lta_common.py","lineno":271}
{"timestamp":"2026-04-15T14:00:18.422509Z","level":"info","event":"[UPSERT START] upserting 500 rows into traffic_speed_latest","logger":"lta_common","filename":"lta_common.py","lineno":348}
{"timestamp":"2026-04-15T14:00:18.422791Z","level":"info","event":"[UPSERT DEBUG] max_link_id=13560 | min_link_id=12846 | max_speed_band=7 | min_speed_band=1 | max_minimum_speed=60 | min_minimum_speed=0 | max_maximum_speed=69 | min_maximum_speed=9","logger":"lta_common","filename":"lta_common.py","lineno":350}
{"timestamp":"2026-04-15T14:00:18.767351Z","level":"info","event":"[UPSERT DONE] upserted=500 rows into traffic_speed_latest","logger":"lta_common","filename":"lta_common.py","lineno":388}
{"timestamp":"2026-04-15T14:00:18.767755Z","level":"info","event":"[SAVE START] inserting 500 rows into traffic_speed_recent","logger":"lta_common","filename":"lta_common.py","lineno":319}
{"timestamp":"2026-04-15T14:00:19.089242Z","level":"info","event":"[SAVE DONE] inserted=500 rows into traffic_speed_recent","logger":"lta_common","filename":"lta_common.py","lineno":337}
{"timestamp":"2026-04-15T14:00:19.089375Z","level":"info","event":"STEP 6: page saved skip=8500 | pages=18 | latest_rows=9000 | recent_rows=9000","logger":"2_refresh_traffic_speed","filename":"2_refresh_traffic_speed.py","lineno":56}
{"timestamp":"2026-04-15T14:00:19.089411Z","level":"info","event":"========== PAGE START ==========","logger":"lta_common","filename":"lta_common.py","lineno":53}
{"timestamp":"2026-04-15T14:00:19.089433Z","level":"info","event":"[FETCH] requesting rows 9000–9499","logger":"lta_common","filename":"lta_common.py","lineno":54}
{"timestamp":"2026-04-15T14:00:19.089463Z","level":"info","event":"Fetching page from LTA: skip=9000","logger":"lta_common","filename":"lta_common.py","lineno":36}
{"timestamp":"2026-04-15T14:00:19.321663Z","level":"info","event":"Retrieved 500 rows from LTA at skip=9000","logger":"lta_common","filename":"lta_common.py","lineno":44}
{"timestamp":"2026-04-15T14:00:19.323134Z","level":"info","event":"[FETCH DONE] retrieved=500 rows at skip=9000","logger":"lta_common","filename":"lta_common.py","lineno":59}
{"timestamp":"2026-04-15T14:00:19.323274Z","level":"info","event":"STEP 4: processing page skip=9000 rows=500","logger":"2_refresh_traffic_speed","filename":"2_refresh_traffic_speed.py","lineno":41}
{"timestamp":"2026-04-15T14:00:19.331368Z","level":"info","event":"[CLEAN DONE] rows=500 | null_speed_band=0 | null_minimum_speed=0 | null_maximum_speed=0","logger":"lta_common","filename":"lta_common.py","lineno":238}
{"timestamp":"2026-04-15T14:00:19.332253Z","level":"info","event":"STEP 5: built cleaned snapshot dataframe rows=500","logger":"2_refresh_traffic_speed","filename":"2_refresh_traffic_speed.py","lineno":44}
{"timestamp":"2026-04-15T14:00:19.332622Z","level":"info","event":"[LATEST PREP] rows=500 | missing_measurement_rows=0","logger":"lta_common","filename":"lta_common.py","lineno":271}
{"timestamp":"2026-04-15T14:00:19.332872Z","level":"info","event":"[UPSERT START] upserting 500 rows into traffic_speed_latest","logger":"lta_common","filename":"lta_common.py","lineno":348}
{"timestamp":"2026-04-15T14:00:19.333187Z","level":"info","event":"[UPSERT DEBUG] max_link_id=14274 | min_link_id=13561 | max_speed_band=7 | min_speed_band=1 | max_minimum_speed=60 | min_minimum_speed=0 | max_maximum_speed=69 | min_maximum_speed=9","logger":"lta_common","filename":"lta_common.py","lineno":350}
{"timestamp":"2026-04-15T14:00:19.668570Z","level":"info","event":"[UPSERT DONE] upserted=500 rows into traffic_speed_latest","logger":"lta_common","filename":"lta_common.py","lineno":388}
{"timestamp":"2026-04-15T14:00:19.672992Z","level":"info","event":"[SAVE START] inserting 500 rows into traffic_speed_recent","logger":"lta_common","filename":"lta_common.py","lineno":319}
{"timestamp":"2026-04-15T14:00:20.006104Z","level":"info","event":"[SAVE DONE] inserted=500 rows into traffic_speed_recent","logger":"lta_common","filename":"lta_common.py","lineno":337}
{"timestamp":"2026-04-15T14:00:20.006495Z","level":"info","event":"STEP 6: page saved skip=9000 | pages=19 | latest_rows=9500 | recent_rows=9500","logger":"2_refresh_traffic_speed","filename":"2_refresh_traffic_speed.py","lineno":56}
{"timestamp":"2026-04-15T14:00:20.006572Z","level":"info","event":"========== PAGE START ==========","logger":"lta_common","filename":"lta_common.py","lineno":53}
{"timestamp":"2026-04-15T14:00:20.006625Z","level":"info","event":"[FETCH] requesting rows 9500–9999","logger":"lta_common","filename":"lta_common.py","lineno":54}
{"timestamp":"2026-04-15T14:00:20.006707Z","level":"info","event":"Fetching page from LTA: skip=9500","logger":"lta_common","filename":"lta_common.py","lineno":36}
{"timestamp":"2026-04-15T14:00:20.314274Z","level":"info","event":"Retrieved 500 rows from LTA at skip=9500","logger":"lta_common","filename":"lta_common.py","lineno":44}
{"timestamp":"2026-04-15T14:00:20.317684Z","level":"info","event":"[FETCH DONE] retrieved=500 rows at skip=9500","logger":"lta_common","filename":"lta_common.py","lineno":59}
{"timestamp":"2026-04-15T14:00:20.318453Z","level":"info","event":"STEP 4: processing page skip=9500 rows=500","logger":"2_refresh_traffic_speed","filename":"2_refresh_traffic_speed.py","lineno":41}
{"timestamp":"2026-04-15T14:00:20.333823Z","level":"info","event":"[CLEAN DONE] rows=500 | null_speed_band=0 | null_minimum_speed=0 | null_maximum_speed=0","logger":"lta_common","filename":"lta_common.py","lineno":238}
{"timestamp":"2026-04-15T14:00:20.334996Z","level":"info","event":"STEP 5: built cleaned snapshot dataframe rows=500","logger":"2_refresh_traffic_speed","filename":"2_refresh_traffic_speed.py","lineno":44}
{"timestamp":"2026-04-15T14:00:20.335402Z","level":"info","event":"[LATEST PREP] rows=500 | missing_measurement_rows=0","logger":"lta_common","filename":"lta_common.py","lineno":271}
{"timestamp":"2026-04-15T14:00:20.335730Z","level":"info","event":"[UPSERT START] upserting 500 rows into traffic_speed_latest","logger":"lta_common","filename":"lta_common.py","lineno":348}
{"timestamp":"2026-04-15T14:00:20.336096Z","level":"info","event":"[UPSERT DEBUG] max_link_id=14956 | min_link_id=14275 | max_speed_band=7 | min_speed_band=1 | max_minimum_speed=60 | min_minimum_speed=0 | max_maximum_speed=69 | min_maximum_speed=9","logger":"lta_common","filename":"lta_common.py","lineno":350}
{"timestamp":"2026-04-15T14:00:20.673851Z","level":"info","event":"[UPSERT DONE] upserted=500 rows into traffic_speed_latest","logger":"lta_common","filename":"lta_common.py","lineno":388}
{"timestamp":"2026-04-15T14:00:20.675696Z","level":"info","event":"[SAVE START] inserting 500 rows into traffic_speed_recent","logger":"lta_common","filename":"lta_common.py","lineno":319}
{"timestamp":"2026-04-15T14:00:21.013245Z","level":"info","event":"[SAVE DONE] inserted=500 rows into traffic_speed_recent","logger":"lta_common","filename":"lta_common.py","lineno":337}
{"timestamp":"2026-04-15T14:00:21.013857Z","level":"info","event":"STEP 6: page saved skip=9500 | pages=20 | latest_rows=10000 | recent_rows=10000","logger":"2_refresh_traffic_speed","filename":"2_refresh_traffic_speed.py","lineno":56}
{"timestamp":"2026-04-15T14:00:21.014082Z","level":"info","event":"========== PAGE START ==========","logger":"lta_common","filename":"lta_common.py","lineno":53}
{"timestamp":"2026-04-15T14:00:21.014161Z","level":"info","event":"[FETCH] requesting rows 10000–10499","logger":"lta_common","filename":"lta_common.py","lineno":54}
{"timestamp":"2026-04-15T14:00:21.014243Z","level":"info","event":"Fetching page from LTA: skip=10000","logger":"lta_common","filename":"lta_common.py","lineno":36}
{"timestamp":"2026-04-15T14:00:21.269809Z","level":"info","event":"Retrieved 500 rows from LTA at skip=10000","logger":"lta_common","filename":"lta_common.py","lineno":44}
{"timestamp":"2026-04-15T14:00:21.277682Z","level":"info","event":"[FETCH DONE] retrieved=500 rows at skip=10000","logger":"lta_common","filename":"lta_common.py","lineno":59}
{"timestamp":"2026-04-15T14:00:21.278640Z","level":"info","event":"STEP 4: processing page skip=10000 rows=500","logger":"2_refresh_traffic_speed","filename":"2_refresh_traffic_speed.py","lineno":41}
{"timestamp":"2026-04-15T14:00:21.300172Z","level":"info","event":"[CLEAN DONE] rows=500 | null_speed_band=0 | null_minimum_speed=0 | null_maximum_speed=0","logger":"lta_common","filename":"lta_common.py","lineno":238}
{"timestamp":"2026-04-15T14:00:21.301798Z","level":"info","event":"STEP 5: built cleaned snapshot dataframe rows=500","logger":"2_refresh_traffic_speed","filename":"2_refresh_traffic_speed.py","lineno":44}
{"timestamp":"2026-04-15T14:00:21.302523Z","level":"info","event":"[LATEST PREP] rows=500 | missing_measurement_rows=0","logger":"lta_common","filename":"lta_common.py","lineno":271}
{"timestamp":"2026-04-15T14:00:21.302930Z","level":"info","event":"[UPSERT START] upserting 500 rows into traffic_speed_latest","logger":"lta_common","filename":"lta_common.py","lineno":348}
{"timestamp":"2026-04-15T14:00:21.303460Z","level":"info","event":"[UPSERT DEBUG] max_link_id=15673 | min_link_id=14959 | max_speed_band=6 | min_speed_band=1 | max_minimum_speed=50 | min_minimum_speed=0 | max_maximum_speed=59 | min_maximum_speed=9","logger":"lta_common","filename":"lta_common.py","lineno":350}
{"timestamp":"2026-04-15T14:00:21.638807Z","level":"info","event":"[UPSERT DONE] upserted=500 rows into traffic_speed_latest","logger":"lta_common","filename":"lta_common.py","lineno":388}
{"timestamp":"2026-04-15T14:00:21.642161Z","level":"info","event":"[SAVE START] inserting 500 rows into traffic_speed_recent","logger":"lta_common","filename":"lta_common.py","lineno":319}
{"timestamp":"2026-04-15T14:00:21.996269Z","level":"info","event":"[SAVE DONE] inserted=500 rows into traffic_speed_recent","logger":"lta_common","filename":"lta_common.py","lineno":337}
{"timestamp":"2026-04-15T14:00:21.996780Z","level":"info","event":"STEP 6: page saved skip=10000 | pages=21 | latest_rows=10500 | recent_rows=10500","logger":"2_refresh_traffic_speed","filename":"2_refresh_traffic_speed.py","lineno":56}
{"timestamp":"2026-04-15T14:00:21.998121Z","level":"info","event":"========== PAGE START ==========","logger":"lta_common","filename":"lta_common.py","lineno":53}
{"timestamp":"2026-04-15T14:00:21.998333Z","level":"info","event":"[FETCH] requesting rows 10500–10999","logger":"lta_common","filename":"lta_common.py","lineno":54}
{"timestamp":"2026-04-15T14:00:21.998500Z","level":"info","event":"Fetching page from LTA: skip=10500","logger":"lta_common","filename":"lta_common.py","lineno":36}
{"timestamp":"2026-04-15T14:00:22.308984Z","level":"info","event":"Retrieved 500 rows from LTA at skip=10500","logger":"lta_common","filename":"lta_common.py","lineno":44}
{"timestamp":"2026-04-15T14:00:22.315906Z","level":"info","event":"[FETCH DONE] retrieved=500 rows at skip=10500","logger":"lta_common","filename":"lta_common.py","lineno":59}
{"timestamp":"2026-04-15T14:00:22.316618Z","level":"info","event":"STEP 4: processing page skip=10500 rows=500","logger":"2_refresh_traffic_speed","filename":"2_refresh_traffic_speed.py","lineno":41}
{"timestamp":"2026-04-15T14:00:22.337716Z","level":"info","event":"[CLEAN DONE] rows=500 | null_speed_band=0 | null_minimum_speed=0 | null_maximum_speed=0","logger":"lta_common","filename":"lta_common.py","lineno":238}
{"timestamp":"2026-04-15T14:00:22.339239Z","level":"info","event":"STEP 5: built cleaned snapshot dataframe rows=500","logger":"2_refresh_traffic_speed","filename":"2_refresh_traffic_speed.py","lineno":44}
{"timestamp":"2026-04-15T14:00:22.339823Z","level":"info","event":"[LATEST PREP] rows=500 | missing_measurement_rows=0","logger":"lta_common","filename":"lta_common.py","lineno":271}
{"timestamp":"2026-04-15T14:00:22.340249Z","level":"info","event":"[UPSERT START] upserting 500 rows into traffic_speed_latest","logger":"lta_common","filename":"lta_common.py","lineno":348}
{"timestamp":"2026-04-15T14:00:22.340797Z","level":"info","event":"[UPSERT DEBUG] max_link_id=16309 | min_link_id=15675 | max_speed_band=7 | min_speed_band=1 | max_minimum_speed=60 | min_minimum_speed=0 | max_maximum_speed=69 | min_maximum_speed=9","logger":"lta_common","filename":"lta_common.py","lineno":350}
{"timestamp":"2026-04-15T14:00:22.654983Z","level":"info","event":"[UPSERT DONE] upserted=500 rows into traffic_speed_latest","logger":"lta_common","filename":"lta_common.py","lineno":388}
{"timestamp":"2026-04-15T14:00:22.655431Z","level":"info","event":"[SAVE START] inserting 500 rows into traffic_speed_recent","logger":"lta_common","filename":"lta_common.py","lineno":319}
{"timestamp":"2026-04-15T14:00:22.983084Z","level":"info","event":"[SAVE DONE] inserted=500 rows into traffic_speed_recent","logger":"lta_common","filename":"lta_common.py","lineno":337}
{"timestamp":"2026-04-15T14:00:22.983176Z","level":"info","event":"STEP 6: page saved skip=10500 | pages=22 | latest_rows=11000 | recent_rows=11000","logger":"2_refresh_traffic_speed","filename":"2_refresh_traffic_speed.py","lineno":56}
{"timestamp":"2026-04-15T14:00:22.983203Z","level":"info","event":"========== PAGE START ==========","logger":"lta_common","filename":"lta_common.py","lineno":53}
{"timestamp":"2026-04-15T14:00:22.983224Z","level":"info","event":"[FETCH] requesting rows 11000–11499","logger":"lta_common","filename":"lta_common.py","lineno":54}
{"timestamp":"2026-04-15T14:00:22.983252Z","level":"info","event":"Fetching page from LTA: skip=11000","logger":"lta_common","filename":"lta_common.py","lineno":36}
{"timestamp":"2026-04-15T14:00:23.259676Z","level":"info","event":"Retrieved 500 rows from LTA at skip=11000","logger":"lta_common","filename":"lta_common.py","lineno":44}
{"timestamp":"2026-04-15T14:00:23.260999Z","level":"info","event":"[FETCH DONE] retrieved=500 rows at skip=11000","logger":"lta_common","filename":"lta_common.py","lineno":59}
{"timestamp":"2026-04-15T14:00:23.261097Z","level":"info","event":"STEP 4: processing page skip=11000 rows=500","logger":"2_refresh_traffic_speed","filename":"2_refresh_traffic_speed.py","lineno":41}
{"timestamp":"2026-04-15T14:00:23.268642Z","level":"info","event":"[CLEAN DONE] rows=500 | null_speed_band=0 | null_minimum_speed=0 | null_maximum_speed=0","logger":"lta_common","filename":"lta_common.py","lineno":238}
{"timestamp":"2026-04-15T14:00:23.269398Z","level":"info","event":"STEP 5: built cleaned snapshot dataframe rows=500","logger":"2_refresh_traffic_speed","filename":"2_refresh_traffic_speed.py","lineno":44}
{"timestamp":"2026-04-15T14:00:23.269711Z","level":"info","event":"[LATEST PREP] rows=500 | missing_measurement_rows=0","logger":"lta_common","filename":"lta_common.py","lineno":271}
{"timestamp":"2026-04-15T14:00:23.269937Z","level":"info","event":"[UPSERT START] upserting 500 rows into traffic_speed_latest","logger":"lta_common","filename":"lta_common.py","lineno":348}
{"timestamp":"2026-04-15T14:00:23.270209Z","level":"info","event":"[UPSERT DEBUG] max_link_id=17103 | min_link_id=16310 | max_speed_band=7 | min_speed_band=1 | max_minimum_speed=60 | min_minimum_speed=0 | max_maximum_speed=69 | min_maximum_speed=9","logger":"lta_common","filename":"lta_common.py","lineno":350}
{"timestamp":"2026-04-15T14:00:23.595309Z","level":"info","event":"[UPSERT DONE] upserted=500 rows into traffic_speed_latest","logger":"lta_common","filename":"lta_common.py","lineno":388}
{"timestamp":"2026-04-15T14:00:23.595770Z","level":"info","event":"[SAVE START] inserting 500 rows into traffic_speed_recent","logger":"lta_common","filename":"lta_common.py","lineno":319}
{"timestamp":"2026-04-15T14:00:23.921400Z","level":"info","event":"[SAVE DONE] inserted=500 rows into traffic_speed_recent","logger":"lta_common","filename":"lta_common.py","lineno":337}
{"timestamp":"2026-04-15T14:00:23.921533Z","level":"info","event":"STEP 6: page saved skip=11000 | pages=23 | latest_rows=11500 | recent_rows=11500","logger":"2_refresh_traffic_speed","filename":"2_refresh_traffic_speed.py","lineno":56}
{"timestamp":"2026-04-15T14:00:23.921565Z","level":"info","event":"========== PAGE START ==========","logger":"lta_common","filename":"lta_common.py","lineno":53}
{"timestamp":"2026-04-15T14:00:23.921588Z","level":"info","event":"[FETCH] requesting rows 11500–11999","logger":"lta_common","filename":"lta_common.py","lineno":54}
{"timestamp":"2026-04-15T14:00:23.921675Z","level":"info","event":"Fetching page from LTA: skip=11500","logger":"lta_common","filename":"lta_common.py","lineno":36}
{"timestamp":"2026-04-15T14:00:24.194749Z","level":"info","event":"Retrieved 500 rows from LTA at skip=11500","logger":"lta_common","filename":"lta_common.py","lineno":44}
{"timestamp":"2026-04-15T14:00:24.197402Z","level":"info","event":"[FETCH DONE] retrieved=500 rows at skip=11500","logger":"lta_common","filename":"lta_common.py","lineno":59}
{"timestamp":"2026-04-15T14:00:24.197580Z","level":"info","event":"STEP 4: processing page skip=11500 rows=500","logger":"2_refresh_traffic_speed","filename":"2_refresh_traffic_speed.py","lineno":41}
{"timestamp":"2026-04-15T14:00:24.210819Z","level":"warning","event":"[SANITIZE] link_id=17752 field=maximum_speed suspicious sentinel value=999 -> NULL","logger":"lta_common","filename":"lta_common.py","lineno":143}
{"timestamp":"2026-04-15T14:00:24.211073Z","level":"warning","event":"[SANITIZE] link_id=17753 field=maximum_speed suspicious sentinel value=999 -> NULL","logger":"lta_common","filename":"lta_common.py","lineno":143}
{"timestamp":"2026-04-15T14:00:24.212286Z","level":"info","event":"[CLEAN DONE] rows=500 | null_speed_band=0 | null_minimum_speed=0 | null_maximum_speed=2","logger":"lta_common","filename":"lta_common.py","lineno":238}
{"timestamp":"2026-04-15T14:00:24.213308Z","level":"info","event":"STEP 5: built cleaned snapshot dataframe rows=500","logger":"2_refresh_traffic_speed","filename":"2_refresh_traffic_speed.py","lineno":44}
{"timestamp":"2026-04-15T14:00:24.213674Z","level":"info","event":"[LATEST PREP] rows=500 | missing_measurement_rows=0","logger":"lta_common","filename":"lta_common.py","lineno":271}
{"timestamp":"2026-04-15T14:00:24.214216Z","level":"info","event":"[UPSERT START] upserting 500 rows into traffic_speed_latest","logger":"lta_common","filename":"lta_common.py","lineno":348}
{"timestamp":"2026-04-15T14:00:24.214645Z","level":"info","event":"[UPSERT DEBUG] max_link_id=18105 | min_link_id=17132 | max_speed_band=8 | min_speed_band=1 | max_minimum_speed=70 | min_minimum_speed=0 | max_maximum_speed=69.0 | min_maximum_speed=9.0","logger":"lta_common","filename":"lta_common.py","lineno":350}
{"timestamp":"2026-04-15T14:00:24.549925Z","level":"info","event":"[UPSERT DONE] upserted=500 rows into traffic_speed_latest","logger":"lta_common","filename":"lta_common.py","lineno":388}
{"timestamp":"2026-04-15T14:00:24.552560Z","level":"info","event":"[SAVE START] inserting 500 rows into traffic_speed_recent","logger":"lta_common","filename":"lta_common.py","lineno":319}
{"timestamp":"2026-04-15T14:00:24.884167Z","level":"info","event":"[SAVE DONE] inserted=500 rows into traffic_speed_recent","logger":"lta_common","filename":"lta_common.py","lineno":337}
{"timestamp":"2026-04-15T14:00:24.884802Z","level":"info","event":"STEP 6: page saved skip=11500 | pages=24 | latest_rows=12000 | recent_rows=12000","logger":"2_refresh_traffic_speed","filename":"2_refresh_traffic_speed.py","lineno":56}
{"timestamp":"2026-04-15T14:00:24.884900Z","level":"info","event":"========== PAGE START ==========","logger":"lta_common","filename":"lta_common.py","lineno":53}
{"timestamp":"2026-04-15T14:00:24.884994Z","level":"info","event":"[FETCH] requesting rows 12000–12499","logger":"lta_common","filename":"lta_common.py","lineno":54}
{"timestamp":"2026-04-15T14:00:24.885070Z","level":"info","event":"Fetching page from LTA: skip=12000","logger":"lta_common","filename":"lta_common.py","lineno":36}
{"timestamp":"2026-04-15T14:00:25.135441Z","level":"info","event":"Retrieved 500 rows from LTA at skip=12000","logger":"lta_common","filename":"lta_common.py","lineno":44}
{"timestamp":"2026-04-15T14:00:25.140199Z","level":"info","event":"[FETCH DONE] retrieved=500 rows at skip=12000","logger":"lta_common","filename":"lta_common.py","lineno":59}
{"timestamp":"2026-04-15T14:00:25.140540Z","level":"info","event":"STEP 4: processing page skip=12000 rows=500","logger":"2_refresh_traffic_speed","filename":"2_refresh_traffic_speed.py","lineno":41}
{"timestamp":"2026-04-15T14:00:25.158955Z","level":"info","event":"[CLEAN DONE] rows=500 | null_speed_band=0 | null_minimum_speed=0 | null_maximum_speed=0","logger":"lta_common","filename":"lta_common.py","lineno":238}
{"timestamp":"2026-04-15T14:00:25.161247Z","level":"info","event":"STEP 5: built cleaned snapshot dataframe rows=500","logger":"2_refresh_traffic_speed","filename":"2_refresh_traffic_speed.py","lineno":44}
{"timestamp":"2026-04-15T14:00:25.161903Z","level":"info","event":"[LATEST PREP] rows=500 | missing_measurement_rows=0","logger":"lta_common","filename":"lta_common.py","lineno":271}
{"timestamp":"2026-04-15T14:00:25.162300Z","level":"info","event":"[UPSERT START] upserting 500 rows into traffic_speed_latest","logger":"lta_common","filename":"lta_common.py","lineno":348}
{"timestamp":"2026-04-15T14:00:25.163071Z","level":"info","event":"[UPSERT DEBUG] max_link_id=18947 | min_link_id=18108 | max_speed_band=6 | min_speed_band=1 | max_minimum_speed=50 | min_minimum_speed=0 | max_maximum_speed=59 | min_maximum_speed=9","logger":"lta_common","filename":"lta_common.py","lineno":350}
{"timestamp":"2026-04-15T14:00:25.473000Z","level":"info","event":"[UPSERT DONE] upserted=500 rows into traffic_speed_latest","logger":"lta_common","filename":"lta_common.py","lineno":388}
{"timestamp":"2026-04-15T14:00:25.473818Z","level":"info","event":"[SAVE START] inserting 500 rows into traffic_speed_recent","logger":"lta_common","filename":"lta_common.py","lineno":319}
{"timestamp":"2026-04-15T14:00:25.799354Z","level":"info","event":"[SAVE DONE] inserted=500 rows into traffic_speed_recent","logger":"lta_common","filename":"lta_common.py","lineno":337}
{"timestamp":"2026-04-15T14:00:25.800136Z","level":"info","event":"STEP 6: page saved skip=12000 | pages=25 | latest_rows=12500 | recent_rows=12500","logger":"2_refresh_traffic_speed","filename":"2_refresh_traffic_speed.py","lineno":56}
{"timestamp":"2026-04-15T14:00:25.800432Z","level":"info","event":"========== PAGE START ==========","logger":"lta_common","filename":"lta_common.py","lineno":53}
{"timestamp":"2026-04-15T14:00:25.802284Z","level":"info","event":"[FETCH] requesting rows 12500–12999","logger":"lta_common","filename":"lta_common.py","lineno":54}
{"timestamp":"2026-04-15T14:00:25.802597Z","level":"info","event":"Fetching page from LTA: skip=12500","logger":"lta_common","filename":"lta_common.py","lineno":36}
{"timestamp":"2026-04-15T14:00:26.058304Z","level":"info","event":"Retrieved 500 rows from LTA at skip=12500","logger":"lta_common","filename":"lta_common.py","lineno":44}
{"timestamp":"2026-04-15T14:00:26.061592Z","level":"info","event":"[FETCH DONE] retrieved=500 rows at skip=12500","logger":"lta_common","filename":"lta_common.py","lineno":59}
{"timestamp":"2026-04-15T14:00:26.062127Z","level":"info","event":"STEP 4: processing page skip=12500 rows=500","logger":"2_refresh_traffic_speed","filename":"2_refresh_traffic_speed.py","lineno":41}
{"timestamp":"2026-04-15T14:00:26.076550Z","level":"info","event":"[CLEAN DONE] rows=500 | null_speed_band=0 | null_minimum_speed=0 | null_maximum_speed=0","logger":"lta_common","filename":"lta_common.py","lineno":238}
{"timestamp":"2026-04-15T14:00:26.077811Z","level":"info","event":"STEP 5: built cleaned snapshot dataframe rows=500","logger":"2_refresh_traffic_speed","filename":"2_refresh_traffic_speed.py","lineno":44}
{"timestamp":"2026-04-15T14:00:26.078269Z","level":"info","event":"[LATEST PREP] rows=500 | missing_measurement_rows=0","logger":"lta_common","filename":"lta_common.py","lineno":271}
{"timestamp":"2026-04-15T14:00:26.078615Z","level":"info","event":"[UPSERT START] upserting 500 rows into traffic_speed_latest","logger":"lta_common","filename":"lta_common.py","lineno":348}
{"timestamp":"2026-04-15T14:00:26.079073Z","level":"info","event":"[UPSERT DEBUG] max_link_id=19645 | min_link_id=18949 | max_speed_band=6 | min_speed_band=1 | max_minimum_speed=50 | min_minimum_speed=0 | max_maximum_speed=59 | min_maximum_speed=9","logger":"lta_common","filename":"lta_common.py","lineno":350}
{"timestamp":"2026-04-15T14:00:26.404570Z","level":"info","event":"[UPSERT DONE] upserted=500 rows into traffic_speed_latest","logger":"lta_common","filename":"lta_common.py","lineno":388}
{"timestamp":"2026-04-15T14:00:26.406401Z","level":"info","event":"[SAVE START] inserting 500 rows into traffic_speed_recent","logger":"lta_common","filename":"lta_common.py","lineno":319}
{"timestamp":"2026-04-15T14:00:26.759478Z","level":"info","event":"[SAVE DONE] inserted=500 rows into traffic_speed_recent","logger":"lta_common","filename":"lta_common.py","lineno":337}
{"timestamp":"2026-04-15T14:00:26.759633Z","level":"info","event":"STEP 6: page saved skip=12500 | pages=26 | latest_rows=13000 | recent_rows=13000","logger":"2_refresh_traffic_speed","filename":"2_refresh_traffic_speed.py","lineno":56}
{"timestamp":"2026-04-15T14:00:26.759672Z","level":"info","event":"========== PAGE START ==========","logger":"lta_common","filename":"lta_common.py","lineno":53}
{"timestamp":"2026-04-15T14:00:26.759705Z","level":"info","event":"[FETCH] requesting rows 13000–13499","logger":"lta_common","filename":"lta_common.py","lineno":54}
{"timestamp":"2026-04-15T14:00:26.759741Z","level":"info","event":"Fetching page from LTA: skip=13000","logger":"lta_common","filename":"lta_common.py","lineno":36}
{"timestamp":"2026-04-15T14:00:27.005842Z","level":"info","event":"Retrieved 500 rows from LTA at skip=13000","logger":"lta_common","filename":"lta_common.py","lineno":44}
{"timestamp":"2026-04-15T14:00:27.007762Z","level":"info","event":"[FETCH DONE] retrieved=500 rows at skip=13000","logger":"lta_common","filename":"lta_common.py","lineno":59}
{"timestamp":"2026-04-15T14:00:27.008094Z","level":"info","event":"STEP 4: processing page skip=13000 rows=500","logger":"2_refresh_traffic_speed","filename":"2_refresh_traffic_speed.py","lineno":41}
{"timestamp":"2026-04-15T14:00:27.019641Z","level":"info","event":"[CLEAN DONE] rows=500 | null_speed_band=0 | null_minimum_speed=0 | null_maximum_speed=0","logger":"lta_common","filename":"lta_common.py","lineno":238}
{"timestamp":"2026-04-15T14:00:27.020822Z","level":"info","event":"STEP 5: built cleaned snapshot dataframe rows=500","logger":"2_refresh_traffic_speed","filename":"2_refresh_traffic_speed.py","lineno":44}
{"timestamp":"2026-04-15T14:00:27.021292Z","level":"info","event":"[LATEST PREP] rows=500 | missing_measurement_rows=0","logger":"lta_common","filename":"lta_common.py","lineno":271}
{"timestamp":"2026-04-15T14:00:27.021549Z","level":"info","event":"[UPSERT START] upserting 500 rows into traffic_speed_latest","logger":"lta_common","filename":"lta_common.py","lineno":348}
{"timestamp":"2026-04-15T14:00:27.021839Z","level":"info","event":"[UPSERT DEBUG] max_link_id=20346 | min_link_id=19646 | max_speed_band=6 | min_speed_band=1 | max_minimum_speed=50 | min_minimum_speed=0 | max_maximum_speed=59 | min_maximum_speed=9","logger":"lta_common","filename":"lta_common.py","lineno":350}
{"timestamp":"2026-04-15T14:00:27.332329Z","level":"info","event":"[UPSERT DONE] upserted=500 rows into traffic_speed_latest","logger":"lta_common","filename":"lta_common.py","lineno":388}
{"timestamp":"2026-04-15T14:00:27.332794Z","level":"info","event":"[SAVE START] inserting 500 rows into traffic_speed_recent","logger":"lta_common","filename":"lta_common.py","lineno":319}
{"timestamp":"2026-04-15T14:00:27.648369Z","level":"info","event":"[SAVE DONE] inserted=500 rows into traffic_speed_recent","logger":"lta_common","filename":"lta_common.py","lineno":337}
{"timestamp":"2026-04-15T14:00:27.648494Z","level":"info","event":"STEP 6: page saved skip=13000 | pages=27 | latest_rows=13500 | recent_rows=13500","logger":"2_refresh_traffic_speed","filename":"2_refresh_traffic_speed.py","lineno":56}
{"timestamp":"2026-04-15T14:00:27.648529Z","level":"info","event":"========== PAGE START ==========","logger":"lta_common","filename":"lta_common.py","lineno":53}
{"timestamp":"2026-04-15T14:00:27.648551Z","level":"info","event":"[FETCH] requesting rows 13500–13999","logger":"lta_common","filename":"lta_common.py","lineno":54}
{"timestamp":"2026-04-15T14:00:27.648587Z","level":"info","event":"Fetching page from LTA: skip=13500","logger":"lta_common","filename":"lta_common.py","lineno":36}
{"timestamp":"2026-04-15T14:00:27.897444Z","level":"info","event":"Retrieved 500 rows from LTA at skip=13500","logger":"lta_common","filename":"lta_common.py","lineno":44}
{"timestamp":"2026-04-15T14:00:27.898665Z","level":"info","event":"[FETCH DONE] retrieved=500 rows at skip=13500","logger":"lta_common","filename":"lta_common.py","lineno":59}
{"timestamp":"2026-04-15T14:00:27.898882Z","level":"info","event":"STEP 4: processing page skip=13500 rows=500","logger":"2_refresh_traffic_speed","filename":"2_refresh_traffic_speed.py","lineno":41}
{"timestamp":"2026-04-15T14:00:27.906519Z","level":"info","event":"[CLEAN DONE] rows=500 | null_speed_band=0 | null_minimum_speed=0 | null_maximum_speed=0","logger":"lta_common","filename":"lta_common.py","lineno":238}
{"timestamp":"2026-04-15T14:00:27.907258Z","level":"info","event":"STEP 5: built cleaned snapshot dataframe rows=500","logger":"2_refresh_traffic_speed","filename":"2_refresh_traffic_speed.py","lineno":44}
{"timestamp":"2026-04-15T14:00:27.907533Z","level":"info","event":"[LATEST PREP] rows=500 | missing_measurement_rows=0","logger":"lta_common","filename":"lta_common.py","lineno":271}
{"timestamp":"2026-04-15T14:00:27.907745Z","level":"info","event":"[UPSERT START] upserting 500 rows into traffic_speed_latest","logger":"lta_common","filename":"lta_common.py","lineno":348}
{"timestamp":"2026-04-15T14:00:27.908012Z","level":"info","event":"[UPSERT DEBUG] max_link_id=21172 | min_link_id=20349 | max_speed_band=7 | min_speed_band=1 | max_minimum_speed=60 | min_minimum_speed=0 | max_maximum_speed=69 | min_maximum_speed=9","logger":"lta_common","filename":"lta_common.py","lineno":350}
{"timestamp":"2026-04-15T14:00:28.224870Z","level":"info","event":"[UPSERT DONE] upserted=500 rows into traffic_speed_latest","logger":"lta_common","filename":"lta_common.py","lineno":388}
{"timestamp":"2026-04-15T14:00:28.225381Z","level":"info","event":"[SAVE START] inserting 500 rows into traffic_speed_recent","logger":"lta_common","filename":"lta_common.py","lineno":319}
{"timestamp":"2026-04-15T14:00:28.537426Z","level":"info","event":"[SAVE DONE] inserted=500 rows into traffic_speed_recent","logger":"lta_common","filename":"lta_common.py","lineno":337}
{"timestamp":"2026-04-15T14:00:28.537576Z","level":"info","event":"STEP 6: page saved skip=13500 | pages=28 | latest_rows=14000 | recent_rows=14000","logger":"2_refresh_traffic_speed","filename":"2_refresh_traffic_speed.py","lineno":56}
{"timestamp":"2026-04-15T14:00:28.537621Z","level":"info","event":"========== PAGE START ==========","logger":"lta_common","filename":"lta_common.py","lineno":53}
{"timestamp":"2026-04-15T14:00:28.537654Z","level":"info","event":"[FETCH] requesting rows 14000–14499","logger":"lta_common","filename":"lta_common.py","lineno":54}
{"timestamp":"2026-04-15T14:00:28.537697Z","level":"info","event":"Fetching page from LTA: skip=14000","logger":"lta_common","filename":"lta_common.py","lineno":36}
{"timestamp":"2026-04-15T14:00:28.775110Z","level":"info","event":"Retrieved 500 rows from LTA at skip=14000","logger":"lta_common","filename":"lta_common.py","lineno":44}
{"timestamp":"2026-04-15T14:00:28.781531Z","level":"info","event":"[FETCH DONE] retrieved=500 rows at skip=14000","logger":"lta_common","filename":"lta_common.py","lineno":59}
{"timestamp":"2026-04-15T14:00:28.782916Z","level":"info","event":"STEP 4: processing page skip=14000 rows=500","logger":"2_refresh_traffic_speed","filename":"2_refresh_traffic_speed.py","lineno":41}
{"timestamp":"2026-04-15T14:00:28.800408Z","level":"warning","event":"[SANITIZE] link_id=21663 field=maximum_speed suspicious sentinel value=999 -> NULL","logger":"lta_common","filename":"lta_common.py","lineno":143}
{"timestamp":"2026-04-15T14:00:28.801982Z","level":"info","event":"[CLEAN DONE] rows=500 | null_speed_band=0 | null_minimum_speed=0 | null_maximum_speed=1","logger":"lta_common","filename":"lta_common.py","lineno":238}
{"timestamp":"2026-04-15T14:00:28.803502Z","level":"info","event":"STEP 5: built cleaned snapshot dataframe rows=500","logger":"2_refresh_traffic_speed","filename":"2_refresh_traffic_speed.py","lineno":44}
{"timestamp":"2026-04-15T14:00:28.804081Z","level":"info","event":"[LATEST PREP] rows=500 | missing_measurement_rows=0","logger":"lta_common","filename":"lta_common.py","lineno":271}
{"timestamp":"2026-04-15T14:00:28.804473Z","level":"info","event":"[UPSERT START] upserting 500 rows into traffic_speed_latest","logger":"lta_common","filename":"lta_common.py","lineno":348}
{"timestamp":"2026-04-15T14:00:28.804924Z","level":"info","event":"[UPSERT DEBUG] max_link_id=21949 | min_link_id=21177 | max_speed_band=8 | min_speed_band=1 | max_minimum_speed=70 | min_minimum_speed=0 | max_maximum_speed=69.0 | min_maximum_speed=9.0","logger":"lta_common","filename":"lta_common.py","lineno":350}
{"timestamp":"2026-04-15T14:00:29.122744Z","level":"info","event":"[UPSERT DONE] upserted=500 rows into traffic_speed_latest","logger":"lta_common","filename":"lta_common.py","lineno":388}
{"timestamp":"2026-04-15T14:00:29.124785Z","level":"info","event":"[SAVE START] inserting 500 rows into traffic_speed_recent","logger":"lta_common","filename":"lta_common.py","lineno":319}
{"timestamp":"2026-04-15T14:00:29.474230Z","level":"info","event":"[SAVE DONE] inserted=500 rows into traffic_speed_recent","logger":"lta_common","filename":"lta_common.py","lineno":337}
{"timestamp":"2026-04-15T14:00:29.474776Z","level":"info","event":"STEP 6: page saved skip=14000 | pages=29 | latest_rows=14500 | recent_rows=14500","logger":"2_refresh_traffic_speed","filename":"2_refresh_traffic_speed.py","lineno":56}
{"timestamp":"2026-04-15T14:00:29.474989Z","level":"info","event":"========== PAGE START ==========","logger":"lta_common","filename":"lta_common.py","lineno":53}
{"timestamp":"2026-04-15T14:00:29.475112Z","level":"info","event":"[FETCH] requesting rows 14500–14999","logger":"lta_common","filename":"lta_common.py","lineno":54}
{"timestamp":"2026-04-15T14:00:29.475225Z","level":"info","event":"Fetching page from LTA: skip=14500","logger":"lta_common","filename":"lta_common.py","lineno":36}
{"timestamp":"2026-04-15T14:00:29.762603Z","level":"info","event":"Retrieved 500 rows from LTA at skip=14500","logger":"lta_common","filename":"lta_common.py","lineno":44}
{"timestamp":"2026-04-15T14:00:29.765143Z","level":"info","event":"[FETCH DONE] retrieved=500 rows at skip=14500","logger":"lta_common","filename":"lta_common.py","lineno":59}
{"timestamp":"2026-04-15T14:00:29.765628Z","level":"info","event":"STEP 4: processing page skip=14500 rows=500","logger":"2_refresh_traffic_speed","filename":"2_refresh_traffic_speed.py","lineno":41}
{"timestamp":"2026-04-15T14:00:29.778217Z","level":"warning","event":"[SANITIZE] link_id=22017 field=maximum_speed suspicious sentinel value=999 -> NULL","logger":"lta_common","filename":"lta_common.py","lineno":143}
{"timestamp":"2026-04-15T14:00:29.780811Z","level":"info","event":"[CLEAN DONE] rows=500 | null_speed_band=0 | null_minimum_speed=0 | null_maximum_speed=1","logger":"lta_common","filename":"lta_common.py","lineno":238}
{"timestamp":"2026-04-15T14:00:29.782161Z","level":"info","event":"STEP 5: built cleaned snapshot dataframe rows=500","logger":"2_refresh_traffic_speed","filename":"2_refresh_traffic_speed.py","lineno":44}
{"timestamp":"2026-04-15T14:00:29.782659Z","level":"info","event":"[LATEST PREP] rows=500 | missing_measurement_rows=0","logger":"lta_common","filename":"lta_common.py","lineno":271}
{"timestamp":"2026-04-15T14:00:29.783048Z","level":"info","event":"[UPSERT START] upserting 500 rows into traffic_speed_latest","logger":"lta_common","filename":"lta_common.py","lineno":348}
{"timestamp":"2026-04-15T14:00:29.783486Z","level":"info","event":"[UPSERT DEBUG] max_link_id=22602 | min_link_id=21950 | max_speed_band=8 | min_speed_band=1 | max_minimum_speed=70 | min_minimum_speed=0 | max_maximum_speed=69.0 | min_maximum_speed=9.0","logger":"lta_common","filename":"lta_common.py","lineno":350}
{"timestamp":"2026-04-15T14:00:30.089244Z","level":"info","event":"[UPSERT DONE] upserted=500 rows into traffic_speed_latest","logger":"lta_common","filename":"lta_common.py","lineno":388}
{"timestamp":"2026-04-15T14:00:30.089851Z","level":"info","event":"[SAVE START] inserting 500 rows into traffic_speed_recent","logger":"lta_common","filename":"lta_common.py","lineno":319}
{"timestamp":"2026-04-15T14:00:30.412266Z","level":"info","event":"[SAVE DONE] inserted=500 rows into traffic_speed_recent","logger":"lta_common","filename":"lta_common.py","lineno":337}
{"timestamp":"2026-04-15T14:00:30.412752Z","level":"info","event":"STEP 6: page saved skip=14500 | pages=30 | latest_rows=15000 | recent_rows=15000","logger":"2_refresh_traffic_speed","filename":"2_refresh_traffic_speed.py","lineno":56}
{"timestamp":"2026-04-15T14:00:30.412830Z","level":"info","event":"========== PAGE START ==========","logger":"lta_common","filename":"lta_common.py","lineno":53}
{"timestamp":"2026-04-15T14:00:30.412880Z","level":"info","event":"[FETCH] requesting rows 15000–15499","logger":"lta_common","filename":"lta_common.py","lineno":54}
{"timestamp":"2026-04-15T14:00:30.413002Z","level":"info","event":"Fetching page from LTA: skip=15000","logger":"lta_common","filename":"lta_common.py","lineno":36}
{"timestamp":"2026-04-15T14:00:30.692760Z","level":"info","event":"Retrieved 500 rows from LTA at skip=15000","logger":"lta_common","filename":"lta_common.py","lineno":44}
{"timestamp":"2026-04-15T14:00:30.697745Z","level":"info","event":"[FETCH DONE] retrieved=500 rows at skip=15000","logger":"lta_common","filename":"lta_common.py","lineno":59}
{"timestamp":"2026-04-15T14:00:30.699007Z","level":"info","event":"STEP 4: processing page skip=15000 rows=500","logger":"2_refresh_traffic_speed","filename":"2_refresh_traffic_speed.py","lineno":41}
{"timestamp":"2026-04-15T14:00:30.713051Z","level":"warning","event":"[SANITIZE] link_id=22679 field=maximum_speed suspicious sentinel value=999 -> NULL","logger":"lta_common","filename":"lta_common.py","lineno":143}
{"timestamp":"2026-04-15T14:00:30.715298Z","level":"info","event":"[CLEAN DONE] rows=500 | null_speed_band=0 | null_minimum_speed=0 | null_maximum_speed=1","logger":"lta_common","filename":"lta_common.py","lineno":238}
{"timestamp":"2026-04-15T14:00:30.716591Z","level":"info","event":"STEP 5: built cleaned snapshot dataframe rows=500","logger":"2_refresh_traffic_speed","filename":"2_refresh_traffic_speed.py","lineno":44}
{"timestamp":"2026-04-15T14:00:30.717095Z","level":"info","event":"[LATEST PREP] rows=500 | missing_measurement_rows=0","logger":"lta_common","filename":"lta_common.py","lineno":271}
{"timestamp":"2026-04-15T14:00:30.717396Z","level":"info","event":"[UPSERT START] upserting 500 rows into traffic_speed_latest","logger":"lta_common","filename":"lta_common.py","lineno":348}
{"timestamp":"2026-04-15T14:00:30.717938Z","level":"info","event":"[UPSERT DEBUG] max_link_id=23518 | min_link_id=22603 | max_speed_band=8 | min_speed_band=1 | max_minimum_speed=70 | min_minimum_speed=0 | max_maximum_speed=69.0 | min_maximum_speed=9.0","logger":"lta_common","filename":"lta_common.py","lineno":350}
{"timestamp":"2026-04-15T14:00:31.045811Z","level":"info","event":"[UPSERT DONE] upserted=500 rows into traffic_speed_latest","logger":"lta_common","filename":"lta_common.py","lineno":388}
{"timestamp":"2026-04-15T14:00:31.047224Z","level":"info","event":"[SAVE START] inserting 500 rows into traffic_speed_recent","logger":"lta_common","filename":"lta_common.py","lineno":319}
{"timestamp":"2026-04-15T14:00:31.398036Z","level":"info","event":"[SAVE DONE] inserted=500 rows into traffic_speed_recent","logger":"lta_common","filename":"lta_common.py","lineno":337}
{"timestamp":"2026-04-15T14:00:31.398505Z","level":"info","event":"STEP 6: page saved skip=15000 | pages=31 | latest_rows=15500 | recent_rows=15500","logger":"2_refresh_traffic_speed","filename":"2_refresh_traffic_speed.py","lineno":56}
{"timestamp":"2026-04-15T14:00:31.398650Z","level":"info","event":"========== PAGE START ==========","logger":"lta_common","filename":"lta_common.py","lineno":53}
{"timestamp":"2026-04-15T14:00:31.398782Z","level":"info","event":"[FETCH] requesting rows 15500–15999","logger":"lta_common","filename":"lta_common.py","lineno":54}
{"timestamp":"2026-04-15T14:00:31.398984Z","level":"info","event":"Fetching page from LTA: skip=15500","logger":"lta_common","filename":"lta_common.py","lineno":36}
{"timestamp":"2026-04-15T14:00:31.702656Z","level":"info","event":"Retrieved 500 rows from LTA at skip=15500","logger":"lta_common","filename":"lta_common.py","lineno":44}
{"timestamp":"2026-04-15T14:00:31.729516Z","level":"info","event":"[FETCH DONE] retrieved=500 rows at skip=15500","logger":"lta_common","filename":"lta_common.py","lineno":59}
{"timestamp":"2026-04-15T14:00:31.732335Z","level":"info","event":"STEP 4: processing page skip=15500 rows=500","logger":"2_refresh_traffic_speed","filename":"2_refresh_traffic_speed.py","lineno":41}
{"timestamp":"2026-04-15T14:00:31.898654Z","level":"info","event":"[CLEAN DONE] rows=500 | null_speed_band=0 | null_minimum_speed=0 | null_maximum_speed=0","logger":"lta_common","filename":"lta_common.py","lineno":238}
{"timestamp":"2026-04-15T14:00:31.947941Z","level":"info","event":"STEP 5: built cleaned snapshot dataframe rows=500","logger":"2_refresh_traffic_speed","filename":"2_refresh_traffic_speed.py","lineno":44}
{"timestamp":"2026-04-15T14:00:31.949033Z","level":"info","event":"[LATEST PREP] rows=500 | missing_measurement_rows=0","logger":"lta_common","filename":"lta_common.py","lineno":271}
{"timestamp":"2026-04-15T14:00:31.949611Z","level":"info","event":"[UPSERT START] upserting 500 rows into traffic_speed_latest","logger":"lta_common","filename":"lta_common.py","lineno":348}
{"timestamp":"2026-04-15T14:00:31.951365Z","level":"info","event":"[UPSERT DEBUG] max_link_id=24311 | min_link_id=23519 | max_speed_band=7 | min_speed_band=1 | max_minimum_speed=60 | min_minimum_speed=0 | max_maximum_speed=69 | min_maximum_speed=9","logger":"lta_common","filename":"lta_common.py","lineno":350}
{"timestamp":"2026-04-15T14:00:32.261097Z","level":"info","event":"[UPSERT DONE] upserted=500 rows into traffic_speed_latest","logger":"lta_common","filename":"lta_common.py","lineno":388}
{"timestamp":"2026-04-15T14:00:32.261582Z","level":"info","event":"[SAVE START] inserting 500 rows into traffic_speed_recent","logger":"lta_common","filename":"lta_common.py","lineno":319}
{"timestamp":"2026-04-15T14:00:32.589150Z","level":"info","event":"[SAVE DONE] inserted=500 rows into traffic_speed_recent","logger":"lta_common","filename":"lta_common.py","lineno":337}
{"timestamp":"2026-04-15T14:00:32.589270Z","level":"info","event":"STEP 6: page saved skip=15500 | pages=32 | latest_rows=16000 | recent_rows=16000","logger":"2_refresh_traffic_speed","filename":"2_refresh_traffic_speed.py","lineno":56}
{"timestamp":"2026-04-15T14:00:32.589303Z","level":"info","event":"========== PAGE START ==========","logger":"lta_common","filename":"lta_common.py","lineno":53}
{"timestamp":"2026-04-15T14:00:32.589326Z","level":"info","event":"[FETCH] requesting rows 16000–16499","logger":"lta_common","filename":"lta_common.py","lineno":54}
{"timestamp":"2026-04-15T14:00:32.589355Z","level":"info","event":"Fetching page from LTA: skip=16000","logger":"lta_common","filename":"lta_common.py","lineno":36}
{"timestamp":"2026-04-15T14:00:32.835469Z","level":"info","event":"Retrieved 500 rows from LTA at skip=16000","logger":"lta_common","filename":"lta_common.py","lineno":44}
{"timestamp":"2026-04-15T14:00:32.836580Z","level":"info","event":"[FETCH DONE] retrieved=500 rows at skip=16000","logger":"lta_common","filename":"lta_common.py","lineno":59}
{"timestamp":"2026-04-15T14:00:32.836790Z","level":"info","event":"STEP 4: processing page skip=16000 rows=500","logger":"2_refresh_traffic_speed","filename":"2_refresh_traffic_speed.py","lineno":41}
{"timestamp":"2026-04-15T14:00:32.843516Z","level":"warning","event":"[SANITIZE] link_id=24614 field=maximum_speed suspicious sentinel value=999 -> NULL","logger":"lta_common","filename":"lta_common.py","lineno":143}
{"timestamp":"2026-04-15T14:00:32.843865Z","level":"warning","event":"[SANITIZE] link_id=24702 field=maximum_speed suspicious sentinel value=999 -> NULL","logger":"lta_common","filename":"lta_common.py","lineno":143}
{"timestamp":"2026-04-15T14:00:32.844525Z","level":"info","event":"[CLEAN DONE] rows=500 | null_speed_band=0 | null_minimum_speed=0 | null_maximum_speed=2","logger":"lta_common","filename":"lta_common.py","lineno":238}
{"timestamp":"2026-04-15T14:00:32.845273Z","level":"info","event":"STEP 5: built cleaned snapshot dataframe rows=500","logger":"2_refresh_traffic_speed","filename":"2_refresh_traffic_speed.py","lineno":44}
{"timestamp":"2026-04-15T14:00:32.845558Z","level":"info","event":"[LATEST PREP] rows=500 | missing_measurement_rows=0","logger":"lta_common","filename":"lta_common.py","lineno":271}
{"timestamp":"2026-04-15T14:00:32.845796Z","level":"info","event":"[UPSERT START] upserting 500 rows into traffic_speed_latest","logger":"lta_common","filename":"lta_common.py","lineno":348}
{"timestamp":"2026-04-15T14:00:32.846067Z","level":"info","event":"[UPSERT DEBUG] max_link_id=24843 | min_link_id=24312 | max_speed_band=8 | min_speed_band=1 | max_minimum_speed=70 | min_minimum_speed=0 | max_maximum_speed=69.0 | min_maximum_speed=9.0","logger":"lta_common","filename":"lta_common.py","lineno":350}
{"timestamp":"2026-04-15T14:00:33.147374Z","level":"info","event":"[UPSERT DONE] upserted=500 rows into traffic_speed_latest","logger":"lta_common","filename":"lta_common.py","lineno":388}
{"timestamp":"2026-04-15T14:00:33.147827Z","level":"info","event":"[SAVE START] inserting 500 rows into traffic_speed_recent","logger":"lta_common","filename":"lta_common.py","lineno":319}
{"timestamp":"2026-04-15T14:00:33.469861Z","level":"info","event":"[SAVE DONE] inserted=500 rows into traffic_speed_recent","logger":"lta_common","filename":"lta_common.py","lineno":337}
{"timestamp":"2026-04-15T14:00:33.470199Z","level":"info","event":"STEP 6: page saved skip=16000 | pages=33 | latest_rows=16500 | recent_rows=16500","logger":"2_refresh_traffic_speed","filename":"2_refresh_traffic_speed.py","lineno":56}
{"timestamp":"2026-04-15T14:00:33.470339Z","level":"info","event":"========== PAGE START ==========","logger":"lta_common","filename":"lta_common.py","lineno":53}
{"timestamp":"2026-04-15T14:00:33.470406Z","level":"info","event":"[FETCH] requesting rows 16500–16999","logger":"lta_common","filename":"lta_common.py","lineno":54}
{"timestamp":"2026-04-15T14:00:33.470500Z","level":"info","event":"Fetching page from LTA: skip=16500","logger":"lta_common","filename":"lta_common.py","lineno":36}
{"timestamp":"2026-04-15T14:00:33.719726Z","level":"info","event":"Retrieved 500 rows from LTA at skip=16500","logger":"lta_common","filename":"lta_common.py","lineno":44}
{"timestamp":"2026-04-15T14:00:33.721825Z","level":"info","event":"[FETCH DONE] retrieved=500 rows at skip=16500","logger":"lta_common","filename":"lta_common.py","lineno":59}
{"timestamp":"2026-04-15T14:00:33.722194Z","level":"info","event":"STEP 4: processing page skip=16500 rows=500","logger":"2_refresh_traffic_speed","filename":"2_refresh_traffic_speed.py","lineno":41}
{"timestamp":"2026-04-15T14:00:33.731763Z","level":"warning","event":"[SANITIZE] link_id=24851 field=maximum_speed suspicious sentinel value=999 -> NULL","logger":"lta_common","filename":"lta_common.py","lineno":143}
{"timestamp":"2026-04-15T14:00:33.731847Z","level":"warning","event":"[SANITIZE] link_id=24852 field=maximum_speed suspicious sentinel value=999 -> NULL","logger":"lta_common","filename":"lta_common.py","lineno":143}
{"timestamp":"2026-04-15T14:00:33.732120Z","level":"warning","event":"[SANITIZE] link_id=24907 field=maximum_speed suspicious sentinel value=999 -> NULL","logger":"lta_common","filename":"lta_common.py","lineno":143}
{"timestamp":"2026-04-15T14:00:33.732472Z","level":"warning","event":"[SANITIZE] link_id=25001 field=maximum_speed suspicious sentinel value=999 -> NULL","logger":"lta_common","filename":"lta_common.py","lineno":143}
{"timestamp":"2026-04-15T14:00:33.732517Z","level":"warning","event":"[SANITIZE] link_id=25005 field=maximum_speed suspicious sentinel value=999 -> NULL","logger":"lta_common","filename":"lta_common.py","lineno":143}
{"timestamp":"2026-04-15T14:00:33.732549Z","level":"warning","event":"[SANITIZE] link_id=25006 field=maximum_speed suspicious sentinel value=999 -> NULL","logger":"lta_common","filename":"lta_common.py","lineno":143}
{"timestamp":"2026-04-15T14:00:33.732587Z","level":"warning","event":"[SANITIZE] link_id=25015 field=maximum_speed suspicious sentinel value=999 -> NULL","logger":"lta_common","filename":"lta_common.py","lineno":143}
{"timestamp":"2026-04-15T14:00:33.732638Z","level":"warning","event":"[SANITIZE] link_id=25019 field=maximum_speed suspicious sentinel value=999 -> NULL","logger":"lta_common","filename":"lta_common.py","lineno":143}
{"timestamp":"2026-04-15T14:00:33.732680Z","level":"warning","event":"[SANITIZE] link_id=25020 field=maximum_speed suspicious sentinel value=999 -> NULL","logger":"lta_common","filename":"lta_common.py","lineno":143}
{"timestamp":"2026-04-15T14:00:33.732720Z","level":"warning","event":"[SANITIZE] link_id=25021 field=maximum_speed suspicious sentinel value=999 -> NULL","logger":"lta_common","filename":"lta_common.py","lineno":143}
{"timestamp":"2026-04-15T14:00:33.732761Z","level":"warning","event":"[SANITIZE] link_id=25022 field=maximum_speed suspicious sentinel value=999 -> NULL","logger":"lta_common","filename":"lta_common.py","lineno":143}
{"timestamp":"2026-04-15T14:00:33.732792Z","level":"warning","event":"[SANITIZE] link_id=25023 field=maximum_speed suspicious sentinel value=999 -> NULL","logger":"lta_common","filename":"lta_common.py","lineno":143}
{"timestamp":"2026-04-15T14:00:33.732997Z","level":"warning","event":"[SANITIZE] link_id=25065 field=maximum_speed suspicious sentinel value=999 -> NULL","logger":"lta_common","filename":"lta_common.py","lineno":143}
{"timestamp":"2026-04-15T14:00:33.733047Z","level":"warning","event":"[SANITIZE] link_id=25066 field=maximum_speed suspicious sentinel value=999 -> NULL","logger":"lta_common","filename":"lta_common.py","lineno":143}
{"timestamp":"2026-04-15T14:00:33.733344Z","level":"warning","event":"[SANITIZE] link_id=25163 field=maximum_speed suspicious sentinel value=999 -> NULL","logger":"lta_common","filename":"lta_common.py","lineno":143}
{"timestamp":"2026-04-15T14:00:33.733391Z","level":"warning","event":"[SANITIZE] link_id=25168 field=maximum_speed suspicious sentinel value=999 -> NULL","logger":"lta_common","filename":"lta_common.py","lineno":143}
{"timestamp":"2026-04-15T14:00:33.733435Z","level":"warning","event":"[SANITIZE] link_id=25173 field=maximum_speed suspicious sentinel value=999 -> NULL","logger":"lta_common","filename":"lta_common.py","lineno":143}
{"timestamp":"2026-04-15T14:00:33.733539Z","level":"warning","event":"[SANITIZE] link_id=25202 field=maximum_speed suspicious sentinel value=999 -> NULL","logger":"lta_common","filename":"lta_common.py","lineno":143}
{"timestamp":"2026-04-15T14:00:33.734323Z","level":"warning","event":"[SANITIZE] link_id=25420 field=maximum_speed suspicious sentinel value=999 -> NULL","logger":"lta_common","filename":"lta_common.py","lineno":143}
{"timestamp":"2026-04-15T14:00:33.734842Z","level":"info","event":"[CLEAN DONE] rows=500 | null_speed_band=0 | null_minimum_speed=0 | null_maximum_speed=19","logger":"lta_common","filename":"lta_common.py","lineno":238}
{"timestamp":"2026-04-15T14:00:33.736088Z","level":"info","event":"STEP 5: built cleaned snapshot dataframe rows=500","logger":"2_refresh_traffic_speed","filename":"2_refresh_traffic_speed.py","lineno":44}
{"timestamp":"2026-04-15T14:00:33.736619Z","level":"info","event":"[LATEST PREP] rows=500 | missing_measurement_rows=0","logger":"lta_common","filename":"lta_common.py","lineno":271}
{"timestamp":"2026-04-15T14:00:33.736994Z","level":"info","event":"[UPSERT START] upserting 500 rows into traffic_speed_latest","logger":"lta_common","filename":"lta_common.py","lineno":348}
{"timestamp":"2026-04-15T14:00:33.737384Z","level":"info","event":"[UPSERT DEBUG] max_link_id=25421 | min_link_id=24844 | max_speed_band=8 | min_speed_band=1 | max_minimum_speed=70 | min_minimum_speed=0 | max_maximum_speed=69.0 | min_maximum_speed=9.0","logger":"lta_common","filename":"lta_common.py","lineno":350}
{"timestamp":"2026-04-15T14:00:34.045930Z","level":"info","event":"[UPSERT DONE] upserted=500 rows into traffic_speed_latest","logger":"lta_common","filename":"lta_common.py","lineno":388}
{"timestamp":"2026-04-15T14:00:34.048290Z","level":"info","event":"[SAVE START] inserting 500 rows into traffic_speed_recent","logger":"lta_common","filename":"lta_common.py","lineno":319}
{"timestamp":"2026-04-15T14:00:34.384190Z","level":"info","event":"[SAVE DONE] inserted=500 rows into traffic_speed_recent","logger":"lta_common","filename":"lta_common.py","lineno":337}
{"timestamp":"2026-04-15T14:00:34.385177Z","level":"info","event":"STEP 6: page saved skip=16500 | pages=34 | latest_rows=17000 | recent_rows=17000","logger":"2_refresh_traffic_speed","filename":"2_refresh_traffic_speed.py","lineno":56}
{"timestamp":"2026-04-15T14:00:34.385503Z","level":"info","event":"========== PAGE START ==========","logger":"lta_common","filename":"lta_common.py","lineno":53}
{"timestamp":"2026-04-15T14:00:34.385662Z","level":"info","event":"[FETCH] requesting rows 17000–17499","logger":"lta_common","filename":"lta_common.py","lineno":54}
{"timestamp":"2026-04-15T14:00:34.385858Z","level":"info","event":"Fetching page from LTA: skip=17000","logger":"lta_common","filename":"lta_common.py","lineno":36}
{"timestamp":"2026-04-15T14:00:34.700387Z","level":"info","event":"Retrieved 500 rows from LTA at skip=17000","logger":"lta_common","filename":"lta_common.py","lineno":44}
{"timestamp":"2026-04-15T14:00:34.705347Z","level":"info","event":"[FETCH DONE] retrieved=500 rows at skip=17000","logger":"lta_common","filename":"lta_common.py","lineno":59}
{"timestamp":"2026-04-15T14:00:34.706229Z","level":"info","event":"STEP 4: processing page skip=17000 rows=500","logger":"2_refresh_traffic_speed","filename":"2_refresh_traffic_speed.py","lineno":41}
{"timestamp":"2026-04-15T14:00:34.721869Z","level":"warning","event":"[SANITIZE] link_id=25727 field=maximum_speed suspicious sentinel value=999 -> NULL","logger":"lta_common","filename":"lta_common.py","lineno":143}
{"timestamp":"2026-04-15T14:00:34.724012Z","level":"info","event":"[CLEAN DONE] rows=500 | null_speed_band=0 | null_minimum_speed=1 | null_maximum_speed=2","logger":"lta_common","filename":"lta_common.py","lineno":238}
{"timestamp":"2026-04-15T14:00:34.725683Z","level":"info","event":"STEP 5: built cleaned snapshot dataframe rows=500","logger":"2_refresh_traffic_speed","filename":"2_refresh_traffic_speed.py","lineno":44}
{"timestamp":"2026-04-15T14:00:34.726445Z","level":"info","event":"[LATEST PREP] rows=500 | missing_measurement_rows=1","logger":"lta_common","filename":"lta_common.py","lineno":271}
{"timestamp":"2026-04-15T14:00:34.727045Z","level":"info","event":"[UPSERT START] upserting 500 rows into traffic_speed_latest","logger":"lta_common","filename":"lta_common.py","lineno":348}
{"timestamp":"2026-04-15T14:00:34.728034Z","level":"info","event":"[UPSERT DEBUG] max_link_id=25962 | min_link_id=25422 | max_speed_band=8 | min_speed_band=1 | max_minimum_speed=70.0 | min_minimum_speed=0.0 | max_maximum_speed=69.0 | min_maximum_speed=9.0","logger":"lta_common","filename":"lta_common.py","lineno":350}
{"timestamp":"2026-04-15T14:00:35.039380Z","level":"info","event":"[UPSERT DONE] upserted=500 rows into traffic_speed_latest","logger":"lta_common","filename":"lta_common.py","lineno":388}
{"timestamp":"2026-04-15T14:00:35.040191Z","level":"info","event":"[SAVE START] inserting 500 rows into traffic_speed_recent","logger":"lta_common","filename":"lta_common.py","lineno":319}
{"timestamp":"2026-04-15T14:00:35.363463Z","level":"info","event":"[SAVE DONE] inserted=500 rows into traffic_speed_recent","logger":"lta_common","filename":"lta_common.py","lineno":337}
{"timestamp":"2026-04-15T14:00:35.363583Z","level":"info","event":"STEP 6: page saved skip=17000 | pages=35 | latest_rows=17500 | recent_rows=17500","logger":"2_refresh_traffic_speed","filename":"2_refresh_traffic_speed.py","lineno":56}
{"timestamp":"2026-04-15T14:00:35.363617Z","level":"info","event":"========== PAGE START ==========","logger":"lta_common","filename":"lta_common.py","lineno":53}
{"timestamp":"2026-04-15T14:00:35.363639Z","level":"info","event":"[FETCH] requesting rows 17500–17999","logger":"lta_common","filename":"lta_common.py","lineno":54}
{"timestamp":"2026-04-15T14:00:35.363666Z","level":"info","event":"Fetching page from LTA: skip=17500","logger":"lta_common","filename":"lta_common.py","lineno":36}
{"timestamp":"2026-04-15T14:00:35.640755Z","level":"info","event":"Retrieved 500 rows from LTA at skip=17500","logger":"lta_common","filename":"lta_common.py","lineno":44}
{"timestamp":"2026-04-15T14:00:35.642104Z","level":"info","event":"[FETCH DONE] retrieved=500 rows at skip=17500","logger":"lta_common","filename":"lta_common.py","lineno":59}
{"timestamp":"2026-04-15T14:00:35.642346Z","level":"info","event":"STEP 4: processing page skip=17500 rows=500","logger":"2_refresh_traffic_speed","filename":"2_refresh_traffic_speed.py","lineno":41}
{"timestamp":"2026-04-15T14:00:35.650834Z","level":"warning","event":"[SANITIZE] link_id=26515 field=maximum_speed suspicious sentinel value=999 -> NULL","logger":"lta_common","filename":"lta_common.py","lineno":143}
{"timestamp":"2026-04-15T14:00:35.651047Z","level":"warning","event":"[SANITIZE] link_id=26572 field=maximum_speed suspicious sentinel value=999 -> NULL","logger":"lta_common","filename":"lta_common.py","lineno":143}
{"timestamp":"2026-04-15T14:00:35.651171Z","level":"warning","event":"[SANITIZE] link_id=26635 field=maximum_speed suspicious sentinel value=999 -> NULL","logger":"lta_common","filename":"lta_common.py","lineno":143}
{"timestamp":"2026-04-15T14:00:35.651674Z","level":"info","event":"[CLEAN DONE] rows=500 | null_speed_band=0 | null_minimum_speed=0 | null_maximum_speed=3","logger":"lta_common","filename":"lta_common.py","lineno":238}
{"timestamp":"2026-04-15T14:00:35.652530Z","level":"info","event":"STEP 5: built cleaned snapshot dataframe rows=500","logger":"2_refresh_traffic_speed","filename":"2_refresh_traffic_speed.py","lineno":44}
{"timestamp":"2026-04-15T14:00:35.652858Z","level":"info","event":"[LATEST PREP] rows=500 | missing_measurement_rows=0","logger":"lta_common","filename":"lta_common.py","lineno":271}
{"timestamp":"2026-04-15T14:00:35.653112Z","level":"info","event":"[UPSERT START] upserting 500 rows into traffic_speed_latest","logger":"lta_common","filename":"lta_common.py","lineno":348}
{"timestamp":"2026-04-15T14:00:35.653410Z","level":"info","event":"[UPSERT DEBUG] max_link_id=26731 | min_link_id=25963 | max_speed_band=8 | min_speed_band=1 | max_minimum_speed=70 | min_minimum_speed=0 | max_maximum_speed=69.0 | min_maximum_speed=9.0","logger":"lta_common","filename":"lta_common.py","lineno":350}
{"timestamp":"2026-04-15T14:00:35.967157Z","level":"info","event":"[UPSERT DONE] upserted=500 rows into traffic_speed_latest","logger":"lta_common","filename":"lta_common.py","lineno":388}
{"timestamp":"2026-04-15T14:00:35.967815Z","level":"info","event":"[SAVE START] inserting 500 rows into traffic_speed_recent","logger":"lta_common","filename":"lta_common.py","lineno":319}
{"timestamp":"2026-04-15T14:00:36.279117Z","level":"info","event":"[SAVE DONE] inserted=500 rows into traffic_speed_recent","logger":"lta_common","filename":"lta_common.py","lineno":337}
{"timestamp":"2026-04-15T14:00:36.279256Z","level":"info","event":"STEP 6: page saved skip=17500 | pages=36 | latest_rows=18000 | recent_rows=18000","logger":"2_refresh_traffic_speed","filename":"2_refresh_traffic_speed.py","lineno":56}
{"timestamp":"2026-04-15T14:00:36.279303Z","level":"info","event":"========== PAGE START ==========","logger":"lta_common","filename":"lta_common.py","lineno":53}
{"timestamp":"2026-04-15T14:00:36.279339Z","level":"info","event":"[FETCH] requesting rows 18000–18499","logger":"lta_common","filename":"lta_common.py","lineno":54}
{"timestamp":"2026-04-15T14:00:36.279382Z","level":"info","event":"Fetching page from LTA: skip=18000","logger":"lta_common","filename":"lta_common.py","lineno":36}
{"timestamp":"2026-04-15T14:00:36.521749Z","level":"info","event":"Retrieved 500 rows from LTA at skip=18000","logger":"lta_common","filename":"lta_common.py","lineno":44}
{"timestamp":"2026-04-15T14:00:36.523617Z","level":"info","event":"[FETCH DONE] retrieved=500 rows at skip=18000","logger":"lta_common","filename":"lta_common.py","lineno":59}
{"timestamp":"2026-04-15T14:00:36.523817Z","level":"info","event":"STEP 4: processing page skip=18000 rows=500","logger":"2_refresh_traffic_speed","filename":"2_refresh_traffic_speed.py","lineno":41}
{"timestamp":"2026-04-15T14:00:36.531733Z","level":"warning","event":"[SANITIZE] link_id=26761 field=maximum_speed suspicious sentinel value=999 -> NULL","logger":"lta_common","filename":"lta_common.py","lineno":143}
{"timestamp":"2026-04-15T14:00:36.531960Z","level":"warning","event":"[SANITIZE] link_id=26827 field=maximum_speed suspicious sentinel value=999 -> NULL","logger":"lta_common","filename":"lta_common.py","lineno":143}
{"timestamp":"2026-04-15T14:00:36.532116Z","level":"warning","event":"[SANITIZE] link_id=26886 field=maximum_speed suspicious sentinel value=999 -> NULL","logger":"lta_common","filename":"lta_common.py","lineno":143}
{"timestamp":"2026-04-15T14:00:36.532156Z","level":"warning","event":"[SANITIZE] link_id=26888 field=maximum_speed suspicious sentinel value=999 -> NULL","logger":"lta_common","filename":"lta_common.py","lineno":143}
{"timestamp":"2026-04-15T14:00:36.532420Z","level":"warning","event":"[SANITIZE] link_id=27122 field=maximum_speed suspicious sentinel value=999 -> NULL","logger":"lta_common","filename":"lta_common.py","lineno":143}
{"timestamp":"2026-04-15T14:00:36.532698Z","level":"warning","event":"[SANITIZE] link_id=27467 field=maximum_speed suspicious sentinel value=999 -> NULL","logger":"lta_common","filename":"lta_common.py","lineno":143}
{"timestamp":"2026-04-15T14:00:36.532981Z","level":"warning","event":"[SANITIZE] link_id=27632 field=maximum_speed suspicious sentinel value=999 -> NULL","logger":"lta_common","filename":"lta_common.py","lineno":143}
{"timestamp":"2026-04-15T14:00:36.533192Z","level":"warning","event":"[SANITIZE] link_id=27767 field=maximum_speed suspicious sentinel value=999 -> NULL","logger":"lta_common","filename":"lta_common.py","lineno":143}
{"timestamp":"2026-04-15T14:00:36.533480Z","level":"warning","event":"[SANITIZE] link_id=27870 field=maximum_speed suspicious sentinel value=999 -> NULL","logger":"lta_common","filename":"lta_common.py","lineno":143}
{"timestamp":"2026-04-15T14:00:36.534096Z","level":"info","event":"[CLEAN DONE] rows=500 | null_speed_band=0 | null_minimum_speed=0 | null_maximum_speed=9","logger":"lta_common","filename":"lta_common.py","lineno":238}
{"timestamp":"2026-04-15T14:00:36.535222Z","level":"info","event":"STEP 5: built cleaned snapshot dataframe rows=500","logger":"2_refresh_traffic_speed","filename":"2_refresh_traffic_speed.py","lineno":44}
{"timestamp":"2026-04-15T14:00:36.535611Z","level":"info","event":"[LATEST PREP] rows=500 | missing_measurement_rows=0","logger":"lta_common","filename":"lta_common.py","lineno":271}
{"timestamp":"2026-04-15T14:00:36.535891Z","level":"info","event":"[UPSERT START] upserting 500 rows into traffic_speed_latest","logger":"lta_common","filename":"lta_common.py","lineno":348}
{"timestamp":"2026-04-15T14:00:36.536215Z","level":"info","event":"[UPSERT DEBUG] max_link_id=27885 | min_link_id=26734 | max_speed_band=8 | min_speed_band=1 | max_minimum_speed=70 | min_minimum_speed=0 | max_maximum_speed=69.0 | min_maximum_speed=9.0","logger":"lta_common","filename":"lta_common.py","lineno":350}
{"timestamp":"2026-04-15T14:00:36.828455Z","level":"info","event":"[UPSERT DONE] upserted=500 rows into traffic_speed_latest","logger":"lta_common","filename":"lta_common.py","lineno":388}
{"timestamp":"2026-04-15T14:00:36.828902Z","level":"info","event":"[SAVE START] inserting 500 rows into traffic_speed_recent","logger":"lta_common","filename":"lta_common.py","lineno":319}
{"timestamp":"2026-04-15T14:00:37.150093Z","level":"info","event":"[SAVE DONE] inserted=500 rows into traffic_speed_recent","logger":"lta_common","filename":"lta_common.py","lineno":337}
{"timestamp":"2026-04-15T14:00:37.150207Z","level":"info","event":"STEP 6: page saved skip=18000 | pages=37 | latest_rows=18500 | recent_rows=18500","logger":"2_refresh_traffic_speed","filename":"2_refresh_traffic_speed.py","lineno":56}
{"timestamp":"2026-04-15T14:00:37.150248Z","level":"info","event":"========== PAGE START ==========","logger":"lta_common","filename":"lta_common.py","lineno":53}
{"timestamp":"2026-04-15T14:00:37.150272Z","level":"info","event":"[FETCH] requesting rows 18500–18999","logger":"lta_common","filename":"lta_common.py","lineno":54}
{"timestamp":"2026-04-15T14:00:37.150303Z","level":"info","event":"Fetching page from LTA: skip=18500","logger":"lta_common","filename":"lta_common.py","lineno":36}
{"timestamp":"2026-04-15T14:00:37.514454Z","level":"info","event":"Retrieved 500 rows from LTA at skip=18500","logger":"lta_common","filename":"lta_common.py","lineno":44}
{"timestamp":"2026-04-15T14:00:37.515664Z","level":"info","event":"[FETCH DONE] retrieved=500 rows at skip=18500","logger":"lta_common","filename":"lta_common.py","lineno":59}
{"timestamp":"2026-04-15T14:00:37.515754Z","level":"info","event":"STEP 4: processing page skip=18500 rows=500","logger":"2_refresh_traffic_speed","filename":"2_refresh_traffic_speed.py","lineno":41}
{"timestamp":"2026-04-15T14:00:37.521920Z","level":"warning","event":"[SANITIZE] link_id=27946 field=maximum_speed suspicious sentinel value=999 -> NULL","logger":"lta_common","filename":"lta_common.py","lineno":143}
{"timestamp":"2026-04-15T14:00:37.522248Z","level":"warning","event":"[SANITIZE] link_id=28053 field=maximum_speed suspicious sentinel value=999 -> NULL","logger":"lta_common","filename":"lta_common.py","lineno":143}
{"timestamp":"2026-04-15T14:00:37.522851Z","level":"warning","event":"[SANITIZE] link_id=28274 field=maximum_speed suspicious sentinel value=999 -> NULL","logger":"lta_common","filename":"lta_common.py","lineno":143}
{"timestamp":"2026-04-15T14:00:37.523010Z","level":"warning","event":"[SANITIZE] link_id=28324 field=maximum_speed suspicious sentinel value=999 -> NULL","logger":"lta_common","filename":"lta_common.py","lineno":143}
{"timestamp":"2026-04-15T14:00:37.523534Z","level":"info","event":"[CLEAN DONE] rows=500 | null_speed_band=0 | null_minimum_speed=1 | null_maximum_speed=5","logger":"lta_common","filename":"lta_common.py","lineno":238}
{"timestamp":"2026-04-15T14:00:37.524292Z","level":"info","event":"STEP 5: built cleaned snapshot dataframe rows=500","logger":"2_refresh_traffic_speed","filename":"2_refresh_traffic_speed.py","lineno":44}
{"timestamp":"2026-04-15T14:00:37.524551Z","level":"info","event":"[LATEST PREP] rows=500 | missing_measurement_rows=1","logger":"lta_common","filename":"lta_common.py","lineno":271}
{"timestamp":"2026-04-15T14:00:37.524784Z","level":"info","event":"[UPSERT START] upserting 500 rows into traffic_speed_latest","logger":"lta_common","filename":"lta_common.py","lineno":348}
{"timestamp":"2026-04-15T14:00:37.525049Z","level":"info","event":"[UPSERT DEBUG] max_link_id=28391 | min_link_id=27886 | max_speed_band=8 | min_speed_band=1 | max_minimum_speed=70.0 | min_minimum_speed=0.0 | max_maximum_speed=69.0 | min_maximum_speed=9.0","logger":"lta_common","filename":"lta_common.py","lineno":350}
{"timestamp":"2026-04-15T14:00:37.829920Z","level":"info","event":"[UPSERT DONE] upserted=500 rows into traffic_speed_latest","logger":"lta_common","filename":"lta_common.py","lineno":388}
{"timestamp":"2026-04-15T14:00:37.831408Z","level":"info","event":"[SAVE START] inserting 500 rows into traffic_speed_recent","logger":"lta_common","filename":"lta_common.py","lineno":319}
{"timestamp":"2026-04-15T14:00:38.151814Z","level":"info","event":"[SAVE DONE] inserted=500 rows into traffic_speed_recent","logger":"lta_common","filename":"lta_common.py","lineno":337}
{"timestamp":"2026-04-15T14:00:38.152002Z","level":"info","event":"STEP 6: page saved skip=18500 | pages=38 | latest_rows=19000 | recent_rows=19000","logger":"2_refresh_traffic_speed","filename":"2_refresh_traffic_speed.py","lineno":56}
{"timestamp":"2026-04-15T14:00:38.152058Z","level":"info","event":"========== PAGE START ==========","logger":"lta_common","filename":"lta_common.py","lineno":53}
{"timestamp":"2026-04-15T14:00:38.152092Z","level":"info","event":"[FETCH] requesting rows 19000–19499","logger":"lta_common","filename":"lta_common.py","lineno":54}
{"timestamp":"2026-04-15T14:00:38.152151Z","level":"info","event":"Fetching page from LTA: skip=19000","logger":"lta_common","filename":"lta_common.py","lineno":36}
{"timestamp":"2026-04-15T14:00:38.429602Z","level":"info","event":"Retrieved 500 rows from LTA at skip=19000","logger":"lta_common","filename":"lta_common.py","lineno":44}
{"timestamp":"2026-04-15T14:00:38.431893Z","level":"info","event":"[FETCH DONE] retrieved=500 rows at skip=19000","logger":"lta_common","filename":"lta_common.py","lineno":59}
{"timestamp":"2026-04-15T14:00:38.432357Z","level":"info","event":"STEP 4: processing page skip=19000 rows=500","logger":"2_refresh_traffic_speed","filename":"2_refresh_traffic_speed.py","lineno":41}
{"timestamp":"2026-04-15T14:00:38.444445Z","level":"warning","event":"[SANITIZE] link_id=28894 field=maximum_speed suspicious sentinel value=999 -> NULL","logger":"lta_common","filename":"lta_common.py","lineno":143}
{"timestamp":"2026-04-15T14:00:38.445589Z","level":"info","event":"[CLEAN DONE] rows=500 | null_speed_band=0 | null_minimum_speed=1 | null_maximum_speed=2","logger":"lta_common","filename":"lta_common.py","lineno":238}
{"timestamp":"2026-04-15T14:00:38.447008Z","level":"info","event":"STEP 5: built cleaned snapshot dataframe rows=500","logger":"2_refresh_traffic_speed","filename":"2_refresh_traffic_speed.py","lineno":44}
{"timestamp":"2026-04-15T14:00:38.447471Z","level":"info","event":"[LATEST PREP] rows=500 | missing_measurement_rows=1","logger":"lta_common","filename":"lta_common.py","lineno":271}
{"timestamp":"2026-04-15T14:00:38.447918Z","level":"info","event":"[UPSERT START] upserting 500 rows into traffic_speed_latest","logger":"lta_common","filename":"lta_common.py","lineno":348}
{"timestamp":"2026-04-15T14:00:38.448425Z","level":"info","event":"[UPSERT DEBUG] max_link_id=29059 | min_link_id=28392 | max_speed_band=8 | min_speed_band=1 | max_minimum_speed=70.0 | min_minimum_speed=0.0 | max_maximum_speed=69.0 | min_maximum_speed=9.0","logger":"lta_common","filename":"lta_common.py","lineno":350}
{"timestamp":"2026-04-15T14:00:38.762953Z","level":"info","event":"[UPSERT DONE] upserted=500 rows into traffic_speed_latest","logger":"lta_common","filename":"lta_common.py","lineno":388}
{"timestamp":"2026-04-15T14:00:38.767345Z","level":"info","event":"[SAVE START] inserting 500 rows into traffic_speed_recent","logger":"lta_common","filename":"lta_common.py","lineno":319}
{"timestamp":"2026-04-15T14:00:39.102384Z","level":"info","event":"[SAVE DONE] inserted=500 rows into traffic_speed_recent","logger":"lta_common","filename":"lta_common.py","lineno":337}
{"timestamp":"2026-04-15T14:00:39.102801Z","level":"info","event":"STEP 6: page saved skip=19000 | pages=39 | latest_rows=19500 | recent_rows=19500","logger":"2_refresh_traffic_speed","filename":"2_refresh_traffic_speed.py","lineno":56}
{"timestamp":"2026-04-15T14:00:39.103011Z","level":"info","event":"========== PAGE START ==========","logger":"lta_common","filename":"lta_common.py","lineno":53}
{"timestamp":"2026-04-15T14:00:39.103155Z","level":"info","event":"[FETCH] requesting rows 19500–19999","logger":"lta_common","filename":"lta_common.py","lineno":54}
{"timestamp":"2026-04-15T14:00:39.103417Z","level":"info","event":"Fetching page from LTA: skip=19500","logger":"lta_common","filename":"lta_common.py","lineno":36}
{"timestamp":"2026-04-15T14:00:39.375199Z","level":"info","event":"Retrieved 500 rows from LTA at skip=19500","logger":"lta_common","filename":"lta_common.py","lineno":44}
{"timestamp":"2026-04-15T14:00:39.383447Z","level":"info","event":"[FETCH DONE] retrieved=500 rows at skip=19500","logger":"lta_common","filename":"lta_common.py","lineno":59}
{"timestamp":"2026-04-15T14:00:39.384861Z","level":"info","event":"STEP 4: processing page skip=19500 rows=500","logger":"2_refresh_traffic_speed","filename":"2_refresh_traffic_speed.py","lineno":41}
{"timestamp":"2026-04-15T14:00:39.408494Z","level":"warning","event":"[SANITIZE] link_id=29568 field=maximum_speed suspicious sentinel value=999 -> NULL","logger":"lta_common","filename":"lta_common.py","lineno":143}
{"timestamp":"2026-04-15T14:00:39.408847Z","level":"warning","event":"[SANITIZE] link_id=29625 field=maximum_speed suspicious sentinel value=999 -> NULL","logger":"lta_common","filename":"lta_common.py","lineno":143}
{"timestamp":"2026-04-15T14:00:39.409671Z","level":"warning","event":"[SANITIZE] link_id=29951 field=maximum_speed suspicious sentinel value=999 -> NULL","logger":"lta_common","filename":"lta_common.py","lineno":143}
{"timestamp":"2026-04-15T14:00:39.409774Z","level":"warning","event":"[SANITIZE] link_id=29963 field=maximum_speed suspicious sentinel value=999 -> NULL","logger":"lta_common","filename":"lta_common.py","lineno":143}
{"timestamp":"2026-04-15T14:00:39.409893Z","level":"warning","event":"[SANITIZE] link_id=29982 field=maximum_speed suspicious sentinel value=999 -> NULL","logger":"lta_common","filename":"lta_common.py","lineno":143}
{"timestamp":"2026-04-15T14:00:39.410073Z","level":"warning","event":"[SANITIZE] link_id=30016 field=maximum_speed suspicious sentinel value=999 -> NULL","logger":"lta_common","filename":"lta_common.py","lineno":143}
{"timestamp":"2026-04-15T14:00:39.410207Z","level":"warning","event":"[SANITIZE] link_id=30036 field=maximum_speed suspicious sentinel value=999 -> NULL","logger":"lta_common","filename":"lta_common.py","lineno":143}
{"timestamp":"2026-04-15T14:00:39.411150Z","level":"info","event":"[CLEAN DONE] rows=500 | null_speed_band=0 | null_minimum_speed=1 | null_maximum_speed=8","logger":"lta_common","filename":"lta_common.py","lineno":238}
{"timestamp":"2026-04-15T14:00:39.413134Z","level":"info","event":"STEP 5: built cleaned snapshot dataframe rows=500","logger":"2_refresh_traffic_speed","filename":"2_refresh_traffic_speed.py","lineno":44}
{"timestamp":"2026-04-15T14:00:39.413703Z","level":"info","event":"[LATEST PREP] rows=500 | missing_measurement_rows=1","logger":"lta_common","filename":"lta_common.py","lineno":271}
{"timestamp":"2026-04-15T14:00:39.414091Z","level":"info","event":"[UPSERT START] upserting 500 rows into traffic_speed_latest","logger":"lta_common","filename":"lta_common.py","lineno":348}
{"timestamp":"2026-04-15T14:00:39.414555Z","level":"info","event":"[UPSERT DEBUG] max_link_id=30110 | min_link_id=29060 | max_speed_band=8 | min_speed_band=1 | max_minimum_speed=70.0 | min_minimum_speed=0.0 | max_maximum_speed=69.0 | min_maximum_speed=9.0","logger":"lta_common","filename":"lta_common.py","lineno":350}
{"timestamp":"2026-04-15T14:00:39.719737Z","level":"info","event":"[UPSERT DONE] upserted=500 rows into traffic_speed_latest","logger":"lta_common","filename":"lta_common.py","lineno":388}
{"timestamp":"2026-04-15T14:00:39.723621Z","level":"info","event":"[SAVE START] inserting 500 rows into traffic_speed_recent","logger":"lta_common","filename":"lta_common.py","lineno":319}
{"timestamp":"2026-04-15T14:00:40.054181Z","level":"info","event":"[SAVE DONE] inserted=500 rows into traffic_speed_recent","logger":"lta_common","filename":"lta_common.py","lineno":337}
{"timestamp":"2026-04-15T14:00:40.054681Z","level":"info","event":"STEP 6: page saved skip=19500 | pages=40 | latest_rows=20000 | recent_rows=20000","logger":"2_refresh_traffic_speed","filename":"2_refresh_traffic_speed.py","lineno":56}
{"timestamp":"2026-04-15T14:00:40.054797Z","level":"info","event":"========== PAGE START ==========","logger":"lta_common","filename":"lta_common.py","lineno":53}
{"timestamp":"2026-04-15T14:00:40.054875Z","level":"info","event":"[FETCH] requesting rows 20000–20499","logger":"lta_common","filename":"lta_common.py","lineno":54}
{"timestamp":"2026-04-15T14:00:40.054983Z","level":"info","event":"Fetching page from LTA: skip=20000","logger":"lta_common","filename":"lta_common.py","lineno":36}
{"timestamp":"2026-04-15T14:00:40.285243Z","level":"info","event":"Retrieved 500 rows from LTA at skip=20000","logger":"lta_common","filename":"lta_common.py","lineno":44}
{"timestamp":"2026-04-15T14:00:40.288830Z","level":"info","event":"[FETCH DONE] retrieved=500 rows at skip=20000","logger":"lta_common","filename":"lta_common.py","lineno":59}
{"timestamp":"2026-04-15T14:00:40.289295Z","level":"info","event":"STEP 4: processing page skip=20000 rows=500","logger":"2_refresh_traffic_speed","filename":"2_refresh_traffic_speed.py","lineno":41}
{"timestamp":"2026-04-15T14:00:40.298679Z","level":"info","event":"[CLEAN DONE] rows=500 | null_speed_band=0 | null_minimum_speed=0 | null_maximum_speed=0","logger":"lta_common","filename":"lta_common.py","lineno":238}
{"timestamp":"2026-04-15T14:00:40.299526Z","level":"info","event":"STEP 5: built cleaned snapshot dataframe rows=500","logger":"2_refresh_traffic_speed","filename":"2_refresh_traffic_speed.py","lineno":44}
{"timestamp":"2026-04-15T14:00:40.299872Z","level":"info","event":"[LATEST PREP] rows=500 | missing_measurement_rows=0","logger":"lta_common","filename":"lta_common.py","lineno":271}
{"timestamp":"2026-04-15T14:00:40.300100Z","level":"info","event":"[UPSERT START] upserting 500 rows into traffic_speed_latest","logger":"lta_common","filename":"lta_common.py","lineno":348}
{"timestamp":"2026-04-15T14:00:40.300398Z","level":"info","event":"[UPSERT DEBUG] max_link_id=30857 | min_link_id=30117 | max_speed_band=7 | min_speed_band=1 | max_minimum_speed=60 | min_minimum_speed=0 | max_maximum_speed=69 | min_maximum_speed=9","logger":"lta_common","filename":"lta_common.py","lineno":350}
{"timestamp":"2026-04-15T14:00:40.605736Z","level":"info","event":"[UPSERT DONE] upserted=500 rows into traffic_speed_latest","logger":"lta_common","filename":"lta_common.py","lineno":388}
{"timestamp":"2026-04-15T14:00:40.607156Z","level":"info","event":"[SAVE START] inserting 500 rows into traffic_speed_recent","logger":"lta_common","filename":"lta_common.py","lineno":319}
{"timestamp":"2026-04-15T14:00:40.920399Z","level":"info","event":"[SAVE DONE] inserted=500 rows into traffic_speed_recent","logger":"lta_common","filename":"lta_common.py","lineno":337}
{"timestamp":"2026-04-15T14:00:40.920711Z","level":"info","event":"STEP 6: page saved skip=20000 | pages=41 | latest_rows=20500 | recent_rows=20500","logger":"2_refresh_traffic_speed","filename":"2_refresh_traffic_speed.py","lineno":56}
{"timestamp":"2026-04-15T14:00:40.920787Z","level":"info","event":"========== PAGE START ==========","logger":"lta_common","filename":"lta_common.py","lineno":53}
{"timestamp":"2026-04-15T14:00:40.920853Z","level":"info","event":"[FETCH] requesting rows 20500–20999","logger":"lta_common","filename":"lta_common.py","lineno":54}
{"timestamp":"2026-04-15T14:00:40.920978Z","level":"info","event":"Fetching page from LTA: skip=20500","logger":"lta_common","filename":"lta_common.py","lineno":36}
{"timestamp":"2026-04-15T14:00:41.184120Z","level":"info","event":"Retrieved 500 rows from LTA at skip=20500","logger":"lta_common","filename":"lta_common.py","lineno":44}
{"timestamp":"2026-04-15T14:00:41.186033Z","level":"info","event":"[FETCH DONE] retrieved=500 rows at skip=20500","logger":"lta_common","filename":"lta_common.py","lineno":59}
{"timestamp":"2026-04-15T14:00:41.186353Z","level":"info","event":"STEP 4: processing page skip=20500 rows=500","logger":"2_refresh_traffic_speed","filename":"2_refresh_traffic_speed.py","lineno":41}
{"timestamp":"2026-04-15T14:00:41.197364Z","level":"info","event":"[CLEAN DONE] rows=500 | null_speed_band=0 | null_minimum_speed=0 | null_maximum_speed=0","logger":"lta_common","filename":"lta_common.py","lineno":238}
{"timestamp":"2026-04-15T14:00:41.198385Z","level":"info","event":"STEP 5: built cleaned snapshot dataframe rows=500","logger":"2_refresh_traffic_speed","filename":"2_refresh_traffic_speed.py","lineno":44}
{"timestamp":"2026-04-15T14:00:41.198884Z","level":"info","event":"[LATEST PREP] rows=500 | missing_measurement_rows=0","logger":"lta_common","filename":"lta_common.py","lineno":271}
{"timestamp":"2026-04-15T14:00:41.199216Z","level":"info","event":"[UPSERT START] upserting 500 rows into traffic_speed_latest","logger":"lta_common","filename":"lta_common.py","lineno":348}
{"timestamp":"2026-04-15T14:00:41.199655Z","level":"info","event":"[UPSERT DEBUG] max_link_id=31655 | min_link_id=30858 | max_speed_band=6 | min_speed_band=1 | max_minimum_speed=50 | min_minimum_speed=0 | max_maximum_speed=59 | min_maximum_speed=9","logger":"lta_common","filename":"lta_common.py","lineno":350}
{"timestamp":"2026-04-15T14:00:41.499916Z","level":"info","event":"[UPSERT DONE] upserted=500 rows into traffic_speed_latest","logger":"lta_common","filename":"lta_common.py","lineno":388}
{"timestamp":"2026-04-15T14:00:41.500357Z","level":"info","event":"[SAVE START] inserting 500 rows into traffic_speed_recent","logger":"lta_common","filename":"lta_common.py","lineno":319}
{"timestamp":"2026-04-15T14:00:41.814989Z","level":"info","event":"[SAVE DONE] inserted=500 rows into traffic_speed_recent","logger":"lta_common","filename":"lta_common.py","lineno":337}
{"timestamp":"2026-04-15T14:00:41.815094Z","level":"info","event":"STEP 6: page saved skip=20500 | pages=42 | latest_rows=21000 | recent_rows=21000","logger":"2_refresh_traffic_speed","filename":"2_refresh_traffic_speed.py","lineno":56}
{"timestamp":"2026-04-15T14:00:41.815125Z","level":"info","event":"========== PAGE START ==========","logger":"lta_common","filename":"lta_common.py","lineno":53}
{"timestamp":"2026-04-15T14:00:41.815146Z","level":"info","event":"[FETCH] requesting rows 21000–21499","logger":"lta_common","filename":"lta_common.py","lineno":54}
{"timestamp":"2026-04-15T14:00:41.815173Z","level":"info","event":"Fetching page from LTA: skip=21000","logger":"lta_common","filename":"lta_common.py","lineno":36}
{"timestamp":"2026-04-15T14:00:42.085557Z","level":"info","event":"Retrieved 500 rows from LTA at skip=21000","logger":"lta_common","filename":"lta_common.py","lineno":44}
{"timestamp":"2026-04-15T14:00:42.086866Z","level":"info","event":"[FETCH DONE] retrieved=500 rows at skip=21000","logger":"lta_common","filename":"lta_common.py","lineno":59}
{"timestamp":"2026-04-15T14:00:42.087125Z","level":"info","event":"STEP 4: processing page skip=21000 rows=500","logger":"2_refresh_traffic_speed","filename":"2_refresh_traffic_speed.py","lineno":41}
{"timestamp":"2026-04-15T14:00:42.095407Z","level":"info","event":"[CLEAN DONE] rows=500 | null_speed_band=0 | null_minimum_speed=0 | null_maximum_speed=0","logger":"lta_common","filename":"lta_common.py","lineno":238}
{"timestamp":"2026-04-15T14:00:42.096284Z","level":"info","event":"STEP 5: built cleaned snapshot dataframe rows=500","logger":"2_refresh_traffic_speed","filename":"2_refresh_traffic_speed.py","lineno":44}
{"timestamp":"2026-04-15T14:00:42.096659Z","level":"info","event":"[LATEST PREP] rows=500 | missing_measurement_rows=0","logger":"lta_common","filename":"lta_common.py","lineno":271}
{"timestamp":"2026-04-15T14:00:42.096906Z","level":"info","event":"[UPSERT START] upserting 500 rows into traffic_speed_latest","logger":"lta_common","filename":"lta_common.py","lineno":348}
{"timestamp":"2026-04-15T14:00:42.097279Z","level":"info","event":"[UPSERT DEBUG] max_link_id=32473 | min_link_id=31656 | max_speed_band=7 | min_speed_band=1 | max_minimum_speed=60 | min_minimum_speed=0 | max_maximum_speed=69 | min_maximum_speed=9","logger":"lta_common","filename":"lta_common.py","lineno":350}
{"timestamp":"2026-04-15T14:00:42.399629Z","level":"info","event":"[UPSERT DONE] upserted=500 rows into traffic_speed_latest","logger":"lta_common","filename":"lta_common.py","lineno":388}
{"timestamp":"2026-04-15T14:00:42.400081Z","level":"info","event":"[SAVE START] inserting 500 rows into traffic_speed_recent","logger":"lta_common","filename":"lta_common.py","lineno":319}
{"timestamp":"2026-04-15T14:00:42.725040Z","level":"info","event":"[SAVE DONE] inserted=500 rows into traffic_speed_recent","logger":"lta_common","filename":"lta_common.py","lineno":337}
{"timestamp":"2026-04-15T14:00:42.725165Z","level":"info","event":"STEP 6: page saved skip=21000 | pages=43 | latest_rows=21500 | recent_rows=21500","logger":"2_refresh_traffic_speed","filename":"2_refresh_traffic_speed.py","lineno":56}
{"timestamp":"2026-04-15T14:00:42.725201Z","level":"info","event":"========== PAGE START ==========","logger":"lta_common","filename":"lta_common.py","lineno":53}
{"timestamp":"2026-04-15T14:00:42.725226Z","level":"info","event":"[FETCH] requesting rows 21500–21999","logger":"lta_common","filename":"lta_common.py","lineno":54}
{"timestamp":"2026-04-15T14:00:42.725257Z","level":"info","event":"Fetching page from LTA: skip=21500","logger":"lta_common","filename":"lta_common.py","lineno":36}
{"timestamp":"2026-04-15T14:00:42.970490Z","level":"info","event":"Retrieved 500 rows from LTA at skip=21500","logger":"lta_common","filename":"lta_common.py","lineno":44}
{"timestamp":"2026-04-15T14:00:42.973529Z","level":"info","event":"[FETCH DONE] retrieved=500 rows at skip=21500","logger":"lta_common","filename":"lta_common.py","lineno":59}
{"timestamp":"2026-04-15T14:00:42.973809Z","level":"info","event":"STEP 4: processing page skip=21500 rows=500","logger":"2_refresh_traffic_speed","filename":"2_refresh_traffic_speed.py","lineno":41}
{"timestamp":"2026-04-15T14:00:42.987531Z","level":"info","event":"[CLEAN DONE] rows=500 | null_speed_band=0 | null_minimum_speed=0 | null_maximum_speed=0","logger":"lta_common","filename":"lta_common.py","lineno":238}
{"timestamp":"2026-04-15T14:00:42.988933Z","level":"info","event":"STEP 5: built cleaned snapshot dataframe rows=500","logger":"2_refresh_traffic_speed","filename":"2_refresh_traffic_speed.py","lineno":44}
{"timestamp":"2026-04-15T14:00:42.989443Z","level":"info","event":"[LATEST PREP] rows=500 | missing_measurement_rows=0","logger":"lta_common","filename":"lta_common.py","lineno":271}
{"timestamp":"2026-04-15T14:00:42.989828Z","level":"info","event":"[UPSERT START] upserting 500 rows into traffic_speed_latest","logger":"lta_common","filename":"lta_common.py","lineno":348}
{"timestamp":"2026-04-15T14:00:42.990283Z","level":"info","event":"[UPSERT DEBUG] max_link_id=33321 | min_link_id=32474 | max_speed_band=6 | min_speed_band=1 | max_minimum_speed=50 | min_minimum_speed=0 | max_maximum_speed=59 | min_maximum_speed=9","logger":"lta_common","filename":"lta_common.py","lineno":350}
{"timestamp":"2026-04-15T14:00:43.297862Z","level":"info","event":"[UPSERT DONE] upserted=500 rows into traffic_speed_latest","logger":"lta_common","filename":"lta_common.py","lineno":388}
{"timestamp":"2026-04-15T14:00:43.298620Z","level":"info","event":"[SAVE START] inserting 500 rows into traffic_speed_recent","logger":"lta_common","filename":"lta_common.py","lineno":319}
{"timestamp":"2026-04-15T14:00:43.624914Z","level":"info","event":"[SAVE DONE] inserted=500 rows into traffic_speed_recent","logger":"lta_common","filename":"lta_common.py","lineno":337}
{"timestamp":"2026-04-15T14:00:43.625396Z","level":"info","event":"STEP 6: page saved skip=21500 | pages=44 | latest_rows=22000 | recent_rows=22000","logger":"2_refresh_traffic_speed","filename":"2_refresh_traffic_speed.py","lineno":56}
{"timestamp":"2026-04-15T14:00:43.625544Z","level":"info","event":"========== PAGE START ==========","logger":"lta_common","filename":"lta_common.py","lineno":53}
{"timestamp":"2026-04-15T14:00:43.625685Z","level":"info","event":"[FETCH] requesting rows 22000–22499","logger":"lta_common","filename":"lta_common.py","lineno":54}
{"timestamp":"2026-04-15T14:00:43.625799Z","level":"info","event":"Fetching page from LTA: skip=22000","logger":"lta_common","filename":"lta_common.py","lineno":36}
{"timestamp":"2026-04-15T14:00:43.918607Z","level":"info","event":"Retrieved 500 rows from LTA at skip=22000","logger":"lta_common","filename":"lta_common.py","lineno":44}
{"timestamp":"2026-04-15T14:00:43.923903Z","level":"info","event":"[FETCH DONE] retrieved=500 rows at skip=22000","logger":"lta_common","filename":"lta_common.py","lineno":59}
{"timestamp":"2026-04-15T14:00:43.924732Z","level":"info","event":"STEP 4: processing page skip=22000 rows=500","logger":"2_refresh_traffic_speed","filename":"2_refresh_traffic_speed.py","lineno":41}
{"timestamp":"2026-04-15T14:00:43.944315Z","level":"info","event":"[CLEAN DONE] rows=500 | null_speed_band=0 | null_minimum_speed=0 | null_maximum_speed=0","logger":"lta_common","filename":"lta_common.py","lineno":238}
{"timestamp":"2026-04-15T14:00:43.946163Z","level":"info","event":"STEP 5: built cleaned snapshot dataframe rows=500","logger":"2_refresh_traffic_speed","filename":"2_refresh_traffic_speed.py","lineno":44}
{"timestamp":"2026-04-15T14:00:43.947072Z","level":"info","event":"[LATEST PREP] rows=500 | missing_measurement_rows=0","logger":"lta_common","filename":"lta_common.py","lineno":271}
{"timestamp":"2026-04-15T14:00:43.947609Z","level":"info","event":"[UPSERT START] upserting 500 rows into traffic_speed_latest","logger":"lta_common","filename":"lta_common.py","lineno":348}
{"timestamp":"2026-04-15T14:00:43.948187Z","level":"info","event":"[UPSERT DEBUG] max_link_id=34215 | min_link_id=33323 | max_speed_band=7 | min_speed_band=1 | max_minimum_speed=60 | min_minimum_speed=0 | max_maximum_speed=69 | min_maximum_speed=9","logger":"lta_common","filename":"lta_common.py","lineno":350}
{"timestamp":"2026-04-15T14:00:44.254646Z","level":"info","event":"[UPSERT DONE] upserted=500 rows into traffic_speed_latest","logger":"lta_common","filename":"lta_common.py","lineno":388}
{"timestamp":"2026-04-15T14:00:44.256261Z","level":"info","event":"[SAVE START] inserting 500 rows into traffic_speed_recent","logger":"lta_common","filename":"lta_common.py","lineno":319}
{"timestamp":"2026-04-15T14:00:44.586600Z","level":"info","event":"[SAVE DONE] inserted=500 rows into traffic_speed_recent","logger":"lta_common","filename":"lta_common.py","lineno":337}
{"timestamp":"2026-04-15T14:00:44.586972Z","level":"info","event":"STEP 6: page saved skip=22000 | pages=45 | latest_rows=22500 | recent_rows=22500","logger":"2_refresh_traffic_speed","filename":"2_refresh_traffic_speed.py","lineno":56}
{"timestamp":"2026-04-15T14:00:44.587117Z","level":"info","event":"========== PAGE START ==========","logger":"lta_common","filename":"lta_common.py","lineno":53}
{"timestamp":"2026-04-15T14:00:44.587189Z","level":"info","event":"[FETCH] requesting rows 22500–22999","logger":"lta_common","filename":"lta_common.py","lineno":54}
{"timestamp":"2026-04-15T14:00:44.587285Z","level":"info","event":"Fetching page from LTA: skip=22500","logger":"lta_common","filename":"lta_common.py","lineno":36}
{"timestamp":"2026-04-15T14:00:44.867394Z","level":"info","event":"Retrieved 500 rows from LTA at skip=22500","logger":"lta_common","filename":"lta_common.py","lineno":44}
{"timestamp":"2026-04-15T14:00:44.872983Z","level":"info","event":"[FETCH DONE] retrieved=500 rows at skip=22500","logger":"lta_common","filename":"lta_common.py","lineno":59}
{"timestamp":"2026-04-15T14:00:44.873988Z","level":"info","event":"STEP 4: processing page skip=22500 rows=500","logger":"2_refresh_traffic_speed","filename":"2_refresh_traffic_speed.py","lineno":41}
{"timestamp":"2026-04-15T14:00:44.891639Z","level":"info","event":"[CLEAN DONE] rows=500 | null_speed_band=0 | null_minimum_speed=0 | null_maximum_speed=0","logger":"lta_common","filename":"lta_common.py","lineno":238}
{"timestamp":"2026-04-15T14:00:44.893084Z","level":"info","event":"STEP 5: built cleaned snapshot dataframe rows=500","logger":"2_refresh_traffic_speed","filename":"2_refresh_traffic_speed.py","lineno":44}
{"timestamp":"2026-04-15T14:00:44.893634Z","level":"info","event":"[LATEST PREP] rows=500 | missing_measurement_rows=0","logger":"lta_common","filename":"lta_common.py","lineno":271}
{"timestamp":"2026-04-15T14:00:44.894037Z","level":"info","event":"[UPSERT START] upserting 500 rows into traffic_speed_latest","logger":"lta_common","filename":"lta_common.py","lineno":348}
{"timestamp":"2026-04-15T14:00:44.894490Z","level":"info","event":"[UPSERT DEBUG] max_link_id=34774 | min_link_id=34217 | max_speed_band=7 | min_speed_band=1 | max_minimum_speed=60 | min_minimum_speed=0 | max_maximum_speed=69 | min_maximum_speed=9","logger":"lta_common","filename":"lta_common.py","lineno":350}
{"timestamp":"2026-04-15T14:00:45.206414Z","level":"info","event":"[UPSERT DONE] upserted=500 rows into traffic_speed_latest","logger":"lta_common","filename":"lta_common.py","lineno":388}
{"timestamp":"2026-04-15T14:00:45.207488Z","level":"info","event":"[SAVE START] inserting 500 rows into traffic_speed_recent","logger":"lta_common","filename":"lta_common.py","lineno":319}
{"timestamp":"2026-04-15T14:00:45.523530Z","level":"info","event":"[SAVE DONE] inserted=500 rows into traffic_speed_recent","logger":"lta_common","filename":"lta_common.py","lineno":337}
{"timestamp":"2026-04-15T14:00:45.523887Z","level":"info","event":"STEP 6: page saved skip=22500 | pages=46 | latest_rows=23000 | recent_rows=23000","logger":"2_refresh_traffic_speed","filename":"2_refresh_traffic_speed.py","lineno":56}
{"timestamp":"2026-04-15T14:00:45.523971Z","level":"info","event":"========== PAGE START ==========","logger":"lta_common","filename":"lta_common.py","lineno":53}
{"timestamp":"2026-04-15T14:00:45.524024Z","level":"info","event":"[FETCH] requesting rows 23000–23499","logger":"lta_common","filename":"lta_common.py","lineno":54}
{"timestamp":"2026-04-15T14:00:45.524094Z","level":"info","event":"Fetching page from LTA: skip=23000","logger":"lta_common","filename":"lta_common.py","lineno":36}
{"timestamp":"2026-04-15T14:00:45.782770Z","level":"info","event":"Retrieved 500 rows from LTA at skip=23000","logger":"lta_common","filename":"lta_common.py","lineno":44}
{"timestamp":"2026-04-15T14:00:45.788295Z","level":"info","event":"[FETCH DONE] retrieved=500 rows at skip=23000","logger":"lta_common","filename":"lta_common.py","lineno":59}
{"timestamp":"2026-04-15T14:00:45.788905Z","level":"info","event":"STEP 4: processing page skip=23000 rows=500","logger":"2_refresh_traffic_speed","filename":"2_refresh_traffic_speed.py","lineno":41}
{"timestamp":"2026-04-15T14:00:45.809136Z","level":"info","event":"[CLEAN DONE] rows=500 | null_speed_band=0 | null_minimum_speed=0 | null_maximum_speed=0","logger":"lta_common","filename":"lta_common.py","lineno":238}
{"timestamp":"2026-04-15T14:00:45.810862Z","level":"info","event":"STEP 5: built cleaned snapshot dataframe rows=500","logger":"2_refresh_traffic_speed","filename":"2_refresh_traffic_speed.py","lineno":44}
{"timestamp":"2026-04-15T14:00:45.811502Z","level":"info","event":"[LATEST PREP] rows=500 | missing_measurement_rows=0","logger":"lta_common","filename":"lta_common.py","lineno":271}
{"timestamp":"2026-04-15T14:00:45.811990Z","level":"info","event":"[UPSERT START] upserting 500 rows into traffic_speed_latest","logger":"lta_common","filename":"lta_common.py","lineno":348}
{"timestamp":"2026-04-15T14:00:45.812526Z","level":"info","event":"[UPSERT DEBUG] max_link_id=35364 | min_link_id=34775 | max_speed_band=7 | min_speed_band=1 | max_minimum_speed=60 | min_minimum_speed=0 | max_maximum_speed=69 | min_maximum_speed=9","logger":"lta_common","filename":"lta_common.py","lineno":350}
{"timestamp":"2026-04-15T14:00:46.657855Z","level":"info","event":"[UPSERT DONE] upserted=500 rows into traffic_speed_latest","logger":"lta_common","filename":"lta_common.py","lineno":388}
{"timestamp":"2026-04-15T14:00:46.658248Z","level":"info","event":"[SAVE START] inserting 500 rows into traffic_speed_recent","logger":"lta_common","filename":"lta_common.py","lineno":319}
{"timestamp":"2026-04-15T14:00:47.243673Z","level":"info","event":"[SAVE DONE] inserted=500 rows into traffic_speed_recent","logger":"lta_common","filename":"lta_common.py","lineno":337}
{"timestamp":"2026-04-15T14:00:47.243801Z","level":"info","event":"STEP 6: page saved skip=23000 | pages=47 | latest_rows=23500 | recent_rows=23500","logger":"2_refresh_traffic_speed","filename":"2_refresh_traffic_speed.py","lineno":56}
{"timestamp":"2026-04-15T14:00:47.243839Z","level":"info","event":"========== PAGE START ==========","logger":"lta_common","filename":"lta_common.py","lineno":53}
{"timestamp":"2026-04-15T14:00:47.243864Z","level":"info","event":"[FETCH] requesting rows 23500–23999","logger":"lta_common","filename":"lta_common.py","lineno":54}
{"timestamp":"2026-04-15T14:00:47.243895Z","level":"info","event":"Fetching page from LTA: skip=23500","logger":"lta_common","filename":"lta_common.py","lineno":36}
{"timestamp":"2026-04-15T14:00:47.487902Z","level":"info","event":"Retrieved 500 rows from LTA at skip=23500","logger":"lta_common","filename":"lta_common.py","lineno":44}
{"timestamp":"2026-04-15T14:00:47.489540Z","level":"info","event":"[FETCH DONE] retrieved=500 rows at skip=23500","logger":"lta_common","filename":"lta_common.py","lineno":59}
{"timestamp":"2026-04-15T14:00:47.489858Z","level":"info","event":"STEP 4: processing page skip=23500 rows=500","logger":"2_refresh_traffic_speed","filename":"2_refresh_traffic_speed.py","lineno":41}
{"timestamp":"2026-04-15T14:00:47.500235Z","level":"info","event":"[CLEAN DONE] rows=500 | null_speed_band=0 | null_minimum_speed=0 | null_maximum_speed=0","logger":"lta_common","filename":"lta_common.py","lineno":238}
{"timestamp":"2026-04-15T14:00:47.501214Z","level":"info","event":"STEP 5: built cleaned snapshot dataframe rows=500","logger":"2_refresh_traffic_speed","filename":"2_refresh_traffic_speed.py","lineno":44}
{"timestamp":"2026-04-15T14:00:47.501604Z","level":"info","event":"[LATEST PREP] rows=500 | missing_measurement_rows=0","logger":"lta_common","filename":"lta_common.py","lineno":271}
{"timestamp":"2026-04-15T14:00:47.501925Z","level":"info","event":"[UPSERT START] upserting 500 rows into traffic_speed_latest","logger":"lta_common","filename":"lta_common.py","lineno":348}
{"timestamp":"2026-04-15T14:00:47.502295Z","level":"info","event":"[UPSERT DEBUG] max_link_id=35912 | min_link_id=35365 | max_speed_band=7 | min_speed_band=1 | max_minimum_speed=60 | min_minimum_speed=0 | max_maximum_speed=69 | min_maximum_speed=9","logger":"lta_common","filename":"lta_common.py","lineno":350}
{"timestamp":"2026-04-15T14:00:48.045810Z","level":"info","event":"[UPSERT DONE] upserted=500 rows into traffic_speed_latest","logger":"lta_common","filename":"lta_common.py","lineno":388}
{"timestamp":"2026-04-15T14:00:48.047272Z","level":"info","event":"[SAVE START] inserting 500 rows into traffic_speed_recent","logger":"lta_common","filename":"lta_common.py","lineno":319}
{"timestamp":"2026-04-15T14:00:48.389996Z","level":"info","event":"[SAVE DONE] inserted=500 rows into traffic_speed_recent","logger":"lta_common","filename":"lta_common.py","lineno":337}
{"timestamp":"2026-04-15T14:00:48.390158Z","level":"info","event":"STEP 6: page saved skip=23500 | pages=48 | latest_rows=24000 | recent_rows=24000","logger":"2_refresh_traffic_speed","filename":"2_refresh_traffic_speed.py","lineno":56}
{"timestamp":"2026-04-15T14:00:48.390208Z","level":"info","event":"========== PAGE START ==========","logger":"lta_common","filename":"lta_common.py","lineno":53}
{"timestamp":"2026-04-15T14:00:48.390246Z","level":"info","event":"[FETCH] requesting rows 24000–24499","logger":"lta_common","filename":"lta_common.py","lineno":54}
{"timestamp":"2026-04-15T14:00:48.390285Z","level":"info","event":"Fetching page from LTA: skip=24000","logger":"lta_common","filename":"lta_common.py","lineno":36}
{"timestamp":"2026-04-15T14:00:48.636417Z","level":"info","event":"Retrieved 500 rows from LTA at skip=24000","logger":"lta_common","filename":"lta_common.py","lineno":44}
{"timestamp":"2026-04-15T14:00:48.653304Z","level":"info","event":"[FETCH DONE] retrieved=500 rows at skip=24000","logger":"lta_common","filename":"lta_common.py","lineno":59}
{"timestamp":"2026-04-15T14:00:48.654119Z","level":"info","event":"STEP 4: processing page skip=24000 rows=500","logger":"2_refresh_traffic_speed","filename":"2_refresh_traffic_speed.py","lineno":41}
{"timestamp":"2026-04-15T14:00:48.666878Z","level":"warning","event":"[SANITIZE] link_id=36040 field=maximum_speed suspicious sentinel value=999 -> NULL","logger":"lta_common","filename":"lta_common.py","lineno":143}
{"timestamp":"2026-04-15T14:00:48.671905Z","level":"info","event":"[CLEAN DONE] rows=500 | null_speed_band=0 | null_minimum_speed=0 | null_maximum_speed=1","logger":"lta_common","filename":"lta_common.py","lineno":238}
{"timestamp":"2026-04-15T14:00:48.675120Z","level":"info","event":"STEP 5: built cleaned snapshot dataframe rows=500","logger":"2_refresh_traffic_speed","filename":"2_refresh_traffic_speed.py","lineno":44}
{"timestamp":"2026-04-15T14:00:48.675857Z","level":"info","event":"[LATEST PREP] rows=500 | missing_measurement_rows=0","logger":"lta_common","filename":"lta_common.py","lineno":271}
{"timestamp":"2026-04-15T14:00:48.676412Z","level":"info","event":"[UPSERT START] upserting 500 rows into traffic_speed_latest","logger":"lta_common","filename":"lta_common.py","lineno":348}
{"timestamp":"2026-04-15T14:00:48.677089Z","level":"info","event":"[UPSERT DEBUG] max_link_id=36489 | min_link_id=35913 | max_speed_band=8 | min_speed_band=1 | max_minimum_speed=70 | min_minimum_speed=0 | max_maximum_speed=69.0 | min_maximum_speed=9.0","logger":"lta_common","filename":"lta_common.py","lineno":350}
{"timestamp":"2026-04-15T14:00:49.064075Z","level":"info","event":"[UPSERT DONE] upserted=500 rows into traffic_speed_latest","logger":"lta_common","filename":"lta_common.py","lineno":388}
{"timestamp":"2026-04-15T14:00:49.064961Z","level":"info","event":"[SAVE START] inserting 500 rows into traffic_speed_recent","logger":"lta_common","filename":"lta_common.py","lineno":319}
{"timestamp":"2026-04-15T14:00:49.402969Z","level":"info","event":"[SAVE DONE] inserted=500 rows into traffic_speed_recent","logger":"lta_common","filename":"lta_common.py","lineno":337}
{"timestamp":"2026-04-15T14:00:49.403855Z","level":"info","event":"STEP 6: page saved skip=24000 | pages=49 | latest_rows=24500 | recent_rows=24500","logger":"2_refresh_traffic_speed","filename":"2_refresh_traffic_speed.py","lineno":56}
{"timestamp":"2026-04-15T14:00:49.404157Z","level":"info","event":"========== PAGE START ==========","logger":"lta_common","filename":"lta_common.py","lineno":53}
{"timestamp":"2026-04-15T14:00:49.404291Z","level":"info","event":"[FETCH] requesting rows 24500–24999","logger":"lta_common","filename":"lta_common.py","lineno":54}
{"timestamp":"2026-04-15T14:00:49.404376Z","level":"info","event":"Fetching page from LTA: skip=24500","logger":"lta_common","filename":"lta_common.py","lineno":36}
{"timestamp":"2026-04-15T14:00:49.646387Z","level":"info","event":"Retrieved 500 rows from LTA at skip=24500","logger":"lta_common","filename":"lta_common.py","lineno":44}
{"timestamp":"2026-04-15T14:00:49.648535Z","level":"info","event":"[FETCH DONE] retrieved=500 rows at skip=24500","logger":"lta_common","filename":"lta_common.py","lineno":59}
{"timestamp":"2026-04-15T14:00:49.648675Z","level":"info","event":"STEP 4: processing page skip=24500 rows=500","logger":"2_refresh_traffic_speed","filename":"2_refresh_traffic_speed.py","lineno":41}
{"timestamp":"2026-04-15T14:00:49.658955Z","level":"info","event":"[CLEAN DONE] rows=500 | null_speed_band=0 | null_minimum_speed=0 | null_maximum_speed=0","logger":"lta_common","filename":"lta_common.py","lineno":238}
{"timestamp":"2026-04-15T14:00:49.660047Z","level":"info","event":"STEP 5: built cleaned snapshot dataframe rows=500","logger":"2_refresh_traffic_speed","filename":"2_refresh_traffic_speed.py","lineno":44}
{"timestamp":"2026-04-15T14:00:49.660911Z","level":"info","event":"[LATEST PREP] rows=500 | missing_measurement_rows=0","logger":"lta_common","filename":"lta_common.py","lineno":271}
{"timestamp":"2026-04-15T14:00:49.661205Z","level":"info","event":"[UPSERT START] upserting 500 rows into traffic_speed_latest","logger":"lta_common","filename":"lta_common.py","lineno":348}
{"timestamp":"2026-04-15T14:00:49.661517Z","level":"info","event":"[UPSERT DEBUG] max_link_id=37408 | min_link_id=36492 | max_speed_band=6 | min_speed_band=1 | max_minimum_speed=50 | min_minimum_speed=0 | max_maximum_speed=59 | min_maximum_speed=9","logger":"lta_common","filename":"lta_common.py","lineno":350}
{"timestamp":"2026-04-15T14:00:50.033972Z","level":"info","event":"[UPSERT DONE] upserted=500 rows into traffic_speed_latest","logger":"lta_common","filename":"lta_common.py","lineno":388}
{"timestamp":"2026-04-15T14:00:50.034432Z","level":"info","event":"[SAVE START] inserting 500 rows into traffic_speed_recent","logger":"lta_common","filename":"lta_common.py","lineno":319}
{"timestamp":"2026-04-15T14:00:50.389461Z","level":"info","event":"[SAVE DONE] inserted=500 rows into traffic_speed_recent","logger":"lta_common","filename":"lta_common.py","lineno":337}
{"timestamp":"2026-04-15T14:00:50.389598Z","level":"info","event":"STEP 6: page saved skip=24500 | pages=50 | latest_rows=25000 | recent_rows=25000","logger":"2_refresh_traffic_speed","filename":"2_refresh_traffic_speed.py","lineno":56}
{"timestamp":"2026-04-15T14:00:50.389645Z","level":"info","event":"========== PAGE START ==========","logger":"lta_common","filename":"lta_common.py","lineno":53}
{"timestamp":"2026-04-15T14:00:50.389673Z","level":"info","event":"[FETCH] requesting rows 25000–25499","logger":"lta_common","filename":"lta_common.py","lineno":54}
{"timestamp":"2026-04-15T14:00:50.389716Z","level":"info","event":"Fetching page from LTA: skip=25000","logger":"lta_common","filename":"lta_common.py","lineno":36}
{"timestamp":"2026-04-15T14:00:50.636377Z","level":"info","event":"Retrieved 500 rows from LTA at skip=25000","logger":"lta_common","filename":"lta_common.py","lineno":44}
{"timestamp":"2026-04-15T14:00:50.637643Z","level":"info","event":"[FETCH DONE] retrieved=500 rows at skip=25000","logger":"lta_common","filename":"lta_common.py","lineno":59}
{"timestamp":"2026-04-15T14:00:50.637765Z","level":"info","event":"STEP 4: processing page skip=25000 rows=500","logger":"2_refresh_traffic_speed","filename":"2_refresh_traffic_speed.py","lineno":41}
{"timestamp":"2026-04-15T14:00:50.644797Z","level":"warning","event":"[SANITIZE] link_id=38143 field=maximum_speed suspicious sentinel value=999 -> NULL","logger":"lta_common","filename":"lta_common.py","lineno":143}
{"timestamp":"2026-04-15T14:00:50.645716Z","level":"info","event":"[CLEAN DONE] rows=500 | null_speed_band=0 | null_minimum_speed=0 | null_maximum_speed=1","logger":"lta_common","filename":"lta_common.py","lineno":238}
{"timestamp":"2026-04-15T14:00:50.646629Z","level":"info","event":"STEP 5: built cleaned snapshot dataframe rows=500","logger":"2_refresh_traffic_speed","filename":"2_refresh_traffic_speed.py","lineno":44}
{"timestamp":"2026-04-15T14:00:50.646957Z","level":"info","event":"[LATEST PREP] rows=500 | missing_measurement_rows=0","logger":"lta_common","filename":"lta_common.py","lineno":271}
{"timestamp":"2026-04-15T14:00:50.647209Z","level":"info","event":"[UPSERT START] upserting 500 rows into traffic_speed_latest","logger":"lta_common","filename":"lta_common.py","lineno":348}
{"timestamp":"2026-04-15T14:00:50.647520Z","level":"info","event":"[UPSERT DEBUG] max_link_id=38298 | min_link_id=37409 | max_speed_band=8 | min_speed_band=1 | max_minimum_speed=70 | min_minimum_speed=0 | max_maximum_speed=69.0 | min_maximum_speed=9.0","logger":"lta_common","filename":"lta_common.py","lineno":350}
{"timestamp":"2026-04-15T14:00:51.025547Z","level":"info","event":"[UPSERT DONE] upserted=500 rows into traffic_speed_latest","logger":"lta_common","filename":"lta_common.py","lineno":388}
{"timestamp":"2026-04-15T14:00:51.028293Z","level":"info","event":"[SAVE START] inserting 500 rows into traffic_speed_recent","logger":"lta_common","filename":"lta_common.py","lineno":319}
{"timestamp":"2026-04-15T14:00:51.390646Z","level":"info","event":"[SAVE DONE] inserted=500 rows into traffic_speed_recent","logger":"lta_common","filename":"lta_common.py","lineno":337}
{"timestamp":"2026-04-15T14:00:51.390775Z","level":"info","event":"STEP 6: page saved skip=25000 | pages=51 | latest_rows=25500 | recent_rows=25500","logger":"2_refresh_traffic_speed","filename":"2_refresh_traffic_speed.py","lineno":56}
{"timestamp":"2026-04-15T14:00:51.390807Z","level":"info","event":"========== PAGE START ==========","logger":"lta_common","filename":"lta_common.py","lineno":53}
{"timestamp":"2026-04-15T14:00:51.390830Z","level":"info","event":"[FETCH] requesting rows 25500–25999","logger":"lta_common","filename":"lta_common.py","lineno":54}
{"timestamp":"2026-04-15T14:00:51.390865Z","level":"info","event":"Fetching page from LTA: skip=25500","logger":"lta_common","filename":"lta_common.py","lineno":36}
{"timestamp":"2026-04-15T14:00:52.286599Z","level":"info","event":"Retrieved 500 rows from LTA at skip=25500","logger":"lta_common","filename":"lta_common.py","lineno":44}
{"timestamp":"2026-04-15T14:00:52.290260Z","level":"info","event":"[FETCH DONE] retrieved=500 rows at skip=25500","logger":"lta_common","filename":"lta_common.py","lineno":59}
{"timestamp":"2026-04-15T14:00:52.290688Z","level":"info","event":"STEP 4: processing page skip=25500 rows=500","logger":"2_refresh_traffic_speed","filename":"2_refresh_traffic_speed.py","lineno":41}
{"timestamp":"2026-04-15T14:00:52.310918Z","level":"warning","event":"[SANITIZE] link_id=38575 field=maximum_speed suspicious sentinel value=999 -> NULL","logger":"lta_common","filename":"lta_common.py","lineno":143}
{"timestamp":"2026-04-15T14:00:52.311461Z","level":"warning","event":"[SANITIZE] link_id=38643 field=maximum_speed suspicious sentinel value=999 -> NULL","logger":"lta_common","filename":"lta_common.py","lineno":143}
{"timestamp":"2026-04-15T14:00:52.312103Z","level":"warning","event":"[SANITIZE] link_id=38817 field=maximum_speed suspicious sentinel value=999 -> NULL","logger":"lta_common","filename":"lta_common.py","lineno":143}
{"timestamp":"2026-04-15T14:00:52.313007Z","level":"info","event":"[CLEAN DONE] rows=500 | null_speed_band=0 | null_minimum_speed=0 | null_maximum_speed=3","logger":"lta_common","filename":"lta_common.py","lineno":238}
{"timestamp":"2026-04-15T14:00:52.314253Z","level":"info","event":"STEP 5: built cleaned snapshot dataframe rows=500","logger":"2_refresh_traffic_speed","filename":"2_refresh_traffic_speed.py","lineno":44}
{"timestamp":"2026-04-15T14:00:52.314699Z","level":"info","event":"[LATEST PREP] rows=500 | missing_measurement_rows=0","logger":"lta_common","filename":"lta_common.py","lineno":271}
{"timestamp":"2026-04-15T14:00:52.315021Z","level":"info","event":"[UPSERT START] upserting 500 rows into traffic_speed_latest","logger":"lta_common","filename":"lta_common.py","lineno":348}
{"timestamp":"2026-04-15T14:00:52.315412Z","level":"info","event":"[UPSERT DEBUG] max_link_id=38908 | min_link_id=38299 | max_speed_band=8 | min_speed_band=1 | max_minimum_speed=70 | min_minimum_speed=0 | max_maximum_speed=69.0 | min_maximum_speed=9.0","logger":"lta_common","filename":"lta_common.py","lineno":350}
{"timestamp":"2026-04-15T14:00:52.656980Z","level":"info","event":"[UPSERT DONE] upserted=500 rows into traffic_speed_latest","logger":"lta_common","filename":"lta_common.py","lineno":388}
{"timestamp":"2026-04-15T14:00:52.658600Z","level":"info","event":"[SAVE START] inserting 500 rows into traffic_speed_recent","logger":"lta_common","filename":"lta_common.py","lineno":319}
{"timestamp":"2026-04-15T14:00:53.007104Z","level":"info","event":"[SAVE DONE] inserted=500 rows into traffic_speed_recent","logger":"lta_common","filename":"lta_common.py","lineno":337}
{"timestamp":"2026-04-15T14:00:53.007808Z","level":"info","event":"STEP 6: page saved skip=25500 | pages=52 | latest_rows=26000 | recent_rows=26000","logger":"2_refresh_traffic_speed","filename":"2_refresh_traffic_speed.py","lineno":56}
{"timestamp":"2026-04-15T14:00:53.008002Z","level":"info","event":"========== PAGE START ==========","logger":"lta_common","filename":"lta_common.py","lineno":53}
{"timestamp":"2026-04-15T14:00:53.008152Z","level":"info","event":"[FETCH] requesting rows 26000–26499","logger":"lta_common","filename":"lta_common.py","lineno":54}
{"timestamp":"2026-04-15T14:00:53.008302Z","level":"info","event":"Fetching page from LTA: skip=26000","logger":"lta_common","filename":"lta_common.py","lineno":36}
{"timestamp":"2026-04-15T14:00:53.289160Z","level":"info","event":"Retrieved 500 rows from LTA at skip=26000","logger":"lta_common","filename":"lta_common.py","lineno":44}
{"timestamp":"2026-04-15T14:00:53.294628Z","level":"info","event":"[FETCH DONE] retrieved=500 rows at skip=26000","logger":"lta_common","filename":"lta_common.py","lineno":59}
{"timestamp":"2026-04-15T14:00:53.295226Z","level":"info","event":"STEP 4: processing page skip=26000 rows=500","logger":"2_refresh_traffic_speed","filename":"2_refresh_traffic_speed.py","lineno":41}
{"timestamp":"2026-04-15T14:00:53.312127Z","level":"warning","event":"[SANITIZE] link_id=39021 field=maximum_speed suspicious sentinel value=999 -> NULL","logger":"lta_common","filename":"lta_common.py","lineno":143}
{"timestamp":"2026-04-15T14:00:53.312772Z","level":"warning","event":"[SANITIZE] link_id=39170 field=maximum_speed suspicious sentinel value=999 -> NULL","logger":"lta_common","filename":"lta_common.py","lineno":143}
{"timestamp":"2026-04-15T14:00:53.315466Z","level":"info","event":"[CLEAN DONE] rows=500 | null_speed_band=0 | null_minimum_speed=0 | null_maximum_speed=2","logger":"lta_common","filename":"lta_common.py","lineno":238}
{"timestamp":"2026-04-15T14:00:53.317170Z","level":"info","event":"STEP 5: built cleaned snapshot dataframe rows=500","logger":"2_refresh_traffic_speed","filename":"2_refresh_traffic_speed.py","lineno":44}
{"timestamp":"2026-04-15T14:00:53.317818Z","level":"info","event":"[LATEST PREP] rows=500 | missing_measurement_rows=0","logger":"lta_common","filename":"lta_common.py","lineno":271}
{"timestamp":"2026-04-15T14:00:53.318278Z","level":"info","event":"[UPSERT START] upserting 500 rows into traffic_speed_latest","logger":"lta_common","filename":"lta_common.py","lineno":348}
{"timestamp":"2026-04-15T14:00:53.318803Z","level":"info","event":"[UPSERT DEBUG] max_link_id=39873 | min_link_id=38909 | max_speed_band=8 | min_speed_band=1 | max_minimum_speed=70 | min_minimum_speed=0 | max_maximum_speed=69.0 | min_maximum_speed=9.0","logger":"lta_common","filename":"lta_common.py","lineno":350}
{"timestamp":"2026-04-15T14:00:53.649468Z","level":"info","event":"[UPSERT DONE] upserted=500 rows into traffic_speed_latest","logger":"lta_common","filename":"lta_common.py","lineno":388}
{"timestamp":"2026-04-15T14:00:53.651448Z","level":"info","event":"[SAVE START] inserting 500 rows into traffic_speed_recent","logger":"lta_common","filename":"lta_common.py","lineno":319}
{"timestamp":"2026-04-15T14:00:54.001484Z","level":"info","event":"[SAVE DONE] inserted=500 rows into traffic_speed_recent","logger":"lta_common","filename":"lta_common.py","lineno":337}
{"timestamp":"2026-04-15T14:00:54.001937Z","level":"info","event":"STEP 6: page saved skip=26000 | pages=53 | latest_rows=26500 | recent_rows=26500","logger":"2_refresh_traffic_speed","filename":"2_refresh_traffic_speed.py","lineno":56}
{"timestamp":"2026-04-15T14:00:54.002035Z","level":"info","event":"========== PAGE START ==========","logger":"lta_common","filename":"lta_common.py","lineno":53}
{"timestamp":"2026-04-15T14:00:54.002086Z","level":"info","event":"[FETCH] requesting rows 26500–26999","logger":"lta_common","filename":"lta_common.py","lineno":54}
{"timestamp":"2026-04-15T14:00:54.002154Z","level":"info","event":"Fetching page from LTA: skip=26500","logger":"lta_common","filename":"lta_common.py","lineno":36}
{"timestamp":"2026-04-15T14:00:54.423944Z","level":"info","event":"Retrieved 500 rows from LTA at skip=26500","logger":"lta_common","filename":"lta_common.py","lineno":44}
{"timestamp":"2026-04-15T14:00:54.429974Z","level":"info","event":"[FETCH DONE] retrieved=500 rows at skip=26500","logger":"lta_common","filename":"lta_common.py","lineno":59}
{"timestamp":"2026-04-15T14:00:54.430915Z","level":"info","event":"STEP 4: processing page skip=26500 rows=500","logger":"2_refresh_traffic_speed","filename":"2_refresh_traffic_speed.py","lineno":41}
{"timestamp":"2026-04-15T14:00:54.447707Z","level":"warning","event":"[SANITIZE] link_id=39900 field=maximum_speed suspicious sentinel value=999 -> NULL","logger":"lta_common","filename":"lta_common.py","lineno":143}
{"timestamp":"2026-04-15T14:00:54.447872Z","level":"warning","event":"[SANITIZE] link_id=39901 field=maximum_speed suspicious sentinel value=999 -> NULL","logger":"lta_common","filename":"lta_common.py","lineno":143}
{"timestamp":"2026-04-15T14:00:54.450929Z","level":"info","event":"[CLEAN DONE] rows=500 | null_speed_band=0 | null_minimum_speed=0 | null_maximum_speed=2","logger":"lta_common","filename":"lta_common.py","lineno":238}
{"timestamp":"2026-04-15T14:00:54.452533Z","level":"info","event":"STEP 5: built cleaned snapshot dataframe rows=500","logger":"2_refresh_traffic_speed","filename":"2_refresh_traffic_speed.py","lineno":44}
{"timestamp":"2026-04-15T14:00:54.453086Z","level":"info","event":"[LATEST PREP] rows=500 | missing_measurement_rows=0","logger":"lta_common","filename":"lta_common.py","lineno":271}
{"timestamp":"2026-04-15T14:00:54.453494Z","level":"info","event":"[UPSERT START] upserting 500 rows into traffic_speed_latest","logger":"lta_common","filename":"lta_common.py","lineno":348}
{"timestamp":"2026-04-15T14:00:54.453980Z","level":"info","event":"[UPSERT DEBUG] max_link_id=40419 | min_link_id=39874 | max_speed_band=8 | min_speed_band=1 | max_minimum_speed=70 | min_minimum_speed=0 | max_maximum_speed=69.0 | min_maximum_speed=9.0","logger":"lta_common","filename":"lta_common.py","lineno":350}
{"timestamp":"2026-04-15T14:00:54.792771Z","level":"info","event":"[UPSERT DONE] upserted=500 rows into traffic_speed_latest","logger":"lta_common","filename":"lta_common.py","lineno":388}
{"timestamp":"2026-04-15T14:00:54.794753Z","level":"info","event":"[SAVE START] inserting 500 rows into traffic_speed_recent","logger":"lta_common","filename":"lta_common.py","lineno":319}
{"timestamp":"2026-04-15T14:00:55.127549Z","level":"info","event":"[SAVE DONE] inserted=500 rows into traffic_speed_recent","logger":"lta_common","filename":"lta_common.py","lineno":337}
{"timestamp":"2026-04-15T14:00:55.128260Z","level":"info","event":"STEP 6: page saved skip=26500 | pages=54 | latest_rows=27000 | recent_rows=27000","logger":"2_refresh_traffic_speed","filename":"2_refresh_traffic_speed.py","lineno":56}
{"timestamp":"2026-04-15T14:00:55.128326Z","level":"info","event":"========== PAGE START ==========","logger":"lta_common","filename":"lta_common.py","lineno":53}
{"timestamp":"2026-04-15T14:00:55.128363Z","level":"info","event":"[FETCH] requesting rows 27000–27499","logger":"lta_common","filename":"lta_common.py","lineno":54}
{"timestamp":"2026-04-15T14:00:55.128426Z","level":"info","event":"Fetching page from LTA: skip=27000","logger":"lta_common","filename":"lta_common.py","lineno":36}
{"timestamp":"2026-04-15T14:00:55.363615Z","level":"info","event":"Retrieved 500 rows from LTA at skip=27000","logger":"lta_common","filename":"lta_common.py","lineno":44}
{"timestamp":"2026-04-15T14:00:55.364859Z","level":"info","event":"[FETCH DONE] retrieved=500 rows at skip=27000","logger":"lta_common","filename":"lta_common.py","lineno":59}
{"timestamp":"2026-04-15T14:00:55.365092Z","level":"info","event":"STEP 4: processing page skip=27000 rows=500","logger":"2_refresh_traffic_speed","filename":"2_refresh_traffic_speed.py","lineno":41}
{"timestamp":"2026-04-15T14:00:55.371371Z","level":"warning","event":"[SANITIZE] link_id=40437 field=maximum_speed suspicious sentinel value=999 -> NULL","logger":"lta_common","filename":"lta_common.py","lineno":143}
{"timestamp":"2026-04-15T14:00:55.373046Z","level":"info","event":"[CLEAN DONE] rows=500 | null_speed_band=0 | null_minimum_speed=0 | null_maximum_speed=1","logger":"lta_common","filename":"lta_common.py","lineno":238}
{"timestamp":"2026-04-15T14:00:55.373813Z","level":"info","event":"STEP 5: built cleaned snapshot dataframe rows=500","logger":"2_refresh_traffic_speed","filename":"2_refresh_traffic_speed.py","lineno":44}
{"timestamp":"2026-04-15T14:00:55.374111Z","level":"info","event":"[LATEST PREP] rows=500 | missing_measurement_rows=0","logger":"lta_common","filename":"lta_common.py","lineno":271}
{"timestamp":"2026-04-15T14:00:55.374351Z","level":"info","event":"[UPSERT START] upserting 500 rows into traffic_speed_latest","logger":"lta_common","filename":"lta_common.py","lineno":348}
{"timestamp":"2026-04-15T14:00:55.374644Z","level":"info","event":"[UPSERT DEBUG] max_link_id=41139 | min_link_id=40420 | max_speed_band=8 | min_speed_band=1 | max_minimum_speed=70 | min_minimum_speed=0 | max_maximum_speed=69.0 | min_maximum_speed=9.0","logger":"lta_common","filename":"lta_common.py","lineno":350}
{"timestamp":"2026-04-15T14:00:55.723742Z","level":"info","event":"[UPSERT DONE] upserted=500 rows into traffic_speed_latest","logger":"lta_common","filename":"lta_common.py","lineno":388}
{"timestamp":"2026-04-15T14:00:55.724234Z","level":"info","event":"[SAVE START] inserting 500 rows into traffic_speed_recent","logger":"lta_common","filename":"lta_common.py","lineno":319}
{"timestamp":"2026-04-15T14:00:56.035046Z","level":"info","event":"[SAVE DONE] inserted=500 rows into traffic_speed_recent","logger":"lta_common","filename":"lta_common.py","lineno":337}
{"timestamp":"2026-04-15T14:00:56.035162Z","level":"info","event":"STEP 6: page saved skip=27000 | pages=55 | latest_rows=27500 | recent_rows=27500","logger":"2_refresh_traffic_speed","filename":"2_refresh_traffic_speed.py","lineno":56}
{"timestamp":"2026-04-15T14:00:56.035198Z","level":"info","event":"========== PAGE START ==========","logger":"lta_common","filename":"lta_common.py","lineno":53}
{"timestamp":"2026-04-15T14:00:56.035221Z","level":"info","event":"[FETCH] requesting rows 27500–27999","logger":"lta_common","filename":"lta_common.py","lineno":54}
{"timestamp":"2026-04-15T14:00:56.035251Z","level":"info","event":"Fetching page from LTA: skip=27500","logger":"lta_common","filename":"lta_common.py","lineno":36}
{"timestamp":"2026-04-15T14:00:56.288306Z","level":"info","event":"Retrieved 500 rows from LTA at skip=27500","logger":"lta_common","filename":"lta_common.py","lineno":44}
{"timestamp":"2026-04-15T14:00:56.289405Z","level":"info","event":"[FETCH DONE] retrieved=500 rows at skip=27500","logger":"lta_common","filename":"lta_common.py","lineno":59}
{"timestamp":"2026-04-15T14:00:56.289611Z","level":"info","event":"STEP 4: processing page skip=27500 rows=500","logger":"2_refresh_traffic_speed","filename":"2_refresh_traffic_speed.py","lineno":41}
{"timestamp":"2026-04-15T14:00:56.296065Z","level":"warning","event":"[SANITIZE] link_id=41529 field=maximum_speed suspicious sentinel value=999 -> NULL","logger":"lta_common","filename":"lta_common.py","lineno":143}
{"timestamp":"2026-04-15T14:00:56.297155Z","level":"info","event":"[CLEAN DONE] rows=500 | null_speed_band=0 | null_minimum_speed=1 | null_maximum_speed=2","logger":"lta_common","filename":"lta_common.py","lineno":238}
{"timestamp":"2026-04-15T14:00:56.297938Z","level":"info","event":"STEP 5: built cleaned snapshot dataframe rows=500","logger":"2_refresh_traffic_speed","filename":"2_refresh_traffic_speed.py","lineno":44}
{"timestamp":"2026-04-15T14:00:56.298214Z","level":"info","event":"[LATEST PREP] rows=500 | missing_measurement_rows=1","logger":"lta_common","filename":"lta_common.py","lineno":271}
{"timestamp":"2026-04-15T14:00:56.298440Z","level":"info","event":"[UPSERT START] upserting 500 rows into traffic_speed_latest","logger":"lta_common","filename":"lta_common.py","lineno":348}
{"timestamp":"2026-04-15T14:00:56.298709Z","level":"info","event":"[UPSERT DEBUG] max_link_id=41954 | min_link_id=41140 | max_speed_band=8 | min_speed_band=1 | max_minimum_speed=70.0 | min_minimum_speed=0.0 | max_maximum_speed=69.0 | min_maximum_speed=9.0","logger":"lta_common","filename":"lta_common.py","lineno":350}
{"timestamp":"2026-04-15T14:00:56.648936Z","level":"info","event":"[UPSERT DONE] upserted=500 rows into traffic_speed_latest","logger":"lta_common","filename":"lta_common.py","lineno":388}
{"timestamp":"2026-04-15T14:00:56.649366Z","level":"info","event":"[SAVE START] inserting 500 rows into traffic_speed_recent","logger":"lta_common","filename":"lta_common.py","lineno":319}
{"timestamp":"2026-04-15T14:00:56.973229Z","level":"info","event":"[SAVE DONE] inserted=500 rows into traffic_speed_recent","logger":"lta_common","filename":"lta_common.py","lineno":337}
{"timestamp":"2026-04-15T14:00:56.973669Z","level":"info","event":"STEP 6: page saved skip=27500 | pages=56 | latest_rows=28000 | recent_rows=28000","logger":"2_refresh_traffic_speed","filename":"2_refresh_traffic_speed.py","lineno":56}
{"timestamp":"2026-04-15T14:00:56.974089Z","level":"info","event":"========== PAGE START ==========","logger":"lta_common","filename":"lta_common.py","lineno":53}
{"timestamp":"2026-04-15T14:00:56.974279Z","level":"info","event":"[FETCH] requesting rows 28000–28499","logger":"lta_common","filename":"lta_common.py","lineno":54}
{"timestamp":"2026-04-15T14:00:56.974484Z","level":"info","event":"Fetching page from LTA: skip=28000","logger":"lta_common","filename":"lta_common.py","lineno":36}
{"timestamp":"2026-04-15T14:00:57.570376Z","level":"info","event":"Retrieved 500 rows from LTA at skip=28000","logger":"lta_common","filename":"lta_common.py","lineno":44}
{"timestamp":"2026-04-15T14:00:57.571806Z","level":"info","event":"[FETCH DONE] retrieved=500 rows at skip=28000","logger":"lta_common","filename":"lta_common.py","lineno":59}
{"timestamp":"2026-04-15T14:00:57.572058Z","level":"info","event":"STEP 4: processing page skip=28000 rows=500","logger":"2_refresh_traffic_speed","filename":"2_refresh_traffic_speed.py","lineno":41}
{"timestamp":"2026-04-15T14:00:57.580130Z","level":"info","event":"[CLEAN DONE] rows=500 | null_speed_band=0 | null_minimum_speed=0 | null_maximum_speed=0","logger":"lta_common","filename":"lta_common.py","lineno":238}
{"timestamp":"2026-04-15T14:00:57.580875Z","level":"info","event":"STEP 5: built cleaned snapshot dataframe rows=500","logger":"2_refresh_traffic_speed","filename":"2_refresh_traffic_speed.py","lineno":44}
{"timestamp":"2026-04-15T14:00:57.581167Z","level":"info","event":"[LATEST PREP] rows=500 | missing_measurement_rows=0","logger":"lta_common","filename":"lta_common.py","lineno":271}
{"timestamp":"2026-04-15T14:00:57.581394Z","level":"info","event":"[UPSERT START] upserting 500 rows into traffic_speed_latest","logger":"lta_common","filename":"lta_common.py","lineno":348}
{"timestamp":"2026-04-15T14:00:57.581671Z","level":"info","event":"[UPSERT DEBUG] max_link_id=42931 | min_link_id=41955 | max_speed_band=7 | min_speed_band=1 | max_minimum_speed=60 | min_minimum_speed=0 | max_maximum_speed=69 | min_maximum_speed=9","logger":"lta_common","filename":"lta_common.py","lineno":350}
{"timestamp":"2026-04-15T14:00:57.936545Z","level":"info","event":"[UPSERT DONE] upserted=500 rows into traffic_speed_latest","logger":"lta_common","filename":"lta_common.py","lineno":388}
{"timestamp":"2026-04-15T14:00:57.937922Z","level":"info","event":"[SAVE START] inserting 500 rows into traffic_speed_recent","logger":"lta_common","filename":"lta_common.py","lineno":319}
{"timestamp":"2026-04-15T14:00:58.284664Z","level":"info","event":"[SAVE DONE] inserted=500 rows into traffic_speed_recent","logger":"lta_common","filename":"lta_common.py","lineno":337}
{"timestamp":"2026-04-15T14:00:58.285204Z","level":"info","event":"STEP 6: page saved skip=28000 | pages=57 | latest_rows=28500 | recent_rows=28500","logger":"2_refresh_traffic_speed","filename":"2_refresh_traffic_speed.py","lineno":56}
{"timestamp":"2026-04-15T14:00:58.285391Z","level":"info","event":"========== PAGE START ==========","logger":"lta_common","filename":"lta_common.py","lineno":53}
{"timestamp":"2026-04-15T14:00:58.285525Z","level":"info","event":"[FETCH] requesting rows 28500–28999","logger":"lta_common","filename":"lta_common.py","lineno":54}
{"timestamp":"2026-04-15T14:00:58.285976Z","level":"info","event":"Fetching page from LTA: skip=28500","logger":"lta_common","filename":"lta_common.py","lineno":36}
{"timestamp":"2026-04-15T14:00:58.523405Z","level":"info","event":"Retrieved 500 rows from LTA at skip=28500","logger":"lta_common","filename":"lta_common.py","lineno":44}
{"timestamp":"2026-04-15T14:00:58.527332Z","level":"info","event":"[FETCH DONE] retrieved=500 rows at skip=28500","logger":"lta_common","filename":"lta_common.py","lineno":59}
{"timestamp":"2026-04-15T14:00:58.527708Z","level":"info","event":"STEP 4: processing page skip=28500 rows=500","logger":"2_refresh_traffic_speed","filename":"2_refresh_traffic_speed.py","lineno":41}
{"timestamp":"2026-04-15T14:00:58.542460Z","level":"warning","event":"[SANITIZE] link_id=43285 field=maximum_speed suspicious sentinel value=999 -> NULL","logger":"lta_common","filename":"lta_common.py","lineno":143}
{"timestamp":"2026-04-15T14:00:58.542667Z","level":"warning","event":"[SANITIZE] link_id=43312 field=maximum_speed suspicious sentinel value=999 -> NULL","logger":"lta_common","filename":"lta_common.py","lineno":143}
{"timestamp":"2026-04-15T14:00:58.542792Z","level":"warning","event":"[SANITIZE] link_id=43343 field=maximum_speed suspicious sentinel value=999 -> NULL","logger":"lta_common","filename":"lta_common.py","lineno":143}
{"timestamp":"2026-04-15T14:00:58.544440Z","level":"info","event":"[CLEAN DONE] rows=500 | null_speed_band=0 | null_minimum_speed=0 | null_maximum_speed=3","logger":"lta_common","filename":"lta_common.py","lineno":238}
{"timestamp":"2026-04-15T14:00:58.545822Z","level":"info","event":"STEP 5: built cleaned snapshot dataframe rows=500","logger":"2_refresh_traffic_speed","filename":"2_refresh_traffic_speed.py","lineno":44}
{"timestamp":"2026-04-15T14:00:58.546369Z","level":"info","event":"[LATEST PREP] rows=500 | missing_measurement_rows=0","logger":"lta_common","filename":"lta_common.py","lineno":271}
{"timestamp":"2026-04-15T14:00:58.546798Z","level":"info","event":"[UPSERT START] upserting 500 rows into traffic_speed_latest","logger":"lta_common","filename":"lta_common.py","lineno":348}
{"timestamp":"2026-04-15T14:00:58.547291Z","level":"info","event":"[UPSERT DEBUG] max_link_id=43721 | min_link_id=42932 | max_speed_band=8 | min_speed_band=1 | max_minimum_speed=70 | min_minimum_speed=0 | max_maximum_speed=69.0 | min_maximum_speed=9.0","logger":"lta_common","filename":"lta_common.py","lineno":350}
{"timestamp":"2026-04-15T14:00:58.894901Z","level":"info","event":"[UPSERT DONE] upserted=500 rows into traffic_speed_latest","logger":"lta_common","filename":"lta_common.py","lineno":388}
{"timestamp":"2026-04-15T14:00:58.897049Z","level":"info","event":"[SAVE START] inserting 500 rows into traffic_speed_recent","logger":"lta_common","filename":"lta_common.py","lineno":319}
{"timestamp":"2026-04-15T14:00:59.227785Z","level":"info","event":"[SAVE DONE] inserted=500 rows into traffic_speed_recent","logger":"lta_common","filename":"lta_common.py","lineno":337}
{"timestamp":"2026-04-15T14:00:59.228359Z","level":"info","event":"STEP 6: page saved skip=28500 | pages=58 | latest_rows=29000 | recent_rows=29000","logger":"2_refresh_traffic_speed","filename":"2_refresh_traffic_speed.py","lineno":56}
{"timestamp":"2026-04-15T14:00:59.228562Z","level":"info","event":"========== PAGE START ==========","logger":"lta_common","filename":"lta_common.py","lineno":53}
{"timestamp":"2026-04-15T14:00:59.228784Z","level":"info","event":"[FETCH] requesting rows 29000–29499","logger":"lta_common","filename":"lta_common.py","lineno":54}
{"timestamp":"2026-04-15T14:00:59.228909Z","level":"info","event":"Fetching page from LTA: skip=29000","logger":"lta_common","filename":"lta_common.py","lineno":36}
{"timestamp":"2026-04-15T14:00:59.487295Z","level":"info","event":"Retrieved 500 rows from LTA at skip=29000","logger":"lta_common","filename":"lta_common.py","lineno":44}
{"timestamp":"2026-04-15T14:00:59.489474Z","level":"info","event":"[FETCH DONE] retrieved=500 rows at skip=29000","logger":"lta_common","filename":"lta_common.py","lineno":59}
{"timestamp":"2026-04-15T14:00:59.490699Z","level":"info","event":"STEP 4: processing page skip=29000 rows=500","logger":"2_refresh_traffic_speed","filename":"2_refresh_traffic_speed.py","lineno":41}
{"timestamp":"2026-04-15T14:00:59.509961Z","level":"warning","event":"[SANITIZE] link_id=44081 field=maximum_speed suspicious sentinel value=999 -> NULL","logger":"lta_common","filename":"lta_common.py","lineno":143}
{"timestamp":"2026-04-15T14:00:59.511437Z","level":"warning","event":"[SANITIZE] link_id=44147 field=maximum_speed suspicious sentinel value=999 -> NULL","logger":"lta_common","filename":"lta_common.py","lineno":143}
{"timestamp":"2026-04-15T14:00:59.512158Z","level":"warning","event":"[SANITIZE] link_id=44647 field=maximum_speed suspicious sentinel value=999 -> NULL","logger":"lta_common","filename":"lta_common.py","lineno":143}
{"timestamp":"2026-04-15T14:00:59.512207Z","level":"warning","event":"[SANITIZE] link_id=44650 field=maximum_speed suspicious sentinel value=999 -> NULL","logger":"lta_common","filename":"lta_common.py","lineno":143}
{"timestamp":"2026-04-15T14:00:59.512236Z","level":"warning","event":"[SANITIZE] link_id=44652 field=maximum_speed suspicious sentinel value=999 -> NULL","logger":"lta_common","filename":"lta_common.py","lineno":143}
{"timestamp":"2026-04-15T14:00:59.512768Z","level":"info","event":"[CLEAN DONE] rows=500 | null_speed_band=0 | null_minimum_speed=0 | null_maximum_speed=5","logger":"lta_common","filename":"lta_common.py","lineno":238}
{"timestamp":"2026-04-15T14:00:59.513676Z","level":"info","event":"STEP 5: built cleaned snapshot dataframe rows=500","logger":"2_refresh_traffic_speed","filename":"2_refresh_traffic_speed.py","lineno":44}
{"timestamp":"2026-04-15T14:00:59.514009Z","level":"info","event":"[LATEST PREP] rows=500 | missing_measurement_rows=0","logger":"lta_common","filename":"lta_common.py","lineno":271}
{"timestamp":"2026-04-15T14:00:59.514252Z","level":"info","event":"[UPSERT START] upserting 500 rows into traffic_speed_latest","logger":"lta_common","filename":"lta_common.py","lineno":348}
{"timestamp":"2026-04-15T14:00:59.514520Z","level":"info","event":"[UPSERT DEBUG] max_link_id=44654 | min_link_id=43722 | max_speed_band=8 | min_speed_band=1 | max_minimum_speed=70 | min_minimum_speed=0 | max_maximum_speed=69.0 | min_maximum_speed=9.0","logger":"lta_common","filename":"lta_common.py","lineno":350}
{"timestamp":"2026-04-15T14:00:59.840078Z","level":"info","event":"[UPSERT DONE] upserted=500 rows into traffic_speed_latest","logger":"lta_common","filename":"lta_common.py","lineno":388}
{"timestamp":"2026-04-15T14:00:59.840600Z","level":"info","event":"[SAVE START] inserting 500 rows into traffic_speed_recent","logger":"lta_common","filename":"lta_common.py","lineno":319}
{"timestamp":"2026-04-15T14:01:00.217144Z","level":"info","event":"[SAVE DONE] inserted=500 rows into traffic_speed_recent","logger":"lta_common","filename":"lta_common.py","lineno":337}
{"timestamp":"2026-04-15T14:01:00.217263Z","level":"info","event":"STEP 6: page saved skip=29000 | pages=59 | latest_rows=29500 | recent_rows=29500","logger":"2_refresh_traffic_speed","filename":"2_refresh_traffic_speed.py","lineno":56}
{"timestamp":"2026-04-15T14:01:00.217298Z","level":"info","event":"========== PAGE START ==========","logger":"lta_common","filename":"lta_common.py","lineno":53}
{"timestamp":"2026-04-15T14:01:00.217330Z","level":"info","event":"[FETCH] requesting rows 29500–29999","logger":"lta_common","filename":"lta_common.py","lineno":54}
{"timestamp":"2026-04-15T14:01:00.217373Z","level":"info","event":"Fetching page from LTA: skip=29500","logger":"lta_common","filename":"lta_common.py","lineno":36}
{"timestamp":"2026-04-15T14:01:00.454382Z","level":"info","event":"Retrieved 500 rows from LTA at skip=29500","logger":"lta_common","filename":"lta_common.py","lineno":44}
{"timestamp":"2026-04-15T14:01:00.455503Z","level":"info","event":"[FETCH DONE] retrieved=500 rows at skip=29500","logger":"lta_common","filename":"lta_common.py","lineno":59}
{"timestamp":"2026-04-15T14:01:00.455722Z","level":"info","event":"STEP 4: processing page skip=29500 rows=500","logger":"2_refresh_traffic_speed","filename":"2_refresh_traffic_speed.py","lineno":41}
{"timestamp":"2026-04-15T14:01:00.461653Z","level":"warning","event":"[SANITIZE] link_id=44669 field=maximum_speed suspicious sentinel value=999 -> NULL","logger":"lta_common","filename":"lta_common.py","lineno":143}
{"timestamp":"2026-04-15T14:01:00.461701Z","level":"warning","event":"[SANITIZE] link_id=44671 field=maximum_speed suspicious sentinel value=999 -> NULL","logger":"lta_common","filename":"lta_common.py","lineno":143}
{"timestamp":"2026-04-15T14:01:00.461727Z","level":"warning","event":"[SANITIZE] link_id=44672 field=maximum_speed suspicious sentinel value=999 -> NULL","logger":"lta_common","filename":"lta_common.py","lineno":143}
{"timestamp":"2026-04-15T14:01:00.461752Z","level":"warning","event":"[SANITIZE] link_id=44673 field=maximum_speed suspicious sentinel value=999 -> NULL","logger":"lta_common","filename":"lta_common.py","lineno":143}
{"timestamp":"2026-04-15T14:01:00.461788Z","level":"warning","event":"[SANITIZE] link_id=44676 field=maximum_speed suspicious sentinel value=999 -> NULL","logger":"lta_common","filename":"lta_common.py","lineno":143}
{"timestamp":"2026-04-15T14:01:00.461820Z","level":"warning","event":"[SANITIZE] link_id=44678 field=maximum_speed suspicious sentinel value=999 -> NULL","logger":"lta_common","filename":"lta_common.py","lineno":143}
{"timestamp":"2026-04-15T14:01:00.461849Z","level":"warning","event":"[SANITIZE] link_id=44680 field=maximum_speed suspicious sentinel value=999 -> NULL","logger":"lta_common","filename":"lta_common.py","lineno":143}
{"timestamp":"2026-04-15T14:01:00.461875Z","level":"warning","event":"[SANITIZE] link_id=44682 field=maximum_speed suspicious sentinel value=999 -> NULL","logger":"lta_common","filename":"lta_common.py","lineno":143}
{"timestamp":"2026-04-15T14:01:00.461897Z","level":"warning","event":"[SANITIZE] link_id=44683 field=maximum_speed suspicious sentinel value=999 -> NULL","logger":"lta_common","filename":"lta_common.py","lineno":143}
{"timestamp":"2026-04-15T14:01:00.461921Z","level":"warning","event":"[SANITIZE] link_id=44684 field=maximum_speed suspicious sentinel value=999 -> NULL","logger":"lta_common","filename":"lta_common.py","lineno":143}
{"timestamp":"2026-04-15T14:01:00.461942Z","level":"warning","event":"[SANITIZE] link_id=44685 field=maximum_speed suspicious sentinel value=999 -> NULL","logger":"lta_common","filename":"lta_common.py","lineno":143}
{"timestamp":"2026-04-15T14:01:00.461963Z","level":"warning","event":"[SANITIZE] link_id=44686 field=maximum_speed suspicious sentinel value=999 -> NULL","logger":"lta_common","filename":"lta_common.py","lineno":143}
{"timestamp":"2026-04-15T14:01:00.461987Z","level":"warning","event":"[SANITIZE] link_id=44687 field=maximum_speed suspicious sentinel value=999 -> NULL","logger":"lta_common","filename":"lta_common.py","lineno":143}
{"timestamp":"2026-04-15T14:01:00.462077Z","level":"warning","event":"[SANITIZE] link_id=44712 field=maximum_speed suspicious sentinel value=999 -> NULL","logger":"lta_common","filename":"lta_common.py","lineno":143}
{"timestamp":"2026-04-15T14:01:00.462100Z","level":"warning","event":"[SANITIZE] link_id=44713 field=maximum_speed suspicious sentinel value=999 -> NULL","logger":"lta_common","filename":"lta_common.py","lineno":143}
{"timestamp":"2026-04-15T14:01:00.462121Z","level":"warning","event":"[SANITIZE] link_id=44714 field=maximum_speed suspicious sentinel value=999 -> NULL","logger":"lta_common","filename":"lta_common.py","lineno":143}
{"timestamp":"2026-04-15T14:01:00.462151Z","level":"warning","event":"[SANITIZE] link_id=44719 field=maximum_speed suspicious sentinel value=999 -> NULL","logger":"lta_common","filename":"lta_common.py","lineno":143}
{"timestamp":"2026-04-15T14:01:00.462211Z","level":"warning","event":"[SANITIZE] link_id=44737 field=maximum_speed suspicious sentinel value=999 -> NULL","logger":"lta_common","filename":"lta_common.py","lineno":143}
{"timestamp":"2026-04-15T14:01:00.462233Z","level":"warning","event":"[SANITIZE] link_id=44739 field=maximum_speed suspicious sentinel value=999 -> NULL","logger":"lta_common","filename":"lta_common.py","lineno":143}
{"timestamp":"2026-04-15T14:01:00.462253Z","level":"warning","event":"[SANITIZE] link_id=44740 field=maximum_speed suspicious sentinel value=999 -> NULL","logger":"lta_common","filename":"lta_common.py","lineno":143}
{"timestamp":"2026-04-15T14:01:00.462308Z","level":"warning","event":"[SANITIZE] link_id=44755 field=maximum_speed suspicious sentinel value=999 -> NULL","logger":"lta_common","filename":"lta_common.py","lineno":143}
{"timestamp":"2026-04-15T14:01:00.462328Z","level":"warning","event":"[SANITIZE] link_id=44756 field=maximum_speed suspicious sentinel value=999 -> NULL","logger":"lta_common","filename":"lta_common.py","lineno":143}
{"timestamp":"2026-04-15T14:01:00.462358Z","level":"warning","event":"[SANITIZE] link_id=44761 field=maximum_speed suspicious sentinel value=999 -> NULL","logger":"lta_common","filename":"lta_common.py","lineno":143}
{"timestamp":"2026-04-15T14:01:00.462401Z","level":"warning","event":"[SANITIZE] link_id=44771 field=maximum_speed suspicious sentinel value=999 -> NULL","logger":"lta_common","filename":"lta_common.py","lineno":143}
{"timestamp":"2026-04-15T14:01:00.462420Z","level":"warning","event":"[SANITIZE] link_id=44772 field=maximum_speed suspicious sentinel value=999 -> NULL","logger":"lta_common","filename":"lta_common.py","lineno":143}
{"timestamp":"2026-04-15T14:01:00.462440Z","level":"warning","event":"[SANITIZE] link_id=44773 field=maximum_speed suspicious sentinel value=999 -> NULL","logger":"lta_common","filename":"lta_common.py","lineno":143}
{"timestamp":"2026-04-15T14:01:00.462460Z","level":"warning","event":"[SANITIZE] link_id=44774 field=maximum_speed suspicious sentinel value=999 -> NULL","logger":"lta_common","filename":"lta_common.py","lineno":143}
{"timestamp":"2026-04-15T14:01:00.462479Z","level":"warning","event":"[SANITIZE] link_id=44775 field=maximum_speed suspicious sentinel value=999 -> NULL","logger":"lta_common","filename":"lta_common.py","lineno":143}
{"timestamp":"2026-04-15T14:01:00.462526Z","level":"warning","event":"[SANITIZE] link_id=44788 field=maximum_speed suspicious sentinel value=999 -> NULL","logger":"lta_common","filename":"lta_common.py","lineno":143}
{"timestamp":"2026-04-15T14:01:00.462546Z","level":"warning","event":"[SANITIZE] link_id=44789 field=maximum_speed suspicious sentinel value=999 -> NULL","logger":"lta_common","filename":"lta_common.py","lineno":143}
{"timestamp":"2026-04-15T14:01:00.462566Z","level":"warning","event":"[SANITIZE] link_id=44790 field=maximum_speed suspicious sentinel value=999 -> NULL","logger":"lta_common","filename":"lta_common.py","lineno":143}
{"timestamp":"2026-04-15T14:01:00.462625Z","level":"warning","event":"[SANITIZE] link_id=44799 field=maximum_speed suspicious sentinel value=999 -> NULL","logger":"lta_common","filename":"lta_common.py","lineno":143}
{"timestamp":"2026-04-15T14:01:00.462667Z","level":"warning","event":"[SANITIZE] link_id=44800 field=maximum_speed suspicious sentinel value=999 -> NULL","logger":"lta_common","filename":"lta_common.py","lineno":143}
{"timestamp":"2026-04-15T14:01:00.462703Z","level":"warning","event":"[SANITIZE] link_id=44806 field=maximum_speed suspicious sentinel value=999 -> NULL","logger":"lta_common","filename":"lta_common.py","lineno":143}
{"timestamp":"2026-04-15T14:01:00.462741Z","level":"warning","event":"[SANITIZE] link_id=44811 field=maximum_speed suspicious sentinel value=999 -> NULL","logger":"lta_common","filename":"lta_common.py","lineno":143}
{"timestamp":"2026-04-15T14:01:00.462764Z","level":"warning","event":"[SANITIZE] link_id=44812 field=maximum_speed suspicious sentinel value=999 -> NULL","logger":"lta_common","filename":"lta_common.py","lineno":143}
{"timestamp":"2026-04-15T14:01:00.462783Z","level":"warning","event":"[SANITIZE] link_id=44813 field=maximum_speed suspicious sentinel value=999 -> NULL","logger":"lta_common","filename":"lta_common.py","lineno":143}
{"timestamp":"2026-04-15T14:01:00.462803Z","level":"warning","event":"[SANITIZE] link_id=44814 field=maximum_speed suspicious sentinel value=999 -> NULL","logger":"lta_common","filename":"lta_common.py","lineno":143}
{"timestamp":"2026-04-15T14:01:00.462822Z","level":"warning","event":"[SANITIZE] link_id=44815 field=maximum_speed suspicious sentinel value=999 -> NULL","logger":"lta_common","filename":"lta_common.py","lineno":143}
{"timestamp":"2026-04-15T14:01:00.462842Z","level":"warning","event":"[SANITIZE] link_id=44816 field=maximum_speed suspicious sentinel value=999 -> NULL","logger":"lta_common","filename":"lta_common.py","lineno":143}
{"timestamp":"2026-04-15T14:01:00.462862Z","level":"warning","event":"[SANITIZE] link_id=44817 field=maximum_speed suspicious sentinel value=999 -> NULL","logger":"lta_common","filename":"lta_common.py","lineno":143}
{"timestamp":"2026-04-15T14:01:00.462882Z","level":"warning","event":"[SANITIZE] link_id=44818 field=maximum_speed suspicious sentinel value=999 -> NULL","logger":"lta_common","filename":"lta_common.py","lineno":143}
{"timestamp":"2026-04-15T14:01:00.462901Z","level":"warning","event":"[SANITIZE] link_id=44819 field=maximum_speed suspicious sentinel value=999 -> NULL","logger":"lta_common","filename":"lta_common.py","lineno":143}
{"timestamp":"2026-04-15T14:01:00.462921Z","level":"warning","event":"[SANITIZE] link_id=44820 field=maximum_speed suspicious sentinel value=999 -> NULL","logger":"lta_common","filename":"lta_common.py","lineno":143}
{"timestamp":"2026-04-15T14:01:00.462954Z","level":"warning","event":"[SANITIZE] link_id=44821 field=maximum_speed suspicious sentinel value=999 -> NULL","logger":"lta_common","filename":"lta_common.py","lineno":143}
{"timestamp":"2026-04-15T14:01:00.462976Z","level":"warning","event":"[SANITIZE] link_id=44822 field=maximum_speed suspicious sentinel value=999 -> NULL","logger":"lta_common","filename":"lta_common.py","lineno":143}
{"timestamp":"2026-04-15T14:01:00.462996Z","level":"warning","event":"[SANITIZE] link_id=44823 field=maximum_speed suspicious sentinel value=999 -> NULL","logger":"lta_common","filename":"lta_common.py","lineno":143}
{"timestamp":"2026-04-15T14:01:00.463029Z","level":"warning","event":"[SANITIZE] link_id=44824 field=maximum_speed suspicious sentinel value=999 -> NULL","logger":"lta_common","filename":"lta_common.py","lineno":143}
{"timestamp":"2026-04-15T14:01:00.463054Z","level":"warning","event":"[SANITIZE] link_id=44826 field=maximum_speed suspicious sentinel value=999 -> NULL","logger":"lta_common","filename":"lta_common.py","lineno":143}
{"timestamp":"2026-04-15T14:01:00.463130Z","level":"warning","event":"[SANITIZE] link_id=44849 field=maximum_speed suspicious sentinel value=999 -> NULL","logger":"lta_common","filename":"lta_common.py","lineno":143}
{"timestamp":"2026-04-15T14:01:00.463166Z","level":"warning","event":"[SANITIZE] link_id=44856 field=maximum_speed suspicious sentinel value=999 -> NULL","logger":"lta_common","filename":"lta_common.py","lineno":143}
{"timestamp":"2026-04-15T14:01:00.463185Z","level":"warning","event":"[SANITIZE] link_id=44857 field=maximum_speed suspicious sentinel value=999 -> NULL","logger":"lta_common","filename":"lta_common.py","lineno":143}
{"timestamp":"2026-04-15T14:01:00.463215Z","level":"warning","event":"[SANITIZE] link_id=44862 field=maximum_speed suspicious sentinel value=999 -> NULL","logger":"lta_common","filename":"lta_common.py","lineno":143}
{"timestamp":"2026-04-15T14:01:00.463259Z","level":"warning","event":"[SANITIZE] link_id=44876 field=maximum_speed suspicious sentinel value=999 -> NULL","logger":"lta_common","filename":"lta_common.py","lineno":143}
{"timestamp":"2026-04-15T14:01:00.463279Z","level":"warning","event":"[SANITIZE] link_id=44877 field=maximum_speed suspicious sentinel value=999 -> NULL","logger":"lta_common","filename":"lta_common.py","lineno":143}
{"timestamp":"2026-04-15T14:01:00.463298Z","level":"warning","event":"[SANITIZE] link_id=44878 field=maximum_speed suspicious sentinel value=999 -> NULL","logger":"lta_common","filename":"lta_common.py","lineno":143}
{"timestamp":"2026-04-15T14:01:00.463320Z","level":"warning","event":"[SANITIZE] link_id=44880 field=maximum_speed suspicious sentinel value=999 -> NULL","logger":"lta_common","filename":"lta_common.py","lineno":143}
{"timestamp":"2026-04-15T14:01:00.463340Z","level":"warning","event":"[SANITIZE] link_id=44881 field=maximum_speed suspicious sentinel value=999 -> NULL","logger":"lta_common","filename":"lta_common.py","lineno":143}
{"timestamp":"2026-04-15T14:01:00.463360Z","level":"warning","event":"[SANITIZE] link_id=44882 field=maximum_speed suspicious sentinel value=999 -> NULL","logger":"lta_common","filename":"lta_common.py","lineno":143}
{"timestamp":"2026-04-15T14:01:00.463382Z","level":"warning","event":"[SANITIZE] link_id=44884 field=maximum_speed suspicious sentinel value=999 -> NULL","logger":"lta_common","filename":"lta_common.py","lineno":143}
{"timestamp":"2026-04-15T14:01:00.463439Z","level":"warning","event":"[SANITIZE] link_id=44900 field=maximum_speed suspicious sentinel value=999 -> NULL","logger":"lta_common","filename":"lta_common.py","lineno":143}
{"timestamp":"2026-04-15T14:01:00.463458Z","level":"warning","event":"[SANITIZE] link_id=44901 field=maximum_speed suspicious sentinel value=999 -> NULL","logger":"lta_common","filename":"lta_common.py","lineno":143}
{"timestamp":"2026-04-15T14:01:00.463478Z","level":"warning","event":"[SANITIZE] link_id=44902 field=maximum_speed suspicious sentinel value=999 -> NULL","logger":"lta_common","filename":"lta_common.py","lineno":143}
{"timestamp":"2026-04-15T14:01:00.463497Z","level":"warning","event":"[SANITIZE] link_id=44903 field=maximum_speed suspicious sentinel value=999 -> NULL","logger":"lta_common","filename":"lta_common.py","lineno":143}
{"timestamp":"2026-04-15T14:01:00.463517Z","level":"warning","event":"[SANITIZE] link_id=44904 field=maximum_speed suspicious sentinel value=999 -> NULL","logger":"lta_common","filename":"lta_common.py","lineno":143}
{"timestamp":"2026-04-15T14:01:00.463536Z","level":"warning","event":"[SANITIZE] link_id=44905 field=maximum_speed suspicious sentinel value=999 -> NULL","logger":"lta_common","filename":"lta_common.py","lineno":143}
{"timestamp":"2026-04-15T14:01:00.463567Z","level":"warning","event":"[SANITIZE] link_id=44907 field=maximum_speed suspicious sentinel value=999 -> NULL","logger":"lta_common","filename":"lta_common.py","lineno":143}
{"timestamp":"2026-04-15T14:01:00.463597Z","level":"warning","event":"[SANITIZE] link_id=44908 field=maximum_speed suspicious sentinel value=999 -> NULL","logger":"lta_common","filename":"lta_common.py","lineno":143}
{"timestamp":"2026-04-15T14:01:00.463616Z","level":"warning","event":"[SANITIZE] link_id=44909 field=maximum_speed suspicious sentinel value=999 -> NULL","logger":"lta_common","filename":"lta_common.py","lineno":143}
{"timestamp":"2026-04-15T14:01:00.463635Z","level":"warning","event":"[SANITIZE] link_id=44910 field=maximum_speed suspicious sentinel value=999 -> NULL","logger":"lta_common","filename":"lta_common.py","lineno":143}
{"timestamp":"2026-04-15T14:01:00.463660Z","level":"warning","event":"[SANITIZE] link_id=44913 field=maximum_speed suspicious sentinel value=999 -> NULL","logger":"lta_common","filename":"lta_common.py","lineno":143}
{"timestamp":"2026-04-15T14:01:00.463680Z","level":"warning","event":"[SANITIZE] link_id=44914 field=maximum_speed suspicious sentinel value=999 -> NULL","logger":"lta_common","filename":"lta_common.py","lineno":143}
{"timestamp":"2026-04-15T14:01:00.463700Z","level":"warning","event":"[SANITIZE] link_id=44915 field=maximum_speed suspicious sentinel value=999 -> NULL","logger":"lta_common","filename":"lta_common.py","lineno":143}
{"timestamp":"2026-04-15T14:01:00.463719Z","level":"warning","event":"[SANITIZE] link_id=44916 field=maximum_speed suspicious sentinel value=999 -> NULL","logger":"lta_common","filename":"lta_common.py","lineno":143}
{"timestamp":"2026-04-15T14:01:00.463738Z","level":"warning","event":"[SANITIZE] link_id=44917 field=maximum_speed suspicious sentinel value=999 -> NULL","logger":"lta_common","filename":"lta_common.py","lineno":143}
{"timestamp":"2026-04-15T14:01:00.463768Z","level":"warning","event":"[SANITIZE] link_id=44921 field=maximum_speed suspicious sentinel value=999 -> NULL","logger":"lta_common","filename":"lta_common.py","lineno":143}
{"timestamp":"2026-04-15T14:01:00.463801Z","level":"warning","event":"[SANITIZE] link_id=44922 field=maximum_speed suspicious sentinel value=999 -> NULL","logger":"lta_common","filename":"lta_common.py","lineno":143}
{"timestamp":"2026-04-15T14:01:00.463822Z","level":"warning","event":"[SANITIZE] link_id=44923 field=maximum_speed suspicious sentinel value=999 -> NULL","logger":"lta_common","filename":"lta_common.py","lineno":143}
{"timestamp":"2026-04-15T14:01:00.463866Z","level":"warning","event":"[SANITIZE] link_id=44924 field=maximum_speed suspicious sentinel value=999 -> NULL","logger":"lta_common","filename":"lta_common.py","lineno":143}
{"timestamp":"2026-04-15T14:01:00.463900Z","level":"warning","event":"[SANITIZE] link_id=44926 field=maximum_speed suspicious sentinel value=999 -> NULL","logger":"lta_common","filename":"lta_common.py","lineno":143}
{"timestamp":"2026-04-15T14:01:00.463927Z","level":"warning","event":"[SANITIZE] link_id=44927 field=maximum_speed suspicious sentinel value=999 -> NULL","logger":"lta_common","filename":"lta_common.py","lineno":143}
{"timestamp":"2026-04-15T14:01:00.463953Z","level":"warning","event":"[SANITIZE] link_id=44928 field=maximum_speed suspicious sentinel value=999 -> NULL","logger":"lta_common","filename":"lta_common.py","lineno":143}
{"timestamp":"2026-04-15T14:01:00.463976Z","level":"warning","event":"[SANITIZE] link_id=44930 field=maximum_speed suspicious sentinel value=999 -> NULL","logger":"lta_common","filename":"lta_common.py","lineno":143}
{"timestamp":"2026-04-15T14:01:00.464016Z","level":"warning","event":"[SANITIZE] link_id=44932 field=maximum_speed suspicious sentinel value=999 -> NULL","logger":"lta_common","filename":"lta_common.py","lineno":143}
{"timestamp":"2026-04-15T14:01:00.464042Z","level":"warning","event":"[SANITIZE] link_id=44934 field=maximum_speed suspicious sentinel value=999 -> NULL","logger":"lta_common","filename":"lta_common.py","lineno":143}
{"timestamp":"2026-04-15T14:01:00.464062Z","level":"warning","event":"[SANITIZE] link_id=44935 field=maximum_speed suspicious sentinel value=999 -> NULL","logger":"lta_common","filename":"lta_common.py","lineno":143}
{"timestamp":"2026-04-15T14:01:00.464085Z","level":"warning","event":"[SANITIZE] link_id=44936 field=maximum_speed suspicious sentinel value=999 -> NULL","logger":"lta_common","filename":"lta_common.py","lineno":143}
{"timestamp":"2026-04-15T14:01:00.464107Z","level":"warning","event":"[SANITIZE] link_id=44937 field=maximum_speed suspicious sentinel value=999 -> NULL","logger":"lta_common","filename":"lta_common.py","lineno":143}
{"timestamp":"2026-04-15T14:01:00.464130Z","level":"warning","event":"[SANITIZE] link_id=44938 field=maximum_speed suspicious sentinel value=999 -> NULL","logger":"lta_common","filename":"lta_common.py","lineno":143}
{"timestamp":"2026-04-15T14:01:00.464152Z","level":"warning","event":"[SANITIZE] link_id=44939 field=maximum_speed suspicious sentinel value=999 -> NULL","logger":"lta_common","filename":"lta_common.py","lineno":143}
{"timestamp":"2026-04-15T14:01:00.464175Z","level":"warning","event":"[SANITIZE] link_id=44940 field=maximum_speed suspicious sentinel value=999 -> NULL","logger":"lta_common","filename":"lta_common.py","lineno":143}
{"timestamp":"2026-04-15T14:01:00.464196Z","level":"warning","event":"[SANITIZE] link_id=44941 field=maximum_speed suspicious sentinel value=999 -> NULL","logger":"lta_common","filename":"lta_common.py","lineno":143}
{"timestamp":"2026-04-15T14:01:00.464219Z","level":"warning","event":"[SANITIZE] link_id=44942 field=maximum_speed suspicious sentinel value=999 -> NULL","logger":"lta_common","filename":"lta_common.py","lineno":143}
{"timestamp":"2026-04-15T14:01:00.464241Z","level":"warning","event":"[SANITIZE] link_id=44943 field=maximum_speed suspicious sentinel value=999 -> NULL","logger":"lta_common","filename":"lta_common.py","lineno":143}
{"timestamp":"2026-04-15T14:01:00.464264Z","level":"warning","event":"[SANITIZE] link_id=44944 field=maximum_speed suspicious sentinel value=999 -> NULL","logger":"lta_common","filename":"lta_common.py","lineno":143}
{"timestamp":"2026-04-15T14:01:00.464285Z","level":"warning","event":"[SANITIZE] link_id=44945 field=maximum_speed suspicious sentinel value=999 -> NULL","logger":"lta_common","filename":"lta_common.py","lineno":143}
{"timestamp":"2026-04-15T14:01:00.464307Z","level":"warning","event":"[SANITIZE] link_id=44946 field=maximum_speed suspicious sentinel value=999 -> NULL","logger":"lta_common","filename":"lta_common.py","lineno":143}
{"timestamp":"2026-04-15T14:01:00.464329Z","level":"warning","event":"[SANITIZE] link_id=44947 field=maximum_speed suspicious sentinel value=999 -> NULL","logger":"lta_common","filename":"lta_common.py","lineno":143}
{"timestamp":"2026-04-15T14:01:00.464352Z","level":"warning","event":"[SANITIZE] link_id=44948 field=maximum_speed suspicious sentinel value=999 -> NULL","logger":"lta_common","filename":"lta_common.py","lineno":143}
{"timestamp":"2026-04-15T14:01:00.464383Z","level":"warning","event":"[SANITIZE] link_id=44952 field=maximum_speed suspicious sentinel value=999 -> NULL","logger":"lta_common","filename":"lta_common.py","lineno":143}
{"timestamp":"2026-04-15T14:01:00.464404Z","level":"warning","event":"[SANITIZE] link_id=44953 field=maximum_speed suspicious sentinel value=999 -> NULL","logger":"lta_common","filename":"lta_common.py","lineno":143}
{"timestamp":"2026-04-15T14:01:00.464433Z","level":"warning","event":"[SANITIZE] link_id=44956 field=maximum_speed suspicious sentinel value=999 -> NULL","logger":"lta_common","filename":"lta_common.py","lineno":143}
{"timestamp":"2026-04-15T14:01:00.464455Z","level":"warning","event":"[SANITIZE] link_id=44957 field=maximum_speed suspicious sentinel value=999 -> NULL","logger":"lta_common","filename":"lta_common.py","lineno":143}
{"timestamp":"2026-04-15T14:01:00.464484Z","level":"warning","event":"[SANITIZE] link_id=44958 field=maximum_speed suspicious sentinel value=999 -> NULL","logger":"lta_common","filename":"lta_common.py","lineno":143}
{"timestamp":"2026-04-15T14:01:00.464523Z","level":"warning","event":"[SANITIZE] link_id=44959 field=maximum_speed suspicious sentinel value=999 -> NULL","logger":"lta_common","filename":"lta_common.py","lineno":143}
{"timestamp":"2026-04-15T14:01:00.464559Z","level":"warning","event":"[SANITIZE] link_id=44960 field=maximum_speed suspicious sentinel value=999 -> NULL","logger":"lta_common","filename":"lta_common.py","lineno":143}
{"timestamp":"2026-04-15T14:01:00.464635Z","level":"warning","event":"[SANITIZE] link_id=44975 field=maximum_speed suspicious sentinel value=999 -> NULL","logger":"lta_common","filename":"lta_common.py","lineno":143}
{"timestamp":"2026-04-15T14:01:00.464666Z","level":"warning","event":"[SANITIZE] link_id=44979 field=maximum_speed suspicious sentinel value=999 -> NULL","logger":"lta_common","filename":"lta_common.py","lineno":143}
{"timestamp":"2026-04-15T14:01:00.464697Z","level":"warning","event":"[SANITIZE] link_id=44983 field=maximum_speed suspicious sentinel value=999 -> NULL","logger":"lta_common","filename":"lta_common.py","lineno":143}
{"timestamp":"2026-04-15T14:01:00.464721Z","level":"warning","event":"[SANITIZE] link_id=44985 field=maximum_speed suspicious sentinel value=999 -> NULL","logger":"lta_common","filename":"lta_common.py","lineno":143}
{"timestamp":"2026-04-15T14:01:00.464749Z","level":"warning","event":"[SANITIZE] link_id=44986 field=maximum_speed suspicious sentinel value=999 -> NULL","logger":"lta_common","filename":"lta_common.py","lineno":143}
{"timestamp":"2026-04-15T14:01:00.464818Z","level":"warning","event":"[SANITIZE] link_id=45003 field=maximum_speed suspicious sentinel value=999 -> NULL","logger":"lta_common","filename":"lta_common.py","lineno":143}
{"timestamp":"2026-04-15T14:01:00.464842Z","level":"warning","event":"[SANITIZE] link_id=45004 field=maximum_speed suspicious sentinel value=999 -> NULL","logger":"lta_common","filename":"lta_common.py","lineno":143}
{"timestamp":"2026-04-15T14:01:00.464863Z","level":"warning","event":"[SANITIZE] link_id=45005 field=maximum_speed suspicious sentinel value=999 -> NULL","logger":"lta_common","filename":"lta_common.py","lineno":143}
{"timestamp":"2026-04-15T14:01:00.464886Z","level":"warning","event":"[SANITIZE] link_id=45006 field=maximum_speed suspicious sentinel value=999 -> NULL","logger":"lta_common","filename":"lta_common.py","lineno":143}
{"timestamp":"2026-04-15T14:01:00.464906Z","level":"warning","event":"[SANITIZE] link_id=45007 field=maximum_speed suspicious sentinel value=999 -> NULL","logger":"lta_common","filename":"lta_common.py","lineno":143}
{"timestamp":"2026-04-15T14:01:00.464927Z","level":"warning","event":"[SANITIZE] link_id=45008 field=maximum_speed suspicious sentinel value=999 -> NULL","logger":"lta_common","filename":"lta_common.py","lineno":143}
{"timestamp":"2026-04-15T14:01:00.465009Z","level":"warning","event":"[SANITIZE] link_id=45030 field=maximum_speed suspicious sentinel value=999 -> NULL","logger":"lta_common","filename":"lta_common.py","lineno":143}
{"timestamp":"2026-04-15T14:01:00.465119Z","level":"warning","event":"[SANITIZE] link_id=45064 field=maximum_speed suspicious sentinel value=999 -> NULL","logger":"lta_common","filename":"lta_common.py","lineno":143}
{"timestamp":"2026-04-15T14:01:00.465183Z","level":"warning","event":"[SANITIZE] link_id=45081 field=maximum_speed suspicious sentinel value=999 -> NULL","logger":"lta_common","filename":"lta_common.py","lineno":143}
{"timestamp":"2026-04-15T14:01:00.465237Z","level":"warning","event":"[SANITIZE] link_id=45093 field=maximum_speed suspicious sentinel value=999 -> NULL","logger":"lta_common","filename":"lta_common.py","lineno":143}
{"timestamp":"2026-04-15T14:01:00.465258Z","level":"warning","event":"[SANITIZE] link_id=45094 field=maximum_speed suspicious sentinel value=999 -> NULL","logger":"lta_common","filename":"lta_common.py","lineno":143}
{"timestamp":"2026-04-15T14:01:00.465309Z","level":"warning","event":"[SANITIZE] link_id=45105 field=maximum_speed suspicious sentinel value=999 -> NULL","logger":"lta_common","filename":"lta_common.py","lineno":143}
{"timestamp":"2026-04-15T14:01:00.465345Z","level":"warning","event":"[SANITIZE] link_id=45111 field=maximum_speed suspicious sentinel value=999 -> NULL","logger":"lta_common","filename":"lta_common.py","lineno":143}
{"timestamp":"2026-04-15T14:01:00.465370Z","level":"warning","event":"[SANITIZE] link_id=45115 field=maximum_speed suspicious sentinel value=999 -> NULL","logger":"lta_common","filename":"lta_common.py","lineno":143}
{"timestamp":"2026-04-15T14:01:00.465412Z","level":"warning","event":"[SANITIZE] link_id=45124 field=maximum_speed suspicious sentinel value=999 -> NULL","logger":"lta_common","filename":"lta_common.py","lineno":143}
{"timestamp":"2026-04-15T14:01:00.465459Z","level":"warning","event":"[SANITIZE] link_id=45134 field=maximum_speed suspicious sentinel value=999 -> NULL","logger":"lta_common","filename":"lta_common.py","lineno":143}
{"timestamp":"2026-04-15T14:01:00.465495Z","level":"warning","event":"[SANITIZE] link_id=45135 field=maximum_speed suspicious sentinel value=999 -> NULL","logger":"lta_common","filename":"lta_common.py","lineno":143}
{"timestamp":"2026-04-15T14:01:00.465521Z","level":"warning","event":"[SANITIZE] link_id=45137 field=maximum_speed suspicious sentinel value=999 -> NULL","logger":"lta_common","filename":"lta_common.py","lineno":143}
{"timestamp":"2026-04-15T14:01:00.465542Z","level":"warning","event":"[SANITIZE] link_id=45138 field=maximum_speed suspicious sentinel value=999 -> NULL","logger":"lta_common","filename":"lta_common.py","lineno":143}
{"timestamp":"2026-04-15T14:01:00.465581Z","level":"warning","event":"[SANITIZE] link_id=45142 field=maximum_speed suspicious sentinel value=999 -> NULL","logger":"lta_common","filename":"lta_common.py","lineno":143}
{"timestamp":"2026-04-15T14:01:00.465616Z","level":"warning","event":"[SANITIZE] link_id=45143 field=maximum_speed suspicious sentinel value=999 -> NULL","logger":"lta_common","filename":"lta_common.py","lineno":143}
{"timestamp":"2026-04-15T14:01:00.465653Z","level":"warning","event":"[SANITIZE] link_id=45150 field=maximum_speed suspicious sentinel value=999 -> NULL","logger":"lta_common","filename":"lta_common.py","lineno":143}
{"timestamp":"2026-04-15T14:01:00.465712Z","level":"warning","event":"[SANITIZE] link_id=45167 field=maximum_speed suspicious sentinel value=999 -> NULL","logger":"lta_common","filename":"lta_common.py","lineno":143}
{"timestamp":"2026-04-15T14:01:00.465736Z","level":"warning","event":"[SANITIZE] link_id=45169 field=maximum_speed suspicious sentinel value=999 -> NULL","logger":"lta_common","filename":"lta_common.py","lineno":143}
{"timestamp":"2026-04-15T14:01:00.465759Z","level":"warning","event":"[SANITIZE] link_id=45170 field=maximum_speed suspicious sentinel value=999 -> NULL","logger":"lta_common","filename":"lta_common.py","lineno":143}
{"timestamp":"2026-04-15T14:01:00.465779Z","level":"warning","event":"[SANITIZE] link_id=45171 field=maximum_speed suspicious sentinel value=999 -> NULL","logger":"lta_common","filename":"lta_common.py","lineno":143}
{"timestamp":"2026-04-15T14:01:00.465799Z","level":"warning","event":"[SANITIZE] link_id=45172 field=maximum_speed suspicious sentinel value=999 -> NULL","logger":"lta_common","filename":"lta_common.py","lineno":143}
{"timestamp":"2026-04-15T14:01:00.465828Z","level":"warning","event":"[SANITIZE] link_id=45175 field=maximum_speed suspicious sentinel value=999 -> NULL","logger":"lta_common","filename":"lta_common.py","lineno":143}
{"timestamp":"2026-04-15T14:01:00.466204Z","level":"info","event":"[CLEAN DONE] rows=500 | null_speed_band=0 | null_minimum_speed=0 | null_maximum_speed=139","logger":"lta_common","filename":"lta_common.py","lineno":238}
{"timestamp":"2026-04-15T14:01:00.466997Z","level":"info","event":"STEP 5: built cleaned snapshot dataframe rows=500","logger":"2_refresh_traffic_speed","filename":"2_refresh_traffic_speed.py","lineno":44}
{"timestamp":"2026-04-15T14:01:00.467278Z","level":"info","event":"[LATEST PREP] rows=500 | missing_measurement_rows=0","logger":"lta_common","filename":"lta_common.py","lineno":271}
{"timestamp":"2026-04-15T14:01:00.467502Z","level":"info","event":"[UPSERT START] upserting 500 rows into traffic_speed_latest","logger":"lta_common","filename":"lta_common.py","lineno":348}
{"timestamp":"2026-04-15T14:01:00.467761Z","level":"info","event":"[UPSERT DEBUG] max_link_id=45175 | min_link_id=44655 | max_speed_band=8 | min_speed_band=2 | max_minimum_speed=70 | min_minimum_speed=10 | max_maximum_speed=69.0 | min_maximum_speed=19.0","logger":"lta_common","filename":"lta_common.py","lineno":350}
{"timestamp":"2026-04-15T14:01:00.805662Z","level":"info","event":"[UPSERT DONE] upserted=500 rows into traffic_speed_latest","logger":"lta_common","filename":"lta_common.py","lineno":388}
{"timestamp":"2026-04-15T14:01:00.806073Z","level":"info","event":"[SAVE START] inserting 500 rows into traffic_speed_recent","logger":"lta_common","filename":"lta_common.py","lineno":319}
{"timestamp":"2026-04-15T14:01:01.121716Z","level":"info","event":"[SAVE DONE] inserted=500 rows into traffic_speed_recent","logger":"lta_common","filename":"lta_common.py","lineno":337}
{"timestamp":"2026-04-15T14:01:01.121858Z","level":"info","event":"STEP 6: page saved skip=29500 | pages=60 | latest_rows=30000 | recent_rows=30000","logger":"2_refresh_traffic_speed","filename":"2_refresh_traffic_speed.py","lineno":56}
{"timestamp":"2026-04-15T14:01:01.121894Z","level":"info","event":"========== PAGE START ==========","logger":"lta_common","filename":"lta_common.py","lineno":53}
{"timestamp":"2026-04-15T14:01:01.121917Z","level":"info","event":"[FETCH] requesting rows 30000–30499","logger":"lta_common","filename":"lta_common.py","lineno":54}
{"timestamp":"2026-04-15T14:01:01.121947Z","level":"info","event":"Fetching page from LTA: skip=30000","logger":"lta_common","filename":"lta_common.py","lineno":36}
{"timestamp":"2026-04-15T14:01:01.462839Z","level":"info","event":"Retrieved 500 rows from LTA at skip=30000","logger":"lta_common","filename":"lta_common.py","lineno":44}
{"timestamp":"2026-04-15T14:01:01.464724Z","level":"info","event":"[FETCH DONE] retrieved=500 rows at skip=30000","logger":"lta_common","filename":"lta_common.py","lineno":59}
{"timestamp":"2026-04-15T14:01:01.465212Z","level":"info","event":"STEP 4: processing page skip=30000 rows=500","logger":"2_refresh_traffic_speed","filename":"2_refresh_traffic_speed.py","lineno":41}
{"timestamp":"2026-04-15T14:01:01.473213Z","level":"warning","event":"[SANITIZE] link_id=45176 field=maximum_speed suspicious sentinel value=999 -> NULL","logger":"lta_common","filename":"lta_common.py","lineno":143}
{"timestamp":"2026-04-15T14:01:01.473462Z","level":"warning","event":"[SANITIZE] link_id=45177 field=maximum_speed suspicious sentinel value=999 -> NULL","logger":"lta_common","filename":"lta_common.py","lineno":143}
{"timestamp":"2026-04-15T14:01:01.473498Z","level":"warning","event":"[SANITIZE] link_id=45178 field=maximum_speed suspicious sentinel value=999 -> NULL","logger":"lta_common","filename":"lta_common.py","lineno":143}
{"timestamp":"2026-04-15T14:01:01.473525Z","level":"warning","event":"[SANITIZE] link_id=45179 field=maximum_speed suspicious sentinel value=999 -> NULL","logger":"lta_common","filename":"lta_common.py","lineno":143}
{"timestamp":"2026-04-15T14:01:01.473561Z","level":"warning","event":"[SANITIZE] link_id=45180 field=maximum_speed suspicious sentinel value=999 -> NULL","logger":"lta_common","filename":"lta_common.py","lineno":143}
{"timestamp":"2026-04-15T14:01:01.473596Z","level":"warning","event":"[SANITIZE] link_id=45181 field=maximum_speed suspicious sentinel value=999 -> NULL","logger":"lta_common","filename":"lta_common.py","lineno":143}
{"timestamp":"2026-04-15T14:01:01.473625Z","level":"warning","event":"[SANITIZE] link_id=45185 field=maximum_speed suspicious sentinel value=999 -> NULL","logger":"lta_common","filename":"lta_common.py","lineno":143}
{"timestamp":"2026-04-15T14:01:01.473651Z","level":"warning","event":"[SANITIZE] link_id=45188 field=maximum_speed suspicious sentinel value=999 -> NULL","logger":"lta_common","filename":"lta_common.py","lineno":143}
{"timestamp":"2026-04-15T14:01:01.473712Z","level":"warning","event":"[SANITIZE] link_id=45205 field=maximum_speed suspicious sentinel value=999 -> NULL","logger":"lta_common","filename":"lta_common.py","lineno":143}
{"timestamp":"2026-04-15T14:01:01.473745Z","level":"warning","event":"[SANITIZE] link_id=45211 field=maximum_speed suspicious sentinel value=999 -> NULL","logger":"lta_common","filename":"lta_common.py","lineno":143}
{"timestamp":"2026-04-15T14:01:01.473784Z","level":"warning","event":"[SANITIZE] link_id=45225 field=maximum_speed suspicious sentinel value=999 -> NULL","logger":"lta_common","filename":"lta_common.py","lineno":143}
{"timestamp":"2026-04-15T14:01:01.473806Z","level":"warning","event":"[SANITIZE] link_id=45226 field=maximum_speed suspicious sentinel value=999 -> NULL","logger":"lta_common","filename":"lta_common.py","lineno":143}
{"timestamp":"2026-04-15T14:01:01.473830Z","level":"warning","event":"[SANITIZE] link_id=45228 field=maximum_speed suspicious sentinel value=999 -> NULL","logger":"lta_common","filename":"lta_common.py","lineno":143}
{"timestamp":"2026-04-15T14:01:01.473855Z","level":"warning","event":"[SANITIZE] link_id=45230 field=maximum_speed suspicious sentinel value=999 -> NULL","logger":"lta_common","filename":"lta_common.py","lineno":143}
{"timestamp":"2026-04-15T14:01:01.473879Z","level":"warning","event":"[SANITIZE] link_id=45232 field=maximum_speed suspicious sentinel value=999 -> NULL","logger":"lta_common","filename":"lta_common.py","lineno":143}
{"timestamp":"2026-04-15T14:01:01.473902Z","level":"warning","event":"[SANITIZE] link_id=45237 field=maximum_speed suspicious sentinel value=999 -> NULL","logger":"lta_common","filename":"lta_common.py","lineno":143}
{"timestamp":"2026-04-15T14:01:01.473929Z","level":"warning","event":"[SANITIZE] link_id=45240 field=maximum_speed suspicious sentinel value=999 -> NULL","logger":"lta_common","filename":"lta_common.py","lineno":143}
{"timestamp":"2026-04-15T14:01:01.473955Z","level":"warning","event":"[SANITIZE] link_id=45243 field=maximum_speed suspicious sentinel value=999 -> NULL","logger":"lta_common","filename":"lta_common.py","lineno":143}
{"timestamp":"2026-04-15T14:01:01.473982Z","level":"warning","event":"[SANITIZE] link_id=45246 field=maximum_speed suspicious sentinel value=999 -> NULL","logger":"lta_common","filename":"lta_common.py","lineno":143}
{"timestamp":"2026-04-15T14:01:01.474041Z","level":"warning","event":"[SANITIZE] link_id=45265 field=maximum_speed suspicious sentinel value=999 -> NULL","logger":"lta_common","filename":"lta_common.py","lineno":143}
{"timestamp":"2026-04-15T14:01:01.475749Z","level":"warning","event":"[SANITIZE] link_id=45302 field=maximum_speed suspicious sentinel value=999 -> NULL","logger":"lta_common","filename":"lta_common.py","lineno":143}
{"timestamp":"2026-04-15T14:01:01.475890Z","level":"warning","event":"[SANITIZE] link_id=45303 field=maximum_speed suspicious sentinel value=999 -> NULL","logger":"lta_common","filename":"lta_common.py","lineno":143}
{"timestamp":"2026-04-15T14:01:01.476067Z","level":"warning","event":"[SANITIZE] link_id=45324 field=maximum_speed suspicious sentinel value=999 -> NULL","logger":"lta_common","filename":"lta_common.py","lineno":143}
{"timestamp":"2026-04-15T14:01:01.476126Z","level":"warning","event":"[SANITIZE] link_id=45325 field=maximum_speed suspicious sentinel value=999 -> NULL","logger":"lta_common","filename":"lta_common.py","lineno":143}
{"timestamp":"2026-04-15T14:01:01.476188Z","level":"warning","event":"[SANITIZE] link_id=45327 field=maximum_speed suspicious sentinel value=999 -> NULL","logger":"lta_common","filename":"lta_common.py","lineno":143}
{"timestamp":"2026-04-15T14:01:01.476248Z","level":"warning","event":"[SANITIZE] link_id=45329 field=maximum_speed suspicious sentinel value=999 -> NULL","logger":"lta_common","filename":"lta_common.py","lineno":143}
{"timestamp":"2026-04-15T14:01:01.476366Z","level":"warning","event":"[SANITIZE] link_id=45330 field=maximum_speed suspicious sentinel value=999 -> NULL","logger":"lta_common","filename":"lta_common.py","lineno":143}
{"timestamp":"2026-04-15T14:01:01.476489Z","level":"warning","event":"[SANITIZE] link_id=45332 field=maximum_speed suspicious sentinel value=999 -> NULL","logger":"lta_common","filename":"lta_common.py","lineno":143}
{"timestamp":"2026-04-15T14:01:01.476557Z","level":"warning","event":"[SANITIZE] link_id=45333 field=maximum_speed suspicious sentinel value=999 -> NULL","logger":"lta_common","filename":"lta_common.py","lineno":143}
{"timestamp":"2026-04-15T14:01:01.476650Z","level":"warning","event":"[SANITIZE] link_id=45334 field=maximum_speed suspicious sentinel value=999 -> NULL","logger":"lta_common","filename":"lta_common.py","lineno":143}
{"timestamp":"2026-04-15T14:01:01.476708Z","level":"warning","event":"[SANITIZE] link_id=45335 field=maximum_speed suspicious sentinel value=999 -> NULL","logger":"lta_common","filename":"lta_common.py","lineno":143}
{"timestamp":"2026-04-15T14:01:01.476765Z","level":"warning","event":"[SANITIZE] link_id=45336 field=maximum_speed suspicious sentinel value=999 -> NULL","logger":"lta_common","filename":"lta_common.py","lineno":143}
{"timestamp":"2026-04-15T14:01:01.476841Z","level":"warning","event":"[SANITIZE] link_id=45338 field=maximum_speed suspicious sentinel value=999 -> NULL","logger":"lta_common","filename":"lta_common.py","lineno":143}
{"timestamp":"2026-04-15T14:01:01.476895Z","level":"warning","event":"[SANITIZE] link_id=45339 field=maximum_speed suspicious sentinel value=999 -> NULL","logger":"lta_common","filename":"lta_common.py","lineno":143}
{"timestamp":"2026-04-15T14:01:01.476948Z","level":"warning","event":"[SANITIZE] link_id=45340 field=maximum_speed suspicious sentinel value=999 -> NULL","logger":"lta_common","filename":"lta_common.py","lineno":143}
{"timestamp":"2026-04-15T14:01:01.477000Z","level":"warning","event":"[SANITIZE] link_id=45341 field=maximum_speed suspicious sentinel value=999 -> NULL","logger":"lta_common","filename":"lta_common.py","lineno":143}
{"timestamp":"2026-04-15T14:01:01.477115Z","level":"warning","event":"[SANITIZE] link_id=45353 field=maximum_speed suspicious sentinel value=999 -> NULL","logger":"lta_common","filename":"lta_common.py","lineno":143}
{"timestamp":"2026-04-15T14:01:01.477167Z","level":"warning","event":"[SANITIZE] link_id=45354 field=maximum_speed suspicious sentinel value=999 -> NULL","logger":"lta_common","filename":"lta_common.py","lineno":143}
{"timestamp":"2026-04-15T14:01:01.477218Z","level":"warning","event":"[SANITIZE] link_id=45355 field=maximum_speed suspicious sentinel value=999 -> NULL","logger":"lta_common","filename":"lta_common.py","lineno":143}
{"timestamp":"2026-04-15T14:01:01.477270Z","level":"warning","event":"[SANITIZE] link_id=45356 field=maximum_speed suspicious sentinel value=999 -> NULL","logger":"lta_common","filename":"lta_common.py","lineno":143}
{"timestamp":"2026-04-15T14:01:01.477413Z","level":"warning","event":"[SANITIZE] link_id=45359 field=maximum_speed suspicious sentinel value=999 -> NULL","logger":"lta_common","filename":"lta_common.py","lineno":143}
{"timestamp":"2026-04-15T14:01:01.477508Z","level":"warning","event":"[SANITIZE] link_id=45360 field=maximum_speed suspicious sentinel value=999 -> NULL","logger":"lta_common","filename":"lta_common.py","lineno":143}
{"timestamp":"2026-04-15T14:01:01.477599Z","level":"warning","event":"[SANITIZE] link_id=45361 field=maximum_speed suspicious sentinel value=999 -> NULL","logger":"lta_common","filename":"lta_common.py","lineno":143}
{"timestamp":"2026-04-15T14:01:01.477675Z","level":"warning","event":"[SANITIZE] link_id=45362 field=maximum_speed suspicious sentinel value=999 -> NULL","logger":"lta_common","filename":"lta_common.py","lineno":143}
{"timestamp":"2026-04-15T14:01:01.477757Z","level":"warning","event":"[SANITIZE] link_id=45367 field=maximum_speed suspicious sentinel value=999 -> NULL","logger":"lta_common","filename":"lta_common.py","lineno":143}
{"timestamp":"2026-04-15T14:01:01.477816Z","level":"warning","event":"[SANITIZE] link_id=45368 field=maximum_speed suspicious sentinel value=999 -> NULL","logger":"lta_common","filename":"lta_common.py","lineno":143}
{"timestamp":"2026-04-15T14:01:01.477876Z","level":"warning","event":"[SANITIZE] link_id=45370 field=maximum_speed suspicious sentinel value=999 -> NULL","logger":"lta_common","filename":"lta_common.py","lineno":143}
{"timestamp":"2026-04-15T14:01:01.477929Z","level":"warning","event":"[SANITIZE] link_id=45371 field=maximum_speed suspicious sentinel value=999 -> NULL","logger":"lta_common","filename":"lta_common.py","lineno":143}
{"timestamp":"2026-04-15T14:01:01.477983Z","level":"warning","event":"[SANITIZE] link_id=45372 field=maximum_speed suspicious sentinel value=999 -> NULL","logger":"lta_common","filename":"lta_common.py","lineno":143}
{"timestamp":"2026-04-15T14:01:01.478036Z","level":"warning","event":"[SANITIZE] link_id=45373 field=maximum_speed suspicious sentinel value=999 -> NULL","logger":"lta_common","filename":"lta_common.py","lineno":143}
{"timestamp":"2026-04-15T14:01:01.478107Z","level":"warning","event":"[SANITIZE] link_id=45377 field=maximum_speed suspicious sentinel value=999 -> NULL","logger":"lta_common","filename":"lta_common.py","lineno":143}
{"timestamp":"2026-04-15T14:01:01.478172Z","level":"warning","event":"[SANITIZE] link_id=45380 field=maximum_speed suspicious sentinel value=999 -> NULL","logger":"lta_common","filename":"lta_common.py","lineno":143}
{"timestamp":"2026-04-15T14:01:01.478225Z","level":"warning","event":"[SANITIZE] link_id=45381 field=maximum_speed suspicious sentinel value=999 -> NULL","logger":"lta_common","filename":"lta_common.py","lineno":143}
{"timestamp":"2026-04-15T14:01:01.478275Z","level":"warning","event":"[SANITIZE] link_id=45382 field=maximum_speed suspicious sentinel value=999 -> NULL","logger":"lta_common","filename":"lta_common.py","lineno":143}
{"timestamp":"2026-04-15T14:01:01.478326Z","level":"warning","event":"[SANITIZE] link_id=45383 field=maximum_speed suspicious sentinel value=999 -> NULL","logger":"lta_common","filename":"lta_common.py","lineno":143}
{"timestamp":"2026-04-15T14:01:01.478377Z","level":"warning","event":"[SANITIZE] link_id=45384 field=maximum_speed suspicious sentinel value=999 -> NULL","logger":"lta_common","filename":"lta_common.py","lineno":143}
{"timestamp":"2026-04-15T14:01:01.478446Z","level":"warning","event":"[SANITIZE] link_id=45386 field=maximum_speed suspicious sentinel value=999 -> NULL","logger":"lta_common","filename":"lta_common.py","lineno":143}
{"timestamp":"2026-04-15T14:01:01.478500Z","level":"warning","event":"[SANITIZE] link_id=45387 field=maximum_speed suspicious sentinel value=999 -> NULL","logger":"lta_common","filename":"lta_common.py","lineno":143}
{"timestamp":"2026-04-15T14:01:01.478552Z","level":"warning","event":"[SANITIZE] link_id=45388 field=maximum_speed suspicious sentinel value=999 -> NULL","logger":"lta_common","filename":"lta_common.py","lineno":143}
{"timestamp":"2026-04-15T14:01:01.478622Z","level":"warning","event":"[SANITIZE] link_id=45389 field=maximum_speed suspicious sentinel value=999 -> NULL","logger":"lta_common","filename":"lta_common.py","lineno":143}
{"timestamp":"2026-04-15T14:01:01.478674Z","level":"warning","event":"[SANITIZE] link_id=45390 field=maximum_speed suspicious sentinel value=999 -> NULL","logger":"lta_common","filename":"lta_common.py","lineno":143}
{"timestamp":"2026-04-15T14:01:01.478738Z","level":"warning","event":"[SANITIZE] link_id=45393 field=maximum_speed suspicious sentinel value=999 -> NULL","logger":"lta_common","filename":"lta_common.py","lineno":143}
{"timestamp":"2026-04-15T14:01:01.478789Z","level":"warning","event":"[SANITIZE] link_id=45394 field=maximum_speed suspicious sentinel value=999 -> NULL","logger":"lta_common","filename":"lta_common.py","lineno":143}
{"timestamp":"2026-04-15T14:01:01.478844Z","level":"warning","event":"[SANITIZE] link_id=45395 field=maximum_speed suspicious sentinel value=999 -> NULL","logger":"lta_common","filename":"lta_common.py","lineno":143}
{"timestamp":"2026-04-15T14:01:01.478895Z","level":"warning","event":"[SANITIZE] link_id=45396 field=maximum_speed suspicious sentinel value=999 -> NULL","logger":"lta_common","filename":"lta_common.py","lineno":143}
{"timestamp":"2026-04-15T14:01:01.478948Z","level":"warning","event":"[SANITIZE] link_id=45398 field=maximum_speed suspicious sentinel value=999 -> NULL","logger":"lta_common","filename":"lta_common.py","lineno":143}
{"timestamp":"2026-04-15T14:01:01.478998Z","level":"warning","event":"[SANITIZE] link_id=45399 field=maximum_speed suspicious sentinel value=999 -> NULL","logger":"lta_common","filename":"lta_common.py","lineno":143}
{"timestamp":"2026-04-15T14:01:01.479049Z","level":"warning","event":"[SANITIZE] link_id=45400 field=maximum_speed suspicious sentinel value=999 -> NULL","logger":"lta_common","filename":"lta_common.py","lineno":143}
{"timestamp":"2026-04-15T14:01:01.479099Z","level":"warning","event":"[SANITIZE] link_id=45401 field=maximum_speed suspicious sentinel value=999 -> NULL","logger":"lta_common","filename":"lta_common.py","lineno":143}
{"timestamp":"2026-04-15T14:01:01.479150Z","level":"warning","event":"[SANITIZE] link_id=45402 field=maximum_speed suspicious sentinel value=999 -> NULL","logger":"lta_common","filename":"lta_common.py","lineno":143}
{"timestamp":"2026-04-15T14:01:01.479200Z","level":"warning","event":"[SANITIZE] link_id=45403 field=maximum_speed suspicious sentinel value=999 -> NULL","logger":"lta_common","filename":"lta_common.py","lineno":143}
{"timestamp":"2026-04-15T14:01:01.479251Z","level":"warning","event":"[SANITIZE] link_id=45404 field=maximum_speed suspicious sentinel value=999 -> NULL","logger":"lta_common","filename":"lta_common.py","lineno":143}
{"timestamp":"2026-04-15T14:01:01.479319Z","level":"warning","event":"[SANITIZE] link_id=45408 field=maximum_speed suspicious sentinel value=999 -> NULL","logger":"lta_common","filename":"lta_common.py","lineno":143}
{"timestamp":"2026-04-15T14:01:01.479369Z","level":"warning","event":"[SANITIZE] link_id=45409 field=maximum_speed suspicious sentinel value=999 -> NULL","logger":"lta_common","filename":"lta_common.py","lineno":143}
{"timestamp":"2026-04-15T14:01:01.479419Z","level":"warning","event":"[SANITIZE] link_id=45410 field=maximum_speed suspicious sentinel value=999 -> NULL","logger":"lta_common","filename":"lta_common.py","lineno":143}
{"timestamp":"2026-04-15T14:01:01.479476Z","level":"warning","event":"[SANITIZE] link_id=45412 field=maximum_speed suspicious sentinel value=999 -> NULL","logger":"lta_common","filename":"lta_common.py","lineno":143}
{"timestamp":"2026-04-15T14:01:01.479526Z","level":"warning","event":"[SANITIZE] link_id=45413 field=maximum_speed suspicious sentinel value=999 -> NULL","logger":"lta_common","filename":"lta_common.py","lineno":143}
{"timestamp":"2026-04-15T14:01:01.479594Z","level":"warning","event":"[SANITIZE] link_id=45414 field=maximum_speed suspicious sentinel value=999 -> NULL","logger":"lta_common","filename":"lta_common.py","lineno":143}
{"timestamp":"2026-04-15T14:01:01.479694Z","level":"warning","event":"[SANITIZE] link_id=45424 field=maximum_speed suspicious sentinel value=999 -> NULL","logger":"lta_common","filename":"lta_common.py","lineno":143}
{"timestamp":"2026-04-15T14:01:01.479745Z","level":"warning","event":"[SANITIZE] link_id=45425 field=maximum_speed suspicious sentinel value=999 -> NULL","logger":"lta_common","filename":"lta_common.py","lineno":143}
{"timestamp":"2026-04-15T14:01:01.479796Z","level":"warning","event":"[SANITIZE] link_id=45426 field=maximum_speed suspicious sentinel value=999 -> NULL","logger":"lta_common","filename":"lta_common.py","lineno":143}
{"timestamp":"2026-04-15T14:01:01.479847Z","level":"warning","event":"[SANITIZE] link_id=45427 field=maximum_speed suspicious sentinel value=999 -> NULL","logger":"lta_common","filename":"lta_common.py","lineno":143}
{"timestamp":"2026-04-15T14:01:01.479960Z","level":"warning","event":"[SANITIZE] link_id=45428 field=maximum_speed suspicious sentinel value=999 -> NULL","logger":"lta_common","filename":"lta_common.py","lineno":143}
{"timestamp":"2026-04-15T14:01:01.480098Z","level":"warning","event":"[SANITIZE] link_id=45441 field=maximum_speed suspicious sentinel value=999 -> NULL","logger":"lta_common","filename":"lta_common.py","lineno":143}
{"timestamp":"2026-04-15T14:01:01.480153Z","level":"warning","event":"[SANITIZE] link_id=45442 field=maximum_speed suspicious sentinel value=999 -> NULL","logger":"lta_common","filename":"lta_common.py","lineno":143}
{"timestamp":"2026-04-15T14:01:01.480206Z","level":"warning","event":"[SANITIZE] link_id=45443 field=maximum_speed suspicious sentinel value=999 -> NULL","logger":"lta_common","filename":"lta_common.py","lineno":143}
{"timestamp":"2026-04-15T14:01:01.480317Z","level":"warning","event":"[SANITIZE] link_id=45454 field=maximum_speed suspicious sentinel value=999 -> NULL","logger":"lta_common","filename":"lta_common.py","lineno":143}
{"timestamp":"2026-04-15T14:01:01.480375Z","level":"warning","event":"[SANITIZE] link_id=45456 field=maximum_speed suspicious sentinel value=999 -> NULL","logger":"lta_common","filename":"lta_common.py","lineno":143}
{"timestamp":"2026-04-15T14:01:01.480434Z","level":"warning","event":"[SANITIZE] link_id=45458 field=maximum_speed suspicious sentinel value=999 -> NULL","logger":"lta_common","filename":"lta_common.py","lineno":143}
{"timestamp":"2026-04-15T14:01:01.480516Z","level":"warning","event":"[SANITIZE] link_id=45464 field=maximum_speed suspicious sentinel value=999 -> NULL","logger":"lta_common","filename":"lta_common.py","lineno":143}
{"timestamp":"2026-04-15T14:01:01.480612Z","level":"warning","event":"[SANITIZE] link_id=45465 field=maximum_speed suspicious sentinel value=999 -> NULL","logger":"lta_common","filename":"lta_common.py","lineno":143}
{"timestamp":"2026-04-15T14:01:01.480673Z","level":"warning","event":"[SANITIZE] link_id=45466 field=maximum_speed suspicious sentinel value=999 -> NULL","logger":"lta_common","filename":"lta_common.py","lineno":143}
{"timestamp":"2026-04-15T14:01:01.480892Z","level":"warning","event":"[SANITIZE] link_id=45471 field=maximum_speed suspicious sentinel value=999 -> NULL","logger":"lta_common","filename":"lta_common.py","lineno":143}
{"timestamp":"2026-04-15T14:01:01.481917Z","level":"warning","event":"[SANITIZE] link_id=45473 field=maximum_speed suspicious sentinel value=999 -> NULL","logger":"lta_common","filename":"lta_common.py","lineno":143}
{"timestamp":"2026-04-15T14:01:01.482045Z","level":"warning","event":"[SANITIZE] link_id=45474 field=maximum_speed suspicious sentinel value=999 -> NULL","logger":"lta_common","filename":"lta_common.py","lineno":143}
{"timestamp":"2026-04-15T14:01:01.482854Z","level":"warning","event":"[SANITIZE] link_id=45476 field=maximum_speed suspicious sentinel value=999 -> NULL","logger":"lta_common","filename":"lta_common.py","lineno":143}
{"timestamp":"2026-04-15T14:01:01.483446Z","level":"warning","event":"[SANITIZE] link_id=45477 field=maximum_speed suspicious sentinel value=999 -> NULL","logger":"lta_common","filename":"lta_common.py","lineno":143}
{"timestamp":"2026-04-15T14:01:01.483825Z","level":"warning","event":"[SANITIZE] link_id=45478 field=maximum_speed suspicious sentinel value=999 -> NULL","logger":"lta_common","filename":"lta_common.py","lineno":143}
{"timestamp":"2026-04-15T14:01:01.484061Z","level":"warning","event":"[SANITIZE] link_id=45479 field=maximum_speed suspicious sentinel value=999 -> NULL","logger":"lta_common","filename":"lta_common.py","lineno":143}
{"timestamp":"2026-04-15T14:01:01.484274Z","level":"warning","event":"[SANITIZE] link_id=45480 field=maximum_speed suspicious sentinel value=999 -> NULL","logger":"lta_common","filename":"lta_common.py","lineno":143}
{"timestamp":"2026-04-15T14:01:01.484532Z","level":"warning","event":"[SANITIZE] link_id=45481 field=maximum_speed suspicious sentinel value=999 -> NULL","logger":"lta_common","filename":"lta_common.py","lineno":143}
{"timestamp":"2026-04-15T14:01:01.485634Z","level":"warning","event":"[SANITIZE] link_id=45482 field=maximum_speed suspicious sentinel value=999 -> NULL","logger":"lta_common","filename":"lta_common.py","lineno":143}
{"timestamp":"2026-04-15T14:01:01.486248Z","level":"warning","event":"[SANITIZE] link_id=45483 field=maximum_speed suspicious sentinel value=999 -> NULL","logger":"lta_common","filename":"lta_common.py","lineno":143}
{"timestamp":"2026-04-15T14:01:01.486384Z","level":"warning","event":"[SANITIZE] link_id=45494 field=maximum_speed suspicious sentinel value=999 -> NULL","logger":"lta_common","filename":"lta_common.py","lineno":143}
{"timestamp":"2026-04-15T14:01:01.486419Z","level":"warning","event":"[SANITIZE] link_id=45495 field=maximum_speed suspicious sentinel value=999 -> NULL","logger":"lta_common","filename":"lta_common.py","lineno":143}
{"timestamp":"2026-04-15T14:01:01.486445Z","level":"warning","event":"[SANITIZE] link_id=45496 field=maximum_speed suspicious sentinel value=999 -> NULL","logger":"lta_common","filename":"lta_common.py","lineno":143}
{"timestamp":"2026-04-15T14:01:01.486469Z","level":"warning","event":"[SANITIZE] link_id=45497 field=maximum_speed suspicious sentinel value=999 -> NULL","logger":"lta_common","filename":"lta_common.py","lineno":143}
{"timestamp":"2026-04-15T14:01:01.486634Z","level":"warning","event":"[SANITIZE] link_id=45504 field=maximum_speed suspicious sentinel value=999 -> NULL","logger":"lta_common","filename":"lta_common.py","lineno":143}
{"timestamp":"2026-04-15T14:01:01.486672Z","level":"warning","event":"[SANITIZE] link_id=45505 field=maximum_speed suspicious sentinel value=999 -> NULL","logger":"lta_common","filename":"lta_common.py","lineno":143}
{"timestamp":"2026-04-15T14:01:01.486698Z","level":"warning","event":"[SANITIZE] link_id=45507 field=maximum_speed suspicious sentinel value=999 -> NULL","logger":"lta_common","filename":"lta_common.py","lineno":143}
{"timestamp":"2026-04-15T14:01:01.486720Z","level":"warning","event":"[SANITIZE] link_id=45508 field=maximum_speed suspicious sentinel value=999 -> NULL","logger":"lta_common","filename":"lta_common.py","lineno":143}
{"timestamp":"2026-04-15T14:01:01.486745Z","level":"warning","event":"[SANITIZE] link_id=45509 field=maximum_speed suspicious sentinel value=999 -> NULL","logger":"lta_common","filename":"lta_common.py","lineno":143}
{"timestamp":"2026-04-15T14:01:01.486767Z","level":"warning","event":"[SANITIZE] link_id=45510 field=maximum_speed suspicious sentinel value=999 -> NULL","logger":"lta_common","filename":"lta_common.py","lineno":143}
{"timestamp":"2026-04-15T14:01:01.486788Z","level":"warning","event":"[SANITIZE] link_id=45511 field=maximum_speed suspicious sentinel value=999 -> NULL","logger":"lta_common","filename":"lta_common.py","lineno":143}
{"timestamp":"2026-04-15T14:01:01.486809Z","level":"warning","event":"[SANITIZE] link_id=45512 field=maximum_speed suspicious sentinel value=999 -> NULL","logger":"lta_common","filename":"lta_common.py","lineno":143}
{"timestamp":"2026-04-15T14:01:01.486901Z","level":"warning","event":"[SANITIZE] link_id=45513 field=maximum_speed suspicious sentinel value=999 -> NULL","logger":"lta_common","filename":"lta_common.py","lineno":143}
{"timestamp":"2026-04-15T14:01:01.486938Z","level":"warning","event":"[SANITIZE] link_id=45514 field=maximum_speed suspicious sentinel value=999 -> NULL","logger":"lta_common","filename":"lta_common.py","lineno":143}
{"timestamp":"2026-04-15T14:01:01.486990Z","level":"warning","event":"[SANITIZE] link_id=45515 field=maximum_speed suspicious sentinel value=999 -> NULL","logger":"lta_common","filename":"lta_common.py","lineno":143}
{"timestamp":"2026-04-15T14:01:01.487025Z","level":"warning","event":"[SANITIZE] link_id=45516 field=maximum_speed suspicious sentinel value=999 -> NULL","logger":"lta_common","filename":"lta_common.py","lineno":143}
{"timestamp":"2026-04-15T14:01:01.487063Z","level":"warning","event":"[SANITIZE] link_id=45517 field=maximum_speed suspicious sentinel value=999 -> NULL","logger":"lta_common","filename":"lta_common.py","lineno":143}
{"timestamp":"2026-04-15T14:01:01.487553Z","level":"warning","event":"[SANITIZE] link_id=45525 field=maximum_speed suspicious sentinel value=999 -> NULL","logger":"lta_common","filename":"lta_common.py","lineno":143}
{"timestamp":"2026-04-15T14:01:01.487682Z","level":"warning","event":"[SANITIZE] link_id=45526 field=maximum_speed suspicious sentinel value=999 -> NULL","logger":"lta_common","filename":"lta_common.py","lineno":143}
{"timestamp":"2026-04-15T14:01:01.487939Z","level":"warning","event":"[SANITIZE] link_id=45528 field=maximum_speed suspicious sentinel value=999 -> NULL","logger":"lta_common","filename":"lta_common.py","lineno":143}
{"timestamp":"2026-04-15T14:01:01.488061Z","level":"warning","event":"[SANITIZE] link_id=45530 field=maximum_speed suspicious sentinel value=999 -> NULL","logger":"lta_common","filename":"lta_common.py","lineno":143}
{"timestamp":"2026-04-15T14:01:01.488184Z","level":"warning","event":"[SANITIZE] link_id=45531 field=maximum_speed suspicious sentinel value=999 -> NULL","logger":"lta_common","filename":"lta_common.py","lineno":143}
{"timestamp":"2026-04-15T14:01:01.488283Z","level":"warning","event":"[SANITIZE] link_id=45532 field=maximum_speed suspicious sentinel value=999 -> NULL","logger":"lta_common","filename":"lta_common.py","lineno":143}
{"timestamp":"2026-04-15T14:01:01.488406Z","level":"warning","event":"[SANITIZE] link_id=45533 field=maximum_speed suspicious sentinel value=999 -> NULL","logger":"lta_common","filename":"lta_common.py","lineno":143}
{"timestamp":"2026-04-15T14:01:01.488517Z","level":"warning","event":"[SANITIZE] link_id=45534 field=maximum_speed suspicious sentinel value=999 -> NULL","logger":"lta_common","filename":"lta_common.py","lineno":143}
{"timestamp":"2026-04-15T14:01:01.488563Z","level":"warning","event":"[SANITIZE] link_id=45535 field=maximum_speed suspicious sentinel value=999 -> NULL","logger":"lta_common","filename":"lta_common.py","lineno":143}
{"timestamp":"2026-04-15T14:01:01.488879Z","level":"warning","event":"[SANITIZE] link_id=45536 field=maximum_speed suspicious sentinel value=999 -> NULL","logger":"lta_common","filename":"lta_common.py","lineno":143}
{"timestamp":"2026-04-15T14:01:01.488941Z","level":"warning","event":"[SANITIZE] link_id=45537 field=maximum_speed suspicious sentinel value=999 -> NULL","logger":"lta_common","filename":"lta_common.py","lineno":143}
{"timestamp":"2026-04-15T14:01:01.489132Z","level":"warning","event":"[SANITIZE] link_id=45538 field=maximum_speed suspicious sentinel value=999 -> NULL","logger":"lta_common","filename":"lta_common.py","lineno":143}
{"timestamp":"2026-04-15T14:01:01.489340Z","level":"warning","event":"[SANITIZE] link_id=45539 field=maximum_speed suspicious sentinel value=999 -> NULL","logger":"lta_common","filename":"lta_common.py","lineno":143}
{"timestamp":"2026-04-15T14:01:01.489395Z","level":"warning","event":"[SANITIZE] link_id=45540 field=maximum_speed suspicious sentinel value=999 -> NULL","logger":"lta_common","filename":"lta_common.py","lineno":143}
{"timestamp":"2026-04-15T14:01:01.489435Z","level":"warning","event":"[SANITIZE] link_id=45541 field=maximum_speed suspicious sentinel value=999 -> NULL","logger":"lta_common","filename":"lta_common.py","lineno":143}
{"timestamp":"2026-04-15T14:01:01.489617Z","level":"warning","event":"[SANITIZE] link_id=45542 field=maximum_speed suspicious sentinel value=999 -> NULL","logger":"lta_common","filename":"lta_common.py","lineno":143}
{"timestamp":"2026-04-15T14:01:01.489989Z","level":"warning","event":"[SANITIZE] link_id=45547 field=maximum_speed suspicious sentinel value=999 -> NULL","logger":"lta_common","filename":"lta_common.py","lineno":143}
{"timestamp":"2026-04-15T14:01:01.490234Z","level":"warning","event":"[SANITIZE] link_id=45548 field=maximum_speed suspicious sentinel value=999 -> NULL","logger":"lta_common","filename":"lta_common.py","lineno":143}
{"timestamp":"2026-04-15T14:01:01.490316Z","level":"warning","event":"[SANITIZE] link_id=45549 field=maximum_speed suspicious sentinel value=999 -> NULL","logger":"lta_common","filename":"lta_common.py","lineno":143}
{"timestamp":"2026-04-15T14:01:01.490397Z","level":"warning","event":"[SANITIZE] link_id=45551 field=maximum_speed suspicious sentinel value=999 -> NULL","logger":"lta_common","filename":"lta_common.py","lineno":143}
{"timestamp":"2026-04-15T14:01:01.490426Z","level":"warning","event":"[SANITIZE] link_id=45552 field=maximum_speed suspicious sentinel value=999 -> NULL","logger":"lta_common","filename":"lta_common.py","lineno":143}
{"timestamp":"2026-04-15T14:01:01.490697Z","level":"warning","event":"[SANITIZE] link_id=45553 field=maximum_speed suspicious sentinel value=999 -> NULL","logger":"lta_common","filename":"lta_common.py","lineno":143}
{"timestamp":"2026-04-15T14:01:01.490758Z","level":"warning","event":"[SANITIZE] link_id=45554 field=maximum_speed suspicious sentinel value=999 -> NULL","logger":"lta_common","filename":"lta_common.py","lineno":143}
{"timestamp":"2026-04-15T14:01:01.491061Z","level":"warning","event":"[SANITIZE] link_id=45555 field=maximum_speed suspicious sentinel value=999 -> NULL","logger":"lta_common","filename":"lta_common.py","lineno":143}
{"timestamp":"2026-04-15T14:01:01.491133Z","level":"warning","event":"[SANITIZE] link_id=45556 field=maximum_speed suspicious sentinel value=999 -> NULL","logger":"lta_common","filename":"lta_common.py","lineno":143}
{"timestamp":"2026-04-15T14:01:01.491172Z","level":"warning","event":"[SANITIZE] link_id=45557 field=maximum_speed suspicious sentinel value=999 -> NULL","logger":"lta_common","filename":"lta_common.py","lineno":143}
{"timestamp":"2026-04-15T14:01:01.491199Z","level":"warning","event":"[SANITIZE] link_id=45558 field=maximum_speed suspicious sentinel value=999 -> NULL","logger":"lta_common","filename":"lta_common.py","lineno":143}
{"timestamp":"2026-04-15T14:01:01.491237Z","level":"warning","event":"[SANITIZE] link_id=45559 field=maximum_speed suspicious sentinel value=999 -> NULL","logger":"lta_common","filename":"lta_common.py","lineno":143}
{"timestamp":"2026-04-15T14:01:01.491339Z","level":"warning","event":"[SANITIZE] link_id=45560 field=maximum_speed suspicious sentinel value=999 -> NULL","logger":"lta_common","filename":"lta_common.py","lineno":143}
{"timestamp":"2026-04-15T14:01:01.491562Z","level":"warning","event":"[SANITIZE] link_id=45561 field=maximum_speed suspicious sentinel value=999 -> NULL","logger":"lta_common","filename":"lta_common.py","lineno":143}
{"timestamp":"2026-04-15T14:01:01.491700Z","level":"warning","event":"[SANITIZE] link_id=45562 field=maximum_speed suspicious sentinel value=999 -> NULL","logger":"lta_common","filename":"lta_common.py","lineno":143}
{"timestamp":"2026-04-15T14:01:01.491755Z","level":"warning","event":"[SANITIZE] link_id=45563 field=maximum_speed suspicious sentinel value=999 -> NULL","logger":"lta_common","filename":"lta_common.py","lineno":143}
{"timestamp":"2026-04-15T14:01:01.491787Z","level":"warning","event":"[SANITIZE] link_id=45564 field=maximum_speed suspicious sentinel value=999 -> NULL","logger":"lta_common","filename":"lta_common.py","lineno":143}
{"timestamp":"2026-04-15T14:01:01.491833Z","level":"warning","event":"[SANITIZE] link_id=45565 field=maximum_speed suspicious sentinel value=999 -> NULL","logger":"lta_common","filename":"lta_common.py","lineno":143}
{"timestamp":"2026-04-15T14:01:01.491876Z","level":"warning","event":"[SANITIZE] link_id=45566 field=maximum_speed suspicious sentinel value=999 -> NULL","logger":"lta_common","filename":"lta_common.py","lineno":143}
{"timestamp":"2026-04-15T14:01:01.491990Z","level":"warning","event":"[SANITIZE] link_id=45568 field=maximum_speed suspicious sentinel value=999 -> NULL","logger":"lta_common","filename":"lta_common.py","lineno":143}
{"timestamp":"2026-04-15T14:01:01.492135Z","level":"warning","event":"[SANITIZE] link_id=45569 field=maximum_speed suspicious sentinel value=999 -> NULL","logger":"lta_common","filename":"lta_common.py","lineno":143}
{"timestamp":"2026-04-15T14:01:01.492300Z","level":"warning","event":"[SANITIZE] link_id=45570 field=maximum_speed suspicious sentinel value=999 -> NULL","logger":"lta_common","filename":"lta_common.py","lineno":143}
{"timestamp":"2026-04-15T14:01:01.492347Z","level":"warning","event":"[SANITIZE] link_id=45571 field=maximum_speed suspicious sentinel value=999 -> NULL","logger":"lta_common","filename":"lta_common.py","lineno":143}
{"timestamp":"2026-04-15T14:01:01.492371Z","level":"warning","event":"[SANITIZE] link_id=45572 field=maximum_speed suspicious sentinel value=999 -> NULL","logger":"lta_common","filename":"lta_common.py","lineno":143}
{"timestamp":"2026-04-15T14:01:01.492426Z","level":"warning","event":"[SANITIZE] link_id=45579 field=maximum_speed suspicious sentinel value=999 -> NULL","logger":"lta_common","filename":"lta_common.py","lineno":143}
{"timestamp":"2026-04-15T14:01:01.492492Z","level":"warning","event":"[SANITIZE] link_id=45582 field=maximum_speed suspicious sentinel value=999 -> NULL","logger":"lta_common","filename":"lta_common.py","lineno":143}
{"timestamp":"2026-04-15T14:01:01.492718Z","level":"warning","event":"[SANITIZE] link_id=45605 field=maximum_speed suspicious sentinel value=999 -> NULL","logger":"lta_common","filename":"lta_common.py","lineno":143}
{"timestamp":"2026-04-15T14:01:01.492760Z","level":"warning","event":"[SANITIZE] link_id=45606 field=maximum_speed suspicious sentinel value=999 -> NULL","logger":"lta_common","filename":"lta_common.py","lineno":143}
{"timestamp":"2026-04-15T14:01:01.492802Z","level":"warning","event":"[SANITIZE] link_id=45608 field=maximum_speed suspicious sentinel value=999 -> NULL","logger":"lta_common","filename":"lta_common.py","lineno":143}
{"timestamp":"2026-04-15T14:01:01.492890Z","level":"warning","event":"[SANITIZE] link_id=45625 field=maximum_speed suspicious sentinel value=999 -> NULL","logger":"lta_common","filename":"lta_common.py","lineno":143}
{"timestamp":"2026-04-15T14:01:01.492989Z","level":"warning","event":"[SANITIZE] link_id=45652 field=maximum_speed suspicious sentinel value=999 -> NULL","logger":"lta_common","filename":"lta_common.py","lineno":143}
{"timestamp":"2026-04-15T14:01:01.493340Z","level":"warning","event":"[SANITIZE] link_id=45660 field=maximum_speed suspicious sentinel value=999 -> NULL","logger":"lta_common","filename":"lta_common.py","lineno":143}
{"timestamp":"2026-04-15T14:01:01.493407Z","level":"warning","event":"[SANITIZE] link_id=45661 field=maximum_speed suspicious sentinel value=999 -> NULL","logger":"lta_common","filename":"lta_common.py","lineno":143}
{"timestamp":"2026-04-15T14:01:01.493452Z","level":"warning","event":"[SANITIZE] link_id=45662 field=maximum_speed suspicious sentinel value=999 -> NULL","logger":"lta_common","filename":"lta_common.py","lineno":143}
{"timestamp":"2026-04-15T14:01:01.493634Z","level":"warning","event":"[SANITIZE] link_id=45663 field=maximum_speed suspicious sentinel value=999 -> NULL","logger":"lta_common","filename":"lta_common.py","lineno":143}
{"timestamp":"2026-04-15T14:01:01.493697Z","level":"warning","event":"[SANITIZE] link_id=45664 field=maximum_speed suspicious sentinel value=999 -> NULL","logger":"lta_common","filename":"lta_common.py","lineno":143}
{"timestamp":"2026-04-15T14:01:01.494353Z","level":"warning","event":"[SANITIZE] link_id=45687 field=maximum_speed suspicious sentinel value=999 -> NULL","logger":"lta_common","filename":"lta_common.py","lineno":143}
{"timestamp":"2026-04-15T14:01:01.494646Z","level":"warning","event":"[SANITIZE] link_id=45689 field=maximum_speed suspicious sentinel value=999 -> NULL","logger":"lta_common","filename":"lta_common.py","lineno":143}
{"timestamp":"2026-04-15T14:01:01.494701Z","level":"warning","event":"[SANITIZE] link_id=45694 field=maximum_speed suspicious sentinel value=999 -> NULL","logger":"lta_common","filename":"lta_common.py","lineno":143}
{"timestamp":"2026-04-15T14:01:01.494734Z","level":"warning","event":"[SANITIZE] link_id=45695 field=maximum_speed suspicious sentinel value=999 -> NULL","logger":"lta_common","filename":"lta_common.py","lineno":143}
{"timestamp":"2026-04-15T14:01:01.494783Z","level":"warning","event":"[SANITIZE] link_id=45696 field=maximum_speed suspicious sentinel value=999 -> NULL","logger":"lta_common","filename":"lta_common.py","lineno":143}
{"timestamp":"2026-04-15T14:01:01.494835Z","level":"warning","event":"[SANITIZE] link_id=45697 field=maximum_speed suspicious sentinel value=999 -> NULL","logger":"lta_common","filename":"lta_common.py","lineno":143}
{"timestamp":"2026-04-15T14:01:01.494866Z","level":"warning","event":"[SANITIZE] link_id=45698 field=maximum_speed suspicious sentinel value=999 -> NULL","logger":"lta_common","filename":"lta_common.py","lineno":143}
{"timestamp":"2026-04-15T14:01:01.494901Z","level":"warning","event":"[SANITIZE] link_id=45704 field=maximum_speed suspicious sentinel value=999 -> NULL","logger":"lta_common","filename":"lta_common.py","lineno":143}
{"timestamp":"2026-04-15T14:01:01.494964Z","level":"warning","event":"[SANITIZE] link_id=45713 field=maximum_speed suspicious sentinel value=999 -> NULL","logger":"lta_common","filename":"lta_common.py","lineno":143}
{"timestamp":"2026-04-15T14:01:01.494990Z","level":"warning","event":"[SANITIZE] link_id=45714 field=maximum_speed suspicious sentinel value=999 -> NULL","logger":"lta_common","filename":"lta_common.py","lineno":143}
{"timestamp":"2026-04-15T14:01:01.495012Z","level":"warning","event":"[SANITIZE] link_id=45715 field=maximum_speed suspicious sentinel value=999 -> NULL","logger":"lta_common","filename":"lta_common.py","lineno":143}
{"timestamp":"2026-04-15T14:01:01.495053Z","level":"warning","event":"[SANITIZE] link_id=45716 field=maximum_speed suspicious sentinel value=999 -> NULL","logger":"lta_common","filename":"lta_common.py","lineno":143}
{"timestamp":"2026-04-15T14:01:01.495089Z","level":"warning","event":"[SANITIZE] link_id=45717 field=maximum_speed suspicious sentinel value=999 -> NULL","logger":"lta_common","filename":"lta_common.py","lineno":143}
{"timestamp":"2026-04-15T14:01:01.495816Z","level":"info","event":"[CLEAN DONE] rows=500 | null_speed_band=0 | null_minimum_speed=0 | null_maximum_speed=185","logger":"lta_common","filename":"lta_common.py","lineno":238}
{"timestamp":"2026-04-15T14:01:01.496784Z","level":"info","event":"STEP 5: built cleaned snapshot dataframe rows=500","logger":"2_refresh_traffic_speed","filename":"2_refresh_traffic_speed.py","lineno":44}
{"timestamp":"2026-04-15T14:01:01.497225Z","level":"info","event":"[LATEST PREP] rows=500 | missing_measurement_rows=0","logger":"lta_common","filename":"lta_common.py","lineno":271}
{"timestamp":"2026-04-15T14:01:01.497494Z","level":"info","event":"[UPSERT START] upserting 500 rows into traffic_speed_latest","logger":"lta_common","filename":"lta_common.py","lineno":348}
{"timestamp":"2026-04-15T14:01:01.497935Z","level":"info","event":"[UPSERT DEBUG] max_link_id=45721 | min_link_id=45176 | max_speed_band=8 | min_speed_band=1 | max_minimum_speed=70 | min_minimum_speed=0 | max_maximum_speed=69.0 | min_maximum_speed=9.0","logger":"lta_common","filename":"lta_common.py","lineno":350}
{"timestamp":"2026-04-15T14:01:01.816166Z","level":"info","event":"[UPSERT DONE] upserted=500 rows into traffic_speed_latest","logger":"lta_common","filename":"lta_common.py","lineno":388}
{"timestamp":"2026-04-15T14:01:01.816651Z","level":"info","event":"[SAVE START] inserting 500 rows into traffic_speed_recent","logger":"lta_common","filename":"lta_common.py","lineno":319}
{"timestamp":"2026-04-15T14:01:02.125776Z","level":"info","event":"[SAVE DONE] inserted=500 rows into traffic_speed_recent","logger":"lta_common","filename":"lta_common.py","lineno":337}
{"timestamp":"2026-04-15T14:01:02.125885Z","level":"info","event":"STEP 6: page saved skip=30000 | pages=61 | latest_rows=30500 | recent_rows=30500","logger":"2_refresh_traffic_speed","filename":"2_refresh_traffic_speed.py","lineno":56}
{"timestamp":"2026-04-15T14:01:02.125917Z","level":"info","event":"========== PAGE START ==========","logger":"lta_common","filename":"lta_common.py","lineno":53}
{"timestamp":"2026-04-15T14:01:02.125940Z","level":"info","event":"[FETCH] requesting rows 30500–30999","logger":"lta_common","filename":"lta_common.py","lineno":54}
{"timestamp":"2026-04-15T14:01:02.125969Z","level":"info","event":"Fetching page from LTA: skip=30500","logger":"lta_common","filename":"lta_common.py","lineno":36}
{"timestamp":"2026-04-15T14:01:02.363890Z","level":"info","event":"Retrieved 500 rows from LTA at skip=30500","logger":"lta_common","filename":"lta_common.py","lineno":44}
{"timestamp":"2026-04-15T14:01:02.364977Z","level":"info","event":"[FETCH DONE] retrieved=500 rows at skip=30500","logger":"lta_common","filename":"lta_common.py","lineno":59}
{"timestamp":"2026-04-15T14:01:02.365197Z","level":"info","event":"STEP 4: processing page skip=30500 rows=500","logger":"2_refresh_traffic_speed","filename":"2_refresh_traffic_speed.py","lineno":41}
{"timestamp":"2026-04-15T14:01:02.371271Z","level":"warning","event":"[SANITIZE] link_id=45730 field=maximum_speed suspicious sentinel value=999 -> NULL","logger":"lta_common","filename":"lta_common.py","lineno":143}
{"timestamp":"2026-04-15T14:01:02.371321Z","level":"warning","event":"[SANITIZE] link_id=45731 field=maximum_speed suspicious sentinel value=999 -> NULL","logger":"lta_common","filename":"lta_common.py","lineno":143}
{"timestamp":"2026-04-15T14:01:02.371348Z","level":"warning","event":"[SANITIZE] link_id=45732 field=maximum_speed suspicious sentinel value=999 -> NULL","logger":"lta_common","filename":"lta_common.py","lineno":143}
{"timestamp":"2026-04-15T14:01:02.371380Z","level":"warning","event":"[SANITIZE] link_id=45736 field=maximum_speed suspicious sentinel value=999 -> NULL","logger":"lta_common","filename":"lta_common.py","lineno":143}
{"timestamp":"2026-04-15T14:01:02.371406Z","level":"warning","event":"[SANITIZE] link_id=45738 field=maximum_speed suspicious sentinel value=999 -> NULL","logger":"lta_common","filename":"lta_common.py","lineno":143}
{"timestamp":"2026-04-15T14:01:02.371428Z","level":"warning","event":"[SANITIZE] link_id=45739 field=maximum_speed suspicious sentinel value=999 -> NULL","logger":"lta_common","filename":"lta_common.py","lineno":143}
{"timestamp":"2026-04-15T14:01:02.371451Z","level":"warning","event":"[SANITIZE] link_id=45740 field=maximum_speed suspicious sentinel value=999 -> NULL","logger":"lta_common","filename":"lta_common.py","lineno":143}
{"timestamp":"2026-04-15T14:01:02.371511Z","level":"warning","event":"[SANITIZE] link_id=45754 field=maximum_speed suspicious sentinel value=999 -> NULL","logger":"lta_common","filename":"lta_common.py","lineno":143}
{"timestamp":"2026-04-15T14:01:02.371618Z","level":"warning","event":"[SANITIZE] link_id=45785 field=maximum_speed suspicious sentinel value=999 -> NULL","logger":"lta_common","filename":"lta_common.py","lineno":143}
{"timestamp":"2026-04-15T14:01:02.371648Z","level":"warning","event":"[SANITIZE] link_id=45786 field=maximum_speed suspicious sentinel value=999 -> NULL","logger":"lta_common","filename":"lta_common.py","lineno":143}
{"timestamp":"2026-04-15T14:01:02.371672Z","level":"warning","event":"[SANITIZE] link_id=45787 field=maximum_speed suspicious sentinel value=999 -> NULL","logger":"lta_common","filename":"lta_common.py","lineno":143}
{"timestamp":"2026-04-15T14:01:02.371695Z","level":"warning","event":"[SANITIZE] link_id=45788 field=maximum_speed suspicious sentinel value=999 -> NULL","logger":"lta_common","filename":"lta_common.py","lineno":143}
{"timestamp":"2026-04-15T14:01:02.371719Z","level":"warning","event":"[SANITIZE] link_id=45789 field=maximum_speed suspicious sentinel value=999 -> NULL","logger":"lta_common","filename":"lta_common.py","lineno":143}
{"timestamp":"2026-04-15T14:01:02.371741Z","level":"warning","event":"[SANITIZE] link_id=45790 field=maximum_speed suspicious sentinel value=999 -> NULL","logger":"lta_common","filename":"lta_common.py","lineno":143}
{"timestamp":"2026-04-15T14:01:02.371768Z","level":"warning","event":"[SANITIZE] link_id=45795 field=maximum_speed suspicious sentinel value=999 -> NULL","logger":"lta_common","filename":"lta_common.py","lineno":143}
{"timestamp":"2026-04-15T14:01:02.371792Z","level":"warning","event":"[SANITIZE] link_id=45798 field=maximum_speed suspicious sentinel value=999 -> NULL","logger":"lta_common","filename":"lta_common.py","lineno":143}
{"timestamp":"2026-04-15T14:01:02.371813Z","level":"warning","event":"[SANITIZE] link_id=45799 field=maximum_speed suspicious sentinel value=999 -> NULL","logger":"lta_common","filename":"lta_common.py","lineno":143}
{"timestamp":"2026-04-15T14:01:02.371836Z","level":"warning","event":"[SANITIZE] link_id=45800 field=maximum_speed suspicious sentinel value=999 -> NULL","logger":"lta_common","filename":"lta_common.py","lineno":143}
{"timestamp":"2026-04-15T14:01:02.371867Z","level":"warning","event":"[SANITIZE] link_id=45801 field=maximum_speed suspicious sentinel value=999 -> NULL","logger":"lta_common","filename":"lta_common.py","lineno":143}
{"timestamp":"2026-04-15T14:01:02.371892Z","level":"warning","event":"[SANITIZE] link_id=45803 field=maximum_speed suspicious sentinel value=999 -> NULL","logger":"lta_common","filename":"lta_common.py","lineno":143}
{"timestamp":"2026-04-15T14:01:02.371915Z","level":"warning","event":"[SANITIZE] link_id=45804 field=maximum_speed suspicious sentinel value=999 -> NULL","logger":"lta_common","filename":"lta_common.py","lineno":143}
{"timestamp":"2026-04-15T14:01:02.371939Z","level":"warning","event":"[SANITIZE] link_id=45805 field=maximum_speed suspicious sentinel value=999 -> NULL","logger":"lta_common","filename":"lta_common.py","lineno":143}
{"timestamp":"2026-04-15T14:01:02.371962Z","level":"warning","event":"[SANITIZE] link_id=45807 field=maximum_speed suspicious sentinel value=999 -> NULL","logger":"lta_common","filename":"lta_common.py","lineno":143}
{"timestamp":"2026-04-15T14:01:02.371982Z","level":"warning","event":"[SANITIZE] link_id=45808 field=maximum_speed suspicious sentinel value=999 -> NULL","logger":"lta_common","filename":"lta_common.py","lineno":143}
{"timestamp":"2026-04-15T14:01:02.372002Z","level":"warning","event":"[SANITIZE] link_id=45809 field=maximum_speed suspicious sentinel value=999 -> NULL","logger":"lta_common","filename":"lta_common.py","lineno":143}
{"timestamp":"2026-04-15T14:01:02.372022Z","level":"warning","event":"[SANITIZE] link_id=45810 field=maximum_speed suspicious sentinel value=999 -> NULL","logger":"lta_common","filename":"lta_common.py","lineno":143}
{"timestamp":"2026-04-15T14:01:02.372043Z","level":"warning","event":"[SANITIZE] link_id=45811 field=maximum_speed suspicious sentinel value=999 -> NULL","logger":"lta_common","filename":"lta_common.py","lineno":143}
{"timestamp":"2026-04-15T14:01:02.372062Z","level":"warning","event":"[SANITIZE] link_id=45812 field=maximum_speed suspicious sentinel value=999 -> NULL","logger":"lta_common","filename":"lta_common.py","lineno":143}
{"timestamp":"2026-04-15T14:01:02.372090Z","level":"warning","event":"[SANITIZE] link_id=45816 field=maximum_speed suspicious sentinel value=999 -> NULL","logger":"lta_common","filename":"lta_common.py","lineno":143}
{"timestamp":"2026-04-15T14:01:02.372110Z","level":"warning","event":"[SANITIZE] link_id=45817 field=maximum_speed suspicious sentinel value=999 -> NULL","logger":"lta_common","filename":"lta_common.py","lineno":143}
{"timestamp":"2026-04-15T14:01:02.372131Z","level":"warning","event":"[SANITIZE] link_id=45818 field=maximum_speed suspicious sentinel value=999 -> NULL","logger":"lta_common","filename":"lta_common.py","lineno":143}
{"timestamp":"2026-04-15T14:01:02.372151Z","level":"warning","event":"[SANITIZE] link_id=45819 field=maximum_speed suspicious sentinel value=999 -> NULL","logger":"lta_common","filename":"lta_common.py","lineno":143}
{"timestamp":"2026-04-15T14:01:02.372170Z","level":"warning","event":"[SANITIZE] link_id=45820 field=maximum_speed suspicious sentinel value=999 -> NULL","logger":"lta_common","filename":"lta_common.py","lineno":143}
{"timestamp":"2026-04-15T14:01:02.372190Z","level":"warning","event":"[SANITIZE] link_id=45821 field=maximum_speed suspicious sentinel value=999 -> NULL","logger":"lta_common","filename":"lta_common.py","lineno":143}
{"timestamp":"2026-04-15T14:01:02.372211Z","level":"warning","event":"[SANITIZE] link_id=45822 field=maximum_speed suspicious sentinel value=999 -> NULL","logger":"lta_common","filename":"lta_common.py","lineno":143}
{"timestamp":"2026-04-15T14:01:02.372231Z","level":"warning","event":"[SANITIZE] link_id=45823 field=maximum_speed suspicious sentinel value=999 -> NULL","logger":"lta_common","filename":"lta_common.py","lineno":143}
{"timestamp":"2026-04-15T14:01:02.372252Z","level":"warning","event":"[SANITIZE] link_id=45824 field=maximum_speed suspicious sentinel value=999 -> NULL","logger":"lta_common","filename":"lta_common.py","lineno":143}
{"timestamp":"2026-04-15T14:01:02.372272Z","level":"warning","event":"[SANITIZE] link_id=45825 field=maximum_speed suspicious sentinel value=999 -> NULL","logger":"lta_common","filename":"lta_common.py","lineno":143}
{"timestamp":"2026-04-15T14:01:02.372292Z","level":"warning","event":"[SANITIZE] link_id=45826 field=maximum_speed suspicious sentinel value=999 -> NULL","logger":"lta_common","filename":"lta_common.py","lineno":143}
{"timestamp":"2026-04-15T14:01:02.372311Z","level":"warning","event":"[SANITIZE] link_id=45827 field=maximum_speed suspicious sentinel value=999 -> NULL","logger":"lta_common","filename":"lta_common.py","lineno":143}
{"timestamp":"2026-04-15T14:01:02.372354Z","level":"warning","event":"[SANITIZE] link_id=45828 field=maximum_speed suspicious sentinel value=999 -> NULL","logger":"lta_common","filename":"lta_common.py","lineno":143}
{"timestamp":"2026-04-15T14:01:02.372378Z","level":"warning","event":"[SANITIZE] link_id=45829 field=maximum_speed suspicious sentinel value=999 -> NULL","logger":"lta_common","filename":"lta_common.py","lineno":143}
{"timestamp":"2026-04-15T14:01:02.372399Z","level":"warning","event":"[SANITIZE] link_id=45830 field=maximum_speed suspicious sentinel value=999 -> NULL","logger":"lta_common","filename":"lta_common.py","lineno":143}
{"timestamp":"2026-04-15T14:01:02.372419Z","level":"warning","event":"[SANITIZE] link_id=45831 field=maximum_speed suspicious sentinel value=999 -> NULL","logger":"lta_common","filename":"lta_common.py","lineno":143}
{"timestamp":"2026-04-15T14:01:02.372439Z","level":"warning","event":"[SANITIZE] link_id=45832 field=maximum_speed suspicious sentinel value=999 -> NULL","logger":"lta_common","filename":"lta_common.py","lineno":143}
{"timestamp":"2026-04-15T14:01:02.372470Z","level":"warning","event":"[SANITIZE] link_id=45833 field=maximum_speed suspicious sentinel value=999 -> NULL","logger":"lta_common","filename":"lta_common.py","lineno":143}
{"timestamp":"2026-04-15T14:01:02.372504Z","level":"warning","event":"[SANITIZE] link_id=45834 field=maximum_speed suspicious sentinel value=999 -> NULL","logger":"lta_common","filename":"lta_common.py","lineno":143}
{"timestamp":"2026-04-15T14:01:02.372533Z","level":"warning","event":"[SANITIZE] link_id=45835 field=maximum_speed suspicious sentinel value=999 -> NULL","logger":"lta_common","filename":"lta_common.py","lineno":143}
{"timestamp":"2026-04-15T14:01:02.372566Z","level":"warning","event":"[SANITIZE] link_id=45836 field=maximum_speed suspicious sentinel value=999 -> NULL","logger":"lta_common","filename":"lta_common.py","lineno":143}
{"timestamp":"2026-04-15T14:01:02.372607Z","level":"warning","event":"[SANITIZE] link_id=45837 field=maximum_speed suspicious sentinel value=999 -> NULL","logger":"lta_common","filename":"lta_common.py","lineno":143}
{"timestamp":"2026-04-15T14:01:02.372631Z","level":"warning","event":"[SANITIZE] link_id=45838 field=maximum_speed suspicious sentinel value=999 -> NULL","logger":"lta_common","filename":"lta_common.py","lineno":143}
{"timestamp":"2026-04-15T14:01:02.372651Z","level":"warning","event":"[SANITIZE] link_id=45839 field=maximum_speed suspicious sentinel value=999 -> NULL","logger":"lta_common","filename":"lta_common.py","lineno":143}
{"timestamp":"2026-04-15T14:01:02.372672Z","level":"warning","event":"[SANITIZE] link_id=45840 field=maximum_speed suspicious sentinel value=999 -> NULL","logger":"lta_common","filename":"lta_common.py","lineno":143}
{"timestamp":"2026-04-15T14:01:02.372695Z","level":"warning","event":"[SANITIZE] link_id=45842 field=maximum_speed suspicious sentinel value=999 -> NULL","logger":"lta_common","filename":"lta_common.py","lineno":143}
{"timestamp":"2026-04-15T14:01:02.372715Z","level":"warning","event":"[SANITIZE] link_id=45843 field=maximum_speed suspicious sentinel value=999 -> NULL","logger":"lta_common","filename":"lta_common.py","lineno":143}
{"timestamp":"2026-04-15T14:01:02.372735Z","level":"warning","event":"[SANITIZE] link_id=45844 field=maximum_speed suspicious sentinel value=999 -> NULL","logger":"lta_common","filename":"lta_common.py","lineno":143}
{"timestamp":"2026-04-15T14:01:02.372757Z","level":"warning","event":"[SANITIZE] link_id=45846 field=maximum_speed suspicious sentinel value=999 -> NULL","logger":"lta_common","filename":"lta_common.py","lineno":143}
{"timestamp":"2026-04-15T14:01:02.372777Z","level":"warning","event":"[SANITIZE] link_id=45847 field=maximum_speed suspicious sentinel value=999 -> NULL","logger":"lta_common","filename":"lta_common.py","lineno":143}
{"timestamp":"2026-04-15T14:01:02.372797Z","level":"warning","event":"[SANITIZE] link_id=45848 field=maximum_speed suspicious sentinel value=999 -> NULL","logger":"lta_common","filename":"lta_common.py","lineno":143}
{"timestamp":"2026-04-15T14:01:02.372817Z","level":"warning","event":"[SANITIZE] link_id=45849 field=maximum_speed suspicious sentinel value=999 -> NULL","logger":"lta_common","filename":"lta_common.py","lineno":143}
{"timestamp":"2026-04-15T14:01:02.372848Z","level":"warning","event":"[SANITIZE] link_id=45856 field=maximum_speed suspicious sentinel value=999 -> NULL","logger":"lta_common","filename":"lta_common.py","lineno":143}
{"timestamp":"2026-04-15T14:01:02.372869Z","level":"warning","event":"[SANITIZE] link_id=45857 field=maximum_speed suspicious sentinel value=999 -> NULL","logger":"lta_common","filename":"lta_common.py","lineno":143}
{"timestamp":"2026-04-15T14:01:02.372888Z","level":"warning","event":"[SANITIZE] link_id=45858 field=maximum_speed suspicious sentinel value=999 -> NULL","logger":"lta_common","filename":"lta_common.py","lineno":143}
{"timestamp":"2026-04-15T14:01:02.372909Z","level":"warning","event":"[SANITIZE] link_id=45859 field=maximum_speed suspicious sentinel value=999 -> NULL","logger":"lta_common","filename":"lta_common.py","lineno":143}
{"timestamp":"2026-04-15T14:01:02.372929Z","level":"warning","event":"[SANITIZE] link_id=45861 field=maximum_speed suspicious sentinel value=999 -> NULL","logger":"lta_common","filename":"lta_common.py","lineno":143}
{"timestamp":"2026-04-15T14:01:02.372949Z","level":"warning","event":"[SANITIZE] link_id=45862 field=maximum_speed suspicious sentinel value=999 -> NULL","logger":"lta_common","filename":"lta_common.py","lineno":143}
{"timestamp":"2026-04-15T14:01:02.372969Z","level":"warning","event":"[SANITIZE] link_id=45863 field=maximum_speed suspicious sentinel value=999 -> NULL","logger":"lta_common","filename":"lta_common.py","lineno":143}
{"timestamp":"2026-04-15T14:01:02.372997Z","level":"warning","event":"[SANITIZE] link_id=45867 field=maximum_speed suspicious sentinel value=999 -> NULL","logger":"lta_common","filename":"lta_common.py","lineno":143}
{"timestamp":"2026-04-15T14:01:02.373025Z","level":"warning","event":"[SANITIZE] link_id=45871 field=maximum_speed suspicious sentinel value=999 -> NULL","logger":"lta_common","filename":"lta_common.py","lineno":143}
{"timestamp":"2026-04-15T14:01:02.373045Z","level":"warning","event":"[SANITIZE] link_id=45872 field=maximum_speed suspicious sentinel value=999 -> NULL","logger":"lta_common","filename":"lta_common.py","lineno":143}
{"timestamp":"2026-04-15T14:01:02.373065Z","level":"warning","event":"[SANITIZE] link_id=45873 field=maximum_speed suspicious sentinel value=999 -> NULL","logger":"lta_common","filename":"lta_common.py","lineno":143}
{"timestamp":"2026-04-15T14:01:02.373085Z","level":"warning","event":"[SANITIZE] link_id=45874 field=maximum_speed suspicious sentinel value=999 -> NULL","logger":"lta_common","filename":"lta_common.py","lineno":143}
{"timestamp":"2026-04-15T14:01:02.373114Z","level":"warning","event":"[SANITIZE] link_id=45878 field=maximum_speed suspicious sentinel value=999 -> NULL","logger":"lta_common","filename":"lta_common.py","lineno":143}
{"timestamp":"2026-04-15T14:01:02.373137Z","level":"warning","event":"[SANITIZE] link_id=45880 field=maximum_speed suspicious sentinel value=999 -> NULL","logger":"lta_common","filename":"lta_common.py","lineno":143}
{"timestamp":"2026-04-15T14:01:02.373177Z","level":"warning","event":"[SANITIZE] link_id=45890 field=maximum_speed suspicious sentinel value=999 -> NULL","logger":"lta_common","filename":"lta_common.py","lineno":143}
{"timestamp":"2026-04-15T14:01:02.373239Z","level":"warning","event":"[SANITIZE] link_id=45906 field=maximum_speed suspicious sentinel value=999 -> NULL","logger":"lta_common","filename":"lta_common.py","lineno":143}
{"timestamp":"2026-04-15T14:01:02.373264Z","level":"warning","event":"[SANITIZE] link_id=45907 field=maximum_speed suspicious sentinel value=999 -> NULL","logger":"lta_common","filename":"lta_common.py","lineno":143}
{"timestamp":"2026-04-15T14:01:02.373292Z","level":"warning","event":"[SANITIZE] link_id=45912 field=maximum_speed suspicious sentinel value=999 -> NULL","logger":"lta_common","filename":"lta_common.py","lineno":143}
{"timestamp":"2026-04-15T14:01:02.373336Z","level":"warning","event":"[SANITIZE] link_id=45928 field=maximum_speed suspicious sentinel value=999 -> NULL","logger":"lta_common","filename":"lta_common.py","lineno":143}
{"timestamp":"2026-04-15T14:01:02.373364Z","level":"warning","event":"[SANITIZE] link_id=45932 field=maximum_speed suspicious sentinel value=999 -> NULL","logger":"lta_common","filename":"lta_common.py","lineno":143}
{"timestamp":"2026-04-15T14:01:02.373384Z","level":"warning","event":"[SANITIZE] link_id=45933 field=maximum_speed suspicious sentinel value=999 -> NULL","logger":"lta_common","filename":"lta_common.py","lineno":143}
{"timestamp":"2026-04-15T14:01:02.373417Z","level":"warning","event":"[SANITIZE] link_id=45943 field=maximum_speed suspicious sentinel value=999 -> NULL","logger":"lta_common","filename":"lta_common.py","lineno":143}
{"timestamp":"2026-04-15T14:01:02.373453Z","level":"warning","event":"[SANITIZE] link_id=45950 field=maximum_speed suspicious sentinel value=999 -> NULL","logger":"lta_common","filename":"lta_common.py","lineno":143}
{"timestamp":"2026-04-15T14:01:02.373476Z","level":"warning","event":"[SANITIZE] link_id=45952 field=maximum_speed suspicious sentinel value=999 -> NULL","logger":"lta_common","filename":"lta_common.py","lineno":143}
{"timestamp":"2026-04-15T14:01:02.373498Z","level":"warning","event":"[SANITIZE] link_id=45954 field=maximum_speed suspicious sentinel value=999 -> NULL","logger":"lta_common","filename":"lta_common.py","lineno":143}
{"timestamp":"2026-04-15T14:01:02.373518Z","level":"warning","event":"[SANITIZE] link_id=45955 field=maximum_speed suspicious sentinel value=999 -> NULL","logger":"lta_common","filename":"lta_common.py","lineno":143}
{"timestamp":"2026-04-15T14:01:02.373538Z","level":"warning","event":"[SANITIZE] link_id=45956 field=maximum_speed suspicious sentinel value=999 -> NULL","logger":"lta_common","filename":"lta_common.py","lineno":143}
{"timestamp":"2026-04-15T14:01:02.373559Z","level":"warning","event":"[SANITIZE] link_id=45957 field=maximum_speed suspicious sentinel value=999 -> NULL","logger":"lta_common","filename":"lta_common.py","lineno":143}
{"timestamp":"2026-04-15T14:01:02.373595Z","level":"warning","event":"[SANITIZE] link_id=45963 field=maximum_speed suspicious sentinel value=999 -> NULL","logger":"lta_common","filename":"lta_common.py","lineno":143}
{"timestamp":"2026-04-15T14:01:02.373641Z","level":"warning","event":"[SANITIZE] link_id=45974 field=maximum_speed suspicious sentinel value=999 -> NULL","logger":"lta_common","filename":"lta_common.py","lineno":143}
{"timestamp":"2026-04-15T14:01:02.373661Z","level":"warning","event":"[SANITIZE] link_id=45975 field=maximum_speed suspicious sentinel value=999 -> NULL","logger":"lta_common","filename":"lta_common.py","lineno":143}
{"timestamp":"2026-04-15T14:01:02.373681Z","level":"warning","event":"[SANITIZE] link_id=45976 field=maximum_speed suspicious sentinel value=999 -> NULL","logger":"lta_common","filename":"lta_common.py","lineno":143}
{"timestamp":"2026-04-15T14:01:02.373701Z","level":"warning","event":"[SANITIZE] link_id=45977 field=maximum_speed suspicious sentinel value=999 -> NULL","logger":"lta_common","filename":"lta_common.py","lineno":143}
{"timestamp":"2026-04-15T14:01:02.373723Z","level":"warning","event":"[SANITIZE] link_id=45979 field=maximum_speed suspicious sentinel value=999 -> NULL","logger":"lta_common","filename":"lta_common.py","lineno":143}
{"timestamp":"2026-04-15T14:01:02.373755Z","level":"warning","event":"[SANITIZE] link_id=45981 field=maximum_speed suspicious sentinel value=999 -> NULL","logger":"lta_common","filename":"lta_common.py","lineno":143}
{"timestamp":"2026-04-15T14:01:02.373790Z","level":"warning","event":"[SANITIZE] link_id=45986 field=maximum_speed suspicious sentinel value=999 -> NULL","logger":"lta_common","filename":"lta_common.py","lineno":143}
{"timestamp":"2026-04-15T14:01:02.373810Z","level":"warning","event":"[SANITIZE] link_id=45987 field=maximum_speed suspicious sentinel value=999 -> NULL","logger":"lta_common","filename":"lta_common.py","lineno":143}
{"timestamp":"2026-04-15T14:01:02.373830Z","level":"warning","event":"[SANITIZE] link_id=45988 field=maximum_speed suspicious sentinel value=999 -> NULL","logger":"lta_common","filename":"lta_common.py","lineno":143}
{"timestamp":"2026-04-15T14:01:02.373862Z","level":"warning","event":"[SANITIZE] link_id=45990 field=maximum_speed suspicious sentinel value=999 -> NULL","logger":"lta_common","filename":"lta_common.py","lineno":143}
{"timestamp":"2026-04-15T14:01:02.373886Z","level":"warning","event":"[SANITIZE] link_id=45991 field=maximum_speed suspicious sentinel value=999 -> NULL","logger":"lta_common","filename":"lta_common.py","lineno":143}
{"timestamp":"2026-04-15T14:01:02.373911Z","level":"warning","event":"[SANITIZE] link_id=45995 field=maximum_speed suspicious sentinel value=999 -> NULL","logger":"lta_common","filename":"lta_common.py","lineno":143}
{"timestamp":"2026-04-15T14:01:02.373934Z","level":"warning","event":"[SANITIZE] link_id=45997 field=maximum_speed suspicious sentinel value=999 -> NULL","logger":"lta_common","filename":"lta_common.py","lineno":143}
{"timestamp":"2026-04-15T14:01:02.373956Z","level":"warning","event":"[SANITIZE] link_id=45999 field=maximum_speed suspicious sentinel value=999 -> NULL","logger":"lta_common","filename":"lta_common.py","lineno":143}
{"timestamp":"2026-04-15T14:01:02.373981Z","level":"warning","event":"[SANITIZE] link_id=46002 field=maximum_speed suspicious sentinel value=999 -> NULL","logger":"lta_common","filename":"lta_common.py","lineno":143}
{"timestamp":"2026-04-15T14:01:02.374007Z","level":"warning","event":"[SANITIZE] link_id=46006 field=maximum_speed suspicious sentinel value=999 -> NULL","logger":"lta_common","filename":"lta_common.py","lineno":143}
{"timestamp":"2026-04-15T14:01:02.374027Z","level":"warning","event":"[SANITIZE] link_id=46007 field=maximum_speed suspicious sentinel value=999 -> NULL","logger":"lta_common","filename":"lta_common.py","lineno":143}
{"timestamp":"2026-04-15T14:01:02.374046Z","level":"warning","event":"[SANITIZE] link_id=46008 field=maximum_speed suspicious sentinel value=999 -> NULL","logger":"lta_common","filename":"lta_common.py","lineno":143}
{"timestamp":"2026-04-15T14:01:02.374066Z","level":"warning","event":"[SANITIZE] link_id=46009 field=maximum_speed suspicious sentinel value=999 -> NULL","logger":"lta_common","filename":"lta_common.py","lineno":143}
{"timestamp":"2026-04-15T14:01:02.374092Z","level":"warning","event":"[SANITIZE] link_id=46012 field=maximum_speed suspicious sentinel value=999 -> NULL","logger":"lta_common","filename":"lta_common.py","lineno":143}
{"timestamp":"2026-04-15T14:01:02.374126Z","level":"warning","event":"[SANITIZE] link_id=46014 field=maximum_speed suspicious sentinel value=999 -> NULL","logger":"lta_common","filename":"lta_common.py","lineno":143}
{"timestamp":"2026-04-15T14:01:02.374148Z","level":"warning","event":"[SANITIZE] link_id=46015 field=maximum_speed suspicious sentinel value=999 -> NULL","logger":"lta_common","filename":"lta_common.py","lineno":143}
{"timestamp":"2026-04-15T14:01:02.374178Z","level":"warning","event":"[SANITIZE] link_id=46016 field=maximum_speed suspicious sentinel value=999 -> NULL","logger":"lta_common","filename":"lta_common.py","lineno":143}
{"timestamp":"2026-04-15T14:01:02.374339Z","level":"warning","event":"[SANITIZE] link_id=46083 field=maximum_speed suspicious sentinel value=999 -> NULL","logger":"lta_common","filename":"lta_common.py","lineno":143}
{"timestamp":"2026-04-15T14:01:02.374368Z","level":"warning","event":"[SANITIZE] link_id=46084 field=maximum_speed suspicious sentinel value=999 -> NULL","logger":"lta_common","filename":"lta_common.py","lineno":143}
{"timestamp":"2026-04-15T14:01:02.374391Z","level":"warning","event":"[SANITIZE] link_id=46085 field=maximum_speed suspicious sentinel value=999 -> NULL","logger":"lta_common","filename":"lta_common.py","lineno":143}
{"timestamp":"2026-04-15T14:01:02.374417Z","level":"warning","event":"[SANITIZE] link_id=46088 field=maximum_speed suspicious sentinel value=999 -> NULL","logger":"lta_common","filename":"lta_common.py","lineno":143}
{"timestamp":"2026-04-15T14:01:02.374437Z","level":"warning","event":"[SANITIZE] link_id=46089 field=maximum_speed suspicious sentinel value=999 -> NULL","logger":"lta_common","filename":"lta_common.py","lineno":143}
{"timestamp":"2026-04-15T14:01:02.374459Z","level":"warning","event":"[SANITIZE] link_id=46090 field=maximum_speed suspicious sentinel value=999 -> NULL","logger":"lta_common","filename":"lta_common.py","lineno":143}
{"timestamp":"2026-04-15T14:01:02.374490Z","level":"warning","event":"[SANITIZE] link_id=46091 field=maximum_speed suspicious sentinel value=999 -> NULL","logger":"lta_common","filename":"lta_common.py","lineno":143}
{"timestamp":"2026-04-15T14:01:02.374510Z","level":"warning","event":"[SANITIZE] link_id=46092 field=maximum_speed suspicious sentinel value=999 -> NULL","logger":"lta_common","filename":"lta_common.py","lineno":143}
{"timestamp":"2026-04-15T14:01:02.374530Z","level":"warning","event":"[SANITIZE] link_id=46093 field=maximum_speed suspicious sentinel value=999 -> NULL","logger":"lta_common","filename":"lta_common.py","lineno":143}
{"timestamp":"2026-04-15T14:01:02.374555Z","level":"warning","event":"[SANITIZE] link_id=46096 field=maximum_speed suspicious sentinel value=999 -> NULL","logger":"lta_common","filename":"lta_common.py","lineno":143}
{"timestamp":"2026-04-15T14:01:02.374585Z","level":"warning","event":"[SANITIZE] link_id=46098 field=maximum_speed suspicious sentinel value=999 -> NULL","logger":"lta_common","filename":"lta_common.py","lineno":143}
{"timestamp":"2026-04-15T14:01:02.374605Z","level":"warning","event":"[SANITIZE] link_id=46099 field=maximum_speed suspicious sentinel value=999 -> NULL","logger":"lta_common","filename":"lta_common.py","lineno":143}
{"timestamp":"2026-04-15T14:01:02.374633Z","level":"warning","event":"[SANITIZE] link_id=46102 field=maximum_speed suspicious sentinel value=999 -> NULL","logger":"lta_common","filename":"lta_common.py","lineno":143}
{"timestamp":"2026-04-15T14:01:02.374656Z","level":"warning","event":"[SANITIZE] link_id=46104 field=maximum_speed suspicious sentinel value=999 -> NULL","logger":"lta_common","filename":"lta_common.py","lineno":143}
{"timestamp":"2026-04-15T14:01:02.374708Z","level":"warning","event":"[SANITIZE] link_id=46115 field=maximum_speed suspicious sentinel value=999 -> NULL","logger":"lta_common","filename":"lta_common.py","lineno":143}
{"timestamp":"2026-04-15T14:01:02.374738Z","level":"warning","event":"[SANITIZE] link_id=46118 field=maximum_speed suspicious sentinel value=999 -> NULL","logger":"lta_common","filename":"lta_common.py","lineno":143}
{"timestamp":"2026-04-15T14:01:02.374901Z","level":"warning","event":"[SANITIZE] link_id=46168 field=maximum_speed suspicious sentinel value=999 -> NULL","logger":"lta_common","filename":"lta_common.py","lineno":143}
{"timestamp":"2026-04-15T14:01:02.374922Z","level":"warning","event":"[SANITIZE] link_id=46169 field=maximum_speed suspicious sentinel value=999 -> NULL","logger":"lta_common","filename":"lta_common.py","lineno":143}
{"timestamp":"2026-04-15T14:01:02.374943Z","level":"warning","event":"[SANITIZE] link_id=46170 field=maximum_speed suspicious sentinel value=999 -> NULL","logger":"lta_common","filename":"lta_common.py","lineno":143}
{"timestamp":"2026-04-15T14:01:02.374970Z","level":"warning","event":"[SANITIZE] link_id=46172 field=maximum_speed suspicious sentinel value=999 -> NULL","logger":"lta_common","filename":"lta_common.py","lineno":143}
{"timestamp":"2026-04-15T14:01:02.375004Z","level":"warning","event":"[SANITIZE] link_id=46173 field=maximum_speed suspicious sentinel value=999 -> NULL","logger":"lta_common","filename":"lta_common.py","lineno":143}
{"timestamp":"2026-04-15T14:01:02.375029Z","level":"warning","event":"[SANITIZE] link_id=46174 field=maximum_speed suspicious sentinel value=999 -> NULL","logger":"lta_common","filename":"lta_common.py","lineno":143}
{"timestamp":"2026-04-15T14:01:02.375053Z","level":"warning","event":"[SANITIZE] link_id=46175 field=maximum_speed suspicious sentinel value=999 -> NULL","logger":"lta_common","filename":"lta_common.py","lineno":143}
{"timestamp":"2026-04-15T14:01:02.375074Z","level":"warning","event":"[SANITIZE] link_id=46176 field=maximum_speed suspicious sentinel value=999 -> NULL","logger":"lta_common","filename":"lta_common.py","lineno":143}
{"timestamp":"2026-04-15T14:01:02.375109Z","level":"warning","event":"[SANITIZE] link_id=46181 field=maximum_speed suspicious sentinel value=999 -> NULL","logger":"lta_common","filename":"lta_common.py","lineno":143}
{"timestamp":"2026-04-15T14:01:02.375132Z","level":"warning","event":"[SANITIZE] link_id=46182 field=maximum_speed suspicious sentinel value=999 -> NULL","logger":"lta_common","filename":"lta_common.py","lineno":143}
{"timestamp":"2026-04-15T14:01:02.375154Z","level":"warning","event":"[SANITIZE] link_id=46183 field=maximum_speed suspicious sentinel value=999 -> NULL","logger":"lta_common","filename":"lta_common.py","lineno":143}
{"timestamp":"2026-04-15T14:01:02.375177Z","level":"warning","event":"[SANITIZE] link_id=46184 field=maximum_speed suspicious sentinel value=999 -> NULL","logger":"lta_common","filename":"lta_common.py","lineno":143}
{"timestamp":"2026-04-15T14:01:02.375199Z","level":"warning","event":"[SANITIZE] link_id=46185 field=maximum_speed suspicious sentinel value=999 -> NULL","logger":"lta_common","filename":"lta_common.py","lineno":143}
{"timestamp":"2026-04-15T14:01:02.375222Z","level":"warning","event":"[SANITIZE] link_id=46186 field=maximum_speed suspicious sentinel value=999 -> NULL","logger":"lta_common","filename":"lta_common.py","lineno":143}
{"timestamp":"2026-04-15T14:01:02.375243Z","level":"warning","event":"[SANITIZE] link_id=46187 field=maximum_speed suspicious sentinel value=999 -> NULL","logger":"lta_common","filename":"lta_common.py","lineno":143}
{"timestamp":"2026-04-15T14:01:02.375272Z","level":"warning","event":"[SANITIZE] link_id=46190 field=maximum_speed suspicious sentinel value=999 -> NULL","logger":"lta_common","filename":"lta_common.py","lineno":143}
{"timestamp":"2026-04-15T14:01:02.375294Z","level":"warning","event":"[SANITIZE] link_id=46191 field=maximum_speed suspicious sentinel value=999 -> NULL","logger":"lta_common","filename":"lta_common.py","lineno":143}
{"timestamp":"2026-04-15T14:01:02.375322Z","level":"warning","event":"[SANITIZE] link_id=46194 field=maximum_speed suspicious sentinel value=999 -> NULL","logger":"lta_common","filename":"lta_common.py","lineno":143}
{"timestamp":"2026-04-15T14:01:02.375355Z","level":"warning","event":"[SANITIZE] link_id=46196 field=maximum_speed suspicious sentinel value=999 -> NULL","logger":"lta_common","filename":"lta_common.py","lineno":143}
{"timestamp":"2026-04-15T14:01:02.375385Z","level":"warning","event":"[SANITIZE] link_id=46197 field=maximum_speed suspicious sentinel value=999 -> NULL","logger":"lta_common","filename":"lta_common.py","lineno":143}
{"timestamp":"2026-04-15T14:01:02.375405Z","level":"warning","event":"[SANITIZE] link_id=46198 field=maximum_speed suspicious sentinel value=999 -> NULL","logger":"lta_common","filename":"lta_common.py","lineno":143}
{"timestamp":"2026-04-15T14:01:02.375427Z","level":"warning","event":"[SANITIZE] link_id=46199 field=maximum_speed suspicious sentinel value=999 -> NULL","logger":"lta_common","filename":"lta_common.py","lineno":143}
{"timestamp":"2026-04-15T14:01:02.375455Z","level":"warning","event":"[SANITIZE] link_id=46202 field=maximum_speed suspicious sentinel value=999 -> NULL","logger":"lta_common","filename":"lta_common.py","lineno":143}
{"timestamp":"2026-04-15T14:01:02.375492Z","level":"warning","event":"[SANITIZE] link_id=46208 field=maximum_speed suspicious sentinel value=999 -> NULL","logger":"lta_common","filename":"lta_common.py","lineno":143}
{"timestamp":"2026-04-15T14:01:02.375521Z","level":"warning","event":"[SANITIZE] link_id=46211 field=maximum_speed suspicious sentinel value=999 -> NULL","logger":"lta_common","filename":"lta_common.py","lineno":143}
{"timestamp":"2026-04-15T14:01:02.375543Z","level":"warning","event":"[SANITIZE] link_id=46212 field=maximum_speed suspicious sentinel value=999 -> NULL","logger":"lta_common","filename":"lta_common.py","lineno":143}
{"timestamp":"2026-04-15T14:01:02.375581Z","level":"warning","event":"[SANITIZE] link_id=46217 field=maximum_speed suspicious sentinel value=999 -> NULL","logger":"lta_common","filename":"lta_common.py","lineno":143}
{"timestamp":"2026-04-15T14:01:02.375605Z","level":"warning","event":"[SANITIZE] link_id=46218 field=maximum_speed suspicious sentinel value=999 -> NULL","logger":"lta_common","filename":"lta_common.py","lineno":143}
{"timestamp":"2026-04-15T14:01:02.375636Z","level":"warning","event":"[SANITIZE] link_id=46219 field=maximum_speed suspicious sentinel value=999 -> NULL","logger":"lta_common","filename":"lta_common.py","lineno":143}
{"timestamp":"2026-04-15T14:01:02.375660Z","level":"warning","event":"[SANITIZE] link_id=46220 field=maximum_speed suspicious sentinel value=999 -> NULL","logger":"lta_common","filename":"lta_common.py","lineno":143}
{"timestamp":"2026-04-15T14:01:02.375682Z","level":"warning","event":"[SANITIZE] link_id=46223 field=maximum_speed suspicious sentinel value=999 -> NULL","logger":"lta_common","filename":"lta_common.py","lineno":143}
{"timestamp":"2026-04-15T14:01:02.375704Z","level":"warning","event":"[SANITIZE] link_id=46224 field=maximum_speed suspicious sentinel value=999 -> NULL","logger":"lta_common","filename":"lta_common.py","lineno":143}
{"timestamp":"2026-04-15T14:01:02.375742Z","level":"warning","event":"[SANITIZE] link_id=46230 field=maximum_speed suspicious sentinel value=999 -> NULL","logger":"lta_common","filename":"lta_common.py","lineno":143}
{"timestamp":"2026-04-15T14:01:02.375765Z","level":"warning","event":"[SANITIZE] link_id=46232 field=maximum_speed suspicious sentinel value=999 -> NULL","logger":"lta_common","filename":"lta_common.py","lineno":143}
{"timestamp":"2026-04-15T14:01:02.375842Z","level":"warning","event":"[SANITIZE] link_id=46254 field=maximum_speed suspicious sentinel value=999 -> NULL","logger":"lta_common","filename":"lta_common.py","lineno":143}
{"timestamp":"2026-04-15T14:01:02.375864Z","level":"warning","event":"[SANITIZE] link_id=46255 field=maximum_speed suspicious sentinel value=999 -> NULL","logger":"lta_common","filename":"lta_common.py","lineno":143}
{"timestamp":"2026-04-15T14:01:02.375901Z","level":"warning","event":"[SANITIZE] link_id=46263 field=maximum_speed suspicious sentinel value=999 -> NULL","logger":"lta_common","filename":"lta_common.py","lineno":143}
{"timestamp":"2026-04-15T14:01:02.375925Z","level":"warning","event":"[SANITIZE] link_id=46264 field=maximum_speed suspicious sentinel value=999 -> NULL","logger":"lta_common","filename":"lta_common.py","lineno":143}
{"timestamp":"2026-04-15T14:01:02.375946Z","level":"warning","event":"[SANITIZE] link_id=46265 field=maximum_speed suspicious sentinel value=999 -> NULL","logger":"lta_common","filename":"lta_common.py","lineno":143}
{"timestamp":"2026-04-15T14:01:02.375969Z","level":"warning","event":"[SANITIZE] link_id=46266 field=maximum_speed suspicious sentinel value=999 -> NULL","logger":"lta_common","filename":"lta_common.py","lineno":143}
{"timestamp":"2026-04-15T14:01:02.376386Z","level":"info","event":"[CLEAN DONE] rows=500 | null_speed_band=0 | null_minimum_speed=0 | null_maximum_speed=168","logger":"lta_common","filename":"lta_common.py","lineno":238}
{"timestamp":"2026-04-15T14:01:02.377253Z","level":"info","event":"STEP 5: built cleaned snapshot dataframe rows=500","logger":"2_refresh_traffic_speed","filename":"2_refresh_traffic_speed.py","lineno":44}
{"timestamp":"2026-04-15T14:01:02.377570Z","level":"info","event":"[LATEST PREP] rows=500 | missing_measurement_rows=0","logger":"lta_common","filename":"lta_common.py","lineno":271}
{"timestamp":"2026-04-15T14:01:02.377830Z","level":"info","event":"[UPSERT START] upserting 500 rows into traffic_speed_latest","logger":"lta_common","filename":"lta_common.py","lineno":348}
{"timestamp":"2026-04-15T14:01:02.378136Z","level":"info","event":"[UPSERT DEBUG] max_link_id=46279 | min_link_id=45722 | max_speed_band=8 | min_speed_band=1 | max_minimum_speed=70 | min_minimum_speed=0 | max_maximum_speed=69.0 | min_maximum_speed=9.0","logger":"lta_common","filename":"lta_common.py","lineno":350}
{"timestamp":"2026-04-15T14:01:02.703649Z","level":"info","event":"[UPSERT DONE] upserted=500 rows into traffic_speed_latest","logger":"lta_common","filename":"lta_common.py","lineno":388}
{"timestamp":"2026-04-15T14:01:02.704072Z","level":"info","event":"[SAVE START] inserting 500 rows into traffic_speed_recent","logger":"lta_common","filename":"lta_common.py","lineno":319}
{"timestamp":"2026-04-15T14:01:03.024867Z","level":"info","event":"[SAVE DONE] inserted=500 rows into traffic_speed_recent","logger":"lta_common","filename":"lta_common.py","lineno":337}
{"timestamp":"2026-04-15T14:01:03.024986Z","level":"info","event":"STEP 6: page saved skip=30500 | pages=62 | latest_rows=31000 | recent_rows=31000","logger":"2_refresh_traffic_speed","filename":"2_refresh_traffic_speed.py","lineno":56}
{"timestamp":"2026-04-15T14:01:03.025019Z","level":"info","event":"========== PAGE START ==========","logger":"lta_common","filename":"lta_common.py","lineno":53}
{"timestamp":"2026-04-15T14:01:03.025040Z","level":"info","event":"[FETCH] requesting rows 31000–31499","logger":"lta_common","filename":"lta_common.py","lineno":54}
{"timestamp":"2026-04-15T14:01:03.025069Z","level":"info","event":"Fetching page from LTA: skip=31000","logger":"lta_common","filename":"lta_common.py","lineno":36}
{"timestamp":"2026-04-15T14:01:03.265642Z","level":"info","event":"Retrieved 500 rows from LTA at skip=31000","logger":"lta_common","filename":"lta_common.py","lineno":44}
{"timestamp":"2026-04-15T14:01:03.267450Z","level":"info","event":"[FETCH DONE] retrieved=500 rows at skip=31000","logger":"lta_common","filename":"lta_common.py","lineno":59}
{"timestamp":"2026-04-15T14:01:03.267845Z","level":"info","event":"STEP 4: processing page skip=31000 rows=500","logger":"2_refresh_traffic_speed","filename":"2_refresh_traffic_speed.py","lineno":41}
{"timestamp":"2026-04-15T14:01:03.276928Z","level":"warning","event":"[SANITIZE] link_id=46298 field=maximum_speed suspicious sentinel value=999 -> NULL","logger":"lta_common","filename":"lta_common.py","lineno":143}
{"timestamp":"2026-04-15T14:01:03.277002Z","level":"warning","event":"[SANITIZE] link_id=46299 field=maximum_speed suspicious sentinel value=999 -> NULL","logger":"lta_common","filename":"lta_common.py","lineno":143}
{"timestamp":"2026-04-15T14:01:03.277046Z","level":"warning","event":"[SANITIZE] link_id=46300 field=maximum_speed suspicious sentinel value=999 -> NULL","logger":"lta_common","filename":"lta_common.py","lineno":143}
{"timestamp":"2026-04-15T14:01:03.277096Z","level":"warning","event":"[SANITIZE] link_id=46303 field=maximum_speed suspicious sentinel value=999 -> NULL","logger":"lta_common","filename":"lta_common.py","lineno":143}
{"timestamp":"2026-04-15T14:01:03.277139Z","level":"warning","event":"[SANITIZE] link_id=46306 field=maximum_speed suspicious sentinel value=999 -> NULL","logger":"lta_common","filename":"lta_common.py","lineno":143}
{"timestamp":"2026-04-15T14:01:03.277174Z","level":"warning","event":"[SANITIZE] link_id=46308 field=maximum_speed suspicious sentinel value=999 -> NULL","logger":"lta_common","filename":"lta_common.py","lineno":143}
{"timestamp":"2026-04-15T14:01:03.277205Z","level":"warning","event":"[SANITIZE] link_id=46309 field=maximum_speed suspicious sentinel value=999 -> NULL","logger":"lta_common","filename":"lta_common.py","lineno":143}
{"timestamp":"2026-04-15T14:01:03.277239Z","level":"warning","event":"[SANITIZE] link_id=46311 field=maximum_speed suspicious sentinel value=999 -> NULL","logger":"lta_common","filename":"lta_common.py","lineno":143}
{"timestamp":"2026-04-15T14:01:03.277269Z","level":"warning","event":"[SANITIZE] link_id=46312 field=maximum_speed suspicious sentinel value=999 -> NULL","logger":"lta_common","filename":"lta_common.py","lineno":143}
{"timestamp":"2026-04-15T14:01:03.277317Z","level":"warning","event":"[SANITIZE] link_id=46318 field=maximum_speed suspicious sentinel value=999 -> NULL","logger":"lta_common","filename":"lta_common.py","lineno":143}
{"timestamp":"2026-04-15T14:01:03.277347Z","level":"warning","event":"[SANITIZE] link_id=46319 field=maximum_speed suspicious sentinel value=999 -> NULL","logger":"lta_common","filename":"lta_common.py","lineno":143}
{"timestamp":"2026-04-15T14:01:03.277391Z","level":"warning","event":"[SANITIZE] link_id=46324 field=maximum_speed suspicious sentinel value=999 -> NULL","logger":"lta_common","filename":"lta_common.py","lineno":143}
{"timestamp":"2026-04-15T14:01:03.277420Z","level":"warning","event":"[SANITIZE] link_id=46325 field=maximum_speed suspicious sentinel value=999 -> NULL","logger":"lta_common","filename":"lta_common.py","lineno":143}
{"timestamp":"2026-04-15T14:01:03.277449Z","level":"warning","event":"[SANITIZE] link_id=46326 field=maximum_speed suspicious sentinel value=999 -> NULL","logger":"lta_common","filename":"lta_common.py","lineno":143}
{"timestamp":"2026-04-15T14:01:03.277479Z","level":"warning","event":"[SANITIZE] link_id=46327 field=maximum_speed suspicious sentinel value=999 -> NULL","logger":"lta_common","filename":"lta_common.py","lineno":143}
{"timestamp":"2026-04-15T14:01:03.277508Z","level":"warning","event":"[SANITIZE] link_id=46328 field=maximum_speed suspicious sentinel value=999 -> NULL","logger":"lta_common","filename":"lta_common.py","lineno":143}
{"timestamp":"2026-04-15T14:01:03.277538Z","level":"warning","event":"[SANITIZE] link_id=46331 field=maximum_speed suspicious sentinel value=999 -> NULL","logger":"lta_common","filename":"lta_common.py","lineno":143}
{"timestamp":"2026-04-15T14:01:03.277570Z","level":"warning","event":"[SANITIZE] link_id=46333 field=maximum_speed suspicious sentinel value=999 -> NULL","logger":"lta_common","filename":"lta_common.py","lineno":143}
{"timestamp":"2026-04-15T14:01:03.277639Z","level":"warning","event":"[SANITIZE] link_id=46334 field=maximum_speed suspicious sentinel value=999 -> NULL","logger":"lta_common","filename":"lta_common.py","lineno":143}
{"timestamp":"2026-04-15T14:01:03.277693Z","level":"warning","event":"[SANITIZE] link_id=46340 field=maximum_speed suspicious sentinel value=999 -> NULL","logger":"lta_common","filename":"lta_common.py","lineno":143}
{"timestamp":"2026-04-15T14:01:03.277722Z","level":"warning","event":"[SANITIZE] link_id=46341 field=maximum_speed suspicious sentinel value=999 -> NULL","logger":"lta_common","filename":"lta_common.py","lineno":143}
{"timestamp":"2026-04-15T14:01:03.277752Z","level":"warning","event":"[SANITIZE] link_id=46342 field=maximum_speed suspicious sentinel value=999 -> NULL","logger":"lta_common","filename":"lta_common.py","lineno":143}
{"timestamp":"2026-04-15T14:01:03.277784Z","level":"warning","event":"[SANITIZE] link_id=46347 field=maximum_speed suspicious sentinel value=999 -> NULL","logger":"lta_common","filename":"lta_common.py","lineno":143}
{"timestamp":"2026-04-15T14:01:03.277817Z","level":"warning","event":"[SANITIZE] link_id=46349 field=maximum_speed suspicious sentinel value=999 -> NULL","logger":"lta_common","filename":"lta_common.py","lineno":143}
{"timestamp":"2026-04-15T14:01:03.277867Z","level":"warning","event":"[SANITIZE] link_id=46356 field=maximum_speed suspicious sentinel value=999 -> NULL","logger":"lta_common","filename":"lta_common.py","lineno":143}
{"timestamp":"2026-04-15T14:01:03.277900Z","level":"warning","event":"[SANITIZE] link_id=46358 field=maximum_speed suspicious sentinel value=999 -> NULL","logger":"lta_common","filename":"lta_common.py","lineno":143}
{"timestamp":"2026-04-15T14:01:03.277936Z","level":"warning","event":"[SANITIZE] link_id=46361 field=maximum_speed suspicious sentinel value=999 -> NULL","logger":"lta_common","filename":"lta_common.py","lineno":143}
{"timestamp":"2026-04-15T14:01:03.278024Z","level":"warning","event":"[SANITIZE] link_id=46378 field=maximum_speed suspicious sentinel value=999 -> NULL","logger":"lta_common","filename":"lta_common.py","lineno":143}
{"timestamp":"2026-04-15T14:01:03.278053Z","level":"warning","event":"[SANITIZE] link_id=46379 field=maximum_speed suspicious sentinel value=999 -> NULL","logger":"lta_common","filename":"lta_common.py","lineno":143}
{"timestamp":"2026-04-15T14:01:03.278081Z","level":"warning","event":"[SANITIZE] link_id=46380 field=maximum_speed suspicious sentinel value=999 -> NULL","logger":"lta_common","filename":"lta_common.py","lineno":143}
{"timestamp":"2026-04-15T14:01:03.278110Z","level":"warning","event":"[SANITIZE] link_id=46381 field=maximum_speed suspicious sentinel value=999 -> NULL","logger":"lta_common","filename":"lta_common.py","lineno":143}
{"timestamp":"2026-04-15T14:01:03.278139Z","level":"warning","event":"[SANITIZE] link_id=46382 field=maximum_speed suspicious sentinel value=999 -> NULL","logger":"lta_common","filename":"lta_common.py","lineno":143}
{"timestamp":"2026-04-15T14:01:03.278183Z","level":"warning","event":"[SANITIZE] link_id=46390 field=maximum_speed suspicious sentinel value=999 -> NULL","logger":"lta_common","filename":"lta_common.py","lineno":143}
{"timestamp":"2026-04-15T14:01:03.278213Z","level":"warning","event":"[SANITIZE] link_id=46391 field=maximum_speed suspicious sentinel value=999 -> NULL","logger":"lta_common","filename":"lta_common.py","lineno":143}
{"timestamp":"2026-04-15T14:01:03.278260Z","level":"warning","event":"[SANITIZE] link_id=46398 field=maximum_speed suspicious sentinel value=999 -> NULL","logger":"lta_common","filename":"lta_common.py","lineno":143}
{"timestamp":"2026-04-15T14:01:03.278288Z","level":"warning","event":"[SANITIZE] link_id=46399 field=maximum_speed suspicious sentinel value=999 -> NULL","logger":"lta_common","filename":"lta_common.py","lineno":143}
{"timestamp":"2026-04-15T14:01:03.278324Z","level":"warning","event":"[SANITIZE] link_id=46402 field=maximum_speed suspicious sentinel value=999 -> NULL","logger":"lta_common","filename":"lta_common.py","lineno":143}
{"timestamp":"2026-04-15T14:01:03.278356Z","level":"warning","event":"[SANITIZE] link_id=46404 field=maximum_speed suspicious sentinel value=999 -> NULL","logger":"lta_common","filename":"lta_common.py","lineno":143}
{"timestamp":"2026-04-15T14:01:03.278385Z","level":"warning","event":"[SANITIZE] link_id=46405 field=maximum_speed suspicious sentinel value=999 -> NULL","logger":"lta_common","filename":"lta_common.py","lineno":143}
{"timestamp":"2026-04-15T14:01:03.278413Z","level":"warning","event":"[SANITIZE] link_id=46406 field=maximum_speed suspicious sentinel value=999 -> NULL","logger":"lta_common","filename":"lta_common.py","lineno":143}
{"timestamp":"2026-04-15T14:01:03.278453Z","level":"warning","event":"[SANITIZE] link_id=46410 field=maximum_speed suspicious sentinel value=999 -> NULL","logger":"lta_common","filename":"lta_common.py","lineno":143}
{"timestamp":"2026-04-15T14:01:03.278488Z","level":"warning","event":"[SANITIZE] link_id=46416 field=maximum_speed suspicious sentinel value=999 -> NULL","logger":"lta_common","filename":"lta_common.py","lineno":143}
{"timestamp":"2026-04-15T14:01:03.278517Z","level":"warning","event":"[SANITIZE] link_id=46418 field=maximum_speed suspicious sentinel value=999 -> NULL","logger":"lta_common","filename":"lta_common.py","lineno":143}
{"timestamp":"2026-04-15T14:01:03.278546Z","level":"warning","event":"[SANITIZE] link_id=46419 field=maximum_speed suspicious sentinel value=999 -> NULL","logger":"lta_common","filename":"lta_common.py","lineno":143}
{"timestamp":"2026-04-15T14:01:03.278587Z","level":"warning","event":"[SANITIZE] link_id=46420 field=maximum_speed suspicious sentinel value=999 -> NULL","logger":"lta_common","filename":"lta_common.py","lineno":143}
{"timestamp":"2026-04-15T14:01:03.278617Z","level":"warning","event":"[SANITIZE] link_id=46421 field=maximum_speed suspicious sentinel value=999 -> NULL","logger":"lta_common","filename":"lta_common.py","lineno":143}
{"timestamp":"2026-04-15T14:01:03.278648Z","level":"warning","event":"[SANITIZE] link_id=46422 field=maximum_speed suspicious sentinel value=999 -> NULL","logger":"lta_common","filename":"lta_common.py","lineno":143}
{"timestamp":"2026-04-15T14:01:03.278677Z","level":"warning","event":"[SANITIZE] link_id=46423 field=maximum_speed suspicious sentinel value=999 -> NULL","logger":"lta_common","filename":"lta_common.py","lineno":143}
{"timestamp":"2026-04-15T14:01:03.278714Z","level":"warning","event":"[SANITIZE] link_id=46429 field=maximum_speed suspicious sentinel value=999 -> NULL","logger":"lta_common","filename":"lta_common.py","lineno":143}
{"timestamp":"2026-04-15T14:01:03.278742Z","level":"warning","event":"[SANITIZE] link_id=46430 field=maximum_speed suspicious sentinel value=999 -> NULL","logger":"lta_common","filename":"lta_common.py","lineno":143}
{"timestamp":"2026-04-15T14:01:03.278771Z","level":"warning","event":"[SANITIZE] link_id=46431 field=maximum_speed suspicious sentinel value=999 -> NULL","logger":"lta_common","filename":"lta_common.py","lineno":143}
{"timestamp":"2026-04-15T14:01:03.278828Z","level":"warning","event":"[SANITIZE] link_id=46442 field=maximum_speed suspicious sentinel value=999 -> NULL","logger":"lta_common","filename":"lta_common.py","lineno":143}
{"timestamp":"2026-04-15T14:01:03.278860Z","level":"warning","event":"[SANITIZE] link_id=46446 field=maximum_speed suspicious sentinel value=999 -> NULL","logger":"lta_common","filename":"lta_common.py","lineno":143}
{"timestamp":"2026-04-15T14:01:03.278889Z","level":"warning","event":"[SANITIZE] link_id=46447 field=maximum_speed suspicious sentinel value=999 -> NULL","logger":"lta_common","filename":"lta_common.py","lineno":143}
{"timestamp":"2026-04-15T14:01:03.278917Z","level":"warning","event":"[SANITIZE] link_id=46448 field=maximum_speed suspicious sentinel value=999 -> NULL","logger":"lta_common","filename":"lta_common.py","lineno":143}
{"timestamp":"2026-04-15T14:01:03.278949Z","level":"warning","event":"[SANITIZE] link_id=46450 field=maximum_speed suspicious sentinel value=999 -> NULL","logger":"lta_common","filename":"lta_common.py","lineno":143}
{"timestamp":"2026-04-15T14:01:03.278978Z","level":"warning","event":"[SANITIZE] link_id=46451 field=maximum_speed suspicious sentinel value=999 -> NULL","logger":"lta_common","filename":"lta_common.py","lineno":143}
{"timestamp":"2026-04-15T14:01:03.279007Z","level":"warning","event":"[SANITIZE] link_id=46452 field=maximum_speed suspicious sentinel value=999 -> NULL","logger":"lta_common","filename":"lta_common.py","lineno":143}
{"timestamp":"2026-04-15T14:01:03.279035Z","level":"warning","event":"[SANITIZE] link_id=46453 field=maximum_speed suspicious sentinel value=999 -> NULL","logger":"lta_common","filename":"lta_common.py","lineno":143}
{"timestamp":"2026-04-15T14:01:03.279067Z","level":"warning","event":"[SANITIZE] link_id=46455 field=maximum_speed suspicious sentinel value=999 -> NULL","logger":"lta_common","filename":"lta_common.py","lineno":143}
{"timestamp":"2026-04-15T14:01:03.279096Z","level":"warning","event":"[SANITIZE] link_id=46456 field=maximum_speed suspicious sentinel value=999 -> NULL","logger":"lta_common","filename":"lta_common.py","lineno":143}
{"timestamp":"2026-04-15T14:01:03.279125Z","level":"warning","event":"[SANITIZE] link_id=46457 field=maximum_speed suspicious sentinel value=999 -> NULL","logger":"lta_common","filename":"lta_common.py","lineno":143}
{"timestamp":"2026-04-15T14:01:03.279157Z","level":"warning","event":"[SANITIZE] link_id=46460 field=maximum_speed suspicious sentinel value=999 -> NULL","logger":"lta_common","filename":"lta_common.py","lineno":143}
{"timestamp":"2026-04-15T14:01:03.279185Z","level":"warning","event":"[SANITIZE] link_id=46461 field=maximum_speed suspicious sentinel value=999 -> NULL","logger":"lta_common","filename":"lta_common.py","lineno":143}
{"timestamp":"2026-04-15T14:01:03.279213Z","level":"warning","event":"[SANITIZE] link_id=46462 field=maximum_speed suspicious sentinel value=999 -> NULL","logger":"lta_common","filename":"lta_common.py","lineno":143}
{"timestamp":"2026-04-15T14:01:03.279249Z","level":"warning","event":"[SANITIZE] link_id=46465 field=maximum_speed suspicious sentinel value=999 -> NULL","logger":"lta_common","filename":"lta_common.py","lineno":143}
{"timestamp":"2026-04-15T14:01:03.279304Z","level":"warning","event":"[SANITIZE] link_id=46466 field=maximum_speed suspicious sentinel value=999 -> NULL","logger":"lta_common","filename":"lta_common.py","lineno":143}
{"timestamp":"2026-04-15T14:01:03.279339Z","level":"warning","event":"[SANITIZE] link_id=46467 field=maximum_speed suspicious sentinel value=999 -> NULL","logger":"lta_common","filename":"lta_common.py","lineno":143}
{"timestamp":"2026-04-15T14:01:03.279368Z","level":"warning","event":"[SANITIZE] link_id=46468 field=maximum_speed suspicious sentinel value=999 -> NULL","logger":"lta_common","filename":"lta_common.py","lineno":143}
{"timestamp":"2026-04-15T14:01:03.279397Z","level":"warning","event":"[SANITIZE] link_id=46475 field=maximum_speed suspicious sentinel value=999 -> NULL","logger":"lta_common","filename":"lta_common.py","lineno":143}
{"timestamp":"2026-04-15T14:01:03.279425Z","level":"warning","event":"[SANITIZE] link_id=46476 field=maximum_speed suspicious sentinel value=999 -> NULL","logger":"lta_common","filename":"lta_common.py","lineno":143}
{"timestamp":"2026-04-15T14:01:03.279453Z","level":"warning","event":"[SANITIZE] link_id=46477 field=maximum_speed suspicious sentinel value=999 -> NULL","logger":"lta_common","filename":"lta_common.py","lineno":143}
{"timestamp":"2026-04-15T14:01:03.279481Z","level":"warning","event":"[SANITIZE] link_id=46478 field=maximum_speed suspicious sentinel value=999 -> NULL","logger":"lta_common","filename":"lta_common.py","lineno":143}
{"timestamp":"2026-04-15T14:01:03.279509Z","level":"warning","event":"[SANITIZE] link_id=46479 field=maximum_speed suspicious sentinel value=999 -> NULL","logger":"lta_common","filename":"lta_common.py","lineno":143}
{"timestamp":"2026-04-15T14:01:03.279537Z","level":"warning","event":"[SANITIZE] link_id=46480 field=maximum_speed suspicious sentinel value=999 -> NULL","logger":"lta_common","filename":"lta_common.py","lineno":143}
{"timestamp":"2026-04-15T14:01:03.279570Z","level":"warning","event":"[SANITIZE] link_id=46482 field=maximum_speed suspicious sentinel value=999 -> NULL","logger":"lta_common","filename":"lta_common.py","lineno":143}
{"timestamp":"2026-04-15T14:01:03.279621Z","level":"warning","event":"[SANITIZE] link_id=46497 field=maximum_speed suspicious sentinel value=999 -> NULL","logger":"lta_common","filename":"lta_common.py","lineno":143}
{"timestamp":"2026-04-15T14:01:03.279650Z","level":"warning","event":"[SANITIZE] link_id=46498 field=maximum_speed suspicious sentinel value=999 -> NULL","logger":"lta_common","filename":"lta_common.py","lineno":143}
{"timestamp":"2026-04-15T14:01:03.279678Z","level":"warning","event":"[SANITIZE] link_id=46502 field=maximum_speed suspicious sentinel value=999 -> NULL","logger":"lta_common","filename":"lta_common.py","lineno":143}
{"timestamp":"2026-04-15T14:01:03.279710Z","level":"warning","event":"[SANITIZE] link_id=46506 field=maximum_speed suspicious sentinel value=999 -> NULL","logger":"lta_common","filename":"lta_common.py","lineno":143}
{"timestamp":"2026-04-15T14:01:03.279743Z","level":"warning","event":"[SANITIZE] link_id=46509 field=maximum_speed suspicious sentinel value=999 -> NULL","logger":"lta_common","filename":"lta_common.py","lineno":143}
{"timestamp":"2026-04-15T14:01:03.279779Z","level":"warning","event":"[SANITIZE] link_id=46513 field=maximum_speed suspicious sentinel value=999 -> NULL","logger":"lta_common","filename":"lta_common.py","lineno":143}
{"timestamp":"2026-04-15T14:01:03.279807Z","level":"warning","event":"[SANITIZE] link_id=46514 field=maximum_speed suspicious sentinel value=999 -> NULL","logger":"lta_common","filename":"lta_common.py","lineno":143}
{"timestamp":"2026-04-15T14:01:03.279846Z","level":"warning","event":"[SANITIZE] link_id=46518 field=maximum_speed suspicious sentinel value=999 -> NULL","logger":"lta_common","filename":"lta_common.py","lineno":143}
{"timestamp":"2026-04-15T14:01:03.279875Z","level":"warning","event":"[SANITIZE] link_id=46519 field=maximum_speed suspicious sentinel value=999 -> NULL","logger":"lta_common","filename":"lta_common.py","lineno":143}
{"timestamp":"2026-04-15T14:01:03.279903Z","level":"warning","event":"[SANITIZE] link_id=46523 field=maximum_speed suspicious sentinel value=999 -> NULL","logger":"lta_common","filename":"lta_common.py","lineno":143}
{"timestamp":"2026-04-15T14:01:03.279931Z","level":"warning","event":"[SANITIZE] link_id=46525 field=maximum_speed suspicious sentinel value=999 -> NULL","logger":"lta_common","filename":"lta_common.py","lineno":143}
{"timestamp":"2026-04-15T14:01:03.279959Z","level":"warning","event":"[SANITIZE] link_id=46526 field=maximum_speed suspicious sentinel value=999 -> NULL","logger":"lta_common","filename":"lta_common.py","lineno":143}
{"timestamp":"2026-04-15T14:01:03.279988Z","level":"warning","event":"[SANITIZE] link_id=46527 field=maximum_speed suspicious sentinel value=999 -> NULL","logger":"lta_common","filename":"lta_common.py","lineno":143}
{"timestamp":"2026-04-15T14:01:03.280016Z","level":"warning","event":"[SANITIZE] link_id=46528 field=maximum_speed suspicious sentinel value=999 -> NULL","logger":"lta_common","filename":"lta_common.py","lineno":143}
{"timestamp":"2026-04-15T14:01:03.280045Z","level":"warning","event":"[SANITIZE] link_id=46529 field=maximum_speed suspicious sentinel value=999 -> NULL","logger":"lta_common","filename":"lta_common.py","lineno":143}
{"timestamp":"2026-04-15T14:01:03.280073Z","level":"warning","event":"[SANITIZE] link_id=46530 field=maximum_speed suspicious sentinel value=999 -> NULL","logger":"lta_common","filename":"lta_common.py","lineno":143}
{"timestamp":"2026-04-15T14:01:03.280101Z","level":"warning","event":"[SANITIZE] link_id=46531 field=maximum_speed suspicious sentinel value=999 -> NULL","logger":"lta_common","filename":"lta_common.py","lineno":143}
{"timestamp":"2026-04-15T14:01:03.280129Z","level":"warning","event":"[SANITIZE] link_id=46532 field=maximum_speed suspicious sentinel value=999 -> NULL","logger":"lta_common","filename":"lta_common.py","lineno":143}
{"timestamp":"2026-04-15T14:01:03.280157Z","level":"warning","event":"[SANITIZE] link_id=46533 field=maximum_speed suspicious sentinel value=999 -> NULL","logger":"lta_common","filename":"lta_common.py","lineno":143}
{"timestamp":"2026-04-15T14:01:03.280211Z","level":"warning","event":"[SANITIZE] link_id=46534 field=maximum_speed suspicious sentinel value=999 -> NULL","logger":"lta_common","filename":"lta_common.py","lineno":143}
{"timestamp":"2026-04-15T14:01:03.280246Z","level":"warning","event":"[SANITIZE] link_id=46535 field=maximum_speed suspicious sentinel value=999 -> NULL","logger":"lta_common","filename":"lta_common.py","lineno":143}
{"timestamp":"2026-04-15T14:01:03.280290Z","level":"warning","event":"[SANITIZE] link_id=46537 field=maximum_speed suspicious sentinel value=999 -> NULL","logger":"lta_common","filename":"lta_common.py","lineno":143}
{"timestamp":"2026-04-15T14:01:03.280339Z","level":"warning","event":"[SANITIZE] link_id=46545 field=maximum_speed suspicious sentinel value=999 -> NULL","logger":"lta_common","filename":"lta_common.py","lineno":143}
{"timestamp":"2026-04-15T14:01:03.280368Z","level":"warning","event":"[SANITIZE] link_id=46546 field=maximum_speed suspicious sentinel value=999 -> NULL","logger":"lta_common","filename":"lta_common.py","lineno":143}
{"timestamp":"2026-04-15T14:01:03.280403Z","level":"warning","event":"[SANITIZE] link_id=46547 field=maximum_speed suspicious sentinel value=999 -> NULL","logger":"lta_common","filename":"lta_common.py","lineno":143}
{"timestamp":"2026-04-15T14:01:03.280443Z","level":"warning","event":"[SANITIZE] link_id=46548 field=maximum_speed suspicious sentinel value=999 -> NULL","logger":"lta_common","filename":"lta_common.py","lineno":143}
{"timestamp":"2026-04-15T14:01:03.280472Z","level":"warning","event":"[SANITIZE] link_id=46549 field=maximum_speed suspicious sentinel value=999 -> NULL","logger":"lta_common","filename":"lta_common.py","lineno":143}
{"timestamp":"2026-04-15T14:01:03.280504Z","level":"warning","event":"[SANITIZE] link_id=46551 field=maximum_speed suspicious sentinel value=999 -> NULL","logger":"lta_common","filename":"lta_common.py","lineno":143}
{"timestamp":"2026-04-15T14:01:03.280550Z","level":"warning","event":"[SANITIZE] link_id=46557 field=maximum_speed suspicious sentinel value=999 -> NULL","logger":"lta_common","filename":"lta_common.py","lineno":143}
{"timestamp":"2026-04-15T14:01:03.280609Z","level":"warning","event":"[SANITIZE] link_id=46560 field=maximum_speed suspicious sentinel value=999 -> NULL","logger":"lta_common","filename":"lta_common.py","lineno":143}
{"timestamp":"2026-04-15T14:01:03.280670Z","level":"warning","event":"[SANITIZE] link_id=46565 field=maximum_speed suspicious sentinel value=999 -> NULL","logger":"lta_common","filename":"lta_common.py","lineno":143}
{"timestamp":"2026-04-15T14:01:03.280709Z","level":"warning","event":"[SANITIZE] link_id=46566 field=maximum_speed suspicious sentinel value=999 -> NULL","logger":"lta_common","filename":"lta_common.py","lineno":143}
{"timestamp":"2026-04-15T14:01:03.280744Z","level":"warning","event":"[SANITIZE] link_id=46569 field=maximum_speed suspicious sentinel value=999 -> NULL","logger":"lta_common","filename":"lta_common.py","lineno":143}
{"timestamp":"2026-04-15T14:01:03.280777Z","level":"warning","event":"[SANITIZE] link_id=46571 field=maximum_speed suspicious sentinel value=999 -> NULL","logger":"lta_common","filename":"lta_common.py","lineno":143}
{"timestamp":"2026-04-15T14:01:03.280809Z","level":"warning","event":"[SANITIZE] link_id=46573 field=maximum_speed suspicious sentinel value=999 -> NULL","logger":"lta_common","filename":"lta_common.py","lineno":143}
{"timestamp":"2026-04-15T14:01:03.280853Z","level":"warning","event":"[SANITIZE] link_id=46574 field=maximum_speed suspicious sentinel value=999 -> NULL","logger":"lta_common","filename":"lta_common.py","lineno":143}
{"timestamp":"2026-04-15T14:01:03.281012Z","level":"warning","event":"[SANITIZE] link_id=46620 field=maximum_speed suspicious sentinel value=999 -> NULL","logger":"lta_common","filename":"lta_common.py","lineno":143}
{"timestamp":"2026-04-15T14:01:03.281112Z","level":"warning","event":"[SANITIZE] link_id=46647 field=maximum_speed suspicious sentinel value=999 -> NULL","logger":"lta_common","filename":"lta_common.py","lineno":143}
{"timestamp":"2026-04-15T14:01:03.281162Z","level":"warning","event":"[SANITIZE] link_id=46660 field=maximum_speed suspicious sentinel value=999 -> NULL","logger":"lta_common","filename":"lta_common.py","lineno":143}
{"timestamp":"2026-04-15T14:01:03.281191Z","level":"warning","event":"[SANITIZE] link_id=46661 field=maximum_speed suspicious sentinel value=999 -> NULL","logger":"lta_common","filename":"lta_common.py","lineno":143}
{"timestamp":"2026-04-15T14:01:03.281223Z","level":"warning","event":"[SANITIZE] link_id=46663 field=maximum_speed suspicious sentinel value=999 -> NULL","logger":"lta_common","filename":"lta_common.py","lineno":143}
{"timestamp":"2026-04-15T14:01:03.281252Z","level":"warning","event":"[SANITIZE] link_id=46664 field=maximum_speed suspicious sentinel value=999 -> NULL","logger":"lta_common","filename":"lta_common.py","lineno":143}
{"timestamp":"2026-04-15T14:01:03.281281Z","level":"warning","event":"[SANITIZE] link_id=46665 field=maximum_speed suspicious sentinel value=999 -> NULL","logger":"lta_common","filename":"lta_common.py","lineno":143}
{"timestamp":"2026-04-15T14:01:03.281309Z","level":"warning","event":"[SANITIZE] link_id=46666 field=maximum_speed suspicious sentinel value=999 -> NULL","logger":"lta_common","filename":"lta_common.py","lineno":143}
{"timestamp":"2026-04-15T14:01:03.281337Z","level":"warning","event":"[SANITIZE] link_id=46667 field=maximum_speed suspicious sentinel value=999 -> NULL","logger":"lta_common","filename":"lta_common.py","lineno":143}
{"timestamp":"2026-04-15T14:01:03.281364Z","level":"warning","event":"[SANITIZE] link_id=46668 field=maximum_speed suspicious sentinel value=999 -> NULL","logger":"lta_common","filename":"lta_common.py","lineno":143}
{"timestamp":"2026-04-15T14:01:03.281390Z","level":"warning","event":"[SANITIZE] link_id=46669 field=maximum_speed suspicious sentinel value=999 -> NULL","logger":"lta_common","filename":"lta_common.py","lineno":143}
{"timestamp":"2026-04-15T14:01:03.281417Z","level":"warning","event":"[SANITIZE] link_id=46671 field=maximum_speed suspicious sentinel value=999 -> NULL","logger":"lta_common","filename":"lta_common.py","lineno":143}
{"timestamp":"2026-04-15T14:01:03.281447Z","level":"warning","event":"[SANITIZE] link_id=46700 field=maximum_speed suspicious sentinel value=999 -> NULL","logger":"lta_common","filename":"lta_common.py","lineno":143}
{"timestamp":"2026-04-15T14:01:03.281474Z","level":"warning","event":"[SANITIZE] link_id=46701 field=maximum_speed suspicious sentinel value=999 -> NULL","logger":"lta_common","filename":"lta_common.py","lineno":143}
{"timestamp":"2026-04-15T14:01:03.281500Z","level":"warning","event":"[SANITIZE] link_id=46702 field=maximum_speed suspicious sentinel value=999 -> NULL","logger":"lta_common","filename":"lta_common.py","lineno":143}
{"timestamp":"2026-04-15T14:01:03.281528Z","level":"warning","event":"[SANITIZE] link_id=46703 field=maximum_speed suspicious sentinel value=999 -> NULL","logger":"lta_common","filename":"lta_common.py","lineno":143}
{"timestamp":"2026-04-15T14:01:03.281555Z","level":"warning","event":"[SANITIZE] link_id=46705 field=maximum_speed suspicious sentinel value=999 -> NULL","logger":"lta_common","filename":"lta_common.py","lineno":143}
{"timestamp":"2026-04-15T14:01:03.281595Z","level":"warning","event":"[SANITIZE] link_id=46706 field=maximum_speed suspicious sentinel value=999 -> NULL","logger":"lta_common","filename":"lta_common.py","lineno":143}
{"timestamp":"2026-04-15T14:01:03.281622Z","level":"warning","event":"[SANITIZE] link_id=46707 field=maximum_speed suspicious sentinel value=999 -> NULL","logger":"lta_common","filename":"lta_common.py","lineno":143}
{"timestamp":"2026-04-15T14:01:03.281652Z","level":"warning","event":"[SANITIZE] link_id=46709 field=maximum_speed suspicious sentinel value=999 -> NULL","logger":"lta_common","filename":"lta_common.py","lineno":143}
{"timestamp":"2026-04-15T14:01:03.281735Z","level":"warning","event":"[SANITIZE] link_id=46727 field=maximum_speed suspicious sentinel value=999 -> NULL","logger":"lta_common","filename":"lta_common.py","lineno":143}
{"timestamp":"2026-04-15T14:01:03.281762Z","level":"warning","event":"[SANITIZE] link_id=46728 field=maximum_speed suspicious sentinel value=999 -> NULL","logger":"lta_common","filename":"lta_common.py","lineno":143}
{"timestamp":"2026-04-15T14:01:03.281788Z","level":"warning","event":"[SANITIZE] link_id=46729 field=maximum_speed suspicious sentinel value=999 -> NULL","logger":"lta_common","filename":"lta_common.py","lineno":143}
{"timestamp":"2026-04-15T14:01:03.281815Z","level":"warning","event":"[SANITIZE] link_id=46730 field=maximum_speed suspicious sentinel value=999 -> NULL","logger":"lta_common","filename":"lta_common.py","lineno":143}
{"timestamp":"2026-04-15T14:01:03.281841Z","level":"warning","event":"[SANITIZE] link_id=46731 field=maximum_speed suspicious sentinel value=999 -> NULL","logger":"lta_common","filename":"lta_common.py","lineno":143}
{"timestamp":"2026-04-15T14:01:03.281870Z","level":"warning","event":"[SANITIZE] link_id=46732 field=maximum_speed suspicious sentinel value=999 -> NULL","logger":"lta_common","filename":"lta_common.py","lineno":143}
{"timestamp":"2026-04-15T14:01:03.281897Z","level":"warning","event":"[SANITIZE] link_id=46733 field=maximum_speed suspicious sentinel value=999 -> NULL","logger":"lta_common","filename":"lta_common.py","lineno":143}
{"timestamp":"2026-04-15T14:01:03.281923Z","level":"warning","event":"[SANITIZE] link_id=46734 field=maximum_speed suspicious sentinel value=999 -> NULL","logger":"lta_common","filename":"lta_common.py","lineno":143}
{"timestamp":"2026-04-15T14:01:03.281949Z","level":"warning","event":"[SANITIZE] link_id=46735 field=maximum_speed suspicious sentinel value=999 -> NULL","logger":"lta_common","filename":"lta_common.py","lineno":143}
{"timestamp":"2026-04-15T14:01:03.281975Z","level":"warning","event":"[SANITIZE] link_id=46736 field=maximum_speed suspicious sentinel value=999 -> NULL","logger":"lta_common","filename":"lta_common.py","lineno":143}
{"timestamp":"2026-04-15T14:01:03.282001Z","level":"warning","event":"[SANITIZE] link_id=46737 field=maximum_speed suspicious sentinel value=999 -> NULL","logger":"lta_common","filename":"lta_common.py","lineno":143}
{"timestamp":"2026-04-15T14:01:03.282062Z","level":"warning","event":"[SANITIZE] link_id=46748 field=maximum_speed suspicious sentinel value=999 -> NULL","logger":"lta_common","filename":"lta_common.py","lineno":143}
{"timestamp":"2026-04-15T14:01:03.282092Z","level":"warning","event":"[SANITIZE] link_id=46750 field=maximum_speed suspicious sentinel value=999 -> NULL","logger":"lta_common","filename":"lta_common.py","lineno":143}
{"timestamp":"2026-04-15T14:01:03.282125Z","level":"warning","event":"[SANITIZE] link_id=46753 field=maximum_speed suspicious sentinel value=999 -> NULL","logger":"lta_common","filename":"lta_common.py","lineno":143}
{"timestamp":"2026-04-15T14:01:03.282155Z","level":"warning","event":"[SANITIZE] link_id=46755 field=maximum_speed suspicious sentinel value=999 -> NULL","logger":"lta_common","filename":"lta_common.py","lineno":143}
{"timestamp":"2026-04-15T14:01:03.282182Z","level":"warning","event":"[SANITIZE] link_id=46756 field=maximum_speed suspicious sentinel value=999 -> NULL","logger":"lta_common","filename":"lta_common.py","lineno":143}
{"timestamp":"2026-04-15T14:01:03.282211Z","level":"warning","event":"[SANITIZE] link_id=46758 field=maximum_speed suspicious sentinel value=999 -> NULL","logger":"lta_common","filename":"lta_common.py","lineno":143}
{"timestamp":"2026-04-15T14:01:03.282247Z","level":"warning","event":"[SANITIZE] link_id=46762 field=maximum_speed suspicious sentinel value=999 -> NULL","logger":"lta_common","filename":"lta_common.py","lineno":143}
{"timestamp":"2026-04-15T14:01:03.282274Z","level":"warning","event":"[SANITIZE] link_id=46763 field=maximum_speed suspicious sentinel value=999 -> NULL","logger":"lta_common","filename":"lta_common.py","lineno":143}
{"timestamp":"2026-04-15T14:01:03.282305Z","level":"warning","event":"[SANITIZE] link_id=46765 field=maximum_speed suspicious sentinel value=999 -> NULL","logger":"lta_common","filename":"lta_common.py","lineno":143}
{"timestamp":"2026-04-15T14:01:03.282331Z","level":"warning","event":"[SANITIZE] link_id=46766 field=maximum_speed suspicious sentinel value=999 -> NULL","logger":"lta_common","filename":"lta_common.py","lineno":143}
{"timestamp":"2026-04-15T14:01:03.282401Z","level":"warning","event":"[SANITIZE] link_id=46782 field=maximum_speed suspicious sentinel value=999 -> NULL","logger":"lta_common","filename":"lta_common.py","lineno":143}
{"timestamp":"2026-04-15T14:01:03.282428Z","level":"warning","event":"[SANITIZE] link_id=46783 field=maximum_speed suspicious sentinel value=999 -> NULL","logger":"lta_common","filename":"lta_common.py","lineno":143}
{"timestamp":"2026-04-15T14:01:03.282454Z","level":"warning","event":"[SANITIZE] link_id=46784 field=maximum_speed suspicious sentinel value=999 -> NULL","logger":"lta_common","filename":"lta_common.py","lineno":143}
{"timestamp":"2026-04-15T14:01:03.282481Z","level":"warning","event":"[SANITIZE] link_id=46785 field=maximum_speed suspicious sentinel value=999 -> NULL","logger":"lta_common","filename":"lta_common.py","lineno":143}
{"timestamp":"2026-04-15T14:01:03.282537Z","level":"warning","event":"[SANITIZE] link_id=46804 field=maximum_speed suspicious sentinel value=999 -> NULL","logger":"lta_common","filename":"lta_common.py","lineno":143}
{"timestamp":"2026-04-15T14:01:03.282564Z","level":"warning","event":"[SANITIZE] link_id=46805 field=maximum_speed suspicious sentinel value=999 -> NULL","logger":"lta_common","filename":"lta_common.py","lineno":143}
{"timestamp":"2026-04-15T14:01:03.282602Z","level":"warning","event":"[SANITIZE] link_id=46806 field=maximum_speed suspicious sentinel value=999 -> NULL","logger":"lta_common","filename":"lta_common.py","lineno":143}
{"timestamp":"2026-04-15T14:01:03.282628Z","level":"warning","event":"[SANITIZE] link_id=46807 field=maximum_speed suspicious sentinel value=999 -> NULL","logger":"lta_common","filename":"lta_common.py","lineno":143}
{"timestamp":"2026-04-15T14:01:03.282655Z","level":"warning","event":"[SANITIZE] link_id=46808 field=maximum_speed suspicious sentinel value=999 -> NULL","logger":"lta_common","filename":"lta_common.py","lineno":143}
{"timestamp":"2026-04-15T14:01:03.282682Z","level":"warning","event":"[SANITIZE] link_id=46809 field=maximum_speed suspicious sentinel value=999 -> NULL","logger":"lta_common","filename":"lta_common.py","lineno":143}
{"timestamp":"2026-04-15T14:01:03.282708Z","level":"warning","event":"[SANITIZE] link_id=46810 field=maximum_speed suspicious sentinel value=999 -> NULL","logger":"lta_common","filename":"lta_common.py","lineno":143}
{"timestamp":"2026-04-15T14:01:03.282735Z","level":"warning","event":"[SANITIZE] link_id=46811 field=maximum_speed suspicious sentinel value=999 -> NULL","logger":"lta_common","filename":"lta_common.py","lineno":143}
{"timestamp":"2026-04-15T14:01:03.282761Z","level":"warning","event":"[SANITIZE] link_id=46812 field=maximum_speed suspicious sentinel value=999 -> NULL","logger":"lta_common","filename":"lta_common.py","lineno":143}
{"timestamp":"2026-04-15T14:01:03.282787Z","level":"warning","event":"[SANITIZE] link_id=46813 field=maximum_speed suspicious sentinel value=999 -> NULL","logger":"lta_common","filename":"lta_common.py","lineno":143}
{"timestamp":"2026-04-15T14:01:03.282813Z","level":"warning","event":"[SANITIZE] link_id=46814 field=maximum_speed suspicious sentinel value=999 -> NULL","logger":"lta_common","filename":"lta_common.py","lineno":143}
{"timestamp":"2026-04-15T14:01:03.282840Z","level":"warning","event":"[SANITIZE] link_id=46815 field=maximum_speed suspicious sentinel value=999 -> NULL","logger":"lta_common","filename":"lta_common.py","lineno":143}
{"timestamp":"2026-04-15T14:01:03.282867Z","level":"warning","event":"[SANITIZE] link_id=46816 field=maximum_speed suspicious sentinel value=999 -> NULL","logger":"lta_common","filename":"lta_common.py","lineno":143}
{"timestamp":"2026-04-15T14:01:03.282896Z","level":"warning","event":"[SANITIZE] link_id=46818 field=maximum_speed suspicious sentinel value=999 -> NULL","logger":"lta_common","filename":"lta_common.py","lineno":143}
{"timestamp":"2026-04-15T14:01:03.282930Z","level":"warning","event":"[SANITIZE] link_id=46821 field=maximum_speed suspicious sentinel value=999 -> NULL","logger":"lta_common","filename":"lta_common.py","lineno":143}
{"timestamp":"2026-04-15T14:01:03.282963Z","level":"warning","event":"[SANITIZE] link_id=46824 field=maximum_speed suspicious sentinel value=999 -> NULL","logger":"lta_common","filename":"lta_common.py","lineno":143}
{"timestamp":"2026-04-15T14:01:03.282990Z","level":"warning","event":"[SANITIZE] link_id=46825 field=maximum_speed suspicious sentinel value=999 -> NULL","logger":"lta_common","filename":"lta_common.py","lineno":143}
{"timestamp":"2026-04-15T14:01:03.283040Z","level":"warning","event":"[SANITIZE] link_id=46833 field=maximum_speed suspicious sentinel value=999 -> NULL","logger":"lta_common","filename":"lta_common.py","lineno":143}
{"timestamp":"2026-04-15T14:01:03.283066Z","level":"warning","event":"[SANITIZE] link_id=46834 field=maximum_speed suspicious sentinel value=999 -> NULL","logger":"lta_common","filename":"lta_common.py","lineno":143}
{"timestamp":"2026-04-15T14:01:03.283093Z","level":"warning","event":"[SANITIZE] link_id=46835 field=maximum_speed suspicious sentinel value=999 -> NULL","logger":"lta_common","filename":"lta_common.py","lineno":143}
{"timestamp":"2026-04-15T14:01:03.283119Z","level":"warning","event":"[SANITIZE] link_id=46836 field=maximum_speed suspicious sentinel value=999 -> NULL","logger":"lta_common","filename":"lta_common.py","lineno":143}
{"timestamp":"2026-04-15T14:01:03.283146Z","level":"warning","event":"[SANITIZE] link_id=46837 field=maximum_speed suspicious sentinel value=999 -> NULL","logger":"lta_common","filename":"lta_common.py","lineno":143}
{"timestamp":"2026-04-15T14:01:03.283172Z","level":"warning","event":"[SANITIZE] link_id=46838 field=maximum_speed suspicious sentinel value=999 -> NULL","logger":"lta_common","filename":"lta_common.py","lineno":143}
{"timestamp":"2026-04-15T14:01:03.283201Z","level":"warning","event":"[SANITIZE] link_id=46840 field=maximum_speed suspicious sentinel value=999 -> NULL","logger":"lta_common","filename":"lta_common.py","lineno":143}
{"timestamp":"2026-04-15T14:01:03.283231Z","level":"warning","event":"[SANITIZE] link_id=46842 field=maximum_speed suspicious sentinel value=999 -> NULL","logger":"lta_common","filename":"lta_common.py","lineno":143}
{"timestamp":"2026-04-15T14:01:03.283257Z","level":"warning","event":"[SANITIZE] link_id=46843 field=maximum_speed suspicious sentinel value=999 -> NULL","logger":"lta_common","filename":"lta_common.py","lineno":143}
{"timestamp":"2026-04-15T14:01:03.283284Z","level":"warning","event":"[SANITIZE] link_id=46844 field=maximum_speed suspicious sentinel value=999 -> NULL","logger":"lta_common","filename":"lta_common.py","lineno":143}
{"timestamp":"2026-04-15T14:01:03.283310Z","level":"warning","event":"[SANITIZE] link_id=46845 field=maximum_speed suspicious sentinel value=999 -> NULL","logger":"lta_common","filename":"lta_common.py","lineno":143}
{"timestamp":"2026-04-15T14:01:03.283336Z","level":"warning","event":"[SANITIZE] link_id=46846 field=maximum_speed suspicious sentinel value=999 -> NULL","logger":"lta_common","filename":"lta_common.py","lineno":143}
{"timestamp":"2026-04-15T14:01:03.283366Z","level":"warning","event":"[SANITIZE] link_id=46848 field=maximum_speed suspicious sentinel value=999 -> NULL","logger":"lta_common","filename":"lta_common.py","lineno":143}
{"timestamp":"2026-04-15T14:01:03.283406Z","level":"warning","event":"[SANITIZE] link_id=46853 field=maximum_speed suspicious sentinel value=999 -> NULL","logger":"lta_common","filename":"lta_common.py","lineno":143}
{"timestamp":"2026-04-15T14:01:03.283439Z","level":"warning","event":"[SANITIZE] link_id=46859 field=maximum_speed suspicious sentinel value=999 -> NULL","logger":"lta_common","filename":"lta_common.py","lineno":143}
{"timestamp":"2026-04-15T14:01:03.283499Z","level":"warning","event":"[SANITIZE] link_id=46874 field=maximum_speed suspicious sentinel value=999 -> NULL","logger":"lta_common","filename":"lta_common.py","lineno":143}
{"timestamp":"2026-04-15T14:01:03.283558Z","level":"warning","event":"[SANITIZE] link_id=46888 field=maximum_speed suspicious sentinel value=999 -> NULL","logger":"lta_common","filename":"lta_common.py","lineno":143}
{"timestamp":"2026-04-15T14:01:03.283596Z","level":"warning","event":"[SANITIZE] link_id=46890 field=maximum_speed suspicious sentinel value=999 -> NULL","logger":"lta_common","filename":"lta_common.py","lineno":143}
{"timestamp":"2026-04-15T14:01:03.283633Z","level":"warning","event":"[SANITIZE] link_id=46894 field=maximum_speed suspicious sentinel value=999 -> NULL","logger":"lta_common","filename":"lta_common.py","lineno":143}
{"timestamp":"2026-04-15T14:01:03.283666Z","level":"warning","event":"[SANITIZE] link_id=46897 field=maximum_speed suspicious sentinel value=999 -> NULL","logger":"lta_common","filename":"lta_common.py","lineno":143}
{"timestamp":"2026-04-15T14:01:03.283696Z","level":"warning","event":"[SANITIZE] link_id=46899 field=maximum_speed suspicious sentinel value=999 -> NULL","logger":"lta_common","filename":"lta_common.py","lineno":143}
{"timestamp":"2026-04-15T14:01:03.283723Z","level":"warning","event":"[SANITIZE] link_id=46900 field=maximum_speed suspicious sentinel value=999 -> NULL","logger":"lta_common","filename":"lta_common.py","lineno":143}
{"timestamp":"2026-04-15T14:01:03.283756Z","level":"warning","event":"[SANITIZE] link_id=46903 field=maximum_speed suspicious sentinel value=999 -> NULL","logger":"lta_common","filename":"lta_common.py","lineno":143}
{"timestamp":"2026-04-15T14:01:03.283783Z","level":"warning","event":"[SANITIZE] link_id=46904 field=maximum_speed suspicious sentinel value=999 -> NULL","logger":"lta_common","filename":"lta_common.py","lineno":143}
{"timestamp":"2026-04-15T14:01:03.283815Z","level":"warning","event":"[SANITIZE] link_id=46907 field=maximum_speed suspicious sentinel value=999 -> NULL","logger":"lta_common","filename":"lta_common.py","lineno":143}
{"timestamp":"2026-04-15T14:01:03.283845Z","level":"warning","event":"[SANITIZE] link_id=46909 field=maximum_speed suspicious sentinel value=999 -> NULL","logger":"lta_common","filename":"lta_common.py","lineno":143}
{"timestamp":"2026-04-15T14:01:03.283872Z","level":"warning","event":"[SANITIZE] link_id=46910 field=maximum_speed suspicious sentinel value=999 -> NULL","logger":"lta_common","filename":"lta_common.py","lineno":143}
{"timestamp":"2026-04-15T14:01:03.284297Z","level":"info","event":"[CLEAN DONE] rows=500 | null_speed_band=0 | null_minimum_speed=0 | null_maximum_speed=201","logger":"lta_common","filename":"lta_common.py","lineno":238}
{"timestamp":"2026-04-15T14:01:03.285276Z","level":"info","event":"STEP 5: built cleaned snapshot dataframe rows=500","logger":"2_refresh_traffic_speed","filename":"2_refresh_traffic_speed.py","lineno":44}
{"timestamp":"2026-04-15T14:01:03.285663Z","level":"info","event":"[LATEST PREP] rows=500 | missing_measurement_rows=0","logger":"lta_common","filename":"lta_common.py","lineno":271}
{"timestamp":"2026-04-15T14:01:03.285967Z","level":"info","event":"[UPSERT START] upserting 500 rows into traffic_speed_latest","logger":"lta_common","filename":"lta_common.py","lineno":348}
{"timestamp":"2026-04-15T14:01:03.286314Z","level":"info","event":"[UPSERT DEBUG] max_link_id=46910 | min_link_id=46281 | max_speed_band=8 | min_speed_band=1 | max_minimum_speed=70 | min_minimum_speed=0 | max_maximum_speed=69.0 | min_maximum_speed=9.0","logger":"lta_common","filename":"lta_common.py","lineno":350}
{"timestamp":"2026-04-15T14:01:03.617458Z","level":"info","event":"[UPSERT DONE] upserted=500 rows into traffic_speed_latest","logger":"lta_common","filename":"lta_common.py","lineno":388}
{"timestamp":"2026-04-15T14:01:03.619484Z","level":"info","event":"[SAVE START] inserting 500 rows into traffic_speed_recent","logger":"lta_common","filename":"lta_common.py","lineno":319}
{"timestamp":"2026-04-15T14:01:03.954215Z","level":"info","event":"[SAVE DONE] inserted=500 rows into traffic_speed_recent","logger":"lta_common","filename":"lta_common.py","lineno":337}
{"timestamp":"2026-04-15T14:01:03.954895Z","level":"info","event":"STEP 6: page saved skip=31000 | pages=63 | latest_rows=31500 | recent_rows=31500","logger":"2_refresh_traffic_speed","filename":"2_refresh_traffic_speed.py","lineno":56}
{"timestamp":"2026-04-15T14:01:03.955091Z","level":"info","event":"========== PAGE START ==========","logger":"lta_common","filename":"lta_common.py","lineno":53}
{"timestamp":"2026-04-15T14:01:03.955275Z","level":"info","event":"[FETCH] requesting rows 31500–31999","logger":"lta_common","filename":"lta_common.py","lineno":54}
{"timestamp":"2026-04-15T14:01:03.955469Z","level":"info","event":"Fetching page from LTA: skip=31500","logger":"lta_common","filename":"lta_common.py","lineno":36}
{"timestamp":"2026-04-15T14:01:04.232232Z","level":"info","event":"Retrieved 500 rows from LTA at skip=31500","logger":"lta_common","filename":"lta_common.py","lineno":44}
{"timestamp":"2026-04-15T14:01:04.235213Z","level":"info","event":"[FETCH DONE] retrieved=500 rows at skip=31500","logger":"lta_common","filename":"lta_common.py","lineno":59}
{"timestamp":"2026-04-15T14:01:04.235902Z","level":"info","event":"STEP 4: processing page skip=31500 rows=500","logger":"2_refresh_traffic_speed","filename":"2_refresh_traffic_speed.py","lineno":41}
{"timestamp":"2026-04-15T14:01:04.247505Z","level":"warning","event":"[SANITIZE] link_id=46916 field=maximum_speed suspicious sentinel value=999 -> NULL","logger":"lta_common","filename":"lta_common.py","lineno":143}
{"timestamp":"2026-04-15T14:01:04.247695Z","level":"warning","event":"[SANITIZE] link_id=46918 field=maximum_speed suspicious sentinel value=999 -> NULL","logger":"lta_common","filename":"lta_common.py","lineno":143}
{"timestamp":"2026-04-15T14:01:04.247754Z","level":"warning","event":"[SANITIZE] link_id=46921 field=maximum_speed suspicious sentinel value=999 -> NULL","logger":"lta_common","filename":"lta_common.py","lineno":143}
{"timestamp":"2026-04-15T14:01:04.247795Z","level":"warning","event":"[SANITIZE] link_id=46922 field=maximum_speed suspicious sentinel value=999 -> NULL","logger":"lta_common","filename":"lta_common.py","lineno":143}
{"timestamp":"2026-04-15T14:01:04.247835Z","level":"warning","event":"[SANITIZE] link_id=46923 field=maximum_speed suspicious sentinel value=999 -> NULL","logger":"lta_common","filename":"lta_common.py","lineno":143}
{"timestamp":"2026-04-15T14:01:04.247880Z","level":"warning","event":"[SANITIZE] link_id=46929 field=maximum_speed suspicious sentinel value=999 -> NULL","logger":"lta_common","filename":"lta_common.py","lineno":143}
{"timestamp":"2026-04-15T14:01:04.247946Z","level":"warning","event":"[SANITIZE] link_id=46937 field=maximum_speed suspicious sentinel value=999 -> NULL","logger":"lta_common","filename":"lta_common.py","lineno":143}
{"timestamp":"2026-04-15T14:01:04.247990Z","level":"warning","event":"[SANITIZE] link_id=46941 field=maximum_speed suspicious sentinel value=999 -> NULL","logger":"lta_common","filename":"lta_common.py","lineno":143}
{"timestamp":"2026-04-15T14:01:04.248025Z","level":"warning","event":"[SANITIZE] link_id=46942 field=maximum_speed suspicious sentinel value=999 -> NULL","logger":"lta_common","filename":"lta_common.py","lineno":143}
{"timestamp":"2026-04-15T14:01:04.248073Z","level":"warning","event":"[SANITIZE] link_id=46948 field=maximum_speed suspicious sentinel value=999 -> NULL","logger":"lta_common","filename":"lta_common.py","lineno":143}
{"timestamp":"2026-04-15T14:01:04.248109Z","level":"warning","event":"[SANITIZE] link_id=46949 field=maximum_speed suspicious sentinel value=999 -> NULL","logger":"lta_common","filename":"lta_common.py","lineno":143}
{"timestamp":"2026-04-15T14:01:04.248156Z","level":"warning","event":"[SANITIZE] link_id=46953 field=maximum_speed suspicious sentinel value=999 -> NULL","logger":"lta_common","filename":"lta_common.py","lineno":143}
{"timestamp":"2026-04-15T14:01:04.248199Z","level":"warning","event":"[SANITIZE] link_id=46965 field=maximum_speed suspicious sentinel value=999 -> NULL","logger":"lta_common","filename":"lta_common.py","lineno":143}
{"timestamp":"2026-04-15T14:01:04.248234Z","level":"warning","event":"[SANITIZE] link_id=46966 field=maximum_speed suspicious sentinel value=999 -> NULL","logger":"lta_common","filename":"lta_common.py","lineno":143}
{"timestamp":"2026-04-15T14:01:04.248282Z","level":"warning","event":"[SANITIZE] link_id=46970 field=maximum_speed suspicious sentinel value=999 -> NULL","logger":"lta_common","filename":"lta_common.py","lineno":143}
{"timestamp":"2026-04-15T14:01:04.248316Z","level":"warning","event":"[SANITIZE] link_id=46971 field=maximum_speed suspicious sentinel value=999 -> NULL","logger":"lta_common","filename":"lta_common.py","lineno":143}
{"timestamp":"2026-04-15T14:01:04.248459Z","level":"warning","event":"[SANITIZE] link_id=47006 field=maximum_speed suspicious sentinel value=999 -> NULL","logger":"lta_common","filename":"lta_common.py","lineno":143}
{"timestamp":"2026-04-15T14:01:04.248492Z","level":"warning","event":"[SANITIZE] link_id=47007 field=maximum_speed suspicious sentinel value=999 -> NULL","logger":"lta_common","filename":"lta_common.py","lineno":143}
{"timestamp":"2026-04-15T14:01:04.248551Z","level":"warning","event":"[SANITIZE] link_id=47014 field=maximum_speed suspicious sentinel value=999 -> NULL","logger":"lta_common","filename":"lta_common.py","lineno":143}
{"timestamp":"2026-04-15T14:01:04.248597Z","level":"warning","event":"[SANITIZE] link_id=47015 field=maximum_speed suspicious sentinel value=999 -> NULL","logger":"lta_common","filename":"lta_common.py","lineno":143}
{"timestamp":"2026-04-15T14:01:04.248631Z","level":"warning","event":"[SANITIZE] link_id=47016 field=maximum_speed suspicious sentinel value=999 -> NULL","logger":"lta_common","filename":"lta_common.py","lineno":143}
{"timestamp":"2026-04-15T14:01:04.249022Z","level":"warning","event":"[SANITIZE] link_id=47124 field=maximum_speed suspicious sentinel value=999 -> NULL","logger":"lta_common","filename":"lta_common.py","lineno":143}
{"timestamp":"2026-04-15T14:01:04.249057Z","level":"warning","event":"[SANITIZE] link_id=47125 field=maximum_speed suspicious sentinel value=999 -> NULL","logger":"lta_common","filename":"lta_common.py","lineno":143}
{"timestamp":"2026-04-15T14:01:04.249092Z","level":"warning","event":"[SANITIZE] link_id=47126 field=maximum_speed suspicious sentinel value=999 -> NULL","logger":"lta_common","filename":"lta_common.py","lineno":143}
{"timestamp":"2026-04-15T14:01:04.249128Z","level":"warning","event":"[SANITIZE] link_id=47127 field=maximum_speed suspicious sentinel value=999 -> NULL","logger":"lta_common","filename":"lta_common.py","lineno":143}
{"timestamp":"2026-04-15T14:01:04.249163Z","level":"warning","event":"[SANITIZE] link_id=47128 field=maximum_speed suspicious sentinel value=999 -> NULL","logger":"lta_common","filename":"lta_common.py","lineno":143}
{"timestamp":"2026-04-15T14:01:04.249198Z","level":"warning","event":"[SANITIZE] link_id=47129 field=maximum_speed suspicious sentinel value=999 -> NULL","logger":"lta_common","filename":"lta_common.py","lineno":143}
{"timestamp":"2026-04-15T14:01:04.249233Z","level":"warning","event":"[SANITIZE] link_id=47130 field=maximum_speed suspicious sentinel value=999 -> NULL","logger":"lta_common","filename":"lta_common.py","lineno":143}
{"timestamp":"2026-04-15T14:01:04.249266Z","level":"warning","event":"[SANITIZE] link_id=47131 field=maximum_speed suspicious sentinel value=999 -> NULL","logger":"lta_common","filename":"lta_common.py","lineno":143}
{"timestamp":"2026-04-15T14:01:04.249321Z","level":"warning","event":"[SANITIZE] link_id=47137 field=maximum_speed suspicious sentinel value=999 -> NULL","logger":"lta_common","filename":"lta_common.py","lineno":143}
{"timestamp":"2026-04-15T14:01:04.249355Z","level":"warning","event":"[SANITIZE] link_id=47138 field=maximum_speed suspicious sentinel value=999 -> NULL","logger":"lta_common","filename":"lta_common.py","lineno":143}
{"timestamp":"2026-04-15T14:01:04.249388Z","level":"warning","event":"[SANITIZE] link_id=47139 field=maximum_speed suspicious sentinel value=999 -> NULL","logger":"lta_common","filename":"lta_common.py","lineno":143}
{"timestamp":"2026-04-15T14:01:04.249464Z","level":"warning","event":"[SANITIZE] link_id=47152 field=maximum_speed suspicious sentinel value=999 -> NULL","logger":"lta_common","filename":"lta_common.py","lineno":143}
{"timestamp":"2026-04-15T14:01:04.249519Z","level":"warning","event":"[SANITIZE] link_id=47162 field=maximum_speed suspicious sentinel value=999 -> NULL","logger":"lta_common","filename":"lta_common.py","lineno":143}
{"timestamp":"2026-04-15T14:01:04.249560Z","level":"warning","event":"[SANITIZE] link_id=47166 field=maximum_speed suspicious sentinel value=999 -> NULL","logger":"lta_common","filename":"lta_common.py","lineno":143}
{"timestamp":"2026-04-15T14:01:04.249611Z","level":"warning","event":"[SANITIZE] link_id=47167 field=maximum_speed suspicious sentinel value=999 -> NULL","logger":"lta_common","filename":"lta_common.py","lineno":143}
{"timestamp":"2026-04-15T14:01:04.249645Z","level":"warning","event":"[SANITIZE] link_id=47168 field=maximum_speed suspicious sentinel value=999 -> NULL","logger":"lta_common","filename":"lta_common.py","lineno":143}
{"timestamp":"2026-04-15T14:01:04.249679Z","level":"warning","event":"[SANITIZE] link_id=47169 field=maximum_speed suspicious sentinel value=999 -> NULL","logger":"lta_common","filename":"lta_common.py","lineno":143}
{"timestamp":"2026-04-15T14:01:04.249751Z","level":"warning","event":"[SANITIZE] link_id=47186 field=maximum_speed suspicious sentinel value=999 -> NULL","logger":"lta_common","filename":"lta_common.py","lineno":143}
{"timestamp":"2026-04-15T14:01:04.249785Z","level":"warning","event":"[SANITIZE] link_id=47187 field=maximum_speed suspicious sentinel value=999 -> NULL","logger":"lta_common","filename":"lta_common.py","lineno":143}
{"timestamp":"2026-04-15T14:01:04.249845Z","level":"warning","event":"[SANITIZE] link_id=47196 field=maximum_speed suspicious sentinel value=999 -> NULL","logger":"lta_common","filename":"lta_common.py","lineno":143}
{"timestamp":"2026-04-15T14:01:04.249885Z","level":"warning","event":"[SANITIZE] link_id=47198 field=maximum_speed suspicious sentinel value=999 -> NULL","logger":"lta_common","filename":"lta_common.py","lineno":143}
{"timestamp":"2026-04-15T14:01:04.249945Z","level":"warning","event":"[SANITIZE] link_id=47205 field=maximum_speed suspicious sentinel value=999 -> NULL","logger":"lta_common","filename":"lta_common.py","lineno":143}
{"timestamp":"2026-04-15T14:01:04.249996Z","level":"warning","event":"[SANITIZE] link_id=47210 field=maximum_speed suspicious sentinel value=999 -> NULL","logger":"lta_common","filename":"lta_common.py","lineno":143}
{"timestamp":"2026-04-15T14:01:04.250039Z","level":"warning","event":"[SANITIZE] link_id=47215 field=maximum_speed suspicious sentinel value=999 -> NULL","logger":"lta_common","filename":"lta_common.py","lineno":143}
{"timestamp":"2026-04-15T14:01:04.250093Z","level":"warning","event":"[SANITIZE] link_id=47230 field=maximum_speed suspicious sentinel value=999 -> NULL","logger":"lta_common","filename":"lta_common.py","lineno":143}
{"timestamp":"2026-04-15T14:01:04.250128Z","level":"warning","event":"[SANITIZE] link_id=47231 field=maximum_speed suspicious sentinel value=999 -> NULL","logger":"lta_common","filename":"lta_common.py","lineno":143}
{"timestamp":"2026-04-15T14:01:04.250161Z","level":"warning","event":"[SANITIZE] link_id=47232 field=maximum_speed suspicious sentinel value=999 -> NULL","logger":"lta_common","filename":"lta_common.py","lineno":143}
{"timestamp":"2026-04-15T14:01:04.250199Z","level":"warning","event":"[SANITIZE] link_id=47234 field=maximum_speed suspicious sentinel value=999 -> NULL","logger":"lta_common","filename":"lta_common.py","lineno":143}
{"timestamp":"2026-04-15T14:01:04.250232Z","level":"warning","event":"[SANITIZE] link_id=47235 field=maximum_speed suspicious sentinel value=999 -> NULL","logger":"lta_common","filename":"lta_common.py","lineno":143}
{"timestamp":"2026-04-15T14:01:04.250283Z","level":"warning","event":"[SANITIZE] link_id=47240 field=maximum_speed suspicious sentinel value=999 -> NULL","logger":"lta_common","filename":"lta_common.py","lineno":143}
{"timestamp":"2026-04-15T14:01:04.250317Z","level":"warning","event":"[SANITIZE] link_id=47241 field=maximum_speed suspicious sentinel value=999 -> NULL","logger":"lta_common","filename":"lta_common.py","lineno":143}
{"timestamp":"2026-04-15T14:01:04.250355Z","level":"warning","event":"[SANITIZE] link_id=47243 field=maximum_speed suspicious sentinel value=999 -> NULL","logger":"lta_common","filename":"lta_common.py","lineno":143}
{"timestamp":"2026-04-15T14:01:04.250431Z","level":"warning","event":"[SANITIZE] link_id=47254 field=maximum_speed suspicious sentinel value=999 -> NULL","logger":"lta_common","filename":"lta_common.py","lineno":143}
{"timestamp":"2026-04-15T14:01:04.250464Z","level":"warning","event":"[SANITIZE] link_id=47255 field=maximum_speed suspicious sentinel value=999 -> NULL","logger":"lta_common","filename":"lta_common.py","lineno":143}
{"timestamp":"2026-04-15T14:01:04.250498Z","level":"warning","event":"[SANITIZE] link_id=47256 field=maximum_speed suspicious sentinel value=999 -> NULL","logger":"lta_common","filename":"lta_common.py","lineno":143}
{"timestamp":"2026-04-15T14:01:04.250532Z","level":"warning","event":"[SANITIZE] link_id=47257 field=maximum_speed suspicious sentinel value=999 -> NULL","logger":"lta_common","filename":"lta_common.py","lineno":143}
{"timestamp":"2026-04-15T14:01:04.250568Z","level":"warning","event":"[SANITIZE] link_id=47258 field=maximum_speed suspicious sentinel value=999 -> NULL","logger":"lta_common","filename":"lta_common.py","lineno":143}
{"timestamp":"2026-04-15T14:01:04.251025Z","level":"warning","event":"[SANITIZE] link_id=47263 field=maximum_speed suspicious sentinel value=999 -> NULL","logger":"lta_common","filename":"lta_common.py","lineno":143}
{"timestamp":"2026-04-15T14:01:04.251094Z","level":"warning","event":"[SANITIZE] link_id=47264 field=maximum_speed suspicious sentinel value=999 -> NULL","logger":"lta_common","filename":"lta_common.py","lineno":143}
{"timestamp":"2026-04-15T14:01:04.251234Z","level":"warning","event":"[SANITIZE] link_id=47265 field=maximum_speed suspicious sentinel value=999 -> NULL","logger":"lta_common","filename":"lta_common.py","lineno":143}
{"timestamp":"2026-04-15T14:01:04.251506Z","level":"warning","event":"[SANITIZE] link_id=47267 field=maximum_speed suspicious sentinel value=999 -> NULL","logger":"lta_common","filename":"lta_common.py","lineno":143}
{"timestamp":"2026-04-15T14:01:04.251992Z","level":"warning","event":"[SANITIZE] link_id=47276 field=maximum_speed suspicious sentinel value=999 -> NULL","logger":"lta_common","filename":"lta_common.py","lineno":143}
{"timestamp":"2026-04-15T14:01:04.252237Z","level":"warning","event":"[SANITIZE] link_id=47277 field=maximum_speed suspicious sentinel value=999 -> NULL","logger":"lta_common","filename":"lta_common.py","lineno":143}
{"timestamp":"2026-04-15T14:01:04.252289Z","level":"warning","event":"[SANITIZE] link_id=47280 field=maximum_speed suspicious sentinel value=999 -> NULL","logger":"lta_common","filename":"lta_common.py","lineno":143}
{"timestamp":"2026-04-15T14:01:04.252329Z","level":"warning","event":"[SANITIZE] link_id=47283 field=maximum_speed suspicious sentinel value=999 -> NULL","logger":"lta_common","filename":"lta_common.py","lineno":143}
{"timestamp":"2026-04-15T14:01:04.252360Z","level":"warning","event":"[SANITIZE] link_id=47284 field=maximum_speed suspicious sentinel value=999 -> NULL","logger":"lta_common","filename":"lta_common.py","lineno":143}
{"timestamp":"2026-04-15T14:01:04.252391Z","level":"warning","event":"[SANITIZE] link_id=47285 field=maximum_speed suspicious sentinel value=999 -> NULL","logger":"lta_common","filename":"lta_common.py","lineno":143}
{"timestamp":"2026-04-15T14:01:04.252430Z","level":"warning","event":"[SANITIZE] link_id=47288 field=maximum_speed suspicious sentinel value=999 -> NULL","logger":"lta_common","filename":"lta_common.py","lineno":143}
{"timestamp":"2026-04-15T14:01:04.252513Z","level":"warning","event":"[SANITIZE] link_id=47304 field=maximum_speed suspicious sentinel value=999 -> NULL","logger":"lta_common","filename":"lta_common.py","lineno":143}
{"timestamp":"2026-04-15T14:01:04.252555Z","level":"warning","event":"[SANITIZE] link_id=47308 field=maximum_speed suspicious sentinel value=999 -> NULL","logger":"lta_common","filename":"lta_common.py","lineno":143}
{"timestamp":"2026-04-15T14:01:04.252598Z","level":"warning","event":"[SANITIZE] link_id=47310 field=maximum_speed suspicious sentinel value=999 -> NULL","logger":"lta_common","filename":"lta_common.py","lineno":143}
{"timestamp":"2026-04-15T14:01:04.252640Z","level":"warning","event":"[SANITIZE] link_id=47320 field=maximum_speed suspicious sentinel value=999 -> NULL","logger":"lta_common","filename":"lta_common.py","lineno":143}
{"timestamp":"2026-04-15T14:01:04.252670Z","level":"warning","event":"[SANITIZE] link_id=47321 field=maximum_speed suspicious sentinel value=999 -> NULL","logger":"lta_common","filename":"lta_common.py","lineno":143}
{"timestamp":"2026-04-15T14:01:04.252700Z","level":"warning","event":"[SANITIZE] link_id=47322 field=maximum_speed suspicious sentinel value=999 -> NULL","logger":"lta_common","filename":"lta_common.py","lineno":143}
{"timestamp":"2026-04-15T14:01:04.252729Z","level":"warning","event":"[SANITIZE] link_id=47323 field=maximum_speed suspicious sentinel value=999 -> NULL","logger":"lta_common","filename":"lta_common.py","lineno":143}
{"timestamp":"2026-04-15T14:01:04.252760Z","level":"warning","event":"[SANITIZE] link_id=47324 field=maximum_speed suspicious sentinel value=999 -> NULL","logger":"lta_common","filename":"lta_common.py","lineno":143}
{"timestamp":"2026-04-15T14:01:04.252790Z","level":"warning","event":"[SANITIZE] link_id=47325 field=maximum_speed suspicious sentinel value=999 -> NULL","logger":"lta_common","filename":"lta_common.py","lineno":143}
{"timestamp":"2026-04-15T14:01:04.252820Z","level":"warning","event":"[SANITIZE] link_id=47326 field=maximum_speed suspicious sentinel value=999 -> NULL","logger":"lta_common","filename":"lta_common.py","lineno":143}
{"timestamp":"2026-04-15T14:01:04.252852Z","level":"warning","event":"[SANITIZE] link_id=47327 field=maximum_speed suspicious sentinel value=999 -> NULL","logger":"lta_common","filename":"lta_common.py","lineno":143}
{"timestamp":"2026-04-15T14:01:04.252882Z","level":"warning","event":"[SANITIZE] link_id=47328 field=maximum_speed suspicious sentinel value=999 -> NULL","logger":"lta_common","filename":"lta_common.py","lineno":143}
{"timestamp":"2026-04-15T14:01:04.252920Z","level":"warning","event":"[SANITIZE] link_id=47331 field=maximum_speed suspicious sentinel value=999 -> NULL","logger":"lta_common","filename":"lta_common.py","lineno":143}
{"timestamp":"2026-04-15T14:01:04.253234Z","level":"warning","event":"[SANITIZE] link_id=47332 field=maximum_speed suspicious sentinel value=999 -> NULL","logger":"lta_common","filename":"lta_common.py","lineno":143}
{"timestamp":"2026-04-15T14:01:04.254091Z","level":"warning","event":"[SANITIZE] link_id=47333 field=maximum_speed suspicious sentinel value=999 -> NULL","logger":"lta_common","filename":"lta_common.py","lineno":143}
{"timestamp":"2026-04-15T14:01:04.254370Z","level":"warning","event":"[SANITIZE] link_id=47334 field=maximum_speed suspicious sentinel value=999 -> NULL","logger":"lta_common","filename":"lta_common.py","lineno":143}
{"timestamp":"2026-04-15T14:01:04.254759Z","level":"warning","event":"[SANITIZE] link_id=47335 field=maximum_speed suspicious sentinel value=999 -> NULL","logger":"lta_common","filename":"lta_common.py","lineno":143}
{"timestamp":"2026-04-15T14:01:04.255129Z","level":"warning","event":"[SANITIZE] link_id=47336 field=maximum_speed suspicious sentinel value=999 -> NULL","logger":"lta_common","filename":"lta_common.py","lineno":143}
{"timestamp":"2026-04-15T14:01:04.255386Z","level":"warning","event":"[SANITIZE] link_id=47337 field=maximum_speed suspicious sentinel value=999 -> NULL","logger":"lta_common","filename":"lta_common.py","lineno":143}
{"timestamp":"2026-04-15T14:01:04.255640Z","level":"warning","event":"[SANITIZE] link_id=47338 field=maximum_speed suspicious sentinel value=999 -> NULL","logger":"lta_common","filename":"lta_common.py","lineno":143}
{"timestamp":"2026-04-15T14:01:04.255687Z","level":"warning","event":"[SANITIZE] link_id=47339 field=maximum_speed suspicious sentinel value=999 -> NULL","logger":"lta_common","filename":"lta_common.py","lineno":143}
{"timestamp":"2026-04-15T14:01:04.255723Z","level":"warning","event":"[SANITIZE] link_id=47340 field=maximum_speed suspicious sentinel value=999 -> NULL","logger":"lta_common","filename":"lta_common.py","lineno":143}
{"timestamp":"2026-04-15T14:01:04.255765Z","level":"warning","event":"[SANITIZE] link_id=47341 field=maximum_speed suspicious sentinel value=999 -> NULL","logger":"lta_common","filename":"lta_common.py","lineno":143}
{"timestamp":"2026-04-15T14:01:04.255795Z","level":"warning","event":"[SANITIZE] link_id=47342 field=maximum_speed suspicious sentinel value=999 -> NULL","logger":"lta_common","filename":"lta_common.py","lineno":143}
{"timestamp":"2026-04-15T14:01:04.255826Z","level":"warning","event":"[SANITIZE] link_id=47343 field=maximum_speed suspicious sentinel value=999 -> NULL","logger":"lta_common","filename":"lta_common.py","lineno":143}
{"timestamp":"2026-04-15T14:01:04.255865Z","level":"warning","event":"[SANITIZE] link_id=47344 field=maximum_speed suspicious sentinel value=999 -> NULL","logger":"lta_common","filename":"lta_common.py","lineno":143}
{"timestamp":"2026-04-15T14:01:04.255903Z","level":"warning","event":"[SANITIZE] link_id=47345 field=maximum_speed suspicious sentinel value=999 -> NULL","logger":"lta_common","filename":"lta_common.py","lineno":143}
{"timestamp":"2026-04-15T14:01:04.255946Z","level":"warning","event":"[SANITIZE] link_id=47349 field=maximum_speed suspicious sentinel value=999 -> NULL","logger":"lta_common","filename":"lta_common.py","lineno":143}
{"timestamp":"2026-04-15T14:01:04.255976Z","level":"warning","event":"[SANITIZE] link_id=47350 field=maximum_speed suspicious sentinel value=999 -> NULL","logger":"lta_common","filename":"lta_common.py","lineno":143}
{"timestamp":"2026-04-15T14:01:04.256006Z","level":"warning","event":"[SANITIZE] link_id=47351 field=maximum_speed suspicious sentinel value=999 -> NULL","logger":"lta_common","filename":"lta_common.py","lineno":143}
{"timestamp":"2026-04-15T14:01:04.256044Z","level":"warning","event":"[SANITIZE] link_id=47354 field=maximum_speed suspicious sentinel value=999 -> NULL","logger":"lta_common","filename":"lta_common.py","lineno":143}
{"timestamp":"2026-04-15T14:01:04.256101Z","level":"warning","event":"[SANITIZE] link_id=47363 field=maximum_speed suspicious sentinel value=999 -> NULL","logger":"lta_common","filename":"lta_common.py","lineno":143}
{"timestamp":"2026-04-15T14:01:04.256131Z","level":"warning","event":"[SANITIZE] link_id=47364 field=maximum_speed suspicious sentinel value=999 -> NULL","logger":"lta_common","filename":"lta_common.py","lineno":143}
{"timestamp":"2026-04-15T14:01:04.256162Z","level":"warning","event":"[SANITIZE] link_id=47365 field=maximum_speed suspicious sentinel value=999 -> NULL","logger":"lta_common","filename":"lta_common.py","lineno":143}
{"timestamp":"2026-04-15T14:01:04.256196Z","level":"warning","event":"[SANITIZE] link_id=47367 field=maximum_speed suspicious sentinel value=999 -> NULL","logger":"lta_common","filename":"lta_common.py","lineno":143}
{"timestamp":"2026-04-15T14:01:04.256226Z","level":"warning","event":"[SANITIZE] link_id=47368 field=maximum_speed suspicious sentinel value=999 -> NULL","logger":"lta_common","filename":"lta_common.py","lineno":143}
{"timestamp":"2026-04-15T14:01:04.256256Z","level":"warning","event":"[SANITIZE] link_id=47369 field=maximum_speed suspicious sentinel value=999 -> NULL","logger":"lta_common","filename":"lta_common.py","lineno":143}
{"timestamp":"2026-04-15T14:01:04.256286Z","level":"warning","event":"[SANITIZE] link_id=47370 field=maximum_speed suspicious sentinel value=999 -> NULL","logger":"lta_common","filename":"lta_common.py","lineno":143}
{"timestamp":"2026-04-15T14:01:04.256316Z","level":"warning","event":"[SANITIZE] link_id=47371 field=maximum_speed suspicious sentinel value=999 -> NULL","logger":"lta_common","filename":"lta_common.py","lineno":143}
{"timestamp":"2026-04-15T14:01:04.256346Z","level":"warning","event":"[SANITIZE] link_id=47372 field=maximum_speed suspicious sentinel value=999 -> NULL","logger":"lta_common","filename":"lta_common.py","lineno":143}
{"timestamp":"2026-04-15T14:01:04.256376Z","level":"warning","event":"[SANITIZE] link_id=47373 field=maximum_speed suspicious sentinel value=999 -> NULL","logger":"lta_common","filename":"lta_common.py","lineno":143}
{"timestamp":"2026-04-15T14:01:04.256406Z","level":"warning","event":"[SANITIZE] link_id=47374 field=maximum_speed suspicious sentinel value=999 -> NULL","logger":"lta_common","filename":"lta_common.py","lineno":143}
{"timestamp":"2026-04-15T14:01:04.256436Z","level":"warning","event":"[SANITIZE] link_id=47375 field=maximum_speed suspicious sentinel value=999 -> NULL","logger":"lta_common","filename":"lta_common.py","lineno":143}
{"timestamp":"2026-04-15T14:01:04.256464Z","level":"warning","event":"[SANITIZE] link_id=47376 field=maximum_speed suspicious sentinel value=999 -> NULL","logger":"lta_common","filename":"lta_common.py","lineno":143}
{"timestamp":"2026-04-15T14:01:04.256492Z","level":"warning","event":"[SANITIZE] link_id=47377 field=maximum_speed suspicious sentinel value=999 -> NULL","logger":"lta_common","filename":"lta_common.py","lineno":143}
{"timestamp":"2026-04-15T14:01:04.256520Z","level":"warning","event":"[SANITIZE] link_id=47378 field=maximum_speed suspicious sentinel value=999 -> NULL","logger":"lta_common","filename":"lta_common.py","lineno":143}
{"timestamp":"2026-04-15T14:01:04.256547Z","level":"warning","event":"[SANITIZE] link_id=47379 field=maximum_speed suspicious sentinel value=999 -> NULL","logger":"lta_common","filename":"lta_common.py","lineno":143}
{"timestamp":"2026-04-15T14:01:04.256585Z","level":"warning","event":"[SANITIZE] link_id=47380 field=maximum_speed suspicious sentinel value=999 -> NULL","logger":"lta_common","filename":"lta_common.py","lineno":143}
{"timestamp":"2026-04-15T14:01:04.256628Z","level":"warning","event":"[SANITIZE] link_id=47381 field=maximum_speed suspicious sentinel value=999 -> NULL","logger":"lta_common","filename":"lta_common.py","lineno":143}
{"timestamp":"2026-04-15T14:01:04.256656Z","level":"warning","event":"[SANITIZE] link_id=47382 field=maximum_speed suspicious sentinel value=999 -> NULL","logger":"lta_common","filename":"lta_common.py","lineno":143}
{"timestamp":"2026-04-15T14:01:04.256687Z","level":"warning","event":"[SANITIZE] link_id=47384 field=maximum_speed suspicious sentinel value=999 -> NULL","logger":"lta_common","filename":"lta_common.py","lineno":143}
{"timestamp":"2026-04-15T14:01:04.256726Z","level":"warning","event":"[SANITIZE] link_id=47391 field=maximum_speed suspicious sentinel value=999 -> NULL","logger":"lta_common","filename":"lta_common.py","lineno":143}
{"timestamp":"2026-04-15T14:01:04.256753Z","level":"warning","event":"[SANITIZE] link_id=47392 field=maximum_speed suspicious sentinel value=999 -> NULL","logger":"lta_common","filename":"lta_common.py","lineno":143}
{"timestamp":"2026-04-15T14:01:04.256782Z","level":"warning","event":"[SANITIZE] link_id=47393 field=maximum_speed suspicious sentinel value=999 -> NULL","logger":"lta_common","filename":"lta_common.py","lineno":143}
{"timestamp":"2026-04-15T14:01:04.256825Z","level":"warning","event":"[SANITIZE] link_id=47394 field=maximum_speed suspicious sentinel value=999 -> NULL","logger":"lta_common","filename":"lta_common.py","lineno":143}
{"timestamp":"2026-04-15T14:01:04.256853Z","level":"warning","event":"[SANITIZE] link_id=47395 field=maximum_speed suspicious sentinel value=999 -> NULL","logger":"lta_common","filename":"lta_common.py","lineno":143}
{"timestamp":"2026-04-15T14:01:04.256881Z","level":"warning","event":"[SANITIZE] link_id=47396 field=maximum_speed suspicious sentinel value=999 -> NULL","logger":"lta_common","filename":"lta_common.py","lineno":143}
{"timestamp":"2026-04-15T14:01:04.256909Z","level":"warning","event":"[SANITIZE] link_id=47397 field=maximum_speed suspicious sentinel value=999 -> NULL","logger":"lta_common","filename":"lta_common.py","lineno":143}
{"timestamp":"2026-04-15T14:01:04.256940Z","level":"warning","event":"[SANITIZE] link_id=47399 field=maximum_speed suspicious sentinel value=999 -> NULL","logger":"lta_common","filename":"lta_common.py","lineno":143}
{"timestamp":"2026-04-15T14:01:04.256968Z","level":"warning","event":"[SANITIZE] link_id=47400 field=maximum_speed suspicious sentinel value=999 -> NULL","logger":"lta_common","filename":"lta_common.py","lineno":143}
{"timestamp":"2026-04-15T14:01:04.256999Z","level":"warning","event":"[SANITIZE] link_id=47401 field=maximum_speed suspicious sentinel value=999 -> NULL","logger":"lta_common","filename":"lta_common.py","lineno":143}
{"timestamp":"2026-04-15T14:01:04.257027Z","level":"warning","event":"[SANITIZE] link_id=47402 field=maximum_speed suspicious sentinel value=999 -> NULL","logger":"lta_common","filename":"lta_common.py","lineno":143}
{"timestamp":"2026-04-15T14:01:04.257062Z","level":"warning","event":"[SANITIZE] link_id=47405 field=maximum_speed suspicious sentinel value=999 -> NULL","logger":"lta_common","filename":"lta_common.py","lineno":143}
{"timestamp":"2026-04-15T14:01:04.257090Z","level":"warning","event":"[SANITIZE] link_id=47406 field=maximum_speed suspicious sentinel value=999 -> NULL","logger":"lta_common","filename":"lta_common.py","lineno":143}
{"timestamp":"2026-04-15T14:01:04.257118Z","level":"warning","event":"[SANITIZE] link_id=47407 field=maximum_speed suspicious sentinel value=999 -> NULL","logger":"lta_common","filename":"lta_common.py","lineno":143}
{"timestamp":"2026-04-15T14:01:04.257146Z","level":"warning","event":"[SANITIZE] link_id=47408 field=maximum_speed suspicious sentinel value=999 -> NULL","logger":"lta_common","filename":"lta_common.py","lineno":143}
{"timestamp":"2026-04-15T14:01:04.257198Z","level":"warning","event":"[SANITIZE] link_id=47416 field=maximum_speed suspicious sentinel value=999 -> NULL","logger":"lta_common","filename":"lta_common.py","lineno":143}
{"timestamp":"2026-04-15T14:01:04.257226Z","level":"warning","event":"[SANITIZE] link_id=47421 field=maximum_speed suspicious sentinel value=999 -> NULL","logger":"lta_common","filename":"lta_common.py","lineno":143}
{"timestamp":"2026-04-15T14:01:04.257254Z","level":"warning","event":"[SANITIZE] link_id=47422 field=maximum_speed suspicious sentinel value=999 -> NULL","logger":"lta_common","filename":"lta_common.py","lineno":143}
{"timestamp":"2026-04-15T14:01:04.257296Z","level":"warning","event":"[SANITIZE] link_id=47427 field=maximum_speed suspicious sentinel value=999 -> NULL","logger":"lta_common","filename":"lta_common.py","lineno":143}
{"timestamp":"2026-04-15T14:01:04.257324Z","level":"warning","event":"[SANITIZE] link_id=47428 field=maximum_speed suspicious sentinel value=999 -> NULL","logger":"lta_common","filename":"lta_common.py","lineno":143}
{"timestamp":"2026-04-15T14:01:04.257351Z","level":"warning","event":"[SANITIZE] link_id=47429 field=maximum_speed suspicious sentinel value=999 -> NULL","logger":"lta_common","filename":"lta_common.py","lineno":143}
{"timestamp":"2026-04-15T14:01:04.257379Z","level":"warning","event":"[SANITIZE] link_id=47430 field=maximum_speed suspicious sentinel value=999 -> NULL","logger":"lta_common","filename":"lta_common.py","lineno":143}
{"timestamp":"2026-04-15T14:01:04.257406Z","level":"warning","event":"[SANITIZE] link_id=47431 field=maximum_speed suspicious sentinel value=999 -> NULL","logger":"lta_common","filename":"lta_common.py","lineno":143}
{"timestamp":"2026-04-15T14:01:04.257434Z","level":"warning","event":"[SANITIZE] link_id=47432 field=maximum_speed suspicious sentinel value=999 -> NULL","logger":"lta_common","filename":"lta_common.py","lineno":143}
{"timestamp":"2026-04-15T14:01:04.257462Z","level":"warning","event":"[SANITIZE] link_id=47433 field=maximum_speed suspicious sentinel value=999 -> NULL","logger":"lta_common","filename":"lta_common.py","lineno":143}
{"timestamp":"2026-04-15T14:01:04.257490Z","level":"warning","event":"[SANITIZE] link_id=47434 field=maximum_speed suspicious sentinel value=999 -> NULL","logger":"lta_common","filename":"lta_common.py","lineno":143}
{"timestamp":"2026-04-15T14:01:04.257529Z","level":"warning","event":"[SANITIZE] link_id=47438 field=maximum_speed suspicious sentinel value=999 -> NULL","logger":"lta_common","filename":"lta_common.py","lineno":143}
{"timestamp":"2026-04-15T14:01:04.257565Z","level":"warning","event":"[SANITIZE] link_id=47441 field=maximum_speed suspicious sentinel value=999 -> NULL","logger":"lta_common","filename":"lta_common.py","lineno":143}
{"timestamp":"2026-04-15T14:01:04.257633Z","level":"warning","event":"[SANITIZE] link_id=47442 field=maximum_speed suspicious sentinel value=999 -> NULL","logger":"lta_common","filename":"lta_common.py","lineno":143}
{"timestamp":"2026-04-15T14:01:04.257676Z","level":"warning","event":"[SANITIZE] link_id=47443 field=maximum_speed suspicious sentinel value=999 -> NULL","logger":"lta_common","filename":"lta_common.py","lineno":143}
{"timestamp":"2026-04-15T14:01:04.257707Z","level":"warning","event":"[SANITIZE] link_id=47444 field=maximum_speed suspicious sentinel value=999 -> NULL","logger":"lta_common","filename":"lta_common.py","lineno":143}
{"timestamp":"2026-04-15T14:01:04.257736Z","level":"warning","event":"[SANITIZE] link_id=47445 field=maximum_speed suspicious sentinel value=999 -> NULL","logger":"lta_common","filename":"lta_common.py","lineno":143}
{"timestamp":"2026-04-15T14:01:04.257763Z","level":"warning","event":"[SANITIZE] link_id=47446 field=maximum_speed suspicious sentinel value=999 -> NULL","logger":"lta_common","filename":"lta_common.py","lineno":143}
{"timestamp":"2026-04-15T14:01:04.257836Z","level":"warning","event":"[SANITIZE] link_id=47457 field=maximum_speed suspicious sentinel value=999 -> NULL","logger":"lta_common","filename":"lta_common.py","lineno":143}
{"timestamp":"2026-04-15T14:01:04.257880Z","level":"warning","event":"[SANITIZE] link_id=47461 field=maximum_speed suspicious sentinel value=999 -> NULL","logger":"lta_common","filename":"lta_common.py","lineno":143}
{"timestamp":"2026-04-15T14:01:04.257907Z","level":"warning","event":"[SANITIZE] link_id=47462 field=maximum_speed suspicious sentinel value=999 -> NULL","logger":"lta_common","filename":"lta_common.py","lineno":143}
{"timestamp":"2026-04-15T14:01:04.257935Z","level":"warning","event":"[SANITIZE] link_id=47463 field=maximum_speed suspicious sentinel value=999 -> NULL","logger":"lta_common","filename":"lta_common.py","lineno":143}
{"timestamp":"2026-04-15T14:01:04.257976Z","level":"warning","event":"[SANITIZE] link_id=47468 field=maximum_speed suspicious sentinel value=999 -> NULL","logger":"lta_common","filename":"lta_common.py","lineno":143}
{"timestamp":"2026-04-15T14:01:04.258004Z","level":"warning","event":"[SANITIZE] link_id=47469 field=maximum_speed suspicious sentinel value=999 -> NULL","logger":"lta_common","filename":"lta_common.py","lineno":143}
{"timestamp":"2026-04-15T14:01:04.258032Z","level":"warning","event":"[SANITIZE] link_id=47470 field=maximum_speed suspicious sentinel value=999 -> NULL","logger":"lta_common","filename":"lta_common.py","lineno":143}
{"timestamp":"2026-04-15T14:01:04.258059Z","level":"warning","event":"[SANITIZE] link_id=47471 field=maximum_speed suspicious sentinel value=999 -> NULL","logger":"lta_common","filename":"lta_common.py","lineno":143}
{"timestamp":"2026-04-15T14:01:04.258087Z","level":"warning","event":"[SANITIZE] link_id=47472 field=maximum_speed suspicious sentinel value=999 -> NULL","logger":"lta_common","filename":"lta_common.py","lineno":143}
{"timestamp":"2026-04-15T14:01:04.258114Z","level":"warning","event":"[SANITIZE] link_id=47473 field=maximum_speed suspicious sentinel value=999 -> NULL","logger":"lta_common","filename":"lta_common.py","lineno":143}
{"timestamp":"2026-04-15T14:01:04.258142Z","level":"warning","event":"[SANITIZE] link_id=47474 field=maximum_speed suspicious sentinel value=999 -> NULL","logger":"lta_common","filename":"lta_common.py","lineno":143}
{"timestamp":"2026-04-15T14:01:04.258170Z","level":"warning","event":"[SANITIZE] link_id=47475 field=maximum_speed suspicious sentinel value=999 -> NULL","logger":"lta_common","filename":"lta_common.py","lineno":143}
{"timestamp":"2026-04-15T14:01:04.258212Z","level":"warning","event":"[SANITIZE] link_id=47480 field=maximum_speed suspicious sentinel value=999 -> NULL","logger":"lta_common","filename":"lta_common.py","lineno":143}
{"timestamp":"2026-04-15T14:01:04.258239Z","level":"warning","event":"[SANITIZE] link_id=47481 field=maximum_speed suspicious sentinel value=999 -> NULL","logger":"lta_common","filename":"lta_common.py","lineno":143}
{"timestamp":"2026-04-15T14:01:04.258267Z","level":"warning","event":"[SANITIZE] link_id=47482 field=maximum_speed suspicious sentinel value=999 -> NULL","logger":"lta_common","filename":"lta_common.py","lineno":143}
{"timestamp":"2026-04-15T14:01:04.258295Z","level":"warning","event":"[SANITIZE] link_id=47483 field=maximum_speed suspicious sentinel value=999 -> NULL","logger":"lta_common","filename":"lta_common.py","lineno":143}
{"timestamp":"2026-04-15T14:01:04.258326Z","level":"warning","event":"[SANITIZE] link_id=47485 field=maximum_speed suspicious sentinel value=999 -> NULL","logger":"lta_common","filename":"lta_common.py","lineno":143}
{"timestamp":"2026-04-15T14:01:04.258353Z","level":"warning","event":"[SANITIZE] link_id=47486 field=maximum_speed suspicious sentinel value=999 -> NULL","logger":"lta_common","filename":"lta_common.py","lineno":143}
{"timestamp":"2026-04-15T14:01:04.258381Z","level":"warning","event":"[SANITIZE] link_id=47487 field=maximum_speed suspicious sentinel value=999 -> NULL","logger":"lta_common","filename":"lta_common.py","lineno":143}
{"timestamp":"2026-04-15T14:01:04.258408Z","level":"warning","event":"[SANITIZE] link_id=47488 field=maximum_speed suspicious sentinel value=999 -> NULL","logger":"lta_common","filename":"lta_common.py","lineno":143}
{"timestamp":"2026-04-15T14:01:04.258443Z","level":"warning","event":"[SANITIZE] link_id=47491 field=maximum_speed suspicious sentinel value=999 -> NULL","logger":"lta_common","filename":"lta_common.py","lineno":143}
{"timestamp":"2026-04-15T14:01:04.258470Z","level":"warning","event":"[SANITIZE] link_id=47492 field=maximum_speed suspicious sentinel value=999 -> NULL","logger":"lta_common","filename":"lta_common.py","lineno":143}
{"timestamp":"2026-04-15T14:01:04.258498Z","level":"warning","event":"[SANITIZE] link_id=47493 field=maximum_speed suspicious sentinel value=999 -> NULL","logger":"lta_common","filename":"lta_common.py","lineno":143}
{"timestamp":"2026-04-15T14:01:04.258533Z","level":"warning","event":"[SANITIZE] link_id=47494 field=maximum_speed suspicious sentinel value=999 -> NULL","logger":"lta_common","filename":"lta_common.py","lineno":143}
{"timestamp":"2026-04-15T14:01:04.258560Z","level":"warning","event":"[SANITIZE] link_id=47495 field=maximum_speed suspicious sentinel value=999 -> NULL","logger":"lta_common","filename":"lta_common.py","lineno":143}
{"timestamp":"2026-04-15T14:01:04.258599Z","level":"warning","event":"[SANITIZE] link_id=47496 field=maximum_speed suspicious sentinel value=999 -> NULL","logger":"lta_common","filename":"lta_common.py","lineno":143}
{"timestamp":"2026-04-15T14:01:04.258626Z","level":"warning","event":"[SANITIZE] link_id=47497 field=maximum_speed suspicious sentinel value=999 -> NULL","logger":"lta_common","filename":"lta_common.py","lineno":143}
{"timestamp":"2026-04-15T14:01:04.258658Z","level":"warning","event":"[SANITIZE] link_id=47499 field=maximum_speed suspicious sentinel value=999 -> NULL","logger":"lta_common","filename":"lta_common.py","lineno":143}
{"timestamp":"2026-04-15T14:01:04.258686Z","level":"warning","event":"[SANITIZE] link_id=47500 field=maximum_speed suspicious sentinel value=999 -> NULL","logger":"lta_common","filename":"lta_common.py","lineno":143}
{"timestamp":"2026-04-15T14:01:04.258713Z","level":"warning","event":"[SANITIZE] link_id=47501 field=maximum_speed suspicious sentinel value=999 -> NULL","logger":"lta_common","filename":"lta_common.py","lineno":143}
{"timestamp":"2026-04-15T14:01:04.259187Z","level":"info","event":"[CLEAN DONE] rows=500 | null_speed_band=0 | null_minimum_speed=0 | null_maximum_speed=183","logger":"lta_common","filename":"lta_common.py","lineno":238}
{"timestamp":"2026-04-15T14:01:04.260312Z","level":"info","event":"STEP 5: built cleaned snapshot dataframe rows=500","logger":"2_refresh_traffic_speed","filename":"2_refresh_traffic_speed.py","lineno":44}
{"timestamp":"2026-04-15T14:01:04.260726Z","level":"info","event":"[LATEST PREP] rows=500 | missing_measurement_rows=0","logger":"lta_common","filename":"lta_common.py","lineno":271}
{"timestamp":"2026-04-15T14:01:04.261099Z","level":"info","event":"[UPSERT START] upserting 500 rows into traffic_speed_latest","logger":"lta_common","filename":"lta_common.py","lineno":348}
{"timestamp":"2026-04-15T14:01:04.261481Z","level":"info","event":"[UPSERT DEBUG] max_link_id=47501 | min_link_id=46911 | max_speed_band=8 | min_speed_band=1 | max_minimum_speed=70 | min_minimum_speed=0 | max_maximum_speed=69.0 | min_maximum_speed=9.0","logger":"lta_common","filename":"lta_common.py","lineno":350}
{"timestamp":"2026-04-15T14:01:04.574692Z","level":"info","event":"[UPSERT DONE] upserted=500 rows into traffic_speed_latest","logger":"lta_common","filename":"lta_common.py","lineno":388}
{"timestamp":"2026-04-15T14:01:04.576538Z","level":"info","event":"[SAVE START] inserting 500 rows into traffic_speed_recent","logger":"lta_common","filename":"lta_common.py","lineno":319}
{"timestamp":"2026-04-15T14:01:04.914894Z","level":"info","event":"[SAVE DONE] inserted=500 rows into traffic_speed_recent","logger":"lta_common","filename":"lta_common.py","lineno":337}
{"timestamp":"2026-04-15T14:01:04.915307Z","level":"info","event":"STEP 6: page saved skip=31500 | pages=64 | latest_rows=32000 | recent_rows=32000","logger":"2_refresh_traffic_speed","filename":"2_refresh_traffic_speed.py","lineno":56}
{"timestamp":"2026-04-15T14:01:04.915468Z","level":"info","event":"========== PAGE START ==========","logger":"lta_common","filename":"lta_common.py","lineno":53}
{"timestamp":"2026-04-15T14:01:04.915539Z","level":"info","event":"[FETCH] requesting rows 32000–32499","logger":"lta_common","filename":"lta_common.py","lineno":54}
{"timestamp":"2026-04-15T14:01:04.915679Z","level":"info","event":"Fetching page from LTA: skip=32000","logger":"lta_common","filename":"lta_common.py","lineno":36}
{"timestamp":"2026-04-15T14:01:05.445396Z","level":"info","event":"Retrieved 500 rows from LTA at skip=32000","logger":"lta_common","filename":"lta_common.py","lineno":44}
{"timestamp":"2026-04-15T14:01:05.449201Z","level":"info","event":"[FETCH DONE] retrieved=500 rows at skip=32000","logger":"lta_common","filename":"lta_common.py","lineno":59}
{"timestamp":"2026-04-15T14:01:05.449686Z","level":"info","event":"STEP 4: processing page skip=32000 rows=500","logger":"2_refresh_traffic_speed","filename":"2_refresh_traffic_speed.py","lineno":41}
{"timestamp":"2026-04-15T14:01:05.460074Z","level":"warning","event":"[SANITIZE] link_id=47502 field=maximum_speed suspicious sentinel value=999 -> NULL","logger":"lta_common","filename":"lta_common.py","lineno":143}
{"timestamp":"2026-04-15T14:01:05.460173Z","level":"warning","event":"[SANITIZE] link_id=47503 field=maximum_speed suspicious sentinel value=999 -> NULL","logger":"lta_common","filename":"lta_common.py","lineno":143}
{"timestamp":"2026-04-15T14:01:05.460222Z","level":"warning","event":"[SANITIZE] link_id=47506 field=maximum_speed suspicious sentinel value=999 -> NULL","logger":"lta_common","filename":"lta_common.py","lineno":143}
{"timestamp":"2026-04-15T14:01:05.460264Z","level":"warning","event":"[SANITIZE] link_id=47509 field=maximum_speed suspicious sentinel value=999 -> NULL","logger":"lta_common","filename":"lta_common.py","lineno":143}
{"timestamp":"2026-04-15T14:01:05.460337Z","level":"warning","event":"[SANITIZE] link_id=47522 field=maximum_speed suspicious sentinel value=999 -> NULL","logger":"lta_common","filename":"lta_common.py","lineno":143}
{"timestamp":"2026-04-15T14:01:05.460366Z","level":"warning","event":"[SANITIZE] link_id=47523 field=maximum_speed suspicious sentinel value=999 -> NULL","logger":"lta_common","filename":"lta_common.py","lineno":143}
{"timestamp":"2026-04-15T14:01:05.460406Z","level":"warning","event":"[SANITIZE] link_id=47527 field=maximum_speed suspicious sentinel value=999 -> NULL","logger":"lta_common","filename":"lta_common.py","lineno":143}
{"timestamp":"2026-04-15T14:01:05.460449Z","level":"warning","event":"[SANITIZE] link_id=47528 field=maximum_speed suspicious sentinel value=999 -> NULL","logger":"lta_common","filename":"lta_common.py","lineno":143}
{"timestamp":"2026-04-15T14:01:05.460479Z","level":"warning","event":"[SANITIZE] link_id=47529 field=maximum_speed suspicious sentinel value=999 -> NULL","logger":"lta_common","filename":"lta_common.py","lineno":143}
{"timestamp":"2026-04-15T14:01:05.460507Z","level":"warning","event":"[SANITIZE] link_id=47530 field=maximum_speed suspicious sentinel value=999 -> NULL","logger":"lta_common","filename":"lta_common.py","lineno":143}
{"timestamp":"2026-04-15T14:01:05.460534Z","level":"warning","event":"[SANITIZE] link_id=47531 field=maximum_speed suspicious sentinel value=999 -> NULL","logger":"lta_common","filename":"lta_common.py","lineno":143}
{"timestamp":"2026-04-15T14:01:05.460561Z","level":"warning","event":"[SANITIZE] link_id=47532 field=maximum_speed suspicious sentinel value=999 -> NULL","logger":"lta_common","filename":"lta_common.py","lineno":143}
{"timestamp":"2026-04-15T14:01:05.460664Z","level":"warning","event":"[SANITIZE] link_id=47533 field=maximum_speed suspicious sentinel value=999 -> NULL","logger":"lta_common","filename":"lta_common.py","lineno":143}
{"timestamp":"2026-04-15T14:01:05.460742Z","level":"warning","event":"[SANITIZE] link_id=47534 field=maximum_speed suspicious sentinel value=999 -> NULL","logger":"lta_common","filename":"lta_common.py","lineno":143}
{"timestamp":"2026-04-15T14:01:05.460862Z","level":"warning","event":"[SANITIZE] link_id=47548 field=maximum_speed suspicious sentinel value=999 -> NULL","logger":"lta_common","filename":"lta_common.py","lineno":143}
{"timestamp":"2026-04-15T14:01:05.460898Z","level":"warning","event":"[SANITIZE] link_id=47549 field=maximum_speed suspicious sentinel value=999 -> NULL","logger":"lta_common","filename":"lta_common.py","lineno":143}
{"timestamp":"2026-04-15T14:01:05.460934Z","level":"warning","event":"[SANITIZE] link_id=47550 field=maximum_speed suspicious sentinel value=999 -> NULL","logger":"lta_common","filename":"lta_common.py","lineno":143}
{"timestamp":"2026-04-15T14:01:05.460963Z","level":"warning","event":"[SANITIZE] link_id=47551 field=maximum_speed suspicious sentinel value=999 -> NULL","logger":"lta_common","filename":"lta_common.py","lineno":143}
{"timestamp":"2026-04-15T14:01:05.461032Z","level":"warning","event":"[SANITIZE] link_id=47561 field=maximum_speed suspicious sentinel value=999 -> NULL","logger":"lta_common","filename":"lta_common.py","lineno":143}
{"timestamp":"2026-04-15T14:01:05.461060Z","level":"warning","event":"[SANITIZE] link_id=47562 field=maximum_speed suspicious sentinel value=999 -> NULL","logger":"lta_common","filename":"lta_common.py","lineno":143}
{"timestamp":"2026-04-15T14:01:05.461144Z","level":"warning","event":"[SANITIZE] link_id=47582 field=maximum_speed suspicious sentinel value=999 -> NULL","logger":"lta_common","filename":"lta_common.py","lineno":143}
{"timestamp":"2026-04-15T14:01:05.461294Z","level":"warning","event":"[SANITIZE] link_id=47617 field=maximum_speed suspicious sentinel value=999 -> NULL","logger":"lta_common","filename":"lta_common.py","lineno":143}
{"timestamp":"2026-04-15T14:01:05.461322Z","level":"warning","event":"[SANITIZE] link_id=47618 field=maximum_speed suspicious sentinel value=999 -> NULL","logger":"lta_common","filename":"lta_common.py","lineno":143}
{"timestamp":"2026-04-15T14:01:05.461369Z","level":"warning","event":"[SANITIZE] link_id=47623 field=maximum_speed suspicious sentinel value=999 -> NULL","logger":"lta_common","filename":"lta_common.py","lineno":143}
{"timestamp":"2026-04-15T14:01:05.461399Z","level":"warning","event":"[SANITIZE] link_id=47625 field=maximum_speed suspicious sentinel value=999 -> NULL","logger":"lta_common","filename":"lta_common.py","lineno":143}
{"timestamp":"2026-04-15T14:01:05.461440Z","level":"warning","event":"[SANITIZE] link_id=47630 field=maximum_speed suspicious sentinel value=999 -> NULL","logger":"lta_common","filename":"lta_common.py","lineno":143}
{"timestamp":"2026-04-15T14:01:05.461511Z","level":"warning","event":"[SANITIZE] link_id=47643 field=maximum_speed suspicious sentinel value=999 -> NULL","logger":"lta_common","filename":"lta_common.py","lineno":143}
{"timestamp":"2026-04-15T14:01:05.461538Z","level":"warning","event":"[SANITIZE] link_id=47644 field=maximum_speed suspicious sentinel value=999 -> NULL","logger":"lta_common","filename":"lta_common.py","lineno":143}
{"timestamp":"2026-04-15T14:01:05.461592Z","level":"warning","event":"[SANITIZE] link_id=47650 field=maximum_speed suspicious sentinel value=999 -> NULL","logger":"lta_common","filename":"lta_common.py","lineno":143}
{"timestamp":"2026-04-15T14:01:05.461671Z","level":"warning","event":"[SANITIZE] link_id=47666 field=maximum_speed suspicious sentinel value=999 -> NULL","logger":"lta_common","filename":"lta_common.py","lineno":143}
{"timestamp":"2026-04-15T14:01:05.461738Z","level":"warning","event":"[SANITIZE] link_id=47679 field=maximum_speed suspicious sentinel value=999 -> NULL","logger":"lta_common","filename":"lta_common.py","lineno":143}
{"timestamp":"2026-04-15T14:01:05.461766Z","level":"warning","event":"[SANITIZE] link_id=47680 field=maximum_speed suspicious sentinel value=999 -> NULL","logger":"lta_common","filename":"lta_common.py","lineno":143}
{"timestamp":"2026-04-15T14:01:05.461797Z","level":"warning","event":"[SANITIZE] link_id=47681 field=maximum_speed suspicious sentinel value=999 -> NULL","logger":"lta_common","filename":"lta_common.py","lineno":143}
{"timestamp":"2026-04-15T14:01:05.461824Z","level":"warning","event":"[SANITIZE] link_id=47682 field=maximum_speed suspicious sentinel value=999 -> NULL","logger":"lta_common","filename":"lta_common.py","lineno":143}
{"timestamp":"2026-04-15T14:01:05.461850Z","level":"warning","event":"[SANITIZE] link_id=47683 field=maximum_speed suspicious sentinel value=999 -> NULL","logger":"lta_common","filename":"lta_common.py","lineno":143}
{"timestamp":"2026-04-15T14:01:05.461878Z","level":"warning","event":"[SANITIZE] link_id=47684 field=maximum_speed suspicious sentinel value=999 -> NULL","logger":"lta_common","filename":"lta_common.py","lineno":143}
{"timestamp":"2026-04-15T14:01:05.461904Z","level":"warning","event":"[SANITIZE] link_id=47685 field=maximum_speed suspicious sentinel value=999 -> NULL","logger":"lta_common","filename":"lta_common.py","lineno":143}
{"timestamp":"2026-04-15T14:01:05.461941Z","level":"warning","event":"[SANITIZE] link_id=47686 field=maximum_speed suspicious sentinel value=999 -> NULL","logger":"lta_common","filename":"lta_common.py","lineno":143}
{"timestamp":"2026-04-15T14:01:05.461967Z","level":"warning","event":"[SANITIZE] link_id=47687 field=maximum_speed suspicious sentinel value=999 -> NULL","logger":"lta_common","filename":"lta_common.py","lineno":143}
{"timestamp":"2026-04-15T14:01:05.461994Z","level":"warning","event":"[SANITIZE] link_id=47690 field=maximum_speed suspicious sentinel value=999 -> NULL","logger":"lta_common","filename":"lta_common.py","lineno":143}
{"timestamp":"2026-04-15T14:01:05.462019Z","level":"warning","event":"[SANITIZE] link_id=47691 field=maximum_speed suspicious sentinel value=999 -> NULL","logger":"lta_common","filename":"lta_common.py","lineno":143}
{"timestamp":"2026-04-15T14:01:05.462045Z","level":"warning","event":"[SANITIZE] link_id=47693 field=maximum_speed suspicious sentinel value=999 -> NULL","logger":"lta_common","filename":"lta_common.py","lineno":143}
{"timestamp":"2026-04-15T14:01:05.462073Z","level":"warning","event":"[SANITIZE] link_id=47694 field=maximum_speed suspicious sentinel value=999 -> NULL","logger":"lta_common","filename":"lta_common.py","lineno":143}
{"timestamp":"2026-04-15T14:01:05.462110Z","level":"warning","event":"[SANITIZE] link_id=47695 field=maximum_speed suspicious sentinel value=999 -> NULL","logger":"lta_common","filename":"lta_common.py","lineno":143}
{"timestamp":"2026-04-15T14:01:05.462145Z","level":"warning","event":"[SANITIZE] link_id=47697 field=maximum_speed suspicious sentinel value=999 -> NULL","logger":"lta_common","filename":"lta_common.py","lineno":143}
{"timestamp":"2026-04-15T14:01:05.462192Z","level":"warning","event":"[SANITIZE] link_id=47705 field=maximum_speed suspicious sentinel value=999 -> NULL","logger":"lta_common","filename":"lta_common.py","lineno":143}
{"timestamp":"2026-04-15T14:01:05.462232Z","level":"warning","event":"[SANITIZE] link_id=47710 field=maximum_speed suspicious sentinel value=999 -> NULL","logger":"lta_common","filename":"lta_common.py","lineno":143}
{"timestamp":"2026-04-15T14:01:05.462258Z","level":"warning","event":"[SANITIZE] link_id=47711 field=maximum_speed suspicious sentinel value=999 -> NULL","logger":"lta_common","filename":"lta_common.py","lineno":143}
{"timestamp":"2026-04-15T14:01:05.462358Z","level":"warning","event":"[SANITIZE] link_id=47736 field=maximum_speed suspicious sentinel value=999 -> NULL","logger":"lta_common","filename":"lta_common.py","lineno":143}
{"timestamp":"2026-04-15T14:01:05.462384Z","level":"warning","event":"[SANITIZE] link_id=47737 field=maximum_speed suspicious sentinel value=999 -> NULL","logger":"lta_common","filename":"lta_common.py","lineno":143}
{"timestamp":"2026-04-15T14:01:05.462410Z","level":"warning","event":"[SANITIZE] link_id=47738 field=maximum_speed suspicious sentinel value=999 -> NULL","logger":"lta_common","filename":"lta_common.py","lineno":143}
{"timestamp":"2026-04-15T14:01:05.462435Z","level":"warning","event":"[SANITIZE] link_id=47739 field=maximum_speed suspicious sentinel value=999 -> NULL","logger":"lta_common","filename":"lta_common.py","lineno":143}
{"timestamp":"2026-04-15T14:01:05.462466Z","level":"warning","event":"[SANITIZE] link_id=47741 field=maximum_speed suspicious sentinel value=999 -> NULL","logger":"lta_common","filename":"lta_common.py","lineno":143}
{"timestamp":"2026-04-15T14:01:05.462492Z","level":"warning","event":"[SANITIZE] link_id=47742 field=maximum_speed suspicious sentinel value=999 -> NULL","logger":"lta_common","filename":"lta_common.py","lineno":143}
{"timestamp":"2026-04-15T14:01:05.462518Z","level":"warning","event":"[SANITIZE] link_id=47743 field=maximum_speed suspicious sentinel value=999 -> NULL","logger":"lta_common","filename":"lta_common.py","lineno":143}
{"timestamp":"2026-04-15T14:01:05.462554Z","level":"warning","event":"[SANITIZE] link_id=47747 field=maximum_speed suspicious sentinel value=999 -> NULL","logger":"lta_common","filename":"lta_common.py","lineno":143}
{"timestamp":"2026-04-15T14:01:05.462592Z","level":"warning","event":"[SANITIZE] link_id=47748 field=maximum_speed suspicious sentinel value=999 -> NULL","logger":"lta_common","filename":"lta_common.py","lineno":143}
{"timestamp":"2026-04-15T14:01:05.462629Z","level":"warning","event":"[SANITIZE] link_id=47749 field=maximum_speed suspicious sentinel value=999 -> NULL","logger":"lta_common","filename":"lta_common.py","lineno":143}
{"timestamp":"2026-04-15T14:01:05.462667Z","level":"warning","event":"[SANITIZE] link_id=47750 field=maximum_speed suspicious sentinel value=999 -> NULL","logger":"lta_common","filename":"lta_common.py","lineno":143}
{"timestamp":"2026-04-15T14:01:05.462698Z","level":"warning","event":"[SANITIZE] link_id=47751 field=maximum_speed suspicious sentinel value=999 -> NULL","logger":"lta_common","filename":"lta_common.py","lineno":143}
{"timestamp":"2026-04-15T14:01:05.462724Z","level":"warning","event":"[SANITIZE] link_id=47752 field=maximum_speed suspicious sentinel value=999 -> NULL","logger":"lta_common","filename":"lta_common.py","lineno":143}
{"timestamp":"2026-04-15T14:01:05.462749Z","level":"warning","event":"[SANITIZE] link_id=47753 field=maximum_speed suspicious sentinel value=999 -> NULL","logger":"lta_common","filename":"lta_common.py","lineno":143}
{"timestamp":"2026-04-15T14:01:05.462775Z","level":"warning","event":"[SANITIZE] link_id=47754 field=maximum_speed suspicious sentinel value=999 -> NULL","logger":"lta_common","filename":"lta_common.py","lineno":143}
{"timestamp":"2026-04-15T14:01:05.462801Z","level":"warning","event":"[SANITIZE] link_id=47755 field=maximum_speed suspicious sentinel value=999 -> NULL","logger":"lta_common","filename":"lta_common.py","lineno":143}
{"timestamp":"2026-04-15T14:01:05.462861Z","level":"warning","event":"[SANITIZE] link_id=47774 field=maximum_speed suspicious sentinel value=999 -> NULL","logger":"lta_common","filename":"lta_common.py","lineno":143}
{"timestamp":"2026-04-15T14:01:05.462897Z","level":"warning","event":"[SANITIZE] link_id=47783 field=maximum_speed suspicious sentinel value=999 -> NULL","logger":"lta_common","filename":"lta_common.py","lineno":143}
{"timestamp":"2026-04-15T14:01:05.462924Z","level":"warning","event":"[SANITIZE] link_id=47784 field=maximum_speed suspicious sentinel value=999 -> NULL","logger":"lta_common","filename":"lta_common.py","lineno":143}
{"timestamp":"2026-04-15T14:01:05.462950Z","level":"warning","event":"[SANITIZE] link_id=47785 field=maximum_speed suspicious sentinel value=999 -> NULL","logger":"lta_common","filename":"lta_common.py","lineno":143}
{"timestamp":"2026-04-15T14:01:05.462977Z","level":"warning","event":"[SANITIZE] link_id=47786 field=maximum_speed suspicious sentinel value=999 -> NULL","logger":"lta_common","filename":"lta_common.py","lineno":143}
{"timestamp":"2026-04-15T14:01:05.463003Z","level":"warning","event":"[SANITIZE] link_id=47787 field=maximum_speed suspicious sentinel value=999 -> NULL","logger":"lta_common","filename":"lta_common.py","lineno":143}
{"timestamp":"2026-04-15T14:01:05.463029Z","level":"warning","event":"[SANITIZE] link_id=47788 field=maximum_speed suspicious sentinel value=999 -> NULL","logger":"lta_common","filename":"lta_common.py","lineno":143}
{"timestamp":"2026-04-15T14:01:05.463054Z","level":"warning","event":"[SANITIZE] link_id=47791 field=maximum_speed suspicious sentinel value=999 -> NULL","logger":"lta_common","filename":"lta_common.py","lineno":143}
{"timestamp":"2026-04-15T14:01:05.463080Z","level":"warning","event":"[SANITIZE] link_id=47792 field=maximum_speed suspicious sentinel value=999 -> NULL","logger":"lta_common","filename":"lta_common.py","lineno":143}
{"timestamp":"2026-04-15T14:01:05.463106Z","level":"warning","event":"[SANITIZE] link_id=47793 field=maximum_speed suspicious sentinel value=999 -> NULL","logger":"lta_common","filename":"lta_common.py","lineno":143}
{"timestamp":"2026-04-15T14:01:05.463148Z","level":"warning","event":"[SANITIZE] link_id=47800 field=maximum_speed suspicious sentinel value=999 -> NULL","logger":"lta_common","filename":"lta_common.py","lineno":143}
{"timestamp":"2026-04-15T14:01:05.463174Z","level":"warning","event":"[SANITIZE] link_id=47801 field=maximum_speed suspicious sentinel value=999 -> NULL","logger":"lta_common","filename":"lta_common.py","lineno":143}
{"timestamp":"2026-04-15T14:01:05.463199Z","level":"warning","event":"[SANITIZE] link_id=47802 field=maximum_speed suspicious sentinel value=999 -> NULL","logger":"lta_common","filename":"lta_common.py","lineno":143}
{"timestamp":"2026-04-15T14:01:05.463242Z","level":"warning","event":"[SANITIZE] link_id=47810 field=maximum_speed suspicious sentinel value=999 -> NULL","logger":"lta_common","filename":"lta_common.py","lineno":143}
{"timestamp":"2026-04-15T14:01:05.463275Z","level":"warning","event":"[SANITIZE] link_id=47813 field=maximum_speed suspicious sentinel value=999 -> NULL","logger":"lta_common","filename":"lta_common.py","lineno":143}
{"timestamp":"2026-04-15T14:01:05.463301Z","level":"warning","event":"[SANITIZE] link_id=47814 field=maximum_speed suspicious sentinel value=999 -> NULL","logger":"lta_common","filename":"lta_common.py","lineno":143}
{"timestamp":"2026-04-15T14:01:05.463326Z","level":"warning","event":"[SANITIZE] link_id=47815 field=maximum_speed suspicious sentinel value=999 -> NULL","logger":"lta_common","filename":"lta_common.py","lineno":143}
{"timestamp":"2026-04-15T14:01:05.463389Z","level":"warning","event":"[SANITIZE] link_id=47829 field=maximum_speed suspicious sentinel value=999 -> NULL","logger":"lta_common","filename":"lta_common.py","lineno":143}
{"timestamp":"2026-04-15T14:01:05.463416Z","level":"warning","event":"[SANITIZE] link_id=47830 field=maximum_speed suspicious sentinel value=999 -> NULL","logger":"lta_common","filename":"lta_common.py","lineno":143}
{"timestamp":"2026-04-15T14:01:05.463442Z","level":"warning","event":"[SANITIZE] link_id=47831 field=maximum_speed suspicious sentinel value=999 -> NULL","logger":"lta_common","filename":"lta_common.py","lineno":143}
{"timestamp":"2026-04-15T14:01:05.463485Z","level":"warning","event":"[SANITIZE] link_id=47837 field=maximum_speed suspicious sentinel value=999 -> NULL","logger":"lta_common","filename":"lta_common.py","lineno":143}
{"timestamp":"2026-04-15T14:01:05.463511Z","level":"warning","event":"[SANITIZE] link_id=47838 field=maximum_speed suspicious sentinel value=999 -> NULL","logger":"lta_common","filename":"lta_common.py","lineno":143}
{"timestamp":"2026-04-15T14:01:05.463538Z","level":"warning","event":"[SANITIZE] link_id=47839 field=maximum_speed suspicious sentinel value=999 -> NULL","logger":"lta_common","filename":"lta_common.py","lineno":143}
{"timestamp":"2026-04-15T14:01:05.463572Z","level":"warning","event":"[SANITIZE] link_id=47840 field=maximum_speed suspicious sentinel value=999 -> NULL","logger":"lta_common","filename":"lta_common.py","lineno":143}
{"timestamp":"2026-04-15T14:01:05.463607Z","level":"warning","event":"[SANITIZE] link_id=47841 field=maximum_speed suspicious sentinel value=999 -> NULL","logger":"lta_common","filename":"lta_common.py","lineno":143}
{"timestamp":"2026-04-15T14:01:05.463637Z","level":"warning","event":"[SANITIZE] link_id=47843 field=maximum_speed suspicious sentinel value=999 -> NULL","logger":"lta_common","filename":"lta_common.py","lineno":143}
{"timestamp":"2026-04-15T14:01:05.463663Z","level":"warning","event":"[SANITIZE] link_id=47844 field=maximum_speed suspicious sentinel value=999 -> NULL","logger":"lta_common","filename":"lta_common.py","lineno":143}
{"timestamp":"2026-04-15T14:01:05.463690Z","level":"warning","event":"[SANITIZE] link_id=47845 field=maximum_speed suspicious sentinel value=999 -> NULL","logger":"lta_common","filename":"lta_common.py","lineno":143}
{"timestamp":"2026-04-15T14:01:05.463716Z","level":"warning","event":"[SANITIZE] link_id=47846 field=maximum_speed suspicious sentinel value=999 -> NULL","logger":"lta_common","filename":"lta_common.py","lineno":143}
{"timestamp":"2026-04-15T14:01:05.463744Z","level":"warning","event":"[SANITIZE] link_id=47847 field=maximum_speed suspicious sentinel value=999 -> NULL","logger":"lta_common","filename":"lta_common.py","lineno":143}
{"timestamp":"2026-04-15T14:01:05.463803Z","level":"warning","event":"[SANITIZE] link_id=47856 field=maximum_speed suspicious sentinel value=999 -> NULL","logger":"lta_common","filename":"lta_common.py","lineno":143}
{"timestamp":"2026-04-15T14:01:05.463835Z","level":"warning","event":"[SANITIZE] link_id=47858 field=maximum_speed suspicious sentinel value=999 -> NULL","logger":"lta_common","filename":"lta_common.py","lineno":143}
{"timestamp":"2026-04-15T14:01:05.463861Z","level":"warning","event":"[SANITIZE] link_id=47859 field=maximum_speed suspicious sentinel value=999 -> NULL","logger":"lta_common","filename":"lta_common.py","lineno":143}
{"timestamp":"2026-04-15T14:01:05.463901Z","level":"warning","event":"[SANITIZE] link_id=47867 field=maximum_speed suspicious sentinel value=999 -> NULL","logger":"lta_common","filename":"lta_common.py","lineno":143}
{"timestamp":"2026-04-15T14:01:05.463928Z","level":"warning","event":"[SANITIZE] link_id=47868 field=maximum_speed suspicious sentinel value=999 -> NULL","logger":"lta_common","filename":"lta_common.py","lineno":143}
{"timestamp":"2026-04-15T14:01:05.463954Z","level":"warning","event":"[SANITIZE] link_id=47871 field=maximum_speed suspicious sentinel value=999 -> NULL","logger":"lta_common","filename":"lta_common.py","lineno":143}
{"timestamp":"2026-04-15T14:01:05.463980Z","level":"warning","event":"[SANITIZE] link_id=47872 field=maximum_speed suspicious sentinel value=999 -> NULL","logger":"lta_common","filename":"lta_common.py","lineno":143}
{"timestamp":"2026-04-15T14:01:05.464036Z","level":"warning","event":"[SANITIZE] link_id=47888 field=maximum_speed suspicious sentinel value=999 -> NULL","logger":"lta_common","filename":"lta_common.py","lineno":143}
{"timestamp":"2026-04-15T14:01:05.464072Z","level":"warning","event":"[SANITIZE] link_id=47890 field=maximum_speed suspicious sentinel value=999 -> NULL","logger":"lta_common","filename":"lta_common.py","lineno":143}
{"timestamp":"2026-04-15T14:01:05.464100Z","level":"warning","event":"[SANITIZE] link_id=47891 field=maximum_speed suspicious sentinel value=999 -> NULL","logger":"lta_common","filename":"lta_common.py","lineno":143}
{"timestamp":"2026-04-15T14:01:05.464126Z","level":"warning","event":"[SANITIZE] link_id=47892 field=maximum_speed suspicious sentinel value=999 -> NULL","logger":"lta_common","filename":"lta_common.py","lineno":143}
{"timestamp":"2026-04-15T14:01:05.464246Z","level":"warning","event":"[SANITIZE] link_id=47939 field=maximum_speed suspicious sentinel value=999 -> NULL","logger":"lta_common","filename":"lta_common.py","lineno":143}
{"timestamp":"2026-04-15T14:01:05.464285Z","level":"warning","event":"[SANITIZE] link_id=47944 field=maximum_speed suspicious sentinel value=999 -> NULL","logger":"lta_common","filename":"lta_common.py","lineno":143}
{"timestamp":"2026-04-15T14:01:05.464312Z","level":"warning","event":"[SANITIZE] link_id=47947 field=maximum_speed suspicious sentinel value=999 -> NULL","logger":"lta_common","filename":"lta_common.py","lineno":143}
{"timestamp":"2026-04-15T14:01:05.464348Z","level":"warning","event":"[SANITIZE] link_id=47952 field=maximum_speed suspicious sentinel value=999 -> NULL","logger":"lta_common","filename":"lta_common.py","lineno":143}
{"timestamp":"2026-04-15T14:01:05.464384Z","level":"warning","event":"[SANITIZE] link_id=47957 field=maximum_speed suspicious sentinel value=999 -> NULL","logger":"lta_common","filename":"lta_common.py","lineno":143}
{"timestamp":"2026-04-15T14:01:05.464416Z","level":"warning","event":"[SANITIZE] link_id=47960 field=maximum_speed suspicious sentinel value=999 -> NULL","logger":"lta_common","filename":"lta_common.py","lineno":143}
{"timestamp":"2026-04-15T14:01:05.464442Z","level":"warning","event":"[SANITIZE] link_id=47961 field=maximum_speed suspicious sentinel value=999 -> NULL","logger":"lta_common","filename":"lta_common.py","lineno":143}
{"timestamp":"2026-04-15T14:01:05.464468Z","level":"warning","event":"[SANITIZE] link_id=47962 field=maximum_speed suspicious sentinel value=999 -> NULL","logger":"lta_common","filename":"lta_common.py","lineno":143}
{"timestamp":"2026-04-15T14:01:05.464521Z","level":"warning","event":"[SANITIZE] link_id=47974 field=maximum_speed suspicious sentinel value=999 -> NULL","logger":"lta_common","filename":"lta_common.py","lineno":143}
{"timestamp":"2026-04-15T14:01:05.464547Z","level":"warning","event":"[SANITIZE] link_id=47975 field=maximum_speed suspicious sentinel value=999 -> NULL","logger":"lta_common","filename":"lta_common.py","lineno":143}
{"timestamp":"2026-04-15T14:01:05.464584Z","level":"warning","event":"[SANITIZE] link_id=47976 field=maximum_speed suspicious sentinel value=999 -> NULL","logger":"lta_common","filename":"lta_common.py","lineno":143}
{"timestamp":"2026-04-15T14:01:05.464636Z","level":"warning","event":"[SANITIZE] link_id=47977 field=maximum_speed suspicious sentinel value=999 -> NULL","logger":"lta_common","filename":"lta_common.py","lineno":143}
{"timestamp":"2026-04-15T14:01:05.464664Z","level":"warning","event":"[SANITIZE] link_id=47978 field=maximum_speed suspicious sentinel value=999 -> NULL","logger":"lta_common","filename":"lta_common.py","lineno":143}
{"timestamp":"2026-04-15T14:01:05.464690Z","level":"warning","event":"[SANITIZE] link_id=47980 field=maximum_speed suspicious sentinel value=999 -> NULL","logger":"lta_common","filename":"lta_common.py","lineno":143}
{"timestamp":"2026-04-15T14:01:05.464736Z","level":"warning","event":"[SANITIZE] link_id=47985 field=maximum_speed suspicious sentinel value=999 -> NULL","logger":"lta_common","filename":"lta_common.py","lineno":143}
{"timestamp":"2026-04-15T14:01:05.464776Z","level":"warning","event":"[SANITIZE] link_id=47986 field=maximum_speed suspicious sentinel value=999 -> NULL","logger":"lta_common","filename":"lta_common.py","lineno":143}
{"timestamp":"2026-04-15T14:01:05.464803Z","level":"warning","event":"[SANITIZE] link_id=47987 field=maximum_speed suspicious sentinel value=999 -> NULL","logger":"lta_common","filename":"lta_common.py","lineno":143}
{"timestamp":"2026-04-15T14:01:05.464829Z","level":"warning","event":"[SANITIZE] link_id=47988 field=maximum_speed suspicious sentinel value=999 -> NULL","logger":"lta_common","filename":"lta_common.py","lineno":143}
{"timestamp":"2026-04-15T14:01:05.464893Z","level":"warning","event":"[SANITIZE] link_id=48001 field=maximum_speed suspicious sentinel value=999 -> NULL","logger":"lta_common","filename":"lta_common.py","lineno":143}
{"timestamp":"2026-04-15T14:01:05.464940Z","level":"warning","event":"[SANITIZE] link_id=48005 field=maximum_speed suspicious sentinel value=999 -> NULL","logger":"lta_common","filename":"lta_common.py","lineno":143}
{"timestamp":"2026-04-15T14:01:05.464967Z","level":"warning","event":"[SANITIZE] link_id=48006 field=maximum_speed suspicious sentinel value=999 -> NULL","logger":"lta_common","filename":"lta_common.py","lineno":143}
{"timestamp":"2026-04-15T14:01:05.464993Z","level":"warning","event":"[SANITIZE] link_id=48008 field=maximum_speed suspicious sentinel value=999 -> NULL","logger":"lta_common","filename":"lta_common.py","lineno":143}
{"timestamp":"2026-04-15T14:01:05.465019Z","level":"warning","event":"[SANITIZE] link_id=48009 field=maximum_speed suspicious sentinel value=999 -> NULL","logger":"lta_common","filename":"lta_common.py","lineno":143}
{"timestamp":"2026-04-15T14:01:05.465046Z","level":"warning","event":"[SANITIZE] link_id=48010 field=maximum_speed suspicious sentinel value=999 -> NULL","logger":"lta_common","filename":"lta_common.py","lineno":143}
{"timestamp":"2026-04-15T14:01:05.465076Z","level":"warning","event":"[SANITIZE] link_id=48011 field=maximum_speed suspicious sentinel value=999 -> NULL","logger":"lta_common","filename":"lta_common.py","lineno":143}
{"timestamp":"2026-04-15T14:01:05.465102Z","level":"warning","event":"[SANITIZE] link_id=48012 field=maximum_speed suspicious sentinel value=999 -> NULL","logger":"lta_common","filename":"lta_common.py","lineno":143}
{"timestamp":"2026-04-15T14:01:05.465150Z","level":"warning","event":"[SANITIZE] link_id=48022 field=maximum_speed suspicious sentinel value=999 -> NULL","logger":"lta_common","filename":"lta_common.py","lineno":143}
{"timestamp":"2026-04-15T14:01:05.465181Z","level":"warning","event":"[SANITIZE] link_id=48023 field=maximum_speed suspicious sentinel value=999 -> NULL","logger":"lta_common","filename":"lta_common.py","lineno":143}
{"timestamp":"2026-04-15T14:01:05.465207Z","level":"warning","event":"[SANITIZE] link_id=48024 field=maximum_speed suspicious sentinel value=999 -> NULL","logger":"lta_common","filename":"lta_common.py","lineno":143}
{"timestamp":"2026-04-15T14:01:05.465233Z","level":"warning","event":"[SANITIZE] link_id=48025 field=maximum_speed suspicious sentinel value=999 -> NULL","logger":"lta_common","filename":"lta_common.py","lineno":143}
{"timestamp":"2026-04-15T14:01:05.465260Z","level":"warning","event":"[SANITIZE] link_id=48026 field=maximum_speed suspicious sentinel value=999 -> NULL","logger":"lta_common","filename":"lta_common.py","lineno":143}
{"timestamp":"2026-04-15T14:01:05.465296Z","level":"warning","event":"[SANITIZE] link_id=48030 field=maximum_speed suspicious sentinel value=999 -> NULL","logger":"lta_common","filename":"lta_common.py","lineno":143}
{"timestamp":"2026-04-15T14:01:05.465333Z","level":"warning","event":"[SANITIZE] link_id=48031 field=maximum_speed suspicious sentinel value=999 -> NULL","logger":"lta_common","filename":"lta_common.py","lineno":143}
{"timestamp":"2026-04-15T14:01:05.465359Z","level":"warning","event":"[SANITIZE] link_id=48032 field=maximum_speed suspicious sentinel value=999 -> NULL","logger":"lta_common","filename":"lta_common.py","lineno":143}
{"timestamp":"2026-04-15T14:01:05.465386Z","level":"warning","event":"[SANITIZE] link_id=48033 field=maximum_speed suspicious sentinel value=999 -> NULL","logger":"lta_common","filename":"lta_common.py","lineno":143}
{"timestamp":"2026-04-15T14:01:05.465414Z","level":"warning","event":"[SANITIZE] link_id=48034 field=maximum_speed suspicious sentinel value=999 -> NULL","logger":"lta_common","filename":"lta_common.py","lineno":143}
{"timestamp":"2026-04-15T14:01:05.465440Z","level":"warning","event":"[SANITIZE] link_id=48035 field=maximum_speed suspicious sentinel value=999 -> NULL","logger":"lta_common","filename":"lta_common.py","lineno":143}
{"timestamp":"2026-04-15T14:01:05.465466Z","level":"warning","event":"[SANITIZE] link_id=48036 field=maximum_speed suspicious sentinel value=999 -> NULL","logger":"lta_common","filename":"lta_common.py","lineno":143}
{"timestamp":"2026-04-15T14:01:05.465503Z","level":"warning","event":"[SANITIZE] link_id=48037 field=maximum_speed suspicious sentinel value=999 -> NULL","logger":"lta_common","filename":"lta_common.py","lineno":143}
{"timestamp":"2026-04-15T14:01:05.465529Z","level":"warning","event":"[SANITIZE] link_id=48038 field=maximum_speed suspicious sentinel value=999 -> NULL","logger":"lta_common","filename":"lta_common.py","lineno":143}
{"timestamp":"2026-04-15T14:01:05.465555Z","level":"warning","event":"[SANITIZE] link_id=48039 field=maximum_speed suspicious sentinel value=999 -> NULL","logger":"lta_common","filename":"lta_common.py","lineno":143}
{"timestamp":"2026-04-15T14:01:05.465594Z","level":"warning","event":"[SANITIZE] link_id=48043 field=maximum_speed suspicious sentinel value=999 -> NULL","logger":"lta_common","filename":"lta_common.py","lineno":143}
{"timestamp":"2026-04-15T14:01:05.465641Z","level":"warning","event":"[SANITIZE] link_id=48048 field=maximum_speed suspicious sentinel value=999 -> NULL","logger":"lta_common","filename":"lta_common.py","lineno":143}
{"timestamp":"2026-04-15T14:01:05.465671Z","level":"warning","event":"[SANITIZE] link_id=48049 field=maximum_speed suspicious sentinel value=999 -> NULL","logger":"lta_common","filename":"lta_common.py","lineno":143}
{"timestamp":"2026-04-15T14:01:05.465699Z","level":"warning","event":"[SANITIZE] link_id=48051 field=maximum_speed suspicious sentinel value=999 -> NULL","logger":"lta_common","filename":"lta_common.py","lineno":143}
{"timestamp":"2026-04-15T14:01:05.465725Z","level":"warning","event":"[SANITIZE] link_id=48055 field=maximum_speed suspicious sentinel value=999 -> NULL","logger":"lta_common","filename":"lta_common.py","lineno":143}
{"timestamp":"2026-04-15T14:01:05.465758Z","level":"warning","event":"[SANITIZE] link_id=48060 field=maximum_speed suspicious sentinel value=999 -> NULL","logger":"lta_common","filename":"lta_common.py","lineno":143}
{"timestamp":"2026-04-15T14:01:05.465795Z","level":"warning","event":"[SANITIZE] link_id=48068 field=maximum_speed suspicious sentinel value=999 -> NULL","logger":"lta_common","filename":"lta_common.py","lineno":143}
{"timestamp":"2026-04-15T14:01:05.465823Z","level":"warning","event":"[SANITIZE] link_id=48069 field=maximum_speed suspicious sentinel value=999 -> NULL","logger":"lta_common","filename":"lta_common.py","lineno":143}
{"timestamp":"2026-04-15T14:01:05.465862Z","level":"warning","event":"[SANITIZE] link_id=48076 field=maximum_speed suspicious sentinel value=999 -> NULL","logger":"lta_common","filename":"lta_common.py","lineno":143}
{"timestamp":"2026-04-15T14:01:05.465893Z","level":"warning","event":"[SANITIZE] link_id=48077 field=maximum_speed suspicious sentinel value=999 -> NULL","logger":"lta_common","filename":"lta_common.py","lineno":143}
{"timestamp":"2026-04-15T14:01:05.465920Z","level":"warning","event":"[SANITIZE] link_id=48078 field=maximum_speed suspicious sentinel value=999 -> NULL","logger":"lta_common","filename":"lta_common.py","lineno":143}
{"timestamp":"2026-04-15T14:01:05.465946Z","level":"warning","event":"[SANITIZE] link_id=48079 field=maximum_speed suspicious sentinel value=999 -> NULL","logger":"lta_common","filename":"lta_common.py","lineno":143}
{"timestamp":"2026-04-15T14:01:05.465972Z","level":"warning","event":"[SANITIZE] link_id=48082 field=maximum_speed suspicious sentinel value=999 -> NULL","logger":"lta_common","filename":"lta_common.py","lineno":143}
{"timestamp":"2026-04-15T14:01:05.465998Z","level":"warning","event":"[SANITIZE] link_id=48083 field=maximum_speed suspicious sentinel value=999 -> NULL","logger":"lta_common","filename":"lta_common.py","lineno":143}
{"timestamp":"2026-04-15T14:01:05.466023Z","level":"warning","event":"[SANITIZE] link_id=48084 field=maximum_speed suspicious sentinel value=999 -> NULL","logger":"lta_common","filename":"lta_common.py","lineno":143}
{"timestamp":"2026-04-15T14:01:05.466061Z","level":"warning","event":"[SANITIZE] link_id=48085 field=maximum_speed suspicious sentinel value=999 -> NULL","logger":"lta_common","filename":"lta_common.py","lineno":143}
{"timestamp":"2026-04-15T14:01:05.466086Z","level":"warning","event":"[SANITIZE] link_id=48086 field=maximum_speed suspicious sentinel value=999 -> NULL","logger":"lta_common","filename":"lta_common.py","lineno":143}
{"timestamp":"2026-04-15T14:01:05.466123Z","level":"warning","event":"[SANITIZE] link_id=48093 field=maximum_speed suspicious sentinel value=999 -> NULL","logger":"lta_common","filename":"lta_common.py","lineno":143}
{"timestamp":"2026-04-15T14:01:05.466149Z","level":"warning","event":"[SANITIZE] link_id=48094 field=maximum_speed suspicious sentinel value=999 -> NULL","logger":"lta_common","filename":"lta_common.py","lineno":143}
{"timestamp":"2026-04-15T14:01:05.466175Z","level":"warning","event":"[SANITIZE] link_id=48095 field=maximum_speed suspicious sentinel value=999 -> NULL","logger":"lta_common","filename":"lta_common.py","lineno":143}
{"timestamp":"2026-04-15T14:01:05.466200Z","level":"warning","event":"[SANITIZE] link_id=48096 field=maximum_speed suspicious sentinel value=999 -> NULL","logger":"lta_common","filename":"lta_common.py","lineno":143}
{"timestamp":"2026-04-15T14:01:05.466252Z","level":"warning","event":"[SANITIZE] link_id=48105 field=maximum_speed suspicious sentinel value=999 -> NULL","logger":"lta_common","filename":"lta_common.py","lineno":143}
{"timestamp":"2026-04-15T14:01:05.466750Z","level":"info","event":"[CLEAN DONE] rows=500 | null_speed_band=0 | null_minimum_speed=0 | null_maximum_speed=168","logger":"lta_common","filename":"lta_common.py","lineno":238}
{"timestamp":"2026-04-15T14:01:05.467805Z","level":"info","event":"STEP 5: built cleaned snapshot dataframe rows=500","logger":"2_refresh_traffic_speed","filename":"2_refresh_traffic_speed.py","lineno":44}
{"timestamp":"2026-04-15T14:01:05.468190Z","level":"info","event":"[LATEST PREP] rows=500 | missing_measurement_rows=0","logger":"lta_common","filename":"lta_common.py","lineno":271}
{"timestamp":"2026-04-15T14:01:05.468495Z","level":"info","event":"[UPSERT START] upserting 500 rows into traffic_speed_latest","logger":"lta_common","filename":"lta_common.py","lineno":348}
{"timestamp":"2026-04-15T14:01:05.468883Z","level":"info","event":"[UPSERT DEBUG] max_link_id=48105 | min_link_id=47502 | max_speed_band=8 | min_speed_band=2 | max_minimum_speed=70 | min_minimum_speed=10 | max_maximum_speed=69.0 | min_maximum_speed=19.0","logger":"lta_common","filename":"lta_common.py","lineno":350}
{"timestamp":"2026-04-15T14:01:05.780419Z","level":"info","event":"[UPSERT DONE] upserted=500 rows into traffic_speed_latest","logger":"lta_common","filename":"lta_common.py","lineno":388}
{"timestamp":"2026-04-15T14:01:05.783065Z","level":"info","event":"[SAVE START] inserting 500 rows into traffic_speed_recent","logger":"lta_common","filename":"lta_common.py","lineno":319}
{"timestamp":"2026-04-15T14:01:06.135965Z","level":"info","event":"[SAVE DONE] inserted=500 rows into traffic_speed_recent","logger":"lta_common","filename":"lta_common.py","lineno":337}
{"timestamp":"2026-04-15T14:01:06.136259Z","level":"info","event":"STEP 6: page saved skip=32000 | pages=65 | latest_rows=32500 | recent_rows=32500","logger":"2_refresh_traffic_speed","filename":"2_refresh_traffic_speed.py","lineno":56}
{"timestamp":"2026-04-15T14:01:06.136506Z","level":"info","event":"========== PAGE START ==========","logger":"lta_common","filename":"lta_common.py","lineno":53}
{"timestamp":"2026-04-15T14:01:06.136773Z","level":"info","event":"[FETCH] requesting rows 32500–32999","logger":"lta_common","filename":"lta_common.py","lineno":54}
{"timestamp":"2026-04-15T14:01:06.136967Z","level":"info","event":"Fetching page from LTA: skip=32500","logger":"lta_common","filename":"lta_common.py","lineno":36}
{"timestamp":"2026-04-15T14:01:06.386160Z","level":"info","event":"Retrieved 500 rows from LTA at skip=32500","logger":"lta_common","filename":"lta_common.py","lineno":44}
{"timestamp":"2026-04-15T14:01:06.388030Z","level":"info","event":"[FETCH DONE] retrieved=500 rows at skip=32500","logger":"lta_common","filename":"lta_common.py","lineno":59}
{"timestamp":"2026-04-15T14:01:06.388197Z","level":"info","event":"STEP 4: processing page skip=32500 rows=500","logger":"2_refresh_traffic_speed","filename":"2_refresh_traffic_speed.py","lineno":41}
{"timestamp":"2026-04-15T14:01:06.395712Z","level":"warning","event":"[SANITIZE] link_id=48106 field=maximum_speed suspicious sentinel value=999 -> NULL","logger":"lta_common","filename":"lta_common.py","lineno":143}
{"timestamp":"2026-04-15T14:01:06.395819Z","level":"warning","event":"[SANITIZE] link_id=48107 field=maximum_speed suspicious sentinel value=999 -> NULL","logger":"lta_common","filename":"lta_common.py","lineno":143}
{"timestamp":"2026-04-15T14:01:06.395858Z","level":"warning","event":"[SANITIZE] link_id=48110 field=maximum_speed suspicious sentinel value=999 -> NULL","logger":"lta_common","filename":"lta_common.py","lineno":143}
{"timestamp":"2026-04-15T14:01:06.395884Z","level":"warning","event":"[SANITIZE] link_id=48111 field=maximum_speed suspicious sentinel value=999 -> NULL","logger":"lta_common","filename":"lta_common.py","lineno":143}
{"timestamp":"2026-04-15T14:01:06.396028Z","level":"warning","event":"[SANITIZE] link_id=48116 field=maximum_speed suspicious sentinel value=999 -> NULL","logger":"lta_common","filename":"lta_common.py","lineno":143}
{"timestamp":"2026-04-15T14:01:06.396161Z","level":"warning","event":"[SANITIZE] link_id=48117 field=maximum_speed suspicious sentinel value=999 -> NULL","logger":"lta_common","filename":"lta_common.py","lineno":143}
{"timestamp":"2026-04-15T14:01:06.396252Z","level":"warning","event":"[SANITIZE] link_id=48118 field=maximum_speed suspicious sentinel value=999 -> NULL","logger":"lta_common","filename":"lta_common.py","lineno":143}
{"timestamp":"2026-04-15T14:01:06.396347Z","level":"warning","event":"[SANITIZE] link_id=48128 field=maximum_speed suspicious sentinel value=999 -> NULL","logger":"lta_common","filename":"lta_common.py","lineno":143}
{"timestamp":"2026-04-15T14:01:06.396410Z","level":"warning","event":"[SANITIZE] link_id=48148 field=maximum_speed suspicious sentinel value=999 -> NULL","logger":"lta_common","filename":"lta_common.py","lineno":143}
{"timestamp":"2026-04-15T14:01:06.396474Z","level":"warning","event":"[SANITIZE] link_id=48165 field=maximum_speed suspicious sentinel value=999 -> NULL","logger":"lta_common","filename":"lta_common.py","lineno":143}
{"timestamp":"2026-04-15T14:01:06.396502Z","level":"warning","event":"[SANITIZE] link_id=48168 field=maximum_speed suspicious sentinel value=999 -> NULL","logger":"lta_common","filename":"lta_common.py","lineno":143}
{"timestamp":"2026-04-15T14:01:06.396524Z","level":"warning","event":"[SANITIZE] link_id=48169 field=maximum_speed suspicious sentinel value=999 -> NULL","logger":"lta_common","filename":"lta_common.py","lineno":143}
{"timestamp":"2026-04-15T14:01:06.396546Z","level":"warning","event":"[SANITIZE] link_id=48170 field=maximum_speed suspicious sentinel value=999 -> NULL","logger":"lta_common","filename":"lta_common.py","lineno":143}
{"timestamp":"2026-04-15T14:01:06.396768Z","level":"warning","event":"[SANITIZE] link_id=48181 field=maximum_speed suspicious sentinel value=999 -> NULL","logger":"lta_common","filename":"lta_common.py","lineno":143}
{"timestamp":"2026-04-15T14:01:06.396882Z","level":"warning","event":"[SANITIZE] link_id=48184 field=maximum_speed suspicious sentinel value=999 -> NULL","logger":"lta_common","filename":"lta_common.py","lineno":143}
{"timestamp":"2026-04-15T14:01:06.396979Z","level":"warning","event":"[SANITIZE] link_id=48198 field=maximum_speed suspicious sentinel value=999 -> NULL","logger":"lta_common","filename":"lta_common.py","lineno":143}
{"timestamp":"2026-04-15T14:01:06.397145Z","level":"warning","event":"[SANITIZE] link_id=48264 field=maximum_speed suspicious sentinel value=999 -> NULL","logger":"lta_common","filename":"lta_common.py","lineno":143}
{"timestamp":"2026-04-15T14:01:06.397204Z","level":"warning","event":"[SANITIZE] link_id=48285 field=maximum_speed suspicious sentinel value=999 -> NULL","logger":"lta_common","filename":"lta_common.py","lineno":143}
{"timestamp":"2026-04-15T14:01:06.397230Z","level":"warning","event":"[SANITIZE] link_id=48287 field=maximum_speed suspicious sentinel value=999 -> NULL","logger":"lta_common","filename":"lta_common.py","lineno":143}
{"timestamp":"2026-04-15T14:01:06.397261Z","level":"warning","event":"[SANITIZE] link_id=48291 field=maximum_speed suspicious sentinel value=999 -> NULL","logger":"lta_common","filename":"lta_common.py","lineno":143}
{"timestamp":"2026-04-15T14:01:06.397285Z","level":"warning","event":"[SANITIZE] link_id=48294 field=maximum_speed suspicious sentinel value=999 -> NULL","logger":"lta_common","filename":"lta_common.py","lineno":143}
{"timestamp":"2026-04-15T14:01:06.397307Z","level":"warning","event":"[SANITIZE] link_id=48295 field=maximum_speed suspicious sentinel value=999 -> NULL","logger":"lta_common","filename":"lta_common.py","lineno":143}
{"timestamp":"2026-04-15T14:01:06.397328Z","level":"warning","event":"[SANITIZE] link_id=48296 field=maximum_speed suspicious sentinel value=999 -> NULL","logger":"lta_common","filename":"lta_common.py","lineno":143}
{"timestamp":"2026-04-15T14:01:06.397350Z","level":"warning","event":"[SANITIZE] link_id=48297 field=maximum_speed suspicious sentinel value=999 -> NULL","logger":"lta_common","filename":"lta_common.py","lineno":143}
{"timestamp":"2026-04-15T14:01:06.397371Z","level":"warning","event":"[SANITIZE] link_id=48298 field=maximum_speed suspicious sentinel value=999 -> NULL","logger":"lta_common","filename":"lta_common.py","lineno":143}
{"timestamp":"2026-04-15T14:01:06.397405Z","level":"warning","event":"[SANITIZE] link_id=48305 field=maximum_speed suspicious sentinel value=999 -> NULL","logger":"lta_common","filename":"lta_common.py","lineno":143}
{"timestamp":"2026-04-15T14:01:06.397437Z","level":"warning","event":"[SANITIZE] link_id=48310 field=maximum_speed suspicious sentinel value=999 -> NULL","logger":"lta_common","filename":"lta_common.py","lineno":143}
{"timestamp":"2026-04-15T14:01:06.397476Z","level":"warning","event":"[SANITIZE] link_id=48317 field=maximum_speed suspicious sentinel value=999 -> NULL","logger":"lta_common","filename":"lta_common.py","lineno":143}
{"timestamp":"2026-04-15T14:01:06.397498Z","level":"warning","event":"[SANITIZE] link_id=48318 field=maximum_speed suspicious sentinel value=999 -> NULL","logger":"lta_common","filename":"lta_common.py","lineno":143}
{"timestamp":"2026-04-15T14:01:06.397539Z","level":"warning","event":"[SANITIZE] link_id=48328 field=maximum_speed suspicious sentinel value=999 -> NULL","logger":"lta_common","filename":"lta_common.py","lineno":143}
{"timestamp":"2026-04-15T14:01:06.397560Z","level":"warning","event":"[SANITIZE] link_id=48330 field=maximum_speed suspicious sentinel value=999 -> NULL","logger":"lta_common","filename":"lta_common.py","lineno":143}
{"timestamp":"2026-04-15T14:01:06.397596Z","level":"warning","event":"[SANITIZE] link_id=48333 field=maximum_speed suspicious sentinel value=999 -> NULL","logger":"lta_common","filename":"lta_common.py","lineno":143}
{"timestamp":"2026-04-15T14:01:06.397646Z","level":"warning","event":"[SANITIZE] link_id=48347 field=maximum_speed suspicious sentinel value=999 -> NULL","logger":"lta_common","filename":"lta_common.py","lineno":143}
{"timestamp":"2026-04-15T14:01:06.397668Z","level":"warning","event":"[SANITIZE] link_id=48348 field=maximum_speed suspicious sentinel value=999 -> NULL","logger":"lta_common","filename":"lta_common.py","lineno":143}
{"timestamp":"2026-04-15T14:01:06.397691Z","level":"warning","event":"[SANITIZE] link_id=48350 field=maximum_speed suspicious sentinel value=999 -> NULL","logger":"lta_common","filename":"lta_common.py","lineno":143}
{"timestamp":"2026-04-15T14:01:06.397720Z","level":"warning","event":"[SANITIZE] link_id=48354 field=maximum_speed suspicious sentinel value=999 -> NULL","logger":"lta_common","filename":"lta_common.py","lineno":143}
{"timestamp":"2026-04-15T14:01:06.397747Z","level":"warning","event":"[SANITIZE] link_id=48357 field=maximum_speed suspicious sentinel value=999 -> NULL","logger":"lta_common","filename":"lta_common.py","lineno":143}
{"timestamp":"2026-04-15T14:01:06.397775Z","level":"warning","event":"[SANITIZE] link_id=48361 field=maximum_speed suspicious sentinel value=999 -> NULL","logger":"lta_common","filename":"lta_common.py","lineno":143}
{"timestamp":"2026-04-15T14:01:06.397796Z","level":"warning","event":"[SANITIZE] link_id=48362 field=maximum_speed suspicious sentinel value=999 -> NULL","logger":"lta_common","filename":"lta_common.py","lineno":143}
{"timestamp":"2026-04-15T14:01:06.397817Z","level":"warning","event":"[SANITIZE] link_id=48363 field=maximum_speed suspicious sentinel value=999 -> NULL","logger":"lta_common","filename":"lta_common.py","lineno":143}
{"timestamp":"2026-04-15T14:01:06.397852Z","level":"warning","event":"[SANITIZE] link_id=48369 field=maximum_speed suspicious sentinel value=999 -> NULL","logger":"lta_common","filename":"lta_common.py","lineno":143}
{"timestamp":"2026-04-15T14:01:06.397878Z","level":"warning","event":"[SANITIZE] link_id=48372 field=maximum_speed suspicious sentinel value=999 -> NULL","logger":"lta_common","filename":"lta_common.py","lineno":143}
{"timestamp":"2026-04-15T14:01:06.397911Z","level":"warning","event":"[SANITIZE] link_id=48374 field=maximum_speed suspicious sentinel value=999 -> NULL","logger":"lta_common","filename":"lta_common.py","lineno":143}
{"timestamp":"2026-04-15T14:01:06.397937Z","level":"warning","event":"[SANITIZE] link_id=48375 field=maximum_speed suspicious sentinel value=999 -> NULL","logger":"lta_common","filename":"lta_common.py","lineno":143}
{"timestamp":"2026-04-15T14:01:06.397966Z","level":"warning","event":"[SANITIZE] link_id=48379 field=maximum_speed suspicious sentinel value=999 -> NULL","logger":"lta_common","filename":"lta_common.py","lineno":143}
{"timestamp":"2026-04-15T14:01:06.398003Z","level":"warning","event":"[SANITIZE] link_id=48383 field=maximum_speed suspicious sentinel value=999 -> NULL","logger":"lta_common","filename":"lta_common.py","lineno":143}
{"timestamp":"2026-04-15T14:01:06.398029Z","level":"warning","event":"[SANITIZE] link_id=48384 field=maximum_speed suspicious sentinel value=999 -> NULL","logger":"lta_common","filename":"lta_common.py","lineno":143}
{"timestamp":"2026-04-15T14:01:06.398050Z","level":"warning","event":"[SANITIZE] link_id=48386 field=maximum_speed suspicious sentinel value=999 -> NULL","logger":"lta_common","filename":"lta_common.py","lineno":143}
{"timestamp":"2026-04-15T14:01:06.398070Z","level":"warning","event":"[SANITIZE] link_id=48387 field=maximum_speed suspicious sentinel value=999 -> NULL","logger":"lta_common","filename":"lta_common.py","lineno":143}
{"timestamp":"2026-04-15T14:01:06.398091Z","level":"warning","event":"[SANITIZE] link_id=48388 field=maximum_speed suspicious sentinel value=999 -> NULL","logger":"lta_common","filename":"lta_common.py","lineno":143}
{"timestamp":"2026-04-15T14:01:06.398138Z","level":"warning","event":"[SANITIZE] link_id=48399 field=maximum_speed suspicious sentinel value=999 -> NULL","logger":"lta_common","filename":"lta_common.py","lineno":143}
{"timestamp":"2026-04-15T14:01:06.398167Z","level":"warning","event":"[SANITIZE] link_id=48403 field=maximum_speed suspicious sentinel value=999 -> NULL","logger":"lta_common","filename":"lta_common.py","lineno":143}
{"timestamp":"2026-04-15T14:01:06.398191Z","level":"warning","event":"[SANITIZE] link_id=48405 field=maximum_speed suspicious sentinel value=999 -> NULL","logger":"lta_common","filename":"lta_common.py","lineno":143}
{"timestamp":"2026-04-15T14:01:06.398211Z","level":"warning","event":"[SANITIZE] link_id=48406 field=maximum_speed suspicious sentinel value=999 -> NULL","logger":"lta_common","filename":"lta_common.py","lineno":143}
{"timestamp":"2026-04-15T14:01:06.398278Z","level":"warning","event":"[SANITIZE] link_id=48414 field=maximum_speed suspicious sentinel value=999 -> NULL","logger":"lta_common","filename":"lta_common.py","lineno":143}
{"timestamp":"2026-04-15T14:01:06.398343Z","level":"warning","event":"[SANITIZE] link_id=48424 field=maximum_speed suspicious sentinel value=999 -> NULL","logger":"lta_common","filename":"lta_common.py","lineno":143}
{"timestamp":"2026-04-15T14:01:06.398365Z","level":"warning","event":"[SANITIZE] link_id=48425 field=maximum_speed suspicious sentinel value=999 -> NULL","logger":"lta_common","filename":"lta_common.py","lineno":143}
{"timestamp":"2026-04-15T14:01:06.398401Z","level":"warning","event":"[SANITIZE] link_id=48431 field=maximum_speed suspicious sentinel value=999 -> NULL","logger":"lta_common","filename":"lta_common.py","lineno":143}
{"timestamp":"2026-04-15T14:01:06.398430Z","level":"warning","event":"[SANITIZE] link_id=48435 field=maximum_speed suspicious sentinel value=999 -> NULL","logger":"lta_common","filename":"lta_common.py","lineno":143}
{"timestamp":"2026-04-15T14:01:06.398454Z","level":"warning","event":"[SANITIZE] link_id=48437 field=maximum_speed suspicious sentinel value=999 -> NULL","logger":"lta_common","filename":"lta_common.py","lineno":143}
{"timestamp":"2026-04-15T14:01:06.398503Z","level":"warning","event":"[SANITIZE] link_id=48449 field=maximum_speed suspicious sentinel value=999 -> NULL","logger":"lta_common","filename":"lta_common.py","lineno":143}
{"timestamp":"2026-04-15T14:01:06.398532Z","level":"warning","event":"[SANITIZE] link_id=48453 field=maximum_speed suspicious sentinel value=999 -> NULL","logger":"lta_common","filename":"lta_common.py","lineno":143}
{"timestamp":"2026-04-15T14:01:06.398559Z","level":"warning","event":"[SANITIZE] link_id=48456 field=maximum_speed suspicious sentinel value=999 -> NULL","logger":"lta_common","filename":"lta_common.py","lineno":143}
{"timestamp":"2026-04-15T14:01:06.398597Z","level":"warning","event":"[SANITIZE] link_id=48461 field=maximum_speed suspicious sentinel value=999 -> NULL","logger":"lta_common","filename":"lta_common.py","lineno":143}
{"timestamp":"2026-04-15T14:01:06.398626Z","level":"warning","event":"[SANITIZE] link_id=48465 field=maximum_speed suspicious sentinel value=999 -> NULL","logger":"lta_common","filename":"lta_common.py","lineno":143}
{"timestamp":"2026-04-15T14:01:06.398652Z","level":"warning","event":"[SANITIZE] link_id=48468 field=maximum_speed suspicious sentinel value=999 -> NULL","logger":"lta_common","filename":"lta_common.py","lineno":143}
{"timestamp":"2026-04-15T14:01:06.398682Z","level":"warning","event":"[SANITIZE] link_id=48470 field=maximum_speed suspicious sentinel value=999 -> NULL","logger":"lta_common","filename":"lta_common.py","lineno":143}
{"timestamp":"2026-04-15T14:01:06.398705Z","level":"warning","event":"[SANITIZE] link_id=48471 field=maximum_speed suspicious sentinel value=999 -> NULL","logger":"lta_common","filename":"lta_common.py","lineno":143}
{"timestamp":"2026-04-15T14:01:06.398731Z","level":"warning","event":"[SANITIZE] link_id=48474 field=maximum_speed suspicious sentinel value=999 -> NULL","logger":"lta_common","filename":"lta_common.py","lineno":143}
{"timestamp":"2026-04-15T14:01:06.398762Z","level":"warning","event":"[SANITIZE] link_id=48481 field=maximum_speed suspicious sentinel value=999 -> NULL","logger":"lta_common","filename":"lta_common.py","lineno":143}
{"timestamp":"2026-04-15T14:01:06.398821Z","level":"warning","event":"[SANITIZE] link_id=48494 field=maximum_speed suspicious sentinel value=999 -> NULL","logger":"lta_common","filename":"lta_common.py","lineno":143}
{"timestamp":"2026-04-15T14:01:06.398870Z","level":"warning","event":"[SANITIZE] link_id=48502 field=maximum_speed suspicious sentinel value=999 -> NULL","logger":"lta_common","filename":"lta_common.py","lineno":143}
{"timestamp":"2026-04-15T14:01:06.398904Z","level":"warning","event":"[SANITIZE] link_id=48505 field=maximum_speed suspicious sentinel value=999 -> NULL","logger":"lta_common","filename":"lta_common.py","lineno":143}
{"timestamp":"2026-04-15T14:01:06.398925Z","level":"warning","event":"[SANITIZE] link_id=48506 field=maximum_speed suspicious sentinel value=999 -> NULL","logger":"lta_common","filename":"lta_common.py","lineno":143}
{"timestamp":"2026-04-15T14:01:06.398967Z","level":"warning","event":"[SANITIZE] link_id=48509 field=maximum_speed suspicious sentinel value=999 -> NULL","logger":"lta_common","filename":"lta_common.py","lineno":143}
{"timestamp":"2026-04-15T14:01:06.398993Z","level":"warning","event":"[SANITIZE] link_id=48511 field=maximum_speed suspicious sentinel value=999 -> NULL","logger":"lta_common","filename":"lta_common.py","lineno":143}
{"timestamp":"2026-04-15T14:01:06.399031Z","level":"warning","event":"[SANITIZE] link_id=48519 field=maximum_speed suspicious sentinel value=999 -> NULL","logger":"lta_common","filename":"lta_common.py","lineno":143}
{"timestamp":"2026-04-15T14:01:06.399052Z","level":"warning","event":"[SANITIZE] link_id=48520 field=maximum_speed suspicious sentinel value=999 -> NULL","logger":"lta_common","filename":"lta_common.py","lineno":143}
{"timestamp":"2026-04-15T14:01:06.399078Z","level":"warning","event":"[SANITIZE] link_id=48523 field=maximum_speed suspicious sentinel value=999 -> NULL","logger":"lta_common","filename":"lta_common.py","lineno":143}
{"timestamp":"2026-04-15T14:01:06.399098Z","level":"warning","event":"[SANITIZE] link_id=48524 field=maximum_speed suspicious sentinel value=999 -> NULL","logger":"lta_common","filename":"lta_common.py","lineno":143}
{"timestamp":"2026-04-15T14:01:06.399120Z","level":"warning","event":"[SANITIZE] link_id=48525 field=maximum_speed suspicious sentinel value=999 -> NULL","logger":"lta_common","filename":"lta_common.py","lineno":143}
{"timestamp":"2026-04-15T14:01:06.399140Z","level":"warning","event":"[SANITIZE] link_id=48526 field=maximum_speed suspicious sentinel value=999 -> NULL","logger":"lta_common","filename":"lta_common.py","lineno":143}
{"timestamp":"2026-04-15T14:01:06.399177Z","level":"warning","event":"[SANITIZE] link_id=48531 field=maximum_speed suspicious sentinel value=999 -> NULL","logger":"lta_common","filename":"lta_common.py","lineno":143}
{"timestamp":"2026-04-15T14:01:06.399203Z","level":"warning","event":"[SANITIZE] link_id=48532 field=maximum_speed suspicious sentinel value=999 -> NULL","logger":"lta_common","filename":"lta_common.py","lineno":143}
{"timestamp":"2026-04-15T14:01:06.399235Z","level":"warning","event":"[SANITIZE] link_id=48538 field=maximum_speed suspicious sentinel value=999 -> NULL","logger":"lta_common","filename":"lta_common.py","lineno":143}
{"timestamp":"2026-04-15T14:01:06.399260Z","level":"warning","event":"[SANITIZE] link_id=48541 field=maximum_speed suspicious sentinel value=999 -> NULL","logger":"lta_common","filename":"lta_common.py","lineno":143}
{"timestamp":"2026-04-15T14:01:06.399280Z","level":"warning","event":"[SANITIZE] link_id=48542 field=maximum_speed suspicious sentinel value=999 -> NULL","logger":"lta_common","filename":"lta_common.py","lineno":143}
{"timestamp":"2026-04-15T14:01:06.399303Z","level":"warning","event":"[SANITIZE] link_id=48544 field=maximum_speed suspicious sentinel value=999 -> NULL","logger":"lta_common","filename":"lta_common.py","lineno":143}
{"timestamp":"2026-04-15T14:01:06.399346Z","level":"warning","event":"[SANITIZE] link_id=48548 field=maximum_speed suspicious sentinel value=999 -> NULL","logger":"lta_common","filename":"lta_common.py","lineno":143}
{"timestamp":"2026-04-15T14:01:06.399373Z","level":"warning","event":"[SANITIZE] link_id=48550 field=maximum_speed suspicious sentinel value=999 -> NULL","logger":"lta_common","filename":"lta_common.py","lineno":143}
{"timestamp":"2026-04-15T14:01:06.399395Z","level":"warning","event":"[SANITIZE] link_id=48552 field=maximum_speed suspicious sentinel value=999 -> NULL","logger":"lta_common","filename":"lta_common.py","lineno":143}
{"timestamp":"2026-04-15T14:01:06.399427Z","level":"warning","event":"[SANITIZE] link_id=48555 field=maximum_speed suspicious sentinel value=999 -> NULL","logger":"lta_common","filename":"lta_common.py","lineno":143}
{"timestamp":"2026-04-15T14:01:06.399457Z","level":"warning","event":"[SANITIZE] link_id=48556 field=maximum_speed suspicious sentinel value=999 -> NULL","logger":"lta_common","filename":"lta_common.py","lineno":143}
{"timestamp":"2026-04-15T14:01:06.399498Z","level":"warning","event":"[SANITIZE] link_id=48560 field=maximum_speed suspicious sentinel value=999 -> NULL","logger":"lta_common","filename":"lta_common.py","lineno":143}
{"timestamp":"2026-04-15T14:01:06.399541Z","level":"warning","event":"[SANITIZE] link_id=48564 field=maximum_speed suspicious sentinel value=999 -> NULL","logger":"lta_common","filename":"lta_common.py","lineno":143}
{"timestamp":"2026-04-15T14:01:06.399634Z","level":"warning","event":"[SANITIZE] link_id=48583 field=maximum_speed suspicious sentinel value=999 -> NULL","logger":"lta_common","filename":"lta_common.py","lineno":143}
{"timestamp":"2026-04-15T14:01:06.399666Z","level":"warning","event":"[SANITIZE] link_id=48584 field=maximum_speed suspicious sentinel value=999 -> NULL","logger":"lta_common","filename":"lta_common.py","lineno":143}
{"timestamp":"2026-04-15T14:01:06.399692Z","level":"warning","event":"[SANITIZE] link_id=48585 field=maximum_speed suspicious sentinel value=999 -> NULL","logger":"lta_common","filename":"lta_common.py","lineno":143}
{"timestamp":"2026-04-15T14:01:06.399713Z","level":"warning","event":"[SANITIZE] link_id=48586 field=maximum_speed suspicious sentinel value=999 -> NULL","logger":"lta_common","filename":"lta_common.py","lineno":143}
{"timestamp":"2026-04-15T14:01:06.399747Z","level":"warning","event":"[SANITIZE] link_id=48592 field=maximum_speed suspicious sentinel value=999 -> NULL","logger":"lta_common","filename":"lta_common.py","lineno":143}
{"timestamp":"2026-04-15T14:01:06.399769Z","level":"warning","event":"[SANITIZE] link_id=48594 field=maximum_speed suspicious sentinel value=999 -> NULL","logger":"lta_common","filename":"lta_common.py","lineno":143}
{"timestamp":"2026-04-15T14:01:06.399813Z","level":"warning","event":"[SANITIZE] link_id=48604 field=maximum_speed suspicious sentinel value=999 -> NULL","logger":"lta_common","filename":"lta_common.py","lineno":143}
{"timestamp":"2026-04-15T14:01:06.399833Z","level":"warning","event":"[SANITIZE] link_id=48605 field=maximum_speed suspicious sentinel value=999 -> NULL","logger":"lta_common","filename":"lta_common.py","lineno":143}
{"timestamp":"2026-04-15T14:01:06.399887Z","level":"warning","event":"[SANITIZE] link_id=48619 field=maximum_speed suspicious sentinel value=999 -> NULL","logger":"lta_common","filename":"lta_common.py","lineno":143}
{"timestamp":"2026-04-15T14:01:06.399909Z","level":"warning","event":"[SANITIZE] link_id=48621 field=maximum_speed suspicious sentinel value=999 -> NULL","logger":"lta_common","filename":"lta_common.py","lineno":143}
{"timestamp":"2026-04-15T14:01:06.399931Z","level":"warning","event":"[SANITIZE] link_id=48623 field=maximum_speed suspicious sentinel value=999 -> NULL","logger":"lta_common","filename":"lta_common.py","lineno":143}
{"timestamp":"2026-04-15T14:01:06.399960Z","level":"warning","event":"[SANITIZE] link_id=48627 field=maximum_speed suspicious sentinel value=999 -> NULL","logger":"lta_common","filename":"lta_common.py","lineno":143}
{"timestamp":"2026-04-15T14:01:06.399992Z","level":"warning","event":"[SANITIZE] link_id=48628 field=maximum_speed suspicious sentinel value=999 -> NULL","logger":"lta_common","filename":"lta_common.py","lineno":143}
{"timestamp":"2026-04-15T14:01:06.400017Z","level":"warning","event":"[SANITIZE] link_id=48629 field=maximum_speed suspicious sentinel value=999 -> NULL","logger":"lta_common","filename":"lta_common.py","lineno":143}
{"timestamp":"2026-04-15T14:01:06.400038Z","level":"warning","event":"[SANITIZE] link_id=48630 field=maximum_speed suspicious sentinel value=999 -> NULL","logger":"lta_common","filename":"lta_common.py","lineno":143}
{"timestamp":"2026-04-15T14:01:06.400061Z","level":"warning","event":"[SANITIZE] link_id=48632 field=maximum_speed suspicious sentinel value=999 -> NULL","logger":"lta_common","filename":"lta_common.py","lineno":143}
{"timestamp":"2026-04-15T14:01:06.400085Z","level":"warning","event":"[SANITIZE] link_id=48634 field=maximum_speed suspicious sentinel value=999 -> NULL","logger":"lta_common","filename":"lta_common.py","lineno":143}
{"timestamp":"2026-04-15T14:01:06.400120Z","level":"warning","event":"[SANITIZE] link_id=48637 field=maximum_speed suspicious sentinel value=999 -> NULL","logger":"lta_common","filename":"lta_common.py","lineno":143}
{"timestamp":"2026-04-15T14:01:06.400144Z","level":"warning","event":"[SANITIZE] link_id=48639 field=maximum_speed suspicious sentinel value=999 -> NULL","logger":"lta_common","filename":"lta_common.py","lineno":143}
{"timestamp":"2026-04-15T14:01:06.400164Z","level":"warning","event":"[SANITIZE] link_id=48640 field=maximum_speed suspicious sentinel value=999 -> NULL","logger":"lta_common","filename":"lta_common.py","lineno":143}
{"timestamp":"2026-04-15T14:01:06.400187Z","level":"warning","event":"[SANITIZE] link_id=48642 field=maximum_speed suspicious sentinel value=999 -> NULL","logger":"lta_common","filename":"lta_common.py","lineno":143}
{"timestamp":"2026-04-15T14:01:06.400220Z","level":"warning","event":"[SANITIZE] link_id=48645 field=maximum_speed suspicious sentinel value=999 -> NULL","logger":"lta_common","filename":"lta_common.py","lineno":143}
{"timestamp":"2026-04-15T14:01:06.400254Z","level":"warning","event":"[SANITIZE] link_id=48651 field=maximum_speed suspicious sentinel value=999 -> NULL","logger":"lta_common","filename":"lta_common.py","lineno":143}
{"timestamp":"2026-04-15T14:01:06.400287Z","level":"warning","event":"[SANITIZE] link_id=48658 field=maximum_speed suspicious sentinel value=999 -> NULL","logger":"lta_common","filename":"lta_common.py","lineno":143}
{"timestamp":"2026-04-15T14:01:06.400329Z","level":"warning","event":"[SANITIZE] link_id=48668 field=maximum_speed suspicious sentinel value=999 -> NULL","logger":"lta_common","filename":"lta_common.py","lineno":143}
{"timestamp":"2026-04-15T14:01:06.400355Z","level":"warning","event":"[SANITIZE] link_id=48671 field=maximum_speed suspicious sentinel value=999 -> NULL","logger":"lta_common","filename":"lta_common.py","lineno":143}
{"timestamp":"2026-04-15T14:01:06.400374Z","level":"warning","event":"[SANITIZE] link_id=48672 field=maximum_speed suspicious sentinel value=999 -> NULL","logger":"lta_common","filename":"lta_common.py","lineno":143}
{"timestamp":"2026-04-15T14:01:06.401058Z","level":"info","event":"[CLEAN DONE] rows=500 | null_speed_band=0 | null_minimum_speed=0 | null_maximum_speed=122","logger":"lta_common","filename":"lta_common.py","lineno":238}
{"timestamp":"2026-04-15T14:01:06.402604Z","level":"info","event":"STEP 5: built cleaned snapshot dataframe rows=500","logger":"2_refresh_traffic_speed","filename":"2_refresh_traffic_speed.py","lineno":44}
{"timestamp":"2026-04-15T14:01:06.403078Z","level":"info","event":"[LATEST PREP] rows=500 | missing_measurement_rows=0","logger":"lta_common","filename":"lta_common.py","lineno":271}
{"timestamp":"2026-04-15T14:01:06.403333Z","level":"info","event":"[UPSERT START] upserting 500 rows into traffic_speed_latest","logger":"lta_common","filename":"lta_common.py","lineno":348}
{"timestamp":"2026-04-15T14:01:06.403646Z","level":"info","event":"[UPSERT DEBUG] max_link_id=48673 | min_link_id=48106 | max_speed_band=8 | min_speed_band=1 | max_minimum_speed=70 | min_minimum_speed=0 | max_maximum_speed=69.0 | min_maximum_speed=9.0","logger":"lta_common","filename":"lta_common.py","lineno":350}
{"timestamp":"2026-04-15T14:01:06.723964Z","level":"info","event":"[UPSERT DONE] upserted=500 rows into traffic_speed_latest","logger":"lta_common","filename":"lta_common.py","lineno":388}
{"timestamp":"2026-04-15T14:01:06.724748Z","level":"info","event":"[SAVE START] inserting 500 rows into traffic_speed_recent","logger":"lta_common","filename":"lta_common.py","lineno":319}
{"timestamp":"2026-04-15T14:01:07.055930Z","level":"info","event":"[SAVE DONE] inserted=500 rows into traffic_speed_recent","logger":"lta_common","filename":"lta_common.py","lineno":337}
{"timestamp":"2026-04-15T14:01:07.056314Z","level":"info","event":"STEP 6: page saved skip=32500 | pages=66 | latest_rows=33000 | recent_rows=33000","logger":"2_refresh_traffic_speed","filename":"2_refresh_traffic_speed.py","lineno":56}
{"timestamp":"2026-04-15T14:01:07.056395Z","level":"info","event":"========== PAGE START ==========","logger":"lta_common","filename":"lta_common.py","lineno":53}
{"timestamp":"2026-04-15T14:01:07.056460Z","level":"info","event":"[FETCH] requesting rows 33000–33499","logger":"lta_common","filename":"lta_common.py","lineno":54}
{"timestamp":"2026-04-15T14:01:07.056558Z","level":"info","event":"Fetching page from LTA: skip=33000","logger":"lta_common","filename":"lta_common.py","lineno":36}
{"timestamp":"2026-04-15T14:01:07.315102Z","level":"info","event":"Retrieved 500 rows from LTA at skip=33000","logger":"lta_common","filename":"lta_common.py","lineno":44}
{"timestamp":"2026-04-15T14:01:07.318207Z","level":"info","event":"[FETCH DONE] retrieved=500 rows at skip=33000","logger":"lta_common","filename":"lta_common.py","lineno":59}
{"timestamp":"2026-04-15T14:01:07.318468Z","level":"info","event":"STEP 4: processing page skip=33000 rows=500","logger":"2_refresh_traffic_speed","filename":"2_refresh_traffic_speed.py","lineno":41}
{"timestamp":"2026-04-15T14:01:07.326614Z","level":"warning","event":"[SANITIZE] link_id=48680 field=maximum_speed suspicious sentinel value=999 -> NULL","logger":"lta_common","filename":"lta_common.py","lineno":143}
{"timestamp":"2026-04-15T14:01:07.326712Z","level":"warning","event":"[SANITIZE] link_id=48684 field=maximum_speed suspicious sentinel value=999 -> NULL","logger":"lta_common","filename":"lta_common.py","lineno":143}
{"timestamp":"2026-04-15T14:01:07.326743Z","level":"warning","event":"[SANITIZE] link_id=48686 field=maximum_speed suspicious sentinel value=999 -> NULL","logger":"lta_common","filename":"lta_common.py","lineno":143}
{"timestamp":"2026-04-15T14:01:07.326767Z","level":"warning","event":"[SANITIZE] link_id=48687 field=maximum_speed suspicious sentinel value=999 -> NULL","logger":"lta_common","filename":"lta_common.py","lineno":143}
{"timestamp":"2026-04-15T14:01:07.326797Z","level":"warning","event":"[SANITIZE] link_id=48688 field=maximum_speed suspicious sentinel value=999 -> NULL","logger":"lta_common","filename":"lta_common.py","lineno":143}
{"timestamp":"2026-04-15T14:01:07.326840Z","level":"warning","event":"[SANITIZE] link_id=48693 field=maximum_speed suspicious sentinel value=999 -> NULL","logger":"lta_common","filename":"lta_common.py","lineno":143}
{"timestamp":"2026-04-15T14:01:07.326887Z","level":"warning","event":"[SANITIZE] link_id=48701 field=maximum_speed suspicious sentinel value=999 -> NULL","logger":"lta_common","filename":"lta_common.py","lineno":143}
{"timestamp":"2026-04-15T14:01:07.326920Z","level":"warning","event":"[SANITIZE] link_id=48706 field=maximum_speed suspicious sentinel value=999 -> NULL","logger":"lta_common","filename":"lta_common.py","lineno":143}
{"timestamp":"2026-04-15T14:01:07.326952Z","level":"warning","event":"[SANITIZE] link_id=48711 field=maximum_speed suspicious sentinel value=999 -> NULL","logger":"lta_common","filename":"lta_common.py","lineno":143}
{"timestamp":"2026-04-15T14:01:07.326980Z","level":"warning","event":"[SANITIZE] link_id=48717 field=maximum_speed suspicious sentinel value=999 -> NULL","logger":"lta_common","filename":"lta_common.py","lineno":143}
{"timestamp":"2026-04-15T14:01:07.327004Z","level":"warning","event":"[SANITIZE] link_id=48720 field=maximum_speed suspicious sentinel value=999 -> NULL","logger":"lta_common","filename":"lta_common.py","lineno":143}
{"timestamp":"2026-04-15T14:01:07.327036Z","level":"warning","event":"[SANITIZE] link_id=48724 field=maximum_speed suspicious sentinel value=999 -> NULL","logger":"lta_common","filename":"lta_common.py","lineno":143}
{"timestamp":"2026-04-15T14:01:07.327076Z","level":"warning","event":"[SANITIZE] link_id=48728 field=maximum_speed suspicious sentinel value=999 -> NULL","logger":"lta_common","filename":"lta_common.py","lineno":143}
{"timestamp":"2026-04-15T14:01:07.327107Z","level":"warning","event":"[SANITIZE] link_id=48731 field=maximum_speed suspicious sentinel value=999 -> NULL","logger":"lta_common","filename":"lta_common.py","lineno":143}
{"timestamp":"2026-04-15T14:01:07.327129Z","level":"warning","event":"[SANITIZE] link_id=48732 field=maximum_speed suspicious sentinel value=999 -> NULL","logger":"lta_common","filename":"lta_common.py","lineno":143}
{"timestamp":"2026-04-15T14:01:07.327150Z","level":"warning","event":"[SANITIZE] link_id=48733 field=maximum_speed suspicious sentinel value=999 -> NULL","logger":"lta_common","filename":"lta_common.py","lineno":143}
{"timestamp":"2026-04-15T14:01:07.327171Z","level":"warning","event":"[SANITIZE] link_id=48734 field=maximum_speed suspicious sentinel value=999 -> NULL","logger":"lta_common","filename":"lta_common.py","lineno":143}
{"timestamp":"2026-04-15T14:01:07.327192Z","level":"warning","event":"[SANITIZE] link_id=48735 field=maximum_speed suspicious sentinel value=999 -> NULL","logger":"lta_common","filename":"lta_common.py","lineno":143}
{"timestamp":"2026-04-15T14:01:07.327212Z","level":"warning","event":"[SANITIZE] link_id=48736 field=maximum_speed suspicious sentinel value=999 -> NULL","logger":"lta_common","filename":"lta_common.py","lineno":143}
{"timestamp":"2026-04-15T14:01:07.327256Z","level":"warning","event":"[SANITIZE] link_id=48743 field=maximum_speed suspicious sentinel value=999 -> NULL","logger":"lta_common","filename":"lta_common.py","lineno":143}
{"timestamp":"2026-04-15T14:01:07.327291Z","level":"warning","event":"[SANITIZE] link_id=48745 field=maximum_speed suspicious sentinel value=999 -> NULL","logger":"lta_common","filename":"lta_common.py","lineno":143}
{"timestamp":"2026-04-15T14:01:07.327318Z","level":"warning","event":"[SANITIZE] link_id=48748 field=maximum_speed suspicious sentinel value=999 -> NULL","logger":"lta_common","filename":"lta_common.py","lineno":143}
{"timestamp":"2026-04-15T14:01:07.327338Z","level":"warning","event":"[SANITIZE] link_id=48749 field=maximum_speed suspicious sentinel value=999 -> NULL","logger":"lta_common","filename":"lta_common.py","lineno":143}
{"timestamp":"2026-04-15T14:01:07.327362Z","level":"warning","event":"[SANITIZE] link_id=48751 field=maximum_speed suspicious sentinel value=999 -> NULL","logger":"lta_common","filename":"lta_common.py","lineno":143}
{"timestamp":"2026-04-15T14:01:07.327397Z","level":"warning","event":"[SANITIZE] link_id=48754 field=maximum_speed suspicious sentinel value=999 -> NULL","logger":"lta_common","filename":"lta_common.py","lineno":143}
{"timestamp":"2026-04-15T14:01:07.327419Z","level":"warning","event":"[SANITIZE] link_id=48755 field=maximum_speed suspicious sentinel value=999 -> NULL","logger":"lta_common","filename":"lta_common.py","lineno":143}
{"timestamp":"2026-04-15T14:01:07.327450Z","level":"warning","event":"[SANITIZE] link_id=48762 field=maximum_speed suspicious sentinel value=999 -> NULL","logger":"lta_common","filename":"lta_common.py","lineno":143}
{"timestamp":"2026-04-15T14:01:07.327471Z","level":"warning","event":"[SANITIZE] link_id=48764 field=maximum_speed suspicious sentinel value=999 -> NULL","logger":"lta_common","filename":"lta_common.py","lineno":143}
{"timestamp":"2026-04-15T14:01:07.327495Z","level":"warning","event":"[SANITIZE] link_id=48766 field=maximum_speed suspicious sentinel value=999 -> NULL","logger":"lta_common","filename":"lta_common.py","lineno":143}
{"timestamp":"2026-04-15T14:01:07.327515Z","level":"warning","event":"[SANITIZE] link_id=48767 field=maximum_speed suspicious sentinel value=999 -> NULL","logger":"lta_common","filename":"lta_common.py","lineno":143}
{"timestamp":"2026-04-15T14:01:07.327536Z","level":"warning","event":"[SANITIZE] link_id=48768 field=maximum_speed suspicious sentinel value=999 -> NULL","logger":"lta_common","filename":"lta_common.py","lineno":143}
{"timestamp":"2026-04-15T14:01:07.327557Z","level":"warning","event":"[SANITIZE] link_id=48769 field=maximum_speed suspicious sentinel value=999 -> NULL","logger":"lta_common","filename":"lta_common.py","lineno":143}
{"timestamp":"2026-04-15T14:01:07.327587Z","level":"warning","event":"[SANITIZE] link_id=48771 field=maximum_speed suspicious sentinel value=999 -> NULL","logger":"lta_common","filename":"lta_common.py","lineno":143}
{"timestamp":"2026-04-15T14:01:07.327621Z","level":"warning","event":"[SANITIZE] link_id=48773 field=maximum_speed suspicious sentinel value=999 -> NULL","logger":"lta_common","filename":"lta_common.py","lineno":143}
{"timestamp":"2026-04-15T14:01:07.327646Z","level":"warning","event":"[SANITIZE] link_id=48774 field=maximum_speed suspicious sentinel value=999 -> NULL","logger":"lta_common","filename":"lta_common.py","lineno":143}
{"timestamp":"2026-04-15T14:01:07.327670Z","level":"warning","event":"[SANITIZE] link_id=48776 field=maximum_speed suspicious sentinel value=999 -> NULL","logger":"lta_common","filename":"lta_common.py","lineno":143}
{"timestamp":"2026-04-15T14:01:07.327701Z","level":"warning","event":"[SANITIZE] link_id=48777 field=maximum_speed suspicious sentinel value=999 -> NULL","logger":"lta_common","filename":"lta_common.py","lineno":143}
{"timestamp":"2026-04-15T14:01:07.327722Z","level":"warning","event":"[SANITIZE] link_id=48778 field=maximum_speed suspicious sentinel value=999 -> NULL","logger":"lta_common","filename":"lta_common.py","lineno":143}
{"timestamp":"2026-04-15T14:01:07.327742Z","level":"warning","event":"[SANITIZE] link_id=48779 field=maximum_speed suspicious sentinel value=999 -> NULL","logger":"lta_common","filename":"lta_common.py","lineno":143}
{"timestamp":"2026-04-15T14:01:07.327762Z","level":"warning","event":"[SANITIZE] link_id=48780 field=maximum_speed suspicious sentinel value=999 -> NULL","logger":"lta_common","filename":"lta_common.py","lineno":143}
{"timestamp":"2026-04-15T14:01:07.327786Z","level":"warning","event":"[SANITIZE] link_id=48782 field=maximum_speed suspicious sentinel value=999 -> NULL","logger":"lta_common","filename":"lta_common.py","lineno":143}
{"timestamp":"2026-04-15T14:01:07.327820Z","level":"warning","event":"[SANITIZE] link_id=48786 field=maximum_speed suspicious sentinel value=999 -> NULL","logger":"lta_common","filename":"lta_common.py","lineno":143}
{"timestamp":"2026-04-15T14:01:07.327856Z","level":"warning","event":"[SANITIZE] link_id=48790 field=maximum_speed suspicious sentinel value=999 -> NULL","logger":"lta_common","filename":"lta_common.py","lineno":143}
{"timestamp":"2026-04-15T14:01:07.327886Z","level":"warning","event":"[SANITIZE] link_id=48792 field=maximum_speed suspicious sentinel value=999 -> NULL","logger":"lta_common","filename":"lta_common.py","lineno":143}
{"timestamp":"2026-04-15T14:01:07.327910Z","level":"warning","event":"[SANITIZE] link_id=48794 field=maximum_speed suspicious sentinel value=999 -> NULL","logger":"lta_common","filename":"lta_common.py","lineno":143}
{"timestamp":"2026-04-15T14:01:07.327930Z","level":"warning","event":"[SANITIZE] link_id=48795 field=maximum_speed suspicious sentinel value=999 -> NULL","logger":"lta_common","filename":"lta_common.py","lineno":143}
{"timestamp":"2026-04-15T14:01:07.327958Z","level":"warning","event":"[SANITIZE] link_id=48799 field=maximum_speed suspicious sentinel value=999 -> NULL","logger":"lta_common","filename":"lta_common.py","lineno":143}
{"timestamp":"2026-04-15T14:01:07.327992Z","level":"warning","event":"[SANITIZE] link_id=48801 field=maximum_speed suspicious sentinel value=999 -> NULL","logger":"lta_common","filename":"lta_common.py","lineno":143}
{"timestamp":"2026-04-15T14:01:07.328020Z","level":"warning","event":"[SANITIZE] link_id=48804 field=maximum_speed suspicious sentinel value=999 -> NULL","logger":"lta_common","filename":"lta_common.py","lineno":143}
{"timestamp":"2026-04-15T14:01:07.328067Z","level":"warning","event":"[SANITIZE] link_id=48813 field=maximum_speed suspicious sentinel value=999 -> NULL","logger":"lta_common","filename":"lta_common.py","lineno":143}
{"timestamp":"2026-04-15T14:01:07.328095Z","level":"warning","event":"[SANITIZE] link_id=48814 field=maximum_speed suspicious sentinel value=999 -> NULL","logger":"lta_common","filename":"lta_common.py","lineno":143}
{"timestamp":"2026-04-15T14:01:07.328115Z","level":"warning","event":"[SANITIZE] link_id=48815 field=maximum_speed suspicious sentinel value=999 -> NULL","logger":"lta_common","filename":"lta_common.py","lineno":143}
{"timestamp":"2026-04-15T14:01:07.328145Z","level":"warning","event":"[SANITIZE] link_id=48817 field=maximum_speed suspicious sentinel value=999 -> NULL","logger":"lta_common","filename":"lta_common.py","lineno":143}
{"timestamp":"2026-04-15T14:01:07.328169Z","level":"warning","event":"[SANITIZE] link_id=48818 field=maximum_speed suspicious sentinel value=999 -> NULL","logger":"lta_common","filename":"lta_common.py","lineno":143}
{"timestamp":"2026-04-15T14:01:07.328196Z","level":"warning","event":"[SANITIZE] link_id=48821 field=maximum_speed suspicious sentinel value=999 -> NULL","logger":"lta_common","filename":"lta_common.py","lineno":143}
{"timestamp":"2026-04-15T14:01:07.328219Z","level":"warning","event":"[SANITIZE] link_id=48823 field=maximum_speed suspicious sentinel value=999 -> NULL","logger":"lta_common","filename":"lta_common.py","lineno":143}
{"timestamp":"2026-04-15T14:01:07.328242Z","level":"warning","event":"[SANITIZE] link_id=48825 field=maximum_speed suspicious sentinel value=999 -> NULL","logger":"lta_common","filename":"lta_common.py","lineno":143}
{"timestamp":"2026-04-15T14:01:07.328266Z","level":"warning","event":"[SANITIZE] link_id=48827 field=maximum_speed suspicious sentinel value=999 -> NULL","logger":"lta_common","filename":"lta_common.py","lineno":143}
{"timestamp":"2026-04-15T14:01:07.328286Z","level":"warning","event":"[SANITIZE] link_id=48828 field=maximum_speed suspicious sentinel value=999 -> NULL","logger":"lta_common","filename":"lta_common.py","lineno":143}
{"timestamp":"2026-04-15T14:01:07.328327Z","level":"warning","event":"[SANITIZE] link_id=48830 field=maximum_speed suspicious sentinel value=999 -> NULL","logger":"lta_common","filename":"lta_common.py","lineno":143}
{"timestamp":"2026-04-15T14:01:07.328351Z","level":"warning","event":"[SANITIZE] link_id=48831 field=maximum_speed suspicious sentinel value=999 -> NULL","logger":"lta_common","filename":"lta_common.py","lineno":143}
{"timestamp":"2026-04-15T14:01:07.328371Z","level":"warning","event":"[SANITIZE] link_id=48832 field=maximum_speed suspicious sentinel value=999 -> NULL","logger":"lta_common","filename":"lta_common.py","lineno":143}
{"timestamp":"2026-04-15T14:01:07.328402Z","level":"warning","event":"[SANITIZE] link_id=48836 field=maximum_speed suspicious sentinel value=999 -> NULL","logger":"lta_common","filename":"lta_common.py","lineno":143}
{"timestamp":"2026-04-15T14:01:07.328454Z","level":"warning","event":"[SANITIZE] link_id=48846 field=maximum_speed suspicious sentinel value=999 -> NULL","logger":"lta_common","filename":"lta_common.py","lineno":143}
{"timestamp":"2026-04-15T14:01:07.328483Z","level":"warning","event":"[SANITIZE] link_id=48849 field=maximum_speed suspicious sentinel value=999 -> NULL","logger":"lta_common","filename":"lta_common.py","lineno":143}
{"timestamp":"2026-04-15T14:01:07.328503Z","level":"warning","event":"[SANITIZE] link_id=48850 field=maximum_speed suspicious sentinel value=999 -> NULL","logger":"lta_common","filename":"lta_common.py","lineno":143}
{"timestamp":"2026-04-15T14:01:07.328532Z","level":"warning","event":"[SANITIZE] link_id=48854 field=maximum_speed suspicious sentinel value=999 -> NULL","logger":"lta_common","filename":"lta_common.py","lineno":143}
{"timestamp":"2026-04-15T14:01:07.328558Z","level":"warning","event":"[SANITIZE] link_id=48858 field=maximum_speed suspicious sentinel value=999 -> NULL","logger":"lta_common","filename":"lta_common.py","lineno":143}
{"timestamp":"2026-04-15T14:01:07.328578Z","level":"warning","event":"[SANITIZE] link_id=48859 field=maximum_speed suspicious sentinel value=999 -> NULL","logger":"lta_common","filename":"lta_common.py","lineno":143}
{"timestamp":"2026-04-15T14:01:07.328604Z","level":"warning","event":"[SANITIZE] link_id=48860 field=maximum_speed suspicious sentinel value=999 -> NULL","logger":"lta_common","filename":"lta_common.py","lineno":143}
{"timestamp":"2026-04-15T14:01:07.328633Z","level":"warning","event":"[SANITIZE] link_id=48862 field=maximum_speed suspicious sentinel value=999 -> NULL","logger":"lta_common","filename":"lta_common.py","lineno":143}
{"timestamp":"2026-04-15T14:01:07.328806Z","level":"warning","event":"[SANITIZE] link_id=48916 field=maximum_speed suspicious sentinel value=999 -> NULL","logger":"lta_common","filename":"lta_common.py","lineno":143}
{"timestamp":"2026-04-15T14:01:07.328833Z","level":"warning","event":"[SANITIZE] link_id=48917 field=maximum_speed suspicious sentinel value=999 -> NULL","logger":"lta_common","filename":"lta_common.py","lineno":143}
{"timestamp":"2026-04-15T14:01:07.328853Z","level":"warning","event":"[SANITIZE] link_id=48918 field=maximum_speed suspicious sentinel value=999 -> NULL","logger":"lta_common","filename":"lta_common.py","lineno":143}
{"timestamp":"2026-04-15T14:01:07.328882Z","level":"warning","event":"[SANITIZE] link_id=48919 field=maximum_speed suspicious sentinel value=999 -> NULL","logger":"lta_common","filename":"lta_common.py","lineno":143}
{"timestamp":"2026-04-15T14:01:07.328916Z","level":"warning","event":"[SANITIZE] link_id=48920 field=maximum_speed suspicious sentinel value=999 -> NULL","logger":"lta_common","filename":"lta_common.py","lineno":143}
{"timestamp":"2026-04-15T14:01:07.328950Z","level":"warning","event":"[SANITIZE] link_id=48921 field=maximum_speed suspicious sentinel value=999 -> NULL","logger":"lta_common","filename":"lta_common.py","lineno":143}
{"timestamp":"2026-04-15T14:01:07.328979Z","level":"warning","event":"[SANITIZE] link_id=48922 field=maximum_speed suspicious sentinel value=999 -> NULL","logger":"lta_common","filename":"lta_common.py","lineno":143}
{"timestamp":"2026-04-15T14:01:07.329011Z","level":"warning","event":"[SANITIZE] link_id=48924 field=maximum_speed suspicious sentinel value=999 -> NULL","logger":"lta_common","filename":"lta_common.py","lineno":143}
{"timestamp":"2026-04-15T14:01:07.329034Z","level":"warning","event":"[SANITIZE] link_id=48925 field=maximum_speed suspicious sentinel value=999 -> NULL","logger":"lta_common","filename":"lta_common.py","lineno":143}
{"timestamp":"2026-04-15T14:01:07.329070Z","level":"warning","event":"[SANITIZE] link_id=48929 field=maximum_speed suspicious sentinel value=999 -> NULL","logger":"lta_common","filename":"lta_common.py","lineno":143}
{"timestamp":"2026-04-15T14:01:07.329148Z","level":"warning","event":"[SANITIZE] link_id=48947 field=maximum_speed suspicious sentinel value=999 -> NULL","logger":"lta_common","filename":"lta_common.py","lineno":143}
{"timestamp":"2026-04-15T14:01:07.329249Z","level":"warning","event":"[SANITIZE] link_id=48974 field=maximum_speed suspicious sentinel value=999 -> NULL","logger":"lta_common","filename":"lta_common.py","lineno":143}
{"timestamp":"2026-04-15T14:01:07.329285Z","level":"warning","event":"[SANITIZE] link_id=48980 field=maximum_speed suspicious sentinel value=999 -> NULL","logger":"lta_common","filename":"lta_common.py","lineno":143}
{"timestamp":"2026-04-15T14:01:07.329327Z","level":"warning","event":"[SANITIZE] link_id=48989 field=maximum_speed suspicious sentinel value=999 -> NULL","logger":"lta_common","filename":"lta_common.py","lineno":143}
{"timestamp":"2026-04-15T14:01:07.329355Z","level":"warning","event":"[SANITIZE] link_id=48990 field=maximum_speed suspicious sentinel value=999 -> NULL","logger":"lta_common","filename":"lta_common.py","lineno":143}
{"timestamp":"2026-04-15T14:01:07.329405Z","level":"warning","event":"[SANITIZE] link_id=48999 field=maximum_speed suspicious sentinel value=999 -> NULL","logger":"lta_common","filename":"lta_common.py","lineno":143}
{"timestamp":"2026-04-15T14:01:07.329429Z","level":"warning","event":"[SANITIZE] link_id=49001 field=maximum_speed suspicious sentinel value=999 -> NULL","logger":"lta_common","filename":"lta_common.py","lineno":143}
{"timestamp":"2026-04-15T14:01:07.329452Z","level":"warning","event":"[SANITIZE] link_id=49002 field=maximum_speed suspicious sentinel value=999 -> NULL","logger":"lta_common","filename":"lta_common.py","lineno":143}
{"timestamp":"2026-04-15T14:01:07.329474Z","level":"warning","event":"[SANITIZE] link_id=49003 field=maximum_speed suspicious sentinel value=999 -> NULL","logger":"lta_common","filename":"lta_common.py","lineno":143}
{"timestamp":"2026-04-15T14:01:07.329512Z","level":"warning","event":"[SANITIZE] link_id=49007 field=maximum_speed suspicious sentinel value=999 -> NULL","logger":"lta_common","filename":"lta_common.py","lineno":143}
{"timestamp":"2026-04-15T14:01:07.329548Z","level":"warning","event":"[SANITIZE] link_id=49012 field=maximum_speed suspicious sentinel value=999 -> NULL","logger":"lta_common","filename":"lta_common.py","lineno":143}
{"timestamp":"2026-04-15T14:01:07.329610Z","level":"warning","event":"[SANITIZE] link_id=49026 field=maximum_speed suspicious sentinel value=999 -> NULL","logger":"lta_common","filename":"lta_common.py","lineno":143}
{"timestamp":"2026-04-15T14:01:07.329647Z","level":"warning","event":"[SANITIZE] link_id=49033 field=maximum_speed suspicious sentinel value=999 -> NULL","logger":"lta_common","filename":"lta_common.py","lineno":143}
{"timestamp":"2026-04-15T14:01:07.329668Z","level":"warning","event":"[SANITIZE] link_id=49034 field=maximum_speed suspicious sentinel value=999 -> NULL","logger":"lta_common","filename":"lta_common.py","lineno":143}
{"timestamp":"2026-04-15T14:01:07.329697Z","level":"warning","event":"[SANITIZE] link_id=49037 field=maximum_speed suspicious sentinel value=999 -> NULL","logger":"lta_common","filename":"lta_common.py","lineno":143}
{"timestamp":"2026-04-15T14:01:07.329732Z","level":"warning","event":"[SANITIZE] link_id=49043 field=maximum_speed suspicious sentinel value=999 -> NULL","logger":"lta_common","filename":"lta_common.py","lineno":143}
{"timestamp":"2026-04-15T14:01:07.329761Z","level":"warning","event":"[SANITIZE] link_id=49047 field=maximum_speed suspicious sentinel value=999 -> NULL","logger":"lta_common","filename":"lta_common.py","lineno":143}
{"timestamp":"2026-04-15T14:01:07.329782Z","level":"warning","event":"[SANITIZE] link_id=49048 field=maximum_speed suspicious sentinel value=999 -> NULL","logger":"lta_common","filename":"lta_common.py","lineno":143}
{"timestamp":"2026-04-15T14:01:07.329803Z","level":"warning","event":"[SANITIZE] link_id=49049 field=maximum_speed suspicious sentinel value=999 -> NULL","logger":"lta_common","filename":"lta_common.py","lineno":143}
{"timestamp":"2026-04-15T14:01:07.329834Z","level":"warning","event":"[SANITIZE] link_id=49054 field=maximum_speed suspicious sentinel value=999 -> NULL","logger":"lta_common","filename":"lta_common.py","lineno":143}
{"timestamp":"2026-04-15T14:01:07.329860Z","level":"warning","event":"[SANITIZE] link_id=49057 field=maximum_speed suspicious sentinel value=999 -> NULL","logger":"lta_common","filename":"lta_common.py","lineno":143}
{"timestamp":"2026-04-15T14:01:07.329884Z","level":"warning","event":"[SANITIZE] link_id=49059 field=maximum_speed suspicious sentinel value=999 -> NULL","logger":"lta_common","filename":"lta_common.py","lineno":143}
{"timestamp":"2026-04-15T14:01:07.329904Z","level":"warning","event":"[SANITIZE] link_id=49060 field=maximum_speed suspicious sentinel value=999 -> NULL","logger":"lta_common","filename":"lta_common.py","lineno":143}
{"timestamp":"2026-04-15T14:01:07.329925Z","level":"warning","event":"[SANITIZE] link_id=49061 field=maximum_speed suspicious sentinel value=999 -> NULL","logger":"lta_common","filename":"lta_common.py","lineno":143}
{"timestamp":"2026-04-15T14:01:07.329959Z","level":"warning","event":"[SANITIZE] link_id=49066 field=maximum_speed suspicious sentinel value=999 -> NULL","logger":"lta_common","filename":"lta_common.py","lineno":143}
{"timestamp":"2026-04-15T14:01:07.329988Z","level":"warning","event":"[SANITIZE] link_id=49067 field=maximum_speed suspicious sentinel value=999 -> NULL","logger":"lta_common","filename":"lta_common.py","lineno":143}
{"timestamp":"2026-04-15T14:01:07.330011Z","level":"warning","event":"[SANITIZE] link_id=49069 field=maximum_speed suspicious sentinel value=999 -> NULL","logger":"lta_common","filename":"lta_common.py","lineno":143}
{"timestamp":"2026-04-15T14:01:07.330032Z","level":"warning","event":"[SANITIZE] link_id=49070 field=maximum_speed suspicious sentinel value=999 -> NULL","logger":"lta_common","filename":"lta_common.py","lineno":143}
{"timestamp":"2026-04-15T14:01:07.330054Z","level":"warning","event":"[SANITIZE] link_id=49071 field=maximum_speed suspicious sentinel value=999 -> NULL","logger":"lta_common","filename":"lta_common.py","lineno":143}
{"timestamp":"2026-04-15T14:01:07.330079Z","level":"warning","event":"[SANITIZE] link_id=49074 field=maximum_speed suspicious sentinel value=999 -> NULL","logger":"lta_common","filename":"lta_common.py","lineno":143}
{"timestamp":"2026-04-15T14:01:07.330099Z","level":"warning","event":"[SANITIZE] link_id=49075 field=maximum_speed suspicious sentinel value=999 -> NULL","logger":"lta_common","filename":"lta_common.py","lineno":143}
{"timestamp":"2026-04-15T14:01:07.330120Z","level":"warning","event":"[SANITIZE] link_id=49076 field=maximum_speed suspicious sentinel value=999 -> NULL","logger":"lta_common","filename":"lta_common.py","lineno":143}
{"timestamp":"2026-04-15T14:01:07.330140Z","level":"warning","event":"[SANITIZE] link_id=49077 field=maximum_speed suspicious sentinel value=999 -> NULL","logger":"lta_common","filename":"lta_common.py","lineno":143}
{"timestamp":"2026-04-15T14:01:07.330160Z","level":"warning","event":"[SANITIZE] link_id=49078 field=maximum_speed suspicious sentinel value=999 -> NULL","logger":"lta_common","filename":"lta_common.py","lineno":143}
{"timestamp":"2026-04-15T14:01:07.330181Z","level":"warning","event":"[SANITIZE] link_id=49079 field=maximum_speed suspicious sentinel value=999 -> NULL","logger":"lta_common","filename":"lta_common.py","lineno":143}
{"timestamp":"2026-04-15T14:01:07.332012Z","level":"warning","event":"[SANITIZE] link_id=49085 field=maximum_speed suspicious sentinel value=999 -> NULL","logger":"lta_common","filename":"lta_common.py","lineno":143}
{"timestamp":"2026-04-15T14:01:07.332329Z","level":"warning","event":"[SANITIZE] link_id=49089 field=maximum_speed suspicious sentinel value=999 -> NULL","logger":"lta_common","filename":"lta_common.py","lineno":143}
{"timestamp":"2026-04-15T14:01:07.332406Z","level":"warning","event":"[SANITIZE] link_id=49092 field=maximum_speed suspicious sentinel value=999 -> NULL","logger":"lta_common","filename":"lta_common.py","lineno":143}
{"timestamp":"2026-04-15T14:01:07.332477Z","level":"warning","event":"[SANITIZE] link_id=49094 field=maximum_speed suspicious sentinel value=999 -> NULL","logger":"lta_common","filename":"lta_common.py","lineno":143}
{"timestamp":"2026-04-15T14:01:07.332512Z","level":"warning","event":"[SANITIZE] link_id=49095 field=maximum_speed suspicious sentinel value=999 -> NULL","logger":"lta_common","filename":"lta_common.py","lineno":143}
{"timestamp":"2026-04-15T14:01:07.332538Z","level":"warning","event":"[SANITIZE] link_id=49097 field=maximum_speed suspicious sentinel value=999 -> NULL","logger":"lta_common","filename":"lta_common.py","lineno":143}
{"timestamp":"2026-04-15T14:01:07.332560Z","level":"warning","event":"[SANITIZE] link_id=49098 field=maximum_speed suspicious sentinel value=999 -> NULL","logger":"lta_common","filename":"lta_common.py","lineno":143}
{"timestamp":"2026-04-15T14:01:07.332582Z","level":"warning","event":"[SANITIZE] link_id=49099 field=maximum_speed suspicious sentinel value=999 -> NULL","logger":"lta_common","filename":"lta_common.py","lineno":143}
{"timestamp":"2026-04-15T14:01:07.332622Z","level":"warning","event":"[SANITIZE] link_id=49102 field=maximum_speed suspicious sentinel value=999 -> NULL","logger":"lta_common","filename":"lta_common.py","lineno":143}
{"timestamp":"2026-04-15T14:01:07.332659Z","level":"warning","event":"[SANITIZE] link_id=49104 field=maximum_speed suspicious sentinel value=999 -> NULL","logger":"lta_common","filename":"lta_common.py","lineno":143}
{"timestamp":"2026-04-15T14:01:07.332704Z","level":"warning","event":"[SANITIZE] link_id=49105 field=maximum_speed suspicious sentinel value=999 -> NULL","logger":"lta_common","filename":"lta_common.py","lineno":143}
{"timestamp":"2026-04-15T14:01:07.332736Z","level":"warning","event":"[SANITIZE] link_id=49110 field=maximum_speed suspicious sentinel value=999 -> NULL","logger":"lta_common","filename":"lta_common.py","lineno":143}
{"timestamp":"2026-04-15T14:01:07.332757Z","level":"warning","event":"[SANITIZE] link_id=49111 field=maximum_speed suspicious sentinel value=999 -> NULL","logger":"lta_common","filename":"lta_common.py","lineno":143}
{"timestamp":"2026-04-15T14:01:07.332785Z","level":"warning","event":"[SANITIZE] link_id=49113 field=maximum_speed suspicious sentinel value=999 -> NULL","logger":"lta_common","filename":"lta_common.py","lineno":143}
{"timestamp":"2026-04-15T14:01:07.332824Z","level":"warning","event":"[SANITIZE] link_id=49116 field=maximum_speed suspicious sentinel value=999 -> NULL","logger":"lta_common","filename":"lta_common.py","lineno":143}
{"timestamp":"2026-04-15T14:01:07.332846Z","level":"warning","event":"[SANITIZE] link_id=49117 field=maximum_speed suspicious sentinel value=999 -> NULL","logger":"lta_common","filename":"lta_common.py","lineno":143}
{"timestamp":"2026-04-15T14:01:07.332882Z","level":"warning","event":"[SANITIZE] link_id=49119 field=maximum_speed suspicious sentinel value=999 -> NULL","logger":"lta_common","filename":"lta_common.py","lineno":143}
{"timestamp":"2026-04-15T14:01:07.332911Z","level":"warning","event":"[SANITIZE] link_id=49121 field=maximum_speed suspicious sentinel value=999 -> NULL","logger":"lta_common","filename":"lta_common.py","lineno":143}
{"timestamp":"2026-04-15T14:01:07.332937Z","level":"warning","event":"[SANITIZE] link_id=49124 field=maximum_speed suspicious sentinel value=999 -> NULL","logger":"lta_common","filename":"lta_common.py","lineno":143}
{"timestamp":"2026-04-15T14:01:07.332959Z","level":"warning","event":"[SANITIZE] link_id=49125 field=maximum_speed suspicious sentinel value=999 -> NULL","logger":"lta_common","filename":"lta_common.py","lineno":143}
{"timestamp":"2026-04-15T14:01:07.332988Z","level":"warning","event":"[SANITIZE] link_id=49130 field=maximum_speed suspicious sentinel value=999 -> NULL","logger":"lta_common","filename":"lta_common.py","lineno":143}
{"timestamp":"2026-04-15T14:01:07.333022Z","level":"warning","event":"[SANITIZE] link_id=49131 field=maximum_speed suspicious sentinel value=999 -> NULL","logger":"lta_common","filename":"lta_common.py","lineno":143}
{"timestamp":"2026-04-15T14:01:07.333053Z","level":"warning","event":"[SANITIZE] link_id=49132 field=maximum_speed suspicious sentinel value=999 -> NULL","logger":"lta_common","filename":"lta_common.py","lineno":143}
{"timestamp":"2026-04-15T14:01:07.333076Z","level":"warning","event":"[SANITIZE] link_id=49134 field=maximum_speed suspicious sentinel value=999 -> NULL","logger":"lta_common","filename":"lta_common.py","lineno":143}
{"timestamp":"2026-04-15T14:01:07.333102Z","level":"warning","event":"[SANITIZE] link_id=49137 field=maximum_speed suspicious sentinel value=999 -> NULL","logger":"lta_common","filename":"lta_common.py","lineno":143}
{"timestamp":"2026-04-15T14:01:07.333133Z","level":"warning","event":"[SANITIZE] link_id=49138 field=maximum_speed suspicious sentinel value=999 -> NULL","logger":"lta_common","filename":"lta_common.py","lineno":143}
{"timestamp":"2026-04-15T14:01:07.333157Z","level":"warning","event":"[SANITIZE] link_id=49140 field=maximum_speed suspicious sentinel value=999 -> NULL","logger":"lta_common","filename":"lta_common.py","lineno":143}
{"timestamp":"2026-04-15T14:01:07.333186Z","level":"warning","event":"[SANITIZE] link_id=49141 field=maximum_speed suspicious sentinel value=999 -> NULL","logger":"lta_common","filename":"lta_common.py","lineno":143}
{"timestamp":"2026-04-15T14:01:07.333213Z","level":"warning","event":"[SANITIZE] link_id=49142 field=maximum_speed suspicious sentinel value=999 -> NULL","logger":"lta_common","filename":"lta_common.py","lineno":143}
{"timestamp":"2026-04-15T14:01:07.333234Z","level":"warning","event":"[SANITIZE] link_id=49143 field=maximum_speed suspicious sentinel value=999 -> NULL","logger":"lta_common","filename":"lta_common.py","lineno":143}
{"timestamp":"2026-04-15T14:01:07.333254Z","level":"warning","event":"[SANITIZE] link_id=49144 field=maximum_speed suspicious sentinel value=999 -> NULL","logger":"lta_common","filename":"lta_common.py","lineno":143}
{"timestamp":"2026-04-15T14:01:07.333275Z","level":"warning","event":"[SANITIZE] link_id=49145 field=maximum_speed suspicious sentinel value=999 -> NULL","logger":"lta_common","filename":"lta_common.py","lineno":143}
{"timestamp":"2026-04-15T14:01:07.333295Z","level":"warning","event":"[SANITIZE] link_id=49146 field=maximum_speed suspicious sentinel value=999 -> NULL","logger":"lta_common","filename":"lta_common.py","lineno":143}
{"timestamp":"2026-04-15T14:01:07.333328Z","level":"warning","event":"[SANITIZE] link_id=49147 field=maximum_speed suspicious sentinel value=999 -> NULL","logger":"lta_common","filename":"lta_common.py","lineno":143}
{"timestamp":"2026-04-15T14:01:07.333364Z","level":"warning","event":"[SANITIZE] link_id=49148 field=maximum_speed suspicious sentinel value=999 -> NULL","logger":"lta_common","filename":"lta_common.py","lineno":143}
{"timestamp":"2026-04-15T14:01:07.333409Z","level":"warning","event":"[SANITIZE] link_id=49149 field=maximum_speed suspicious sentinel value=999 -> NULL","logger":"lta_common","filename":"lta_common.py","lineno":143}
{"timestamp":"2026-04-15T14:01:07.333446Z","level":"warning","event":"[SANITIZE] link_id=49151 field=maximum_speed suspicious sentinel value=999 -> NULL","logger":"lta_common","filename":"lta_common.py","lineno":143}
{"timestamp":"2026-04-15T14:01:07.333626Z","level":"warning","event":"[SANITIZE] link_id=49153 field=maximum_speed suspicious sentinel value=999 -> NULL","logger":"lta_common","filename":"lta_common.py","lineno":143}
{"timestamp":"2026-04-15T14:01:07.333811Z","level":"warning","event":"[SANITIZE] link_id=49154 field=maximum_speed suspicious sentinel value=999 -> NULL","logger":"lta_common","filename":"lta_common.py","lineno":143}
{"timestamp":"2026-04-15T14:01:07.333920Z","level":"warning","event":"[SANITIZE] link_id=49155 field=maximum_speed suspicious sentinel value=999 -> NULL","logger":"lta_common","filename":"lta_common.py","lineno":143}
{"timestamp":"2026-04-15T14:01:07.333979Z","level":"warning","event":"[SANITIZE] link_id=49156 field=maximum_speed suspicious sentinel value=999 -> NULL","logger":"lta_common","filename":"lta_common.py","lineno":143}
{"timestamp":"2026-04-15T14:01:07.334022Z","level":"warning","event":"[SANITIZE] link_id=49157 field=maximum_speed suspicious sentinel value=999 -> NULL","logger":"lta_common","filename":"lta_common.py","lineno":143}
{"timestamp":"2026-04-15T14:01:07.334061Z","level":"warning","event":"[SANITIZE] link_id=49159 field=maximum_speed suspicious sentinel value=999 -> NULL","logger":"lta_common","filename":"lta_common.py","lineno":143}
{"timestamp":"2026-04-15T14:01:07.334105Z","level":"warning","event":"[SANITIZE] link_id=49160 field=maximum_speed suspicious sentinel value=999 -> NULL","logger":"lta_common","filename":"lta_common.py","lineno":143}
{"timestamp":"2026-04-15T14:01:07.334145Z","level":"warning","event":"[SANITIZE] link_id=49162 field=maximum_speed suspicious sentinel value=999 -> NULL","logger":"lta_common","filename":"lta_common.py","lineno":143}
{"timestamp":"2026-04-15T14:01:07.334180Z","level":"warning","event":"[SANITIZE] link_id=49167 field=maximum_speed suspicious sentinel value=999 -> NULL","logger":"lta_common","filename":"lta_common.py","lineno":143}
{"timestamp":"2026-04-15T14:01:07.334231Z","level":"warning","event":"[SANITIZE] link_id=49173 field=maximum_speed suspicious sentinel value=999 -> NULL","logger":"lta_common","filename":"lta_common.py","lineno":143}
{"timestamp":"2026-04-15T14:01:07.334263Z","level":"warning","event":"[SANITIZE] link_id=49174 field=maximum_speed suspicious sentinel value=999 -> NULL","logger":"lta_common","filename":"lta_common.py","lineno":143}
{"timestamp":"2026-04-15T14:01:07.334298Z","level":"warning","event":"[SANITIZE] link_id=49175 field=maximum_speed suspicious sentinel value=999 -> NULL","logger":"lta_common","filename":"lta_common.py","lineno":143}
{"timestamp":"2026-04-15T14:01:07.334326Z","level":"warning","event":"[SANITIZE] link_id=49178 field=maximum_speed suspicious sentinel value=999 -> NULL","logger":"lta_common","filename":"lta_common.py","lineno":143}
{"timestamp":"2026-04-15T14:01:07.334348Z","level":"warning","event":"[SANITIZE] link_id=49179 field=maximum_speed suspicious sentinel value=999 -> NULL","logger":"lta_common","filename":"lta_common.py","lineno":143}
{"timestamp":"2026-04-15T14:01:07.334393Z","level":"warning","event":"[SANITIZE] link_id=49181 field=maximum_speed suspicious sentinel value=999 -> NULL","logger":"lta_common","filename":"lta_common.py","lineno":143}
{"timestamp":"2026-04-15T14:01:07.334422Z","level":"warning","event":"[SANITIZE] link_id=49182 field=maximum_speed suspicious sentinel value=999 -> NULL","logger":"lta_common","filename":"lta_common.py","lineno":143}
{"timestamp":"2026-04-15T14:01:07.334466Z","level":"warning","event":"[SANITIZE] link_id=49185 field=maximum_speed suspicious sentinel value=999 -> NULL","logger":"lta_common","filename":"lta_common.py","lineno":143}
{"timestamp":"2026-04-15T14:01:07.334491Z","level":"warning","event":"[SANITIZE] link_id=49187 field=maximum_speed suspicious sentinel value=999 -> NULL","logger":"lta_common","filename":"lta_common.py","lineno":143}
{"timestamp":"2026-04-15T14:01:07.334513Z","level":"warning","event":"[SANITIZE] link_id=49188 field=maximum_speed suspicious sentinel value=999 -> NULL","logger":"lta_common","filename":"lta_common.py","lineno":143}
{"timestamp":"2026-04-15T14:01:07.334534Z","level":"warning","event":"[SANITIZE] link_id=49189 field=maximum_speed suspicious sentinel value=999 -> NULL","logger":"lta_common","filename":"lta_common.py","lineno":143}
{"timestamp":"2026-04-15T14:01:07.334573Z","level":"warning","event":"[SANITIZE] link_id=49190 field=maximum_speed suspicious sentinel value=999 -> NULL","logger":"lta_common","filename":"lta_common.py","lineno":143}
{"timestamp":"2026-04-15T14:01:07.334648Z","level":"warning","event":"[SANITIZE] link_id=49192 field=maximum_speed suspicious sentinel value=999 -> NULL","logger":"lta_common","filename":"lta_common.py","lineno":143}
{"timestamp":"2026-04-15T14:01:07.334673Z","level":"warning","event":"[SANITIZE] link_id=49194 field=maximum_speed suspicious sentinel value=999 -> NULL","logger":"lta_common","filename":"lta_common.py","lineno":143}
{"timestamp":"2026-04-15T14:01:07.334694Z","level":"warning","event":"[SANITIZE] link_id=49195 field=maximum_speed suspicious sentinel value=999 -> NULL","logger":"lta_common","filename":"lta_common.py","lineno":143}
{"timestamp":"2026-04-15T14:01:07.335668Z","level":"info","event":"[CLEAN DONE] rows=500 | null_speed_band=0 | null_minimum_speed=0 | null_maximum_speed=177","logger":"lta_common","filename":"lta_common.py","lineno":238}
{"timestamp":"2026-04-15T14:01:07.337766Z","level":"info","event":"STEP 5: built cleaned snapshot dataframe rows=500","logger":"2_refresh_traffic_speed","filename":"2_refresh_traffic_speed.py","lineno":44}
{"timestamp":"2026-04-15T14:01:07.339625Z","level":"info","event":"[LATEST PREP] rows=500 | missing_measurement_rows=0","logger":"lta_common","filename":"lta_common.py","lineno":271}
{"timestamp":"2026-04-15T14:01:07.340583Z","level":"info","event":"[UPSERT START] upserting 500 rows into traffic_speed_latest","logger":"lta_common","filename":"lta_common.py","lineno":348}
{"timestamp":"2026-04-15T14:01:07.341191Z","level":"info","event":"[UPSERT DEBUG] max_link_id=49195 | min_link_id=48674 | max_speed_band=8 | min_speed_band=1 | max_minimum_speed=70 | min_minimum_speed=0 | max_maximum_speed=69.0 | min_maximum_speed=9.0","logger":"lta_common","filename":"lta_common.py","lineno":350}
{"timestamp":"2026-04-15T14:01:07.673533Z","level":"info","event":"[UPSERT DONE] upserted=500 rows into traffic_speed_latest","logger":"lta_common","filename":"lta_common.py","lineno":388}
{"timestamp":"2026-04-15T14:01:07.674131Z","level":"info","event":"[SAVE START] inserting 500 rows into traffic_speed_recent","logger":"lta_common","filename":"lta_common.py","lineno":319}
{"timestamp":"2026-04-15T14:01:07.999656Z","level":"info","event":"[SAVE DONE] inserted=500 rows into traffic_speed_recent","logger":"lta_common","filename":"lta_common.py","lineno":337}
{"timestamp":"2026-04-15T14:01:07.999952Z","level":"info","event":"STEP 6: page saved skip=33000 | pages=67 | latest_rows=33500 | recent_rows=33500","logger":"2_refresh_traffic_speed","filename":"2_refresh_traffic_speed.py","lineno":56}
{"timestamp":"2026-04-15T14:01:08.000151Z","level":"info","event":"========== PAGE START ==========","logger":"lta_common","filename":"lta_common.py","lineno":53}
{"timestamp":"2026-04-15T14:01:08.000222Z","level":"info","event":"[FETCH] requesting rows 33500–33999","logger":"lta_common","filename":"lta_common.py","lineno":54}
{"timestamp":"2026-04-15T14:01:08.000341Z","level":"info","event":"Fetching page from LTA: skip=33500","logger":"lta_common","filename":"lta_common.py","lineno":36}
{"timestamp":"2026-04-15T14:01:08.244726Z","level":"info","event":"Retrieved 500 rows from LTA at skip=33500","logger":"lta_common","filename":"lta_common.py","lineno":44}
{"timestamp":"2026-04-15T14:01:08.246551Z","level":"info","event":"[FETCH DONE] retrieved=500 rows at skip=33500","logger":"lta_common","filename":"lta_common.py","lineno":59}
{"timestamp":"2026-04-15T14:01:08.246910Z","level":"info","event":"STEP 4: processing page skip=33500 rows=500","logger":"2_refresh_traffic_speed","filename":"2_refresh_traffic_speed.py","lineno":41}
{"timestamp":"2026-04-15T14:01:08.255643Z","level":"warning","event":"[SANITIZE] link_id=49197 field=maximum_speed suspicious sentinel value=999 -> NULL","logger":"lta_common","filename":"lta_common.py","lineno":143}
{"timestamp":"2026-04-15T14:01:08.255738Z","level":"warning","event":"[SANITIZE] link_id=49198 field=maximum_speed suspicious sentinel value=999 -> NULL","logger":"lta_common","filename":"lta_common.py","lineno":143}
{"timestamp":"2026-04-15T14:01:08.255799Z","level":"warning","event":"[SANITIZE] link_id=49210 field=maximum_speed suspicious sentinel value=999 -> NULL","logger":"lta_common","filename":"lta_common.py","lineno":143}
{"timestamp":"2026-04-15T14:01:08.255837Z","level":"warning","event":"[SANITIZE] link_id=49212 field=maximum_speed suspicious sentinel value=999 -> NULL","logger":"lta_common","filename":"lta_common.py","lineno":143}
{"timestamp":"2026-04-15T14:01:08.255865Z","level":"warning","event":"[SANITIZE] link_id=49213 field=maximum_speed suspicious sentinel value=999 -> NULL","logger":"lta_common","filename":"lta_common.py","lineno":143}
{"timestamp":"2026-04-15T14:01:08.255891Z","level":"warning","event":"[SANITIZE] link_id=49215 field=maximum_speed suspicious sentinel value=999 -> NULL","logger":"lta_common","filename":"lta_common.py","lineno":143}
{"timestamp":"2026-04-15T14:01:08.255916Z","level":"warning","event":"[SANITIZE] link_id=49217 field=maximum_speed suspicious sentinel value=999 -> NULL","logger":"lta_common","filename":"lta_common.py","lineno":143}
{"timestamp":"2026-04-15T14:01:08.255945Z","level":"warning","event":"[SANITIZE] link_id=49220 field=maximum_speed suspicious sentinel value=999 -> NULL","logger":"lta_common","filename":"lta_common.py","lineno":143}
{"timestamp":"2026-04-15T14:01:08.255967Z","level":"warning","event":"[SANITIZE] link_id=49221 field=maximum_speed suspicious sentinel value=999 -> NULL","logger":"lta_common","filename":"lta_common.py","lineno":143}
{"timestamp":"2026-04-15T14:01:08.256001Z","level":"warning","event":"[SANITIZE] link_id=49228 field=maximum_speed suspicious sentinel value=999 -> NULL","logger":"lta_common","filename":"lta_common.py","lineno":143}
{"timestamp":"2026-04-15T14:01:08.256022Z","level":"warning","event":"[SANITIZE] link_id=49229 field=maximum_speed suspicious sentinel value=999 -> NULL","logger":"lta_common","filename":"lta_common.py","lineno":143}
{"timestamp":"2026-04-15T14:01:08.256044Z","level":"warning","event":"[SANITIZE] link_id=49230 field=maximum_speed suspicious sentinel value=999 -> NULL","logger":"lta_common","filename":"lta_common.py","lineno":143}
{"timestamp":"2026-04-15T14:01:08.256066Z","level":"warning","event":"[SANITIZE] link_id=49231 field=maximum_speed suspicious sentinel value=999 -> NULL","logger":"lta_common","filename":"lta_common.py","lineno":143}
{"timestamp":"2026-04-15T14:01:08.256100Z","level":"warning","event":"[SANITIZE] link_id=49240 field=maximum_speed suspicious sentinel value=999 -> NULL","logger":"lta_common","filename":"lta_common.py","lineno":143}
{"timestamp":"2026-04-15T14:01:08.256122Z","level":"warning","event":"[SANITIZE] link_id=49241 field=maximum_speed suspicious sentinel value=999 -> NULL","logger":"lta_common","filename":"lta_common.py","lineno":143}
{"timestamp":"2026-04-15T14:01:08.256143Z","level":"warning","event":"[SANITIZE] link_id=49242 field=maximum_speed suspicious sentinel value=999 -> NULL","logger":"lta_common","filename":"lta_common.py","lineno":143}
{"timestamp":"2026-04-15T14:01:08.256164Z","level":"warning","event":"[SANITIZE] link_id=49243 field=maximum_speed suspicious sentinel value=999 -> NULL","logger":"lta_common","filename":"lta_common.py","lineno":143}
{"timestamp":"2026-04-15T14:01:08.256208Z","level":"warning","event":"[SANITIZE] link_id=49252 field=maximum_speed suspicious sentinel value=999 -> NULL","logger":"lta_common","filename":"lta_common.py","lineno":143}
{"timestamp":"2026-04-15T14:01:08.256229Z","level":"warning","event":"[SANITIZE] link_id=49253 field=maximum_speed suspicious sentinel value=999 -> NULL","logger":"lta_common","filename":"lta_common.py","lineno":143}
{"timestamp":"2026-04-15T14:01:08.256249Z","level":"warning","event":"[SANITIZE] link_id=49254 field=maximum_speed suspicious sentinel value=999 -> NULL","logger":"lta_common","filename":"lta_common.py","lineno":143}
{"timestamp":"2026-04-15T14:01:08.256281Z","level":"warning","event":"[SANITIZE] link_id=49256 field=maximum_speed suspicious sentinel value=999 -> NULL","logger":"lta_common","filename":"lta_common.py","lineno":143}
{"timestamp":"2026-04-15T14:01:08.256315Z","level":"warning","event":"[SANITIZE] link_id=49260 field=maximum_speed suspicious sentinel value=999 -> NULL","logger":"lta_common","filename":"lta_common.py","lineno":143}
{"timestamp":"2026-04-15T14:01:08.256346Z","level":"warning","event":"[SANITIZE] link_id=49265 field=maximum_speed suspicious sentinel value=999 -> NULL","logger":"lta_common","filename":"lta_common.py","lineno":143}
{"timestamp":"2026-04-15T14:01:08.256390Z","level":"warning","event":"[SANITIZE] link_id=49267 field=maximum_speed suspicious sentinel value=999 -> NULL","logger":"lta_common","filename":"lta_common.py","lineno":143}
{"timestamp":"2026-04-15T14:01:08.256416Z","level":"warning","event":"[SANITIZE] link_id=49268 field=maximum_speed suspicious sentinel value=999 -> NULL","logger":"lta_common","filename":"lta_common.py","lineno":143}
{"timestamp":"2026-04-15T14:01:08.256439Z","level":"warning","event":"[SANITIZE] link_id=49270 field=maximum_speed suspicious sentinel value=999 -> NULL","logger":"lta_common","filename":"lta_common.py","lineno":143}
{"timestamp":"2026-04-15T14:01:08.256461Z","level":"warning","event":"[SANITIZE] link_id=49271 field=maximum_speed suspicious sentinel value=999 -> NULL","logger":"lta_common","filename":"lta_common.py","lineno":143}
{"timestamp":"2026-04-15T14:01:08.256497Z","level":"warning","event":"[SANITIZE] link_id=49273 field=maximum_speed suspicious sentinel value=999 -> NULL","logger":"lta_common","filename":"lta_common.py","lineno":143}
{"timestamp":"2026-04-15T14:01:08.256521Z","level":"warning","event":"[SANITIZE] link_id=49275 field=maximum_speed suspicious sentinel value=999 -> NULL","logger":"lta_common","filename":"lta_common.py","lineno":143}
{"timestamp":"2026-04-15T14:01:08.256542Z","level":"warning","event":"[SANITIZE] link_id=49276 field=maximum_speed suspicious sentinel value=999 -> NULL","logger":"lta_common","filename":"lta_common.py","lineno":143}
{"timestamp":"2026-04-15T14:01:08.256569Z","level":"warning","event":"[SANITIZE] link_id=49278 field=maximum_speed suspicious sentinel value=999 -> NULL","logger":"lta_common","filename":"lta_common.py","lineno":143}
{"timestamp":"2026-04-15T14:01:08.256636Z","level":"warning","event":"[SANITIZE] link_id=49279 field=maximum_speed suspicious sentinel value=999 -> NULL","logger":"lta_common","filename":"lta_common.py","lineno":143}
{"timestamp":"2026-04-15T14:01:08.256657Z","level":"warning","event":"[SANITIZE] link_id=49280 field=maximum_speed suspicious sentinel value=999 -> NULL","logger":"lta_common","filename":"lta_common.py","lineno":143}
{"timestamp":"2026-04-15T14:01:08.256679Z","level":"warning","event":"[SANITIZE] link_id=49281 field=maximum_speed suspicious sentinel value=999 -> NULL","logger":"lta_common","filename":"lta_common.py","lineno":143}
{"timestamp":"2026-04-15T14:01:08.256699Z","level":"warning","event":"[SANITIZE] link_id=49282 field=maximum_speed suspicious sentinel value=999 -> NULL","logger":"lta_common","filename":"lta_common.py","lineno":143}
{"timestamp":"2026-04-15T14:01:08.256720Z","level":"warning","event":"[SANITIZE] link_id=49283 field=maximum_speed suspicious sentinel value=999 -> NULL","logger":"lta_common","filename":"lta_common.py","lineno":143}
{"timestamp":"2026-04-15T14:01:08.256741Z","level":"warning","event":"[SANITIZE] link_id=49284 field=maximum_speed suspicious sentinel value=999 -> NULL","logger":"lta_common","filename":"lta_common.py","lineno":143}
{"timestamp":"2026-04-15T14:01:08.256834Z","level":"warning","event":"[SANITIZE] link_id=49313 field=maximum_speed suspicious sentinel value=999 -> NULL","logger":"lta_common","filename":"lta_common.py","lineno":143}
{"timestamp":"2026-04-15T14:01:08.256860Z","level":"warning","event":"[SANITIZE] link_id=49316 field=maximum_speed suspicious sentinel value=999 -> NULL","logger":"lta_common","filename":"lta_common.py","lineno":143}
{"timestamp":"2026-04-15T14:01:08.256883Z","level":"warning","event":"[SANITIZE] link_id=49318 field=maximum_speed suspicious sentinel value=999 -> NULL","logger":"lta_common","filename":"lta_common.py","lineno":143}
{"timestamp":"2026-04-15T14:01:08.256903Z","level":"warning","event":"[SANITIZE] link_id=49319 field=maximum_speed suspicious sentinel value=999 -> NULL","logger":"lta_common","filename":"lta_common.py","lineno":143}
{"timestamp":"2026-04-15T14:01:08.256942Z","level":"warning","event":"[SANITIZE] link_id=49327 field=maximum_speed suspicious sentinel value=999 -> NULL","logger":"lta_common","filename":"lta_common.py","lineno":143}
{"timestamp":"2026-04-15T14:01:08.256968Z","level":"warning","event":"[SANITIZE] link_id=49330 field=maximum_speed suspicious sentinel value=999 -> NULL","logger":"lta_common","filename":"lta_common.py","lineno":143}
{"timestamp":"2026-04-15T14:01:08.256991Z","level":"warning","event":"[SANITIZE] link_id=49331 field=maximum_speed suspicious sentinel value=999 -> NULL","logger":"lta_common","filename":"lta_common.py","lineno":143}
{"timestamp":"2026-04-15T14:01:08.257014Z","level":"warning","event":"[SANITIZE] link_id=49333 field=maximum_speed suspicious sentinel value=999 -> NULL","logger":"lta_common","filename":"lta_common.py","lineno":143}
{"timestamp":"2026-04-15T14:01:08.257038Z","level":"warning","event":"[SANITIZE] link_id=49335 field=maximum_speed suspicious sentinel value=999 -> NULL","logger":"lta_common","filename":"lta_common.py","lineno":143}
{"timestamp":"2026-04-15T14:01:08.257061Z","level":"warning","event":"[SANITIZE] link_id=49337 field=maximum_speed suspicious sentinel value=999 -> NULL","logger":"lta_common","filename":"lta_common.py","lineno":143}
{"timestamp":"2026-04-15T14:01:08.257089Z","level":"warning","event":"[SANITIZE] link_id=49341 field=maximum_speed suspicious sentinel value=999 -> NULL","logger":"lta_common","filename":"lta_common.py","lineno":143}
{"timestamp":"2026-04-15T14:01:08.257118Z","level":"warning","event":"[SANITIZE] link_id=49345 field=maximum_speed suspicious sentinel value=999 -> NULL","logger":"lta_common","filename":"lta_common.py","lineno":143}
{"timestamp":"2026-04-15T14:01:08.257141Z","level":"warning","event":"[SANITIZE] link_id=49347 field=maximum_speed suspicious sentinel value=999 -> NULL","logger":"lta_common","filename":"lta_common.py","lineno":143}
{"timestamp":"2026-04-15T14:01:08.257166Z","level":"warning","event":"[SANITIZE] link_id=49350 field=maximum_speed suspicious sentinel value=999 -> NULL","logger":"lta_common","filename":"lta_common.py","lineno":143}
{"timestamp":"2026-04-15T14:01:08.257221Z","level":"warning","event":"[SANITIZE] link_id=49351 field=maximum_speed suspicious sentinel value=999 -> NULL","logger":"lta_common","filename":"lta_common.py","lineno":143}
{"timestamp":"2026-04-15T14:01:08.257308Z","level":"warning","event":"[SANITIZE] link_id=49352 field=maximum_speed suspicious sentinel value=999 -> NULL","logger":"lta_common","filename":"lta_common.py","lineno":143}
{"timestamp":"2026-04-15T14:01:08.257350Z","level":"warning","event":"[SANITIZE] link_id=49353 field=maximum_speed suspicious sentinel value=999 -> NULL","logger":"lta_common","filename":"lta_common.py","lineno":143}
{"timestamp":"2026-04-15T14:01:08.257379Z","level":"warning","event":"[SANITIZE] link_id=49354 field=maximum_speed suspicious sentinel value=999 -> NULL","logger":"lta_common","filename":"lta_common.py","lineno":143}
{"timestamp":"2026-04-15T14:01:08.257415Z","level":"warning","event":"[SANITIZE] link_id=49355 field=maximum_speed suspicious sentinel value=999 -> NULL","logger":"lta_common","filename":"lta_common.py","lineno":143}
{"timestamp":"2026-04-15T14:01:08.257438Z","level":"warning","event":"[SANITIZE] link_id=49356 field=maximum_speed suspicious sentinel value=999 -> NULL","logger":"lta_common","filename":"lta_common.py","lineno":143}
{"timestamp":"2026-04-15T14:01:08.257467Z","level":"warning","event":"[SANITIZE] link_id=49359 field=maximum_speed suspicious sentinel value=999 -> NULL","logger":"lta_common","filename":"lta_common.py","lineno":143}
{"timestamp":"2026-04-15T14:01:08.257493Z","level":"warning","event":"[SANITIZE] link_id=49361 field=maximum_speed suspicious sentinel value=999 -> NULL","logger":"lta_common","filename":"lta_common.py","lineno":143}
{"timestamp":"2026-04-15T14:01:08.257535Z","level":"warning","event":"[SANITIZE] link_id=49368 field=maximum_speed suspicious sentinel value=999 -> NULL","logger":"lta_common","filename":"lta_common.py","lineno":143}
{"timestamp":"2026-04-15T14:01:08.257583Z","level":"warning","event":"[SANITIZE] link_id=49373 field=maximum_speed suspicious sentinel value=999 -> NULL","logger":"lta_common","filename":"lta_common.py","lineno":143}
{"timestamp":"2026-04-15T14:01:08.257608Z","level":"warning","event":"[SANITIZE] link_id=49374 field=maximum_speed suspicious sentinel value=999 -> NULL","logger":"lta_common","filename":"lta_common.py","lineno":143}
{"timestamp":"2026-04-15T14:01:08.257630Z","level":"warning","event":"[SANITIZE] link_id=49375 field=maximum_speed suspicious sentinel value=999 -> NULL","logger":"lta_common","filename":"lta_common.py","lineno":143}
{"timestamp":"2026-04-15T14:01:08.257664Z","level":"warning","event":"[SANITIZE] link_id=49376 field=maximum_speed suspicious sentinel value=999 -> NULL","logger":"lta_common","filename":"lta_common.py","lineno":143}
{"timestamp":"2026-04-15T14:01:08.257690Z","level":"warning","event":"[SANITIZE] link_id=49377 field=maximum_speed suspicious sentinel value=999 -> NULL","logger":"lta_common","filename":"lta_common.py","lineno":143}
{"timestamp":"2026-04-15T14:01:08.257712Z","level":"warning","event":"[SANITIZE] link_id=49378 field=maximum_speed suspicious sentinel value=999 -> NULL","logger":"lta_common","filename":"lta_common.py","lineno":143}
{"timestamp":"2026-04-15T14:01:08.257742Z","level":"warning","event":"[SANITIZE] link_id=49379 field=maximum_speed suspicious sentinel value=999 -> NULL","logger":"lta_common","filename":"lta_common.py","lineno":143}
{"timestamp":"2026-04-15T14:01:08.257780Z","level":"warning","event":"[SANITIZE] link_id=49381 field=maximum_speed suspicious sentinel value=999 -> NULL","logger":"lta_common","filename":"lta_common.py","lineno":143}
{"timestamp":"2026-04-15T14:01:08.257898Z","level":"warning","event":"[SANITIZE] link_id=49410 field=maximum_speed suspicious sentinel value=999 -> NULL","logger":"lta_common","filename":"lta_common.py","lineno":143}
{"timestamp":"2026-04-15T14:01:08.257924Z","level":"warning","event":"[SANITIZE] link_id=49411 field=maximum_speed suspicious sentinel value=999 -> NULL","logger":"lta_common","filename":"lta_common.py","lineno":143}
{"timestamp":"2026-04-15T14:01:08.257962Z","level":"warning","event":"[SANITIZE] link_id=49418 field=maximum_speed suspicious sentinel value=999 -> NULL","logger":"lta_common","filename":"lta_common.py","lineno":143}
{"timestamp":"2026-04-15T14:01:08.257984Z","level":"warning","event":"[SANITIZE] link_id=49419 field=maximum_speed suspicious sentinel value=999 -> NULL","logger":"lta_common","filename":"lta_common.py","lineno":143}
{"timestamp":"2026-04-15T14:01:08.258015Z","level":"warning","event":"[SANITIZE] link_id=49424 field=maximum_speed suspicious sentinel value=999 -> NULL","logger":"lta_common","filename":"lta_common.py","lineno":143}
{"timestamp":"2026-04-15T14:01:08.258037Z","level":"warning","event":"[SANITIZE] link_id=49425 field=maximum_speed suspicious sentinel value=999 -> NULL","logger":"lta_common","filename":"lta_common.py","lineno":143}
{"timestamp":"2026-04-15T14:01:08.258058Z","level":"warning","event":"[SANITIZE] link_id=49426 field=maximum_speed suspicious sentinel value=999 -> NULL","logger":"lta_common","filename":"lta_common.py","lineno":143}
{"timestamp":"2026-04-15T14:01:08.258079Z","level":"warning","event":"[SANITIZE] link_id=49427 field=maximum_speed suspicious sentinel value=999 -> NULL","logger":"lta_common","filename":"lta_common.py","lineno":143}
{"timestamp":"2026-04-15T14:01:08.258112Z","level":"warning","event":"[SANITIZE] link_id=49428 field=maximum_speed suspicious sentinel value=999 -> NULL","logger":"lta_common","filename":"lta_common.py","lineno":143}
{"timestamp":"2026-04-15T14:01:08.258143Z","level":"warning","event":"[SANITIZE] link_id=49429 field=maximum_speed suspicious sentinel value=999 -> NULL","logger":"lta_common","filename":"lta_common.py","lineno":143}
{"timestamp":"2026-04-15T14:01:08.258171Z","level":"warning","event":"[SANITIZE] link_id=49430 field=maximum_speed suspicious sentinel value=999 -> NULL","logger":"lta_common","filename":"lta_common.py","lineno":143}
{"timestamp":"2026-04-15T14:01:08.258192Z","level":"warning","event":"[SANITIZE] link_id=49431 field=maximum_speed suspicious sentinel value=999 -> NULL","logger":"lta_common","filename":"lta_common.py","lineno":143}
{"timestamp":"2026-04-15T14:01:08.258226Z","level":"warning","event":"[SANITIZE] link_id=49432 field=maximum_speed suspicious sentinel value=999 -> NULL","logger":"lta_common","filename":"lta_common.py","lineno":143}
{"timestamp":"2026-04-15T14:01:08.258251Z","level":"warning","event":"[SANITIZE] link_id=49433 field=maximum_speed suspicious sentinel value=999 -> NULL","logger":"lta_common","filename":"lta_common.py","lineno":143}
{"timestamp":"2026-04-15T14:01:08.258273Z","level":"warning","event":"[SANITIZE] link_id=49434 field=maximum_speed suspicious sentinel value=999 -> NULL","logger":"lta_common","filename":"lta_common.py","lineno":143}
{"timestamp":"2026-04-15T14:01:08.258297Z","level":"warning","event":"[SANITIZE] link_id=49436 field=maximum_speed suspicious sentinel value=999 -> NULL","logger":"lta_common","filename":"lta_common.py","lineno":143}
{"timestamp":"2026-04-15T14:01:08.258357Z","level":"warning","event":"[SANITIZE] link_id=49451 field=maximum_speed suspicious sentinel value=999 -> NULL","logger":"lta_common","filename":"lta_common.py","lineno":143}
{"timestamp":"2026-04-15T14:01:08.258378Z","level":"warning","event":"[SANITIZE] link_id=49452 field=maximum_speed suspicious sentinel value=999 -> NULL","logger":"lta_common","filename":"lta_common.py","lineno":143}
{"timestamp":"2026-04-15T14:01:08.258431Z","level":"warning","event":"[SANITIZE] link_id=49453 field=maximum_speed suspicious sentinel value=999 -> NULL","logger":"lta_common","filename":"lta_common.py","lineno":143}
{"timestamp":"2026-04-15T14:01:08.258456Z","level":"warning","event":"[SANITIZE] link_id=49454 field=maximum_speed suspicious sentinel value=999 -> NULL","logger":"lta_common","filename":"lta_common.py","lineno":143}
{"timestamp":"2026-04-15T14:01:08.258490Z","level":"warning","event":"[SANITIZE] link_id=49455 field=maximum_speed suspicious sentinel value=999 -> NULL","logger":"lta_common","filename":"lta_common.py","lineno":143}
{"timestamp":"2026-04-15T14:01:08.258520Z","level":"warning","event":"[SANITIZE] link_id=49456 field=maximum_speed suspicious sentinel value=999 -> NULL","logger":"lta_common","filename":"lta_common.py","lineno":143}
{"timestamp":"2026-04-15T14:01:08.258549Z","level":"warning","event":"[SANITIZE] link_id=49457 field=maximum_speed suspicious sentinel value=999 -> NULL","logger":"lta_common","filename":"lta_common.py","lineno":143}
{"timestamp":"2026-04-15T14:01:08.258570Z","level":"warning","event":"[SANITIZE] link_id=49458 field=maximum_speed suspicious sentinel value=999 -> NULL","logger":"lta_common","filename":"lta_common.py","lineno":143}
{"timestamp":"2026-04-15T14:01:08.258625Z","level":"warning","event":"[SANITIZE] link_id=49471 field=maximum_speed suspicious sentinel value=999 -> NULL","logger":"lta_common","filename":"lta_common.py","lineno":143}
{"timestamp":"2026-04-15T14:01:08.258646Z","level":"warning","event":"[SANITIZE] link_id=49472 field=maximum_speed suspicious sentinel value=999 -> NULL","logger":"lta_common","filename":"lta_common.py","lineno":143}
{"timestamp":"2026-04-15T14:01:08.258668Z","level":"warning","event":"[SANITIZE] link_id=49473 field=maximum_speed suspicious sentinel value=999 -> NULL","logger":"lta_common","filename":"lta_common.py","lineno":143}
{"timestamp":"2026-04-15T14:01:08.258695Z","level":"warning","event":"[SANITIZE] link_id=49476 field=maximum_speed suspicious sentinel value=999 -> NULL","logger":"lta_common","filename":"lta_common.py","lineno":143}
{"timestamp":"2026-04-15T14:01:08.258722Z","level":"warning","event":"[SANITIZE] link_id=49479 field=maximum_speed suspicious sentinel value=999 -> NULL","logger":"lta_common","filename":"lta_common.py","lineno":143}
{"timestamp":"2026-04-15T14:01:08.258757Z","level":"warning","event":"[SANITIZE] link_id=49485 field=maximum_speed suspicious sentinel value=999 -> NULL","logger":"lta_common","filename":"lta_common.py","lineno":143}
{"timestamp":"2026-04-15T14:01:08.258778Z","level":"warning","event":"[SANITIZE] link_id=49486 field=maximum_speed suspicious sentinel value=999 -> NULL","logger":"lta_common","filename":"lta_common.py","lineno":143}
{"timestamp":"2026-04-15T14:01:08.258856Z","level":"warning","event":"[SANITIZE] link_id=49499 field=maximum_speed suspicious sentinel value=999 -> NULL","logger":"lta_common","filename":"lta_common.py","lineno":143}
{"timestamp":"2026-04-15T14:01:08.258889Z","level":"warning","event":"[SANITIZE] link_id=49503 field=maximum_speed suspicious sentinel value=999 -> NULL","logger":"lta_common","filename":"lta_common.py","lineno":143}
{"timestamp":"2026-04-15T14:01:08.258915Z","level":"warning","event":"[SANITIZE] link_id=49506 field=maximum_speed suspicious sentinel value=999 -> NULL","logger":"lta_common","filename":"lta_common.py","lineno":143}
{"timestamp":"2026-04-15T14:01:08.258936Z","level":"warning","event":"[SANITIZE] link_id=49507 field=maximum_speed suspicious sentinel value=999 -> NULL","logger":"lta_common","filename":"lta_common.py","lineno":143}
{"timestamp":"2026-04-15T14:01:08.258958Z","level":"warning","event":"[SANITIZE] link_id=49508 field=maximum_speed suspicious sentinel value=999 -> NULL","logger":"lta_common","filename":"lta_common.py","lineno":143}
{"timestamp":"2026-04-15T14:01:08.258980Z","level":"warning","event":"[SANITIZE] link_id=49509 field=maximum_speed suspicious sentinel value=999 -> NULL","logger":"lta_common","filename":"lta_common.py","lineno":143}
{"timestamp":"2026-04-15T14:01:08.259001Z","level":"warning","event":"[SANITIZE] link_id=49510 field=maximum_speed suspicious sentinel value=999 -> NULL","logger":"lta_common","filename":"lta_common.py","lineno":143}
{"timestamp":"2026-04-15T14:01:08.259022Z","level":"warning","event":"[SANITIZE] link_id=49511 field=maximum_speed suspicious sentinel value=999 -> NULL","logger":"lta_common","filename":"lta_common.py","lineno":143}
{"timestamp":"2026-04-15T14:01:08.259042Z","level":"warning","event":"[SANITIZE] link_id=49512 field=maximum_speed suspicious sentinel value=999 -> NULL","logger":"lta_common","filename":"lta_common.py","lineno":143}
{"timestamp":"2026-04-15T14:01:08.259065Z","level":"warning","event":"[SANITIZE] link_id=49514 field=maximum_speed suspicious sentinel value=999 -> NULL","logger":"lta_common","filename":"lta_common.py","lineno":143}
{"timestamp":"2026-04-15T14:01:08.259086Z","level":"warning","event":"[SANITIZE] link_id=49515 field=maximum_speed suspicious sentinel value=999 -> NULL","logger":"lta_common","filename":"lta_common.py","lineno":143}
{"timestamp":"2026-04-15T14:01:08.259106Z","level":"warning","event":"[SANITIZE] link_id=49516 field=maximum_speed suspicious sentinel value=999 -> NULL","logger":"lta_common","filename":"lta_common.py","lineno":143}
{"timestamp":"2026-04-15T14:01:08.259127Z","level":"warning","event":"[SANITIZE] link_id=49517 field=maximum_speed suspicious sentinel value=999 -> NULL","logger":"lta_common","filename":"lta_common.py","lineno":143}
{"timestamp":"2026-04-15T14:01:08.259147Z","level":"warning","event":"[SANITIZE] link_id=49518 field=maximum_speed suspicious sentinel value=999 -> NULL","logger":"lta_common","filename":"lta_common.py","lineno":143}
{"timestamp":"2026-04-15T14:01:08.259168Z","level":"warning","event":"[SANITIZE] link_id=49519 field=maximum_speed suspicious sentinel value=999 -> NULL","logger":"lta_common","filename":"lta_common.py","lineno":143}
{"timestamp":"2026-04-15T14:01:08.259372Z","level":"warning","event":"[SANITIZE] link_id=49623 field=maximum_speed suspicious sentinel value=999 -> NULL","logger":"lta_common","filename":"lta_common.py","lineno":143}
{"timestamp":"2026-04-15T14:01:08.259431Z","level":"warning","event":"[SANITIZE] link_id=49638 field=maximum_speed suspicious sentinel value=999 -> NULL","logger":"lta_common","filename":"lta_common.py","lineno":143}
{"timestamp":"2026-04-15T14:01:08.259527Z","level":"warning","event":"[SANITIZE] link_id=49640 field=maximum_speed suspicious sentinel value=999 -> NULL","logger":"lta_common","filename":"lta_common.py","lineno":143}
{"timestamp":"2026-04-15T14:01:08.259590Z","level":"warning","event":"[SANITIZE] link_id=49644 field=maximum_speed suspicious sentinel value=999 -> NULL","logger":"lta_common","filename":"lta_common.py","lineno":143}
{"timestamp":"2026-04-15T14:01:08.259640Z","level":"warning","event":"[SANITIZE] link_id=49647 field=maximum_speed suspicious sentinel value=999 -> NULL","logger":"lta_common","filename":"lta_common.py","lineno":143}
{"timestamp":"2026-04-15T14:01:08.259713Z","level":"warning","event":"[SANITIZE] link_id=49665 field=maximum_speed suspicious sentinel value=999 -> NULL","logger":"lta_common","filename":"lta_common.py","lineno":143}
{"timestamp":"2026-04-15T14:01:08.259737Z","level":"warning","event":"[SANITIZE] link_id=49666 field=maximum_speed suspicious sentinel value=999 -> NULL","logger":"lta_common","filename":"lta_common.py","lineno":143}
{"timestamp":"2026-04-15T14:01:08.259760Z","level":"warning","event":"[SANITIZE] link_id=49667 field=maximum_speed suspicious sentinel value=999 -> NULL","logger":"lta_common","filename":"lta_common.py","lineno":143}
{"timestamp":"2026-04-15T14:01:08.259787Z","level":"warning","event":"[SANITIZE] link_id=49670 field=maximum_speed suspicious sentinel value=999 -> NULL","logger":"lta_common","filename":"lta_common.py","lineno":143}
{"timestamp":"2026-04-15T14:01:08.259807Z","level":"warning","event":"[SANITIZE] link_id=49671 field=maximum_speed suspicious sentinel value=999 -> NULL","logger":"lta_common","filename":"lta_common.py","lineno":143}
{"timestamp":"2026-04-15T14:01:08.259839Z","level":"warning","event":"[SANITIZE] link_id=49677 field=maximum_speed suspicious sentinel value=999 -> NULL","logger":"lta_common","filename":"lta_common.py","lineno":143}
{"timestamp":"2026-04-15T14:01:08.259882Z","level":"warning","event":"[SANITIZE] link_id=49683 field=maximum_speed suspicious sentinel value=999 -> NULL","logger":"lta_common","filename":"lta_common.py","lineno":143}
{"timestamp":"2026-04-15T14:01:08.260104Z","level":"warning","event":"[SANITIZE] link_id=49685 field=maximum_speed suspicious sentinel value=999 -> NULL","logger":"lta_common","filename":"lta_common.py","lineno":143}
{"timestamp":"2026-04-15T14:01:08.260423Z","level":"warning","event":"[SANITIZE] link_id=49686 field=maximum_speed suspicious sentinel value=999 -> NULL","logger":"lta_common","filename":"lta_common.py","lineno":143}
{"timestamp":"2026-04-15T14:01:08.260474Z","level":"warning","event":"[SANITIZE] link_id=49688 field=maximum_speed suspicious sentinel value=999 -> NULL","logger":"lta_common","filename":"lta_common.py","lineno":143}
{"timestamp":"2026-04-15T14:01:08.260502Z","level":"warning","event":"[SANITIZE] link_id=49689 field=maximum_speed suspicious sentinel value=999 -> NULL","logger":"lta_common","filename":"lta_common.py","lineno":143}
{"timestamp":"2026-04-15T14:01:08.260526Z","level":"warning","event":"[SANITIZE] link_id=49690 field=maximum_speed suspicious sentinel value=999 -> NULL","logger":"lta_common","filename":"lta_common.py","lineno":143}
{"timestamp":"2026-04-15T14:01:08.260554Z","level":"warning","event":"[SANITIZE] link_id=49694 field=maximum_speed suspicious sentinel value=999 -> NULL","logger":"lta_common","filename":"lta_common.py","lineno":143}
{"timestamp":"2026-04-15T14:01:08.260576Z","level":"warning","event":"[SANITIZE] link_id=49695 field=maximum_speed suspicious sentinel value=999 -> NULL","logger":"lta_common","filename":"lta_common.py","lineno":143}
{"timestamp":"2026-04-15T14:01:08.260604Z","level":"warning","event":"[SANITIZE] link_id=49698 field=maximum_speed suspicious sentinel value=999 -> NULL","logger":"lta_common","filename":"lta_common.py","lineno":143}
{"timestamp":"2026-04-15T14:01:08.260628Z","level":"warning","event":"[SANITIZE] link_id=49700 field=maximum_speed suspicious sentinel value=999 -> NULL","logger":"lta_common","filename":"lta_common.py","lineno":143}
{"timestamp":"2026-04-15T14:01:08.260649Z","level":"warning","event":"[SANITIZE] link_id=49701 field=maximum_speed suspicious sentinel value=999 -> NULL","logger":"lta_common","filename":"lta_common.py","lineno":143}
{"timestamp":"2026-04-15T14:01:08.260687Z","level":"warning","event":"[SANITIZE] link_id=49704 field=maximum_speed suspicious sentinel value=999 -> NULL","logger":"lta_common","filename":"lta_common.py","lineno":143}
{"timestamp":"2026-04-15T14:01:08.260714Z","level":"warning","event":"[SANITIZE] link_id=49706 field=maximum_speed suspicious sentinel value=999 -> NULL","logger":"lta_common","filename":"lta_common.py","lineno":143}
{"timestamp":"2026-04-15T14:01:08.260737Z","level":"warning","event":"[SANITIZE] link_id=49708 field=maximum_speed suspicious sentinel value=999 -> NULL","logger":"lta_common","filename":"lta_common.py","lineno":143}
{"timestamp":"2026-04-15T14:01:08.260766Z","level":"warning","event":"[SANITIZE] link_id=49712 field=maximum_speed suspicious sentinel value=999 -> NULL","logger":"lta_common","filename":"lta_common.py","lineno":143}
{"timestamp":"2026-04-15T14:01:08.260788Z","level":"warning","event":"[SANITIZE] link_id=49713 field=maximum_speed suspicious sentinel value=999 -> NULL","logger":"lta_common","filename":"lta_common.py","lineno":143}
{"timestamp":"2026-04-15T14:01:08.260808Z","level":"warning","event":"[SANITIZE] link_id=49714 field=maximum_speed suspicious sentinel value=999 -> NULL","logger":"lta_common","filename":"lta_common.py","lineno":143}
{"timestamp":"2026-04-15T14:01:08.260828Z","level":"warning","event":"[SANITIZE] link_id=49715 field=maximum_speed suspicious sentinel value=999 -> NULL","logger":"lta_common","filename":"lta_common.py","lineno":143}
{"timestamp":"2026-04-15T14:01:08.260849Z","level":"warning","event":"[SANITIZE] link_id=49716 field=maximum_speed suspicious sentinel value=999 -> NULL","logger":"lta_common","filename":"lta_common.py","lineno":143}
{"timestamp":"2026-04-15T14:01:08.260869Z","level":"warning","event":"[SANITIZE] link_id=49717 field=maximum_speed suspicious sentinel value=999 -> NULL","logger":"lta_common","filename":"lta_common.py","lineno":143}
{"timestamp":"2026-04-15T14:01:08.260889Z","level":"warning","event":"[SANITIZE] link_id=49718 field=maximum_speed suspicious sentinel value=999 -> NULL","logger":"lta_common","filename":"lta_common.py","lineno":143}
{"timestamp":"2026-04-15T14:01:08.260910Z","level":"warning","event":"[SANITIZE] link_id=49719 field=maximum_speed suspicious sentinel value=999 -> NULL","logger":"lta_common","filename":"lta_common.py","lineno":143}
{"timestamp":"2026-04-15T14:01:08.260937Z","level":"warning","event":"[SANITIZE] link_id=49723 field=maximum_speed suspicious sentinel value=999 -> NULL","logger":"lta_common","filename":"lta_common.py","lineno":143}
{"timestamp":"2026-04-15T14:01:08.261003Z","level":"warning","event":"[SANITIZE] link_id=49737 field=maximum_speed suspicious sentinel value=999 -> NULL","logger":"lta_common","filename":"lta_common.py","lineno":143}
{"timestamp":"2026-04-15T14:01:08.261569Z","level":"info","event":"[CLEAN DONE] rows=500 | null_speed_band=0 | null_minimum_speed=0 | null_maximum_speed=149","logger":"lta_common","filename":"lta_common.py","lineno":238}
{"timestamp":"2026-04-15T14:01:08.263276Z","level":"info","event":"STEP 5: built cleaned snapshot dataframe rows=500","logger":"2_refresh_traffic_speed","filename":"2_refresh_traffic_speed.py","lineno":44}
{"timestamp":"2026-04-15T14:01:08.263725Z","level":"info","event":"[LATEST PREP] rows=500 | missing_measurement_rows=0","logger":"lta_common","filename":"lta_common.py","lineno":271}
{"timestamp":"2026-04-15T14:01:08.264018Z","level":"info","event":"[UPSERT START] upserting 500 rows into traffic_speed_latest","logger":"lta_common","filename":"lta_common.py","lineno":348}
{"timestamp":"2026-04-15T14:01:08.264359Z","level":"info","event":"[UPSERT DEBUG] max_link_id=49745 | min_link_id=49196 | max_speed_band=8 | min_speed_band=1 | max_minimum_speed=70 | min_minimum_speed=0 | max_maximum_speed=69.0 | min_maximum_speed=9.0","logger":"lta_common","filename":"lta_common.py","lineno":350}
{"timestamp":"2026-04-15T14:01:08.606056Z","level":"info","event":"[UPSERT DONE] upserted=500 rows into traffic_speed_latest","logger":"lta_common","filename":"lta_common.py","lineno":388}
{"timestamp":"2026-04-15T14:01:08.606678Z","level":"info","event":"[SAVE START] inserting 500 rows into traffic_speed_recent","logger":"lta_common","filename":"lta_common.py","lineno":319}
{"timestamp":"2026-04-15T14:01:08.927840Z","level":"info","event":"[SAVE DONE] inserted=500 rows into traffic_speed_recent","logger":"lta_common","filename":"lta_common.py","lineno":337}
{"timestamp":"2026-04-15T14:01:08.928072Z","level":"info","event":"STEP 6: page saved skip=33500 | pages=68 | latest_rows=34000 | recent_rows=34000","logger":"2_refresh_traffic_speed","filename":"2_refresh_traffic_speed.py","lineno":56}
{"timestamp":"2026-04-15T14:01:08.928124Z","level":"info","event":"========== PAGE START ==========","logger":"lta_common","filename":"lta_common.py","lineno":53}
{"timestamp":"2026-04-15T14:01:08.928161Z","level":"info","event":"[FETCH] requesting rows 34000–34499","logger":"lta_common","filename":"lta_common.py","lineno":54}
{"timestamp":"2026-04-15T14:01:08.928204Z","level":"info","event":"Fetching page from LTA: skip=34000","logger":"lta_common","filename":"lta_common.py","lineno":36}
{"timestamp":"2026-04-15T14:01:09.172947Z","level":"info","event":"Retrieved 500 rows from LTA at skip=34000","logger":"lta_common","filename":"lta_common.py","lineno":44}
{"timestamp":"2026-04-15T14:01:09.174172Z","level":"info","event":"[FETCH DONE] retrieved=500 rows at skip=34000","logger":"lta_common","filename":"lta_common.py","lineno":59}
{"timestamp":"2026-04-15T14:01:09.174390Z","level":"info","event":"STEP 4: processing page skip=34000 rows=500","logger":"2_refresh_traffic_speed","filename":"2_refresh_traffic_speed.py","lineno":41}
{"timestamp":"2026-04-15T14:01:09.180616Z","level":"warning","event":"[SANITIZE] link_id=49749 field=maximum_speed suspicious sentinel value=999 -> NULL","logger":"lta_common","filename":"lta_common.py","lineno":143}
{"timestamp":"2026-04-15T14:01:09.180750Z","level":"warning","event":"[SANITIZE] link_id=49751 field=maximum_speed suspicious sentinel value=999 -> NULL","logger":"lta_common","filename":"lta_common.py","lineno":143}
{"timestamp":"2026-04-15T14:01:09.180865Z","level":"warning","event":"[SANITIZE] link_id=49753 field=maximum_speed suspicious sentinel value=999 -> NULL","logger":"lta_common","filename":"lta_common.py","lineno":143}
{"timestamp":"2026-04-15T14:01:09.180959Z","level":"warning","event":"[SANITIZE] link_id=49754 field=maximum_speed suspicious sentinel value=999 -> NULL","logger":"lta_common","filename":"lta_common.py","lineno":143}
{"timestamp":"2026-04-15T14:01:09.181068Z","level":"warning","event":"[SANITIZE] link_id=49762 field=maximum_speed suspicious sentinel value=999 -> NULL","logger":"lta_common","filename":"lta_common.py","lineno":143}
{"timestamp":"2026-04-15T14:01:09.181159Z","level":"warning","event":"[SANITIZE] link_id=49763 field=maximum_speed suspicious sentinel value=999 -> NULL","logger":"lta_common","filename":"lta_common.py","lineno":143}
{"timestamp":"2026-04-15T14:01:09.181249Z","level":"warning","event":"[SANITIZE] link_id=49764 field=maximum_speed suspicious sentinel value=999 -> NULL","logger":"lta_common","filename":"lta_common.py","lineno":143}
{"timestamp":"2026-04-15T14:01:09.181336Z","level":"warning","event":"[SANITIZE] link_id=49765 field=maximum_speed suspicious sentinel value=999 -> NULL","logger":"lta_common","filename":"lta_common.py","lineno":143}
{"timestamp":"2026-04-15T14:01:09.181427Z","level":"warning","event":"[SANITIZE] link_id=49766 field=maximum_speed suspicious sentinel value=999 -> NULL","logger":"lta_common","filename":"lta_common.py","lineno":143}
{"timestamp":"2026-04-15T14:01:09.181519Z","level":"warning","event":"[SANITIZE] link_id=49767 field=maximum_speed suspicious sentinel value=999 -> NULL","logger":"lta_common","filename":"lta_common.py","lineno":143}
{"timestamp":"2026-04-15T14:01:09.181545Z","level":"warning","event":"[SANITIZE] link_id=49768 field=maximum_speed suspicious sentinel value=999 -> NULL","logger":"lta_common","filename":"lta_common.py","lineno":143}
{"timestamp":"2026-04-15T14:01:09.181739Z","level":"warning","event":"[SANITIZE] link_id=49769 field=maximum_speed suspicious sentinel value=999 -> NULL","logger":"lta_common","filename":"lta_common.py","lineno":143}
{"timestamp":"2026-04-15T14:01:09.181826Z","level":"warning","event":"[SANITIZE] link_id=49770 field=maximum_speed suspicious sentinel value=999 -> NULL","logger":"lta_common","filename":"lta_common.py","lineno":143}
{"timestamp":"2026-04-15T14:01:09.181921Z","level":"warning","event":"[SANITIZE] link_id=49771 field=maximum_speed suspicious sentinel value=999 -> NULL","logger":"lta_common","filename":"lta_common.py","lineno":143}
{"timestamp":"2026-04-15T14:01:09.182011Z","level":"warning","event":"[SANITIZE] link_id=49772 field=maximum_speed suspicious sentinel value=999 -> NULL","logger":"lta_common","filename":"lta_common.py","lineno":143}
{"timestamp":"2026-04-15T14:01:09.182101Z","level":"warning","event":"[SANITIZE] link_id=49774 field=maximum_speed suspicious sentinel value=999 -> NULL","logger":"lta_common","filename":"lta_common.py","lineno":143}
{"timestamp":"2026-04-15T14:01:09.182192Z","level":"warning","event":"[SANITIZE] link_id=49775 field=maximum_speed suspicious sentinel value=999 -> NULL","logger":"lta_common","filename":"lta_common.py","lineno":143}
{"timestamp":"2026-04-15T14:01:09.182279Z","level":"warning","event":"[SANITIZE] link_id=49776 field=maximum_speed suspicious sentinel value=999 -> NULL","logger":"lta_common","filename":"lta_common.py","lineno":143}
{"timestamp":"2026-04-15T14:01:09.182358Z","level":"warning","event":"[SANITIZE] link_id=49777 field=maximum_speed suspicious sentinel value=999 -> NULL","logger":"lta_common","filename":"lta_common.py","lineno":143}
{"timestamp":"2026-04-15T14:01:09.182462Z","level":"warning","event":"[SANITIZE] link_id=49780 field=maximum_speed suspicious sentinel value=999 -> NULL","logger":"lta_common","filename":"lta_common.py","lineno":143}
{"timestamp":"2026-04-15T14:01:09.182548Z","level":"warning","event":"[SANITIZE] link_id=49785 field=maximum_speed suspicious sentinel value=999 -> NULL","logger":"lta_common","filename":"lta_common.py","lineno":143}
{"timestamp":"2026-04-15T14:01:09.182626Z","level":"warning","event":"[SANITIZE] link_id=49786 field=maximum_speed suspicious sentinel value=999 -> NULL","logger":"lta_common","filename":"lta_common.py","lineno":143}
{"timestamp":"2026-04-15T14:01:09.182722Z","level":"warning","event":"[SANITIZE] link_id=49787 field=maximum_speed suspicious sentinel value=999 -> NULL","logger":"lta_common","filename":"lta_common.py","lineno":143}
{"timestamp":"2026-04-15T14:01:09.182808Z","level":"warning","event":"[SANITIZE] link_id=49788 field=maximum_speed suspicious sentinel value=999 -> NULL","logger":"lta_common","filename":"lta_common.py","lineno":143}
{"timestamp":"2026-04-15T14:01:09.182918Z","level":"warning","event":"[SANITIZE] link_id=49797 field=maximum_speed suspicious sentinel value=999 -> NULL","logger":"lta_common","filename":"lta_common.py","lineno":143}
{"timestamp":"2026-04-15T14:01:09.183001Z","level":"warning","event":"[SANITIZE] link_id=49798 field=maximum_speed suspicious sentinel value=999 -> NULL","logger":"lta_common","filename":"lta_common.py","lineno":143}
{"timestamp":"2026-04-15T14:01:09.183077Z","level":"warning","event":"[SANITIZE] link_id=49799 field=maximum_speed suspicious sentinel value=999 -> NULL","logger":"lta_common","filename":"lta_common.py","lineno":143}
{"timestamp":"2026-04-15T14:01:09.183182Z","level":"warning","event":"[SANITIZE] link_id=49801 field=maximum_speed suspicious sentinel value=999 -> NULL","logger":"lta_common","filename":"lta_common.py","lineno":143}
{"timestamp":"2026-04-15T14:01:09.183268Z","level":"warning","event":"[SANITIZE] link_id=49802 field=maximum_speed suspicious sentinel value=999 -> NULL","logger":"lta_common","filename":"lta_common.py","lineno":143}
{"timestamp":"2026-04-15T14:01:09.183409Z","level":"warning","event":"[SANITIZE] link_id=49808 field=maximum_speed suspicious sentinel value=999 -> NULL","logger":"lta_common","filename":"lta_common.py","lineno":143}
{"timestamp":"2026-04-15T14:01:09.183509Z","level":"warning","event":"[SANITIZE] link_id=49809 field=maximum_speed suspicious sentinel value=999 -> NULL","logger":"lta_common","filename":"lta_common.py","lineno":143}
{"timestamp":"2026-04-15T14:01:09.183623Z","level":"warning","event":"[SANITIZE] link_id=49821 field=maximum_speed suspicious sentinel value=999 -> NULL","logger":"lta_common","filename":"lta_common.py","lineno":143}
{"timestamp":"2026-04-15T14:01:09.183738Z","level":"warning","event":"[SANITIZE] link_id=49833 field=maximum_speed suspicious sentinel value=999 -> NULL","logger":"lta_common","filename":"lta_common.py","lineno":143}
{"timestamp":"2026-04-15T14:01:09.183842Z","level":"warning","event":"[SANITIZE] link_id=49834 field=maximum_speed suspicious sentinel value=999 -> NULL","logger":"lta_common","filename":"lta_common.py","lineno":143}
{"timestamp":"2026-04-15T14:01:09.183980Z","level":"warning","event":"[SANITIZE] link_id=49837 field=maximum_speed suspicious sentinel value=999 -> NULL","logger":"lta_common","filename":"lta_common.py","lineno":143}
{"timestamp":"2026-04-15T14:01:09.184011Z","level":"warning","event":"[SANITIZE] link_id=49838 field=maximum_speed suspicious sentinel value=999 -> NULL","logger":"lta_common","filename":"lta_common.py","lineno":143}
{"timestamp":"2026-04-15T14:01:09.184037Z","level":"warning","event":"[SANITIZE] link_id=49839 field=maximum_speed suspicious sentinel value=999 -> NULL","logger":"lta_common","filename":"lta_common.py","lineno":143}
{"timestamp":"2026-04-15T14:01:09.184058Z","level":"warning","event":"[SANITIZE] link_id=49840 field=maximum_speed suspicious sentinel value=999 -> NULL","logger":"lta_common","filename":"lta_common.py","lineno":143}
{"timestamp":"2026-04-15T14:01:09.184081Z","level":"warning","event":"[SANITIZE] link_id=49842 field=maximum_speed suspicious sentinel value=999 -> NULL","logger":"lta_common","filename":"lta_common.py","lineno":143}
{"timestamp":"2026-04-15T14:01:09.184101Z","level":"warning","event":"[SANITIZE] link_id=49843 field=maximum_speed suspicious sentinel value=999 -> NULL","logger":"lta_common","filename":"lta_common.py","lineno":143}
{"timestamp":"2026-04-15T14:01:09.184121Z","level":"warning","event":"[SANITIZE] link_id=49844 field=maximum_speed suspicious sentinel value=999 -> NULL","logger":"lta_common","filename":"lta_common.py","lineno":143}
{"timestamp":"2026-04-15T14:01:09.184141Z","level":"warning","event":"[SANITIZE] link_id=49845 field=maximum_speed suspicious sentinel value=999 -> NULL","logger":"lta_common","filename":"lta_common.py","lineno":143}
{"timestamp":"2026-04-15T14:01:09.184185Z","level":"warning","event":"[SANITIZE] link_id=49857 field=maximum_speed suspicious sentinel value=999 -> NULL","logger":"lta_common","filename":"lta_common.py","lineno":143}
{"timestamp":"2026-04-15T14:01:09.184211Z","level":"warning","event":"[SANITIZE] link_id=49858 field=maximum_speed suspicious sentinel value=999 -> NULL","logger":"lta_common","filename":"lta_common.py","lineno":143}
{"timestamp":"2026-04-15T14:01:09.184235Z","level":"warning","event":"[SANITIZE] link_id=49861 field=maximum_speed suspicious sentinel value=999 -> NULL","logger":"lta_common","filename":"lta_common.py","lineno":143}
{"timestamp":"2026-04-15T14:01:09.184258Z","level":"warning","event":"[SANITIZE] link_id=49863 field=maximum_speed suspicious sentinel value=999 -> NULL","logger":"lta_common","filename":"lta_common.py","lineno":143}
{"timestamp":"2026-04-15T14:01:09.184277Z","level":"warning","event":"[SANITIZE] link_id=49864 field=maximum_speed suspicious sentinel value=999 -> NULL","logger":"lta_common","filename":"lta_common.py","lineno":143}
{"timestamp":"2026-04-15T14:01:09.184297Z","level":"warning","event":"[SANITIZE] link_id=49865 field=maximum_speed suspicious sentinel value=999 -> NULL","logger":"lta_common","filename":"lta_common.py","lineno":143}
{"timestamp":"2026-04-15T14:01:09.184316Z","level":"warning","event":"[SANITIZE] link_id=49866 field=maximum_speed suspicious sentinel value=999 -> NULL","logger":"lta_common","filename":"lta_common.py","lineno":143}
{"timestamp":"2026-04-15T14:01:09.184336Z","level":"warning","event":"[SANITIZE] link_id=49867 field=maximum_speed suspicious sentinel value=999 -> NULL","logger":"lta_common","filename":"lta_common.py","lineno":143}
{"timestamp":"2026-04-15T14:01:09.184355Z","level":"warning","event":"[SANITIZE] link_id=49868 field=maximum_speed suspicious sentinel value=999 -> NULL","logger":"lta_common","filename":"lta_common.py","lineno":143}
{"timestamp":"2026-04-15T14:01:09.184374Z","level":"warning","event":"[SANITIZE] link_id=49869 field=maximum_speed suspicious sentinel value=999 -> NULL","logger":"lta_common","filename":"lta_common.py","lineno":143}
{"timestamp":"2026-04-15T14:01:09.184401Z","level":"warning","event":"[SANITIZE] link_id=49871 field=maximum_speed suspicious sentinel value=999 -> NULL","logger":"lta_common","filename":"lta_common.py","lineno":143}
{"timestamp":"2026-04-15T14:01:09.184444Z","level":"warning","event":"[SANITIZE] link_id=49880 field=maximum_speed suspicious sentinel value=999 -> NULL","logger":"lta_common","filename":"lta_common.py","lineno":143}
{"timestamp":"2026-04-15T14:01:09.184479Z","level":"warning","event":"[SANITIZE] link_id=49887 field=maximum_speed suspicious sentinel value=999 -> NULL","logger":"lta_common","filename":"lta_common.py","lineno":143}
{"timestamp":"2026-04-15T14:01:09.184501Z","level":"warning","event":"[SANITIZE] link_id=49889 field=maximum_speed suspicious sentinel value=999 -> NULL","logger":"lta_common","filename":"lta_common.py","lineno":143}
{"timestamp":"2026-04-15T14:01:09.184522Z","level":"warning","event":"[SANITIZE] link_id=49890 field=maximum_speed suspicious sentinel value=999 -> NULL","logger":"lta_common","filename":"lta_common.py","lineno":143}
{"timestamp":"2026-04-15T14:01:09.184544Z","level":"warning","event":"[SANITIZE] link_id=49891 field=maximum_speed suspicious sentinel value=999 -> NULL","logger":"lta_common","filename":"lta_common.py","lineno":143}
{"timestamp":"2026-04-15T14:01:09.184572Z","level":"warning","event":"[SANITIZE] link_id=49894 field=maximum_speed suspicious sentinel value=999 -> NULL","logger":"lta_common","filename":"lta_common.py","lineno":143}
{"timestamp":"2026-04-15T14:01:09.184593Z","level":"warning","event":"[SANITIZE] link_id=49895 field=maximum_speed suspicious sentinel value=999 -> NULL","logger":"lta_common","filename":"lta_common.py","lineno":143}
{"timestamp":"2026-04-15T14:01:09.184617Z","level":"warning","event":"[SANITIZE] link_id=49897 field=maximum_speed suspicious sentinel value=999 -> NULL","logger":"lta_common","filename":"lta_common.py","lineno":143}
{"timestamp":"2026-04-15T14:01:09.184643Z","level":"warning","event":"[SANITIZE] link_id=49899 field=maximum_speed suspicious sentinel value=999 -> NULL","logger":"lta_common","filename":"lta_common.py","lineno":143}
{"timestamp":"2026-04-15T14:01:09.184667Z","level":"warning","event":"[SANITIZE] link_id=49903 field=maximum_speed suspicious sentinel value=999 -> NULL","logger":"lta_common","filename":"lta_common.py","lineno":143}
{"timestamp":"2026-04-15T14:01:09.184690Z","level":"warning","event":"[SANITIZE] link_id=49904 field=maximum_speed suspicious sentinel value=999 -> NULL","logger":"lta_common","filename":"lta_common.py","lineno":143}
{"timestamp":"2026-04-15T14:01:09.184710Z","level":"warning","event":"[SANITIZE] link_id=49905 field=maximum_speed suspicious sentinel value=999 -> NULL","logger":"lta_common","filename":"lta_common.py","lineno":143}
{"timestamp":"2026-04-15T14:01:09.184730Z","level":"warning","event":"[SANITIZE] link_id=49906 field=maximum_speed suspicious sentinel value=999 -> NULL","logger":"lta_common","filename":"lta_common.py","lineno":143}
{"timestamp":"2026-04-15T14:01:09.184751Z","level":"warning","event":"[SANITIZE] link_id=49908 field=maximum_speed suspicious sentinel value=999 -> NULL","logger":"lta_common","filename":"lta_common.py","lineno":143}
{"timestamp":"2026-04-15T14:01:09.184773Z","level":"warning","event":"[SANITIZE] link_id=49909 field=maximum_speed suspicious sentinel value=999 -> NULL","logger":"lta_common","filename":"lta_common.py","lineno":143}
{"timestamp":"2026-04-15T14:01:09.184793Z","level":"warning","event":"[SANITIZE] link_id=49910 field=maximum_speed suspicious sentinel value=999 -> NULL","logger":"lta_common","filename":"lta_common.py","lineno":143}
{"timestamp":"2026-04-15T14:01:09.184822Z","level":"warning","event":"[SANITIZE] link_id=49915 field=maximum_speed suspicious sentinel value=999 -> NULL","logger":"lta_common","filename":"lta_common.py","lineno":143}
{"timestamp":"2026-04-15T14:01:09.184842Z","level":"warning","event":"[SANITIZE] link_id=49916 field=maximum_speed suspicious sentinel value=999 -> NULL","logger":"lta_common","filename":"lta_common.py","lineno":143}
{"timestamp":"2026-04-15T14:01:09.184861Z","level":"warning","event":"[SANITIZE] link_id=49917 field=maximum_speed suspicious sentinel value=999 -> NULL","logger":"lta_common","filename":"lta_common.py","lineno":143}
{"timestamp":"2026-04-15T14:01:09.184880Z","level":"warning","event":"[SANITIZE] link_id=49918 field=maximum_speed suspicious sentinel value=999 -> NULL","logger":"lta_common","filename":"lta_common.py","lineno":143}
{"timestamp":"2026-04-15T14:01:09.184904Z","level":"warning","event":"[SANITIZE] link_id=49921 field=maximum_speed suspicious sentinel value=999 -> NULL","logger":"lta_common","filename":"lta_common.py","lineno":143}
{"timestamp":"2026-04-15T14:01:09.184933Z","level":"warning","event":"[SANITIZE] link_id=49923 field=maximum_speed suspicious sentinel value=999 -> NULL","logger":"lta_common","filename":"lta_common.py","lineno":143}
{"timestamp":"2026-04-15T14:01:09.184954Z","level":"warning","event":"[SANITIZE] link_id=49924 field=maximum_speed suspicious sentinel value=999 -> NULL","logger":"lta_common","filename":"lta_common.py","lineno":143}
{"timestamp":"2026-04-15T14:01:09.184973Z","level":"warning","event":"[SANITIZE] link_id=49925 field=maximum_speed suspicious sentinel value=999 -> NULL","logger":"lta_common","filename":"lta_common.py","lineno":143}
{"timestamp":"2026-04-15T14:01:09.184994Z","level":"warning","event":"[SANITIZE] link_id=49927 field=maximum_speed suspicious sentinel value=999 -> NULL","logger":"lta_common","filename":"lta_common.py","lineno":143}
{"timestamp":"2026-04-15T14:01:09.185026Z","level":"warning","event":"[SANITIZE] link_id=49934 field=maximum_speed suspicious sentinel value=999 -> NULL","logger":"lta_common","filename":"lta_common.py","lineno":143}
{"timestamp":"2026-04-15T14:01:09.185045Z","level":"warning","event":"[SANITIZE] link_id=49935 field=maximum_speed suspicious sentinel value=999 -> NULL","logger":"lta_common","filename":"lta_common.py","lineno":143}
{"timestamp":"2026-04-15T14:01:09.185067Z","level":"warning","event":"[SANITIZE] link_id=49937 field=maximum_speed suspicious sentinel value=999 -> NULL","logger":"lta_common","filename":"lta_common.py","lineno":143}
{"timestamp":"2026-04-15T14:01:09.186237Z","level":"info","event":"[CLEAN DONE] rows=500 | null_speed_band=0 | null_minimum_speed=0 | null_maximum_speed=81","logger":"lta_common","filename":"lta_common.py","lineno":238}
{"timestamp":"2026-04-15T14:01:09.187116Z","level":"info","event":"STEP 5: built cleaned snapshot dataframe rows=500","logger":"2_refresh_traffic_speed","filename":"2_refresh_traffic_speed.py","lineno":44}
{"timestamp":"2026-04-15T14:01:09.187523Z","level":"info","event":"[LATEST PREP] rows=500 | missing_measurement_rows=0","logger":"lta_common","filename":"lta_common.py","lineno":271}
{"timestamp":"2026-04-15T14:01:09.188758Z","level":"info","event":"[UPSERT START] upserting 500 rows into traffic_speed_latest","logger":"lta_common","filename":"lta_common.py","lineno":348}
{"timestamp":"2026-04-15T14:01:09.189137Z","level":"info","event":"[UPSERT DEBUG] max_link_id=50765 | min_link_id=49746 | max_speed_band=8 | min_speed_band=1 | max_minimum_speed=70 | min_minimum_speed=0 | max_maximum_speed=69.0 | min_maximum_speed=9.0","logger":"lta_common","filename":"lta_common.py","lineno":350}
{"timestamp":"2026-04-15T14:01:09.502621Z","level":"info","event":"[UPSERT DONE] upserted=500 rows into traffic_speed_latest","logger":"lta_common","filename":"lta_common.py","lineno":388}
{"timestamp":"2026-04-15T14:01:09.505470Z","level":"info","event":"[SAVE START] inserting 500 rows into traffic_speed_recent","logger":"lta_common","filename":"lta_common.py","lineno":319}
{"timestamp":"2026-04-15T14:01:09.830641Z","level":"info","event":"[SAVE DONE] inserted=500 rows into traffic_speed_recent","logger":"lta_common","filename":"lta_common.py","lineno":337}
{"timestamp":"2026-04-15T14:01:09.831192Z","level":"info","event":"STEP 6: page saved skip=34000 | pages=69 | latest_rows=34500 | recent_rows=34500","logger":"2_refresh_traffic_speed","filename":"2_refresh_traffic_speed.py","lineno":56}
{"timestamp":"2026-04-15T14:01:09.831513Z","level":"info","event":"========== PAGE START ==========","logger":"lta_common","filename":"lta_common.py","lineno":53}
{"timestamp":"2026-04-15T14:01:09.832424Z","level":"info","event":"[FETCH] requesting rows 34500–34999","logger":"lta_common","filename":"lta_common.py","lineno":54}
{"timestamp":"2026-04-15T14:01:09.832627Z","level":"info","event":"Fetching page from LTA: skip=34500","logger":"lta_common","filename":"lta_common.py","lineno":36}
{"timestamp":"2026-04-15T14:01:10.092313Z","level":"info","event":"Retrieved 500 rows from LTA at skip=34500","logger":"lta_common","filename":"lta_common.py","lineno":44}
{"timestamp":"2026-04-15T14:01:10.099083Z","level":"info","event":"[FETCH DONE] retrieved=500 rows at skip=34500","logger":"lta_common","filename":"lta_common.py","lineno":59}
{"timestamp":"2026-04-15T14:01:10.100453Z","level":"info","event":"STEP 4: processing page skip=34500 rows=500","logger":"2_refresh_traffic_speed","filename":"2_refresh_traffic_speed.py","lineno":41}
{"timestamp":"2026-04-15T14:01:10.119479Z","level":"info","event":"[CLEAN DONE] rows=500 | null_speed_band=0 | null_minimum_speed=0 | null_maximum_speed=0","logger":"lta_common","filename":"lta_common.py","lineno":238}
{"timestamp":"2026-04-15T14:01:10.121105Z","level":"info","event":"STEP 5: built cleaned snapshot dataframe rows=500","logger":"2_refresh_traffic_speed","filename":"2_refresh_traffic_speed.py","lineno":44}
{"timestamp":"2026-04-15T14:01:10.121745Z","level":"info","event":"[LATEST PREP] rows=500 | missing_measurement_rows=0","logger":"lta_common","filename":"lta_common.py","lineno":271}
{"timestamp":"2026-04-15T14:01:10.122243Z","level":"info","event":"[UPSERT START] upserting 500 rows into traffic_speed_latest","logger":"lta_common","filename":"lta_common.py","lineno":348}
{"timestamp":"2026-04-15T14:01:10.122808Z","level":"info","event":"[UPSERT DEBUG] max_link_id=51657 | min_link_id=50766 | max_speed_band=7 | min_speed_band=1 | max_minimum_speed=60 | min_minimum_speed=0 | max_maximum_speed=69 | min_maximum_speed=9","logger":"lta_common","filename":"lta_common.py","lineno":350}
{"timestamp":"2026-04-15T14:01:10.457858Z","level":"info","event":"[UPSERT DONE] upserted=500 rows into traffic_speed_latest","logger":"lta_common","filename":"lta_common.py","lineno":388}
{"timestamp":"2026-04-15T14:01:10.460275Z","level":"info","event":"[SAVE START] inserting 500 rows into traffic_speed_recent","logger":"lta_common","filename":"lta_common.py","lineno":319}
{"timestamp":"2026-04-15T14:01:10.784477Z","level":"info","event":"[SAVE DONE] inserted=500 rows into traffic_speed_recent","logger":"lta_common","filename":"lta_common.py","lineno":337}
{"timestamp":"2026-04-15T14:01:10.785378Z","level":"info","event":"STEP 6: page saved skip=34500 | pages=70 | latest_rows=35000 | recent_rows=35000","logger":"2_refresh_traffic_speed","filename":"2_refresh_traffic_speed.py","lineno":56}
{"timestamp":"2026-04-15T14:01:10.785579Z","level":"info","event":"========== PAGE START ==========","logger":"lta_common","filename":"lta_common.py","lineno":53}
{"timestamp":"2026-04-15T14:01:10.785674Z","level":"info","event":"[FETCH] requesting rows 35000–35499","logger":"lta_common","filename":"lta_common.py","lineno":54}
{"timestamp":"2026-04-15T14:01:10.785784Z","level":"info","event":"Fetching page from LTA: skip=35000","logger":"lta_common","filename":"lta_common.py","lineno":36}
{"timestamp":"2026-04-15T14:01:11.089550Z","level":"info","event":"Retrieved 500 rows from LTA at skip=35000","logger":"lta_common","filename":"lta_common.py","lineno":44}
{"timestamp":"2026-04-15T14:01:11.098871Z","level":"info","event":"[FETCH DONE] retrieved=500 rows at skip=35000","logger":"lta_common","filename":"lta_common.py","lineno":59}
{"timestamp":"2026-04-15T14:01:11.100482Z","level":"info","event":"STEP 4: processing page skip=35000 rows=500","logger":"2_refresh_traffic_speed","filename":"2_refresh_traffic_speed.py","lineno":41}
{"timestamp":"2026-04-15T14:01:11.120575Z","level":"info","event":"[CLEAN DONE] rows=500 | null_speed_band=0 | null_minimum_speed=0 | null_maximum_speed=0","logger":"lta_common","filename":"lta_common.py","lineno":238}
{"timestamp":"2026-04-15T14:01:11.122480Z","level":"info","event":"STEP 5: built cleaned snapshot dataframe rows=500","logger":"2_refresh_traffic_speed","filename":"2_refresh_traffic_speed.py","lineno":44}
{"timestamp":"2026-04-15T14:01:11.123216Z","level":"info","event":"[LATEST PREP] rows=500 | missing_measurement_rows=0","logger":"lta_common","filename":"lta_common.py","lineno":271}
{"timestamp":"2026-04-15T14:01:11.123731Z","level":"info","event":"[UPSERT START] upserting 500 rows into traffic_speed_latest","logger":"lta_common","filename":"lta_common.py","lineno":348}
{"timestamp":"2026-04-15T14:01:11.124299Z","level":"info","event":"[UPSERT DEBUG] max_link_id=52480 | min_link_id=51658 | max_speed_band=7 | min_speed_band=1 | max_minimum_speed=60 | min_minimum_speed=0 | max_maximum_speed=69 | min_maximum_speed=9","logger":"lta_common","filename":"lta_common.py","lineno":350}
{"timestamp":"2026-04-15T14:01:11.444267Z","level":"info","event":"[UPSERT DONE] upserted=500 rows into traffic_speed_latest","logger":"lta_common","filename":"lta_common.py","lineno":388}
{"timestamp":"2026-04-15T14:01:11.445777Z","level":"info","event":"[SAVE START] inserting 500 rows into traffic_speed_recent","logger":"lta_common","filename":"lta_common.py","lineno":319}
{"timestamp":"2026-04-15T14:01:11.757796Z","level":"info","event":"[SAVE DONE] inserted=500 rows into traffic_speed_recent","logger":"lta_common","filename":"lta_common.py","lineno":337}
{"timestamp":"2026-04-15T14:01:11.757903Z","level":"info","event":"STEP 6: page saved skip=35000 | pages=71 | latest_rows=35500 | recent_rows=35500","logger":"2_refresh_traffic_speed","filename":"2_refresh_traffic_speed.py","lineno":56}
{"timestamp":"2026-04-15T14:01:11.757932Z","level":"info","event":"========== PAGE START ==========","logger":"lta_common","filename":"lta_common.py","lineno":53}
{"timestamp":"2026-04-15T14:01:11.757953Z","level":"info","event":"[FETCH] requesting rows 35500–35999","logger":"lta_common","filename":"lta_common.py","lineno":54}
{"timestamp":"2026-04-15T14:01:11.757981Z","level":"info","event":"Fetching page from LTA: skip=35500","logger":"lta_common","filename":"lta_common.py","lineno":36}
{"timestamp":"2026-04-15T14:01:12.037656Z","level":"info","event":"Retrieved 500 rows from LTA at skip=35500","logger":"lta_common","filename":"lta_common.py","lineno":44}
{"timestamp":"2026-04-15T14:01:12.039162Z","level":"info","event":"[FETCH DONE] retrieved=500 rows at skip=35500","logger":"lta_common","filename":"lta_common.py","lineno":59}
{"timestamp":"2026-04-15T14:01:12.039302Z","level":"info","event":"STEP 4: processing page skip=35500 rows=500","logger":"2_refresh_traffic_speed","filename":"2_refresh_traffic_speed.py","lineno":41}
{"timestamp":"2026-04-15T14:01:12.047652Z","level":"info","event":"[CLEAN DONE] rows=500 | null_speed_band=0 | null_minimum_speed=0 | null_maximum_speed=0","logger":"lta_common","filename":"lta_common.py","lineno":238}
{"timestamp":"2026-04-15T14:01:12.048581Z","level":"info","event":"STEP 5: built cleaned snapshot dataframe rows=500","logger":"2_refresh_traffic_speed","filename":"2_refresh_traffic_speed.py","lineno":44}
{"timestamp":"2026-04-15T14:01:12.048927Z","level":"info","event":"[LATEST PREP] rows=500 | missing_measurement_rows=0","logger":"lta_common","filename":"lta_common.py","lineno":271}
{"timestamp":"2026-04-15T14:01:12.049166Z","level":"info","event":"[UPSERT START] upserting 500 rows into traffic_speed_latest","logger":"lta_common","filename":"lta_common.py","lineno":348}
{"timestamp":"2026-04-15T14:01:12.049486Z","level":"info","event":"[UPSERT DEBUG] max_link_id=53219 | min_link_id=52481 | max_speed_band=7 | min_speed_band=1 | max_minimum_speed=60 | min_minimum_speed=0 | max_maximum_speed=69 | min_maximum_speed=9","logger":"lta_common","filename":"lta_common.py","lineno":350}
{"timestamp":"2026-04-15T14:01:12.351732Z","level":"info","event":"[UPSERT DONE] upserted=500 rows into traffic_speed_latest","logger":"lta_common","filename":"lta_common.py","lineno":388}
{"timestamp":"2026-04-15T14:01:12.352169Z","level":"info","event":"[SAVE START] inserting 500 rows into traffic_speed_recent","logger":"lta_common","filename":"lta_common.py","lineno":319}
{"timestamp":"2026-04-15T14:01:12.674619Z","level":"info","event":"[SAVE DONE] inserted=500 rows into traffic_speed_recent","logger":"lta_common","filename":"lta_common.py","lineno":337}
{"timestamp":"2026-04-15T14:01:12.674790Z","level":"info","event":"STEP 6: page saved skip=35500 | pages=72 | latest_rows=36000 | recent_rows=36000","logger":"2_refresh_traffic_speed","filename":"2_refresh_traffic_speed.py","lineno":56}
{"timestamp":"2026-04-15T14:01:12.674841Z","level":"info","event":"========== PAGE START ==========","logger":"lta_common","filename":"lta_common.py","lineno":53}
{"timestamp":"2026-04-15T14:01:12.674873Z","level":"info","event":"[FETCH] requesting rows 36000–36499","logger":"lta_common","filename":"lta_common.py","lineno":54}
{"timestamp":"2026-04-15T14:01:12.674915Z","level":"info","event":"Fetching page from LTA: skip=36000","logger":"lta_common","filename":"lta_common.py","lineno":36}
{"timestamp":"2026-04-15T14:01:12.955039Z","level":"info","event":"Retrieved 500 rows from LTA at skip=36000","logger":"lta_common","filename":"lta_common.py","lineno":44}
{"timestamp":"2026-04-15T14:01:12.956507Z","level":"info","event":"[FETCH DONE] retrieved=500 rows at skip=36000","logger":"lta_common","filename":"lta_common.py","lineno":59}
{"timestamp":"2026-04-15T14:01:12.956638Z","level":"info","event":"STEP 4: processing page skip=36000 rows=500","logger":"2_refresh_traffic_speed","filename":"2_refresh_traffic_speed.py","lineno":41}
{"timestamp":"2026-04-15T14:01:12.964479Z","level":"info","event":"[CLEAN DONE] rows=500 | null_speed_band=0 | null_minimum_speed=0 | null_maximum_speed=0","logger":"lta_common","filename":"lta_common.py","lineno":238}
{"timestamp":"2026-04-15T14:01:12.965307Z","level":"info","event":"STEP 5: built cleaned snapshot dataframe rows=500","logger":"2_refresh_traffic_speed","filename":"2_refresh_traffic_speed.py","lineno":44}
{"timestamp":"2026-04-15T14:01:12.965649Z","level":"info","event":"[LATEST PREP] rows=500 | missing_measurement_rows=0","logger":"lta_common","filename":"lta_common.py","lineno":271}
{"timestamp":"2026-04-15T14:01:12.965885Z","level":"info","event":"[UPSERT START] upserting 500 rows into traffic_speed_latest","logger":"lta_common","filename":"lta_common.py","lineno":348}
{"timestamp":"2026-04-15T14:01:12.966156Z","level":"info","event":"[UPSERT DEBUG] max_link_id=53865 | min_link_id=53220 | max_speed_band=7 | min_speed_band=1 | max_minimum_speed=60 | min_minimum_speed=0 | max_maximum_speed=69 | min_maximum_speed=9","logger":"lta_common","filename":"lta_common.py","lineno":350}
{"timestamp":"2026-04-15T14:01:13.284948Z","level":"info","event":"[UPSERT DONE] upserted=500 rows into traffic_speed_latest","logger":"lta_common","filename":"lta_common.py","lineno":388}
{"timestamp":"2026-04-15T14:01:13.286990Z","level":"info","event":"[SAVE START] inserting 500 rows into traffic_speed_recent","logger":"lta_common","filename":"lta_common.py","lineno":319}
{"timestamp":"2026-04-15T14:01:13.605378Z","level":"info","event":"[SAVE DONE] inserted=500 rows into traffic_speed_recent","logger":"lta_common","filename":"lta_common.py","lineno":337}
{"timestamp":"2026-04-15T14:01:13.606132Z","level":"info","event":"STEP 6: page saved skip=36000 | pages=73 | latest_rows=36500 | recent_rows=36500","logger":"2_refresh_traffic_speed","filename":"2_refresh_traffic_speed.py","lineno":56}
{"timestamp":"2026-04-15T14:01:13.606786Z","level":"info","event":"========== PAGE START ==========","logger":"lta_common","filename":"lta_common.py","lineno":53}
{"timestamp":"2026-04-15T14:01:13.607420Z","level":"info","event":"[FETCH] requesting rows 36500–36999","logger":"lta_common","filename":"lta_common.py","lineno":54}
{"timestamp":"2026-04-15T14:01:13.607541Z","level":"info","event":"Fetching page from LTA: skip=36500","logger":"lta_common","filename":"lta_common.py","lineno":36}
{"timestamp":"2026-04-15T14:01:13.882113Z","level":"info","event":"Retrieved 500 rows from LTA at skip=36500","logger":"lta_common","filename":"lta_common.py","lineno":44}
{"timestamp":"2026-04-15T14:01:13.887489Z","level":"info","event":"[FETCH DONE] retrieved=500 rows at skip=36500","logger":"lta_common","filename":"lta_common.py","lineno":59}
{"timestamp":"2026-04-15T14:01:13.888127Z","level":"info","event":"STEP 4: processing page skip=36500 rows=500","logger":"2_refresh_traffic_speed","filename":"2_refresh_traffic_speed.py","lineno":41}
{"timestamp":"2026-04-15T14:01:13.908533Z","level":"info","event":"[CLEAN DONE] rows=500 | null_speed_band=0 | null_minimum_speed=0 | null_maximum_speed=0","logger":"lta_common","filename":"lta_common.py","lineno":238}
{"timestamp":"2026-04-15T14:01:13.910279Z","level":"info","event":"STEP 5: built cleaned snapshot dataframe rows=500","logger":"2_refresh_traffic_speed","filename":"2_refresh_traffic_speed.py","lineno":44}
{"timestamp":"2026-04-15T14:01:13.910991Z","level":"info","event":"[LATEST PREP] rows=500 | missing_measurement_rows=0","logger":"lta_common","filename":"lta_common.py","lineno":271}
{"timestamp":"2026-04-15T14:01:13.911449Z","level":"info","event":"[UPSERT START] upserting 500 rows into traffic_speed_latest","logger":"lta_common","filename":"lta_common.py","lineno":348}
{"timestamp":"2026-04-15T14:01:13.911975Z","level":"info","event":"[UPSERT DEBUG] max_link_id=54498 | min_link_id=53866 | max_speed_band=7 | min_speed_band=1 | max_minimum_speed=60 | min_minimum_speed=0 | max_maximum_speed=69 | min_maximum_speed=9","logger":"lta_common","filename":"lta_common.py","lineno":350}
{"timestamp":"2026-04-15T14:01:14.227520Z","level":"info","event":"[UPSERT DONE] upserted=500 rows into traffic_speed_latest","logger":"lta_common","filename":"lta_common.py","lineno":388}
{"timestamp":"2026-04-15T14:01:14.228097Z","level":"info","event":"[SAVE START] inserting 500 rows into traffic_speed_recent","logger":"lta_common","filename":"lta_common.py","lineno":319}
{"timestamp":"2026-04-15T14:01:14.547133Z","level":"info","event":"[SAVE DONE] inserted=500 rows into traffic_speed_recent","logger":"lta_common","filename":"lta_common.py","lineno":337}
{"timestamp":"2026-04-15T14:01:14.547259Z","level":"info","event":"STEP 6: page saved skip=36500 | pages=74 | latest_rows=37000 | recent_rows=37000","logger":"2_refresh_traffic_speed","filename":"2_refresh_traffic_speed.py","lineno":56}
{"timestamp":"2026-04-15T14:01:14.547298Z","level":"info","event":"========== PAGE START ==========","logger":"lta_common","filename":"lta_common.py","lineno":53}
{"timestamp":"2026-04-15T14:01:14.547323Z","level":"info","event":"[FETCH] requesting rows 37000–37499","logger":"lta_common","filename":"lta_common.py","lineno":54}
{"timestamp":"2026-04-15T14:01:14.547350Z","level":"info","event":"Fetching page from LTA: skip=37000","logger":"lta_common","filename":"lta_common.py","lineno":36}
{"timestamp":"2026-04-15T14:01:15.238872Z","level":"info","event":"Retrieved 500 rows from LTA at skip=37000","logger":"lta_common","filename":"lta_common.py","lineno":44}
{"timestamp":"2026-04-15T14:01:15.240277Z","level":"info","event":"[FETCH DONE] retrieved=500 rows at skip=37000","logger":"lta_common","filename":"lta_common.py","lineno":59}
{"timestamp":"2026-04-15T14:01:15.240575Z","level":"info","event":"STEP 4: processing page skip=37000 rows=500","logger":"2_refresh_traffic_speed","filename":"2_refresh_traffic_speed.py","lineno":41}
{"timestamp":"2026-04-15T14:01:15.248547Z","level":"info","event":"[CLEAN DONE] rows=500 | null_speed_band=0 | null_minimum_speed=0 | null_maximum_speed=0","logger":"lta_common","filename":"lta_common.py","lineno":238}
{"timestamp":"2026-04-15T14:01:15.249487Z","level":"info","event":"STEP 5: built cleaned snapshot dataframe rows=500","logger":"2_refresh_traffic_speed","filename":"2_refresh_traffic_speed.py","lineno":44}
{"timestamp":"2026-04-15T14:01:15.249853Z","level":"info","event":"[LATEST PREP] rows=500 | missing_measurement_rows=0","logger":"lta_common","filename":"lta_common.py","lineno":271}
{"timestamp":"2026-04-15T14:01:15.250088Z","level":"info","event":"[UPSERT START] upserting 500 rows into traffic_speed_latest","logger":"lta_common","filename":"lta_common.py","lineno":348}
{"timestamp":"2026-04-15T14:01:15.250371Z","level":"info","event":"[UPSERT DEBUG] max_link_id=55067 | min_link_id=54499 | max_speed_band=7 | min_speed_band=1 | max_minimum_speed=60 | min_minimum_speed=0 | max_maximum_speed=69 | min_maximum_speed=9","logger":"lta_common","filename":"lta_common.py","lineno":350}
{"timestamp":"2026-04-15T14:01:15.567257Z","level":"info","event":"[UPSERT DONE] upserted=500 rows into traffic_speed_latest","logger":"lta_common","filename":"lta_common.py","lineno":388}
{"timestamp":"2026-04-15T14:01:15.568010Z","level":"info","event":"[SAVE START] inserting 500 rows into traffic_speed_recent","logger":"lta_common","filename":"lta_common.py","lineno":319}
{"timestamp":"2026-04-15T14:01:15.896243Z","level":"info","event":"[SAVE DONE] inserted=500 rows into traffic_speed_recent","logger":"lta_common","filename":"lta_common.py","lineno":337}
{"timestamp":"2026-04-15T14:01:15.896956Z","level":"info","event":"STEP 6: page saved skip=37000 | pages=75 | latest_rows=37500 | recent_rows=37500","logger":"2_refresh_traffic_speed","filename":"2_refresh_traffic_speed.py","lineno":56}
{"timestamp":"2026-04-15T14:01:15.897162Z","level":"info","event":"========== PAGE START ==========","logger":"lta_common","filename":"lta_common.py","lineno":53}
{"timestamp":"2026-04-15T14:01:15.897282Z","level":"info","event":"[FETCH] requesting rows 37500–37999","logger":"lta_common","filename":"lta_common.py","lineno":54}
{"timestamp":"2026-04-15T14:01:15.897485Z","level":"info","event":"Fetching page from LTA: skip=37500","logger":"lta_common","filename":"lta_common.py","lineno":36}
{"timestamp":"2026-04-15T14:01:16.160272Z","level":"info","event":"Retrieved 500 rows from LTA at skip=37500","logger":"lta_common","filename":"lta_common.py","lineno":44}
{"timestamp":"2026-04-15T14:01:16.161734Z","level":"info","event":"[FETCH DONE] retrieved=500 rows at skip=37500","logger":"lta_common","filename":"lta_common.py","lineno":59}
{"timestamp":"2026-04-15T14:01:16.161946Z","level":"info","event":"STEP 4: processing page skip=37500 rows=500","logger":"2_refresh_traffic_speed","filename":"2_refresh_traffic_speed.py","lineno":41}
{"timestamp":"2026-04-15T14:01:16.168956Z","level":"warning","event":"[SANITIZE] link_id=55248 field=maximum_speed suspicious sentinel value=999 -> NULL","logger":"lta_common","filename":"lta_common.py","lineno":143}
{"timestamp":"2026-04-15T14:01:16.170277Z","level":"info","event":"[CLEAN DONE] rows=500 | null_speed_band=0 | null_minimum_speed=0 | null_maximum_speed=1","logger":"lta_common","filename":"lta_common.py","lineno":238}
{"timestamp":"2026-04-15T14:01:16.171126Z","level":"info","event":"STEP 5: built cleaned snapshot dataframe rows=500","logger":"2_refresh_traffic_speed","filename":"2_refresh_traffic_speed.py","lineno":44}
{"timestamp":"2026-04-15T14:01:16.171481Z","level":"info","event":"[LATEST PREP] rows=500 | missing_measurement_rows=0","logger":"lta_common","filename":"lta_common.py","lineno":271}
{"timestamp":"2026-04-15T14:01:16.171720Z","level":"info","event":"[UPSERT START] upserting 500 rows into traffic_speed_latest","logger":"lta_common","filename":"lta_common.py","lineno":348}
{"timestamp":"2026-04-15T14:01:16.171985Z","level":"info","event":"[UPSERT DEBUG] max_link_id=55629 | min_link_id=55068 | max_speed_band=8 | min_speed_band=1 | max_minimum_speed=70 | min_minimum_speed=0 | max_maximum_speed=69.0 | min_maximum_speed=9.0","logger":"lta_common","filename":"lta_common.py","lineno":350}
{"timestamp":"2026-04-15T14:01:16.492103Z","level":"info","event":"[UPSERT DONE] upserted=500 rows into traffic_speed_latest","logger":"lta_common","filename":"lta_common.py","lineno":388}
{"timestamp":"2026-04-15T14:01:16.492528Z","level":"info","event":"[SAVE START] inserting 500 rows into traffic_speed_recent","logger":"lta_common","filename":"lta_common.py","lineno":319}
{"timestamp":"2026-04-15T14:01:16.820460Z","level":"info","event":"[SAVE DONE] inserted=500 rows into traffic_speed_recent","logger":"lta_common","filename":"lta_common.py","lineno":337}
{"timestamp":"2026-04-15T14:01:16.820678Z","level":"info","event":"STEP 6: page saved skip=37500 | pages=76 | latest_rows=38000 | recent_rows=38000","logger":"2_refresh_traffic_speed","filename":"2_refresh_traffic_speed.py","lineno":56}
{"timestamp":"2026-04-15T14:01:16.820744Z","level":"info","event":"========== PAGE START ==========","logger":"lta_common","filename":"lta_common.py","lineno":53}
{"timestamp":"2026-04-15T14:01:16.820794Z","level":"info","event":"[FETCH] requesting rows 38000–38499","logger":"lta_common","filename":"lta_common.py","lineno":54}
{"timestamp":"2026-04-15T14:01:16.820863Z","level":"info","event":"Fetching page from LTA: skip=38000","logger":"lta_common","filename":"lta_common.py","lineno":36}
{"timestamp":"2026-04-15T14:01:17.069417Z","level":"info","event":"Retrieved 500 rows from LTA at skip=38000","logger":"lta_common","filename":"lta_common.py","lineno":44}
{"timestamp":"2026-04-15T14:01:17.071290Z","level":"info","event":"[FETCH DONE] retrieved=500 rows at skip=38000","logger":"lta_common","filename":"lta_common.py","lineno":59}
{"timestamp":"2026-04-15T14:01:17.071567Z","level":"info","event":"STEP 4: processing page skip=38000 rows=500","logger":"2_refresh_traffic_speed","filename":"2_refresh_traffic_speed.py","lineno":41}
{"timestamp":"2026-04-15T14:01:17.080592Z","level":"info","event":"[CLEAN DONE] rows=500 | null_speed_band=0 | null_minimum_speed=0 | null_maximum_speed=0","logger":"lta_common","filename":"lta_common.py","lineno":238}
{"timestamp":"2026-04-15T14:01:17.081585Z","level":"info","event":"STEP 5: built cleaned snapshot dataframe rows=500","logger":"2_refresh_traffic_speed","filename":"2_refresh_traffic_speed.py","lineno":44}
{"timestamp":"2026-04-15T14:01:17.081935Z","level":"info","event":"[LATEST PREP] rows=500 | missing_measurement_rows=0","logger":"lta_common","filename":"lta_common.py","lineno":271}
{"timestamp":"2026-04-15T14:01:17.082178Z","level":"info","event":"[UPSERT START] upserting 500 rows into traffic_speed_latest","logger":"lta_common","filename":"lta_common.py","lineno":348}
{"timestamp":"2026-04-15T14:01:17.082491Z","level":"info","event":"[UPSERT DEBUG] max_link_id=56204 | min_link_id=55630 | max_speed_band=7 | min_speed_band=1 | max_minimum_speed=60 | min_minimum_speed=0 | max_maximum_speed=69 | min_maximum_speed=9","logger":"lta_common","filename":"lta_common.py","lineno":350}
{"timestamp":"2026-04-15T14:01:17.399727Z","level":"info","event":"[UPSERT DONE] upserted=500 rows into traffic_speed_latest","logger":"lta_common","filename":"lta_common.py","lineno":388}
{"timestamp":"2026-04-15T14:01:17.400240Z","level":"info","event":"[SAVE START] inserting 500 rows into traffic_speed_recent","logger":"lta_common","filename":"lta_common.py","lineno":319}
{"timestamp":"2026-04-15T14:01:17.721684Z","level":"info","event":"[SAVE DONE] inserted=500 rows into traffic_speed_recent","logger":"lta_common","filename":"lta_common.py","lineno":337}
{"timestamp":"2026-04-15T14:01:17.721899Z","level":"info","event":"STEP 6: page saved skip=38000 | pages=77 | latest_rows=38500 | recent_rows=38500","logger":"2_refresh_traffic_speed","filename":"2_refresh_traffic_speed.py","lineno":56}
{"timestamp":"2026-04-15T14:01:17.721962Z","level":"info","event":"========== PAGE START ==========","logger":"lta_common","filename":"lta_common.py","lineno":53}
{"timestamp":"2026-04-15T14:01:17.721996Z","level":"info","event":"[FETCH] requesting rows 38500–38999","logger":"lta_common","filename":"lta_common.py","lineno":54}
{"timestamp":"2026-04-15T14:01:17.722036Z","level":"info","event":"Fetching page from LTA: skip=38500","logger":"lta_common","filename":"lta_common.py","lineno":36}
{"timestamp":"2026-04-15T14:01:18.384323Z","level":"info","event":"Retrieved 500 rows from LTA at skip=38500","logger":"lta_common","filename":"lta_common.py","lineno":44}
{"timestamp":"2026-04-15T14:01:18.389433Z","level":"info","event":"[FETCH DONE] retrieved=500 rows at skip=38500","logger":"lta_common","filename":"lta_common.py","lineno":59}
{"timestamp":"2026-04-15T14:01:18.389825Z","level":"info","event":"STEP 4: processing page skip=38500 rows=500","logger":"2_refresh_traffic_speed","filename":"2_refresh_traffic_speed.py","lineno":41}
{"timestamp":"2026-04-15T14:01:18.404855Z","level":"info","event":"[CLEAN DONE] rows=500 | null_speed_band=0 | null_minimum_speed=0 | null_maximum_speed=0","logger":"lta_common","filename":"lta_common.py","lineno":238}
{"timestamp":"2026-04-15T14:01:18.406082Z","level":"info","event":"STEP 5: built cleaned snapshot dataframe rows=500","logger":"2_refresh_traffic_speed","filename":"2_refresh_traffic_speed.py","lineno":44}
{"timestamp":"2026-04-15T14:01:18.406640Z","level":"info","event":"[LATEST PREP] rows=500 | missing_measurement_rows=0","logger":"lta_common","filename":"lta_common.py","lineno":271}
{"timestamp":"2026-04-15T14:01:18.407091Z","level":"info","event":"[UPSERT START] upserting 500 rows into traffic_speed_latest","logger":"lta_common","filename":"lta_common.py","lineno":348}
{"timestamp":"2026-04-15T14:01:18.407573Z","level":"info","event":"[UPSERT DEBUG] max_link_id=56766 | min_link_id=56206 | max_speed_band=7 | min_speed_band=1 | max_minimum_speed=60 | min_minimum_speed=0 | max_maximum_speed=69 | min_maximum_speed=9","logger":"lta_common","filename":"lta_common.py","lineno":350}
{"timestamp":"2026-04-15T14:01:18.724586Z","level":"info","event":"[UPSERT DONE] upserted=500 rows into traffic_speed_latest","logger":"lta_common","filename":"lta_common.py","lineno":388}
{"timestamp":"2026-04-15T14:01:18.728121Z","level":"info","event":"[SAVE START] inserting 500 rows into traffic_speed_recent","logger":"lta_common","filename":"lta_common.py","lineno":319}
{"timestamp":"2026-04-15T14:01:19.092617Z","level":"info","event":"[SAVE DONE] inserted=500 rows into traffic_speed_recent","logger":"lta_common","filename":"lta_common.py","lineno":337}
{"timestamp":"2026-04-15T14:01:19.092795Z","level":"info","event":"STEP 6: page saved skip=38500 | pages=78 | latest_rows=39000 | recent_rows=39000","logger":"2_refresh_traffic_speed","filename":"2_refresh_traffic_speed.py","lineno":56}
{"timestamp":"2026-04-15T14:01:19.092839Z","level":"info","event":"========== PAGE START ==========","logger":"lta_common","filename":"lta_common.py","lineno":53}
{"timestamp":"2026-04-15T14:01:19.092877Z","level":"info","event":"[FETCH] requesting rows 39000–39499","logger":"lta_common","filename":"lta_common.py","lineno":54}
{"timestamp":"2026-04-15T14:01:19.092930Z","level":"info","event":"Fetching page from LTA: skip=39000","logger":"lta_common","filename":"lta_common.py","lineno":36}
{"timestamp":"2026-04-15T14:01:19.351781Z","level":"info","event":"Retrieved 500 rows from LTA at skip=39000","logger":"lta_common","filename":"lta_common.py","lineno":44}
{"timestamp":"2026-04-15T14:01:19.353057Z","level":"info","event":"[FETCH DONE] retrieved=500 rows at skip=39000","logger":"lta_common","filename":"lta_common.py","lineno":59}
{"timestamp":"2026-04-15T14:01:19.353308Z","level":"info","event":"STEP 4: processing page skip=39000 rows=500","logger":"2_refresh_traffic_speed","filename":"2_refresh_traffic_speed.py","lineno":41}
{"timestamp":"2026-04-15T14:01:19.361672Z","level":"warning","event":"[SANITIZE] link_id=56800 field=maximum_speed suspicious sentinel value=999 -> NULL","logger":"lta_common","filename":"lta_common.py","lineno":143}
{"timestamp":"2026-04-15T14:01:19.361790Z","level":"warning","event":"[SANITIZE] link_id=56801 field=maximum_speed suspicious sentinel value=999 -> NULL","logger":"lta_common","filename":"lta_common.py","lineno":143}
{"timestamp":"2026-04-15T14:01:19.361859Z","level":"warning","event":"[SANITIZE] link_id=56808 field=maximum_speed suspicious sentinel value=999 -> NULL","logger":"lta_common","filename":"lta_common.py","lineno":143}
{"timestamp":"2026-04-15T14:01:19.361906Z","level":"warning","event":"[SANITIZE] link_id=56809 field=maximum_speed suspicious sentinel value=999 -> NULL","logger":"lta_common","filename":"lta_common.py","lineno":143}
{"timestamp":"2026-04-15T14:01:19.361965Z","level":"warning","event":"[SANITIZE] link_id=56810 field=maximum_speed suspicious sentinel value=999 -> NULL","logger":"lta_common","filename":"lta_common.py","lineno":143}
{"timestamp":"2026-04-15T14:01:19.362013Z","level":"warning","event":"[SANITIZE] link_id=56812 field=maximum_speed suspicious sentinel value=999 -> NULL","logger":"lta_common","filename":"lta_common.py","lineno":143}
{"timestamp":"2026-04-15T14:01:19.362072Z","level":"warning","event":"[SANITIZE] link_id=56813 field=maximum_speed suspicious sentinel value=999 -> NULL","logger":"lta_common","filename":"lta_common.py","lineno":143}
{"timestamp":"2026-04-15T14:01:19.362125Z","level":"warning","event":"[SANITIZE] link_id=56814 field=maximum_speed suspicious sentinel value=999 -> NULL","logger":"lta_common","filename":"lta_common.py","lineno":143}
{"timestamp":"2026-04-15T14:01:19.362183Z","level":"warning","event":"[SANITIZE] link_id=56817 field=maximum_speed suspicious sentinel value=999 -> NULL","logger":"lta_common","filename":"lta_common.py","lineno":143}
{"timestamp":"2026-04-15T14:01:19.362246Z","level":"warning","event":"[SANITIZE] link_id=56818 field=maximum_speed suspicious sentinel value=999 -> NULL","logger":"lta_common","filename":"lta_common.py","lineno":143}
{"timestamp":"2026-04-15T14:01:19.362287Z","level":"warning","event":"[SANITIZE] link_id=56819 field=maximum_speed suspicious sentinel value=999 -> NULL","logger":"lta_common","filename":"lta_common.py","lineno":143}
{"timestamp":"2026-04-15T14:01:19.362334Z","level":"warning","event":"[SANITIZE] link_id=56820 field=maximum_speed suspicious sentinel value=999 -> NULL","logger":"lta_common","filename":"lta_common.py","lineno":143}
{"timestamp":"2026-04-15T14:01:19.362403Z","level":"warning","event":"[SANITIZE] link_id=56823 field=maximum_speed suspicious sentinel value=999 -> NULL","logger":"lta_common","filename":"lta_common.py","lineno":143}
{"timestamp":"2026-04-15T14:01:19.362455Z","level":"warning","event":"[SANITIZE] link_id=56825 field=maximum_speed suspicious sentinel value=999 -> NULL","logger":"lta_common","filename":"lta_common.py","lineno":143}
{"timestamp":"2026-04-15T14:01:19.362507Z","level":"warning","event":"[SANITIZE] link_id=56826 field=maximum_speed suspicious sentinel value=999 -> NULL","logger":"lta_common","filename":"lta_common.py","lineno":143}
{"timestamp":"2026-04-15T14:01:19.362558Z","level":"warning","event":"[SANITIZE] link_id=56827 field=maximum_speed suspicious sentinel value=999 -> NULL","logger":"lta_common","filename":"lta_common.py","lineno":143}
{"timestamp":"2026-04-15T14:01:19.362629Z","level":"warning","event":"[SANITIZE] link_id=56828 field=maximum_speed suspicious sentinel value=999 -> NULL","logger":"lta_common","filename":"lta_common.py","lineno":143}
{"timestamp":"2026-04-15T14:01:19.362685Z","level":"warning","event":"[SANITIZE] link_id=56829 field=maximum_speed suspicious sentinel value=999 -> NULL","logger":"lta_common","filename":"lta_common.py","lineno":143}
{"timestamp":"2026-04-15T14:01:19.364462Z","level":"warning","event":"[SANITIZE] link_id=56832 field=maximum_speed suspicious sentinel value=999 -> NULL","logger":"lta_common","filename":"lta_common.py","lineno":143}
{"timestamp":"2026-04-15T14:01:19.364579Z","level":"warning","event":"[SANITIZE] link_id=56833 field=maximum_speed suspicious sentinel value=999 -> NULL","logger":"lta_common","filename":"lta_common.py","lineno":143}
{"timestamp":"2026-04-15T14:01:19.364677Z","level":"warning","event":"[SANITIZE] link_id=56834 field=maximum_speed suspicious sentinel value=999 -> NULL","logger":"lta_common","filename":"lta_common.py","lineno":143}
{"timestamp":"2026-04-15T14:01:19.364747Z","level":"warning","event":"[SANITIZE] link_id=56835 field=maximum_speed suspicious sentinel value=999 -> NULL","logger":"lta_common","filename":"lta_common.py","lineno":143}
{"timestamp":"2026-04-15T14:01:19.364821Z","level":"warning","event":"[SANITIZE] link_id=56836 field=maximum_speed suspicious sentinel value=999 -> NULL","logger":"lta_common","filename":"lta_common.py","lineno":143}
{"timestamp":"2026-04-15T14:01:19.365110Z","level":"warning","event":"[SANITIZE] link_id=56894 field=maximum_speed suspicious sentinel value=999 -> NULL","logger":"lta_common","filename":"lta_common.py","lineno":143}
{"timestamp":"2026-04-15T14:01:19.365177Z","level":"warning","event":"[SANITIZE] link_id=56902 field=maximum_speed suspicious sentinel value=999 -> NULL","logger":"lta_common","filename":"lta_common.py","lineno":143}
{"timestamp":"2026-04-15T14:01:19.365367Z","level":"warning","event":"[SANITIZE] link_id=56952 field=maximum_speed suspicious sentinel value=999 -> NULL","logger":"lta_common","filename":"lta_common.py","lineno":143}
{"timestamp":"2026-04-15T14:01:19.365412Z","level":"warning","event":"[SANITIZE] link_id=56954 field=maximum_speed suspicious sentinel value=999 -> NULL","logger":"lta_common","filename":"lta_common.py","lineno":143}
{"timestamp":"2026-04-15T14:01:19.365460Z","level":"warning","event":"[SANITIZE] link_id=56958 field=maximum_speed suspicious sentinel value=999 -> NULL","logger":"lta_common","filename":"lta_common.py","lineno":143}
{"timestamp":"2026-04-15T14:01:19.365516Z","level":"warning","event":"[SANITIZE] link_id=56962 field=maximum_speed suspicious sentinel value=999 -> NULL","logger":"lta_common","filename":"lta_common.py","lineno":143}
{"timestamp":"2026-04-15T14:01:19.365635Z","level":"warning","event":"[SANITIZE] link_id=56989 field=maximum_speed suspicious sentinel value=999 -> NULL","logger":"lta_common","filename":"lta_common.py","lineno":143}
{"timestamp":"2026-04-15T14:01:19.365687Z","level":"warning","event":"[SANITIZE] link_id=56994 field=maximum_speed suspicious sentinel value=999 -> NULL","logger":"lta_common","filename":"lta_common.py","lineno":143}
{"timestamp":"2026-04-15T14:01:19.365718Z","level":"warning","event":"[SANITIZE] link_id=56997 field=maximum_speed suspicious sentinel value=999 -> NULL","logger":"lta_common","filename":"lta_common.py","lineno":143}
{"timestamp":"2026-04-15T14:01:19.365754Z","level":"warning","event":"[SANITIZE] link_id=57003 field=maximum_speed suspicious sentinel value=999 -> NULL","logger":"lta_common","filename":"lta_common.py","lineno":143}
{"timestamp":"2026-04-15T14:01:19.365783Z","level":"warning","event":"[SANITIZE] link_id=57004 field=maximum_speed suspicious sentinel value=999 -> NULL","logger":"lta_common","filename":"lta_common.py","lineno":143}
{"timestamp":"2026-04-15T14:01:19.365820Z","level":"warning","event":"[SANITIZE] link_id=57006 field=maximum_speed suspicious sentinel value=999 -> NULL","logger":"lta_common","filename":"lta_common.py","lineno":143}
{"timestamp":"2026-04-15T14:01:19.365847Z","level":"warning","event":"[SANITIZE] link_id=57009 field=maximum_speed suspicious sentinel value=999 -> NULL","logger":"lta_common","filename":"lta_common.py","lineno":143}
{"timestamp":"2026-04-15T14:01:19.365868Z","level":"warning","event":"[SANITIZE] link_id=57010 field=maximum_speed suspicious sentinel value=999 -> NULL","logger":"lta_common","filename":"lta_common.py","lineno":143}
{"timestamp":"2026-04-15T14:01:19.365901Z","level":"warning","event":"[SANITIZE] link_id=57011 field=maximum_speed suspicious sentinel value=999 -> NULL","logger":"lta_common","filename":"lta_common.py","lineno":143}
{"timestamp":"2026-04-15T14:01:19.365925Z","level":"warning","event":"[SANITIZE] link_id=57012 field=maximum_speed suspicious sentinel value=999 -> NULL","logger":"lta_common","filename":"lta_common.py","lineno":143}
{"timestamp":"2026-04-15T14:01:19.365947Z","level":"warning","event":"[SANITIZE] link_id=57013 field=maximum_speed suspicious sentinel value=999 -> NULL","logger":"lta_common","filename":"lta_common.py","lineno":143}
{"timestamp":"2026-04-15T14:01:19.365976Z","level":"warning","event":"[SANITIZE] link_id=57017 field=maximum_speed suspicious sentinel value=999 -> NULL","logger":"lta_common","filename":"lta_common.py","lineno":143}
{"timestamp":"2026-04-15T14:01:19.366004Z","level":"warning","event":"[SANITIZE] link_id=57019 field=maximum_speed suspicious sentinel value=999 -> NULL","logger":"lta_common","filename":"lta_common.py","lineno":143}
{"timestamp":"2026-04-15T14:01:19.366040Z","level":"warning","event":"[SANITIZE] link_id=57020 field=maximum_speed suspicious sentinel value=999 -> NULL","logger":"lta_common","filename":"lta_common.py","lineno":143}
{"timestamp":"2026-04-15T14:01:19.366176Z","level":"warning","event":"[SANITIZE] link_id=57065 field=maximum_speed suspicious sentinel value=999 -> NULL","logger":"lta_common","filename":"lta_common.py","lineno":143}
{"timestamp":"2026-04-15T14:01:19.366198Z","level":"warning","event":"[SANITIZE] link_id=57066 field=maximum_speed suspicious sentinel value=999 -> NULL","logger":"lta_common","filename":"lta_common.py","lineno":143}
{"timestamp":"2026-04-15T14:01:19.366249Z","level":"warning","event":"[SANITIZE] link_id=57074 field=maximum_speed suspicious sentinel value=999 -> NULL","logger":"lta_common","filename":"lta_common.py","lineno":143}
{"timestamp":"2026-04-15T14:01:19.366282Z","level":"warning","event":"[SANITIZE] link_id=57080 field=maximum_speed suspicious sentinel value=999 -> NULL","logger":"lta_common","filename":"lta_common.py","lineno":143}
{"timestamp":"2026-04-15T14:01:19.366358Z","level":"warning","event":"[SANITIZE] link_id=57109 field=maximum_speed suspicious sentinel value=999 -> NULL","logger":"lta_common","filename":"lta_common.py","lineno":143}
{"timestamp":"2026-04-15T14:01:19.366427Z","level":"warning","event":"[SANITIZE] link_id=57110 field=maximum_speed suspicious sentinel value=999 -> NULL","logger":"lta_common","filename":"lta_common.py","lineno":143}
{"timestamp":"2026-04-15T14:01:19.367501Z","level":"info","event":"[CLEAN DONE] rows=500 | null_speed_band=0 | null_minimum_speed=0 | null_maximum_speed=49","logger":"lta_common","filename":"lta_common.py","lineno":238}
{"timestamp":"2026-04-15T14:01:19.369269Z","level":"info","event":"STEP 5: built cleaned snapshot dataframe rows=500","logger":"2_refresh_traffic_speed","filename":"2_refresh_traffic_speed.py","lineno":44}
{"timestamp":"2026-04-15T14:01:19.369759Z","level":"info","event":"[LATEST PREP] rows=500 | missing_measurement_rows=0","logger":"lta_common","filename":"lta_common.py","lineno":271}
{"timestamp":"2026-04-15T14:01:19.370046Z","level":"info","event":"[UPSERT START] upserting 500 rows into traffic_speed_latest","logger":"lta_common","filename":"lta_common.py","lineno":348}
{"timestamp":"2026-04-15T14:01:19.370741Z","level":"info","event":"[UPSERT DEBUG] max_link_id=57395 | min_link_id=56767 | max_speed_band=8 | min_speed_band=1 | max_minimum_speed=70 | min_minimum_speed=0 | max_maximum_speed=69.0 | min_maximum_speed=9.0","logger":"lta_common","filename":"lta_common.py","lineno":350}
{"timestamp":"2026-04-15T14:01:19.692139Z","level":"info","event":"[UPSERT DONE] upserted=500 rows into traffic_speed_latest","logger":"lta_common","filename":"lta_common.py","lineno":388}
{"timestamp":"2026-04-15T14:01:19.694173Z","level":"info","event":"[SAVE START] inserting 500 rows into traffic_speed_recent","logger":"lta_common","filename":"lta_common.py","lineno":319}
{"timestamp":"2026-04-15T14:01:20.047112Z","level":"info","event":"[SAVE DONE] inserted=500 rows into traffic_speed_recent","logger":"lta_common","filename":"lta_common.py","lineno":337}
{"timestamp":"2026-04-15T14:01:20.052284Z","level":"info","event":"STEP 6: page saved skip=39000 | pages=79 | latest_rows=39500 | recent_rows=39500","logger":"2_refresh_traffic_speed","filename":"2_refresh_traffic_speed.py","lineno":56}
{"timestamp":"2026-04-15T14:01:20.052661Z","level":"info","event":"========== PAGE START ==========","logger":"lta_common","filename":"lta_common.py","lineno":53}
{"timestamp":"2026-04-15T14:01:20.052745Z","level":"info","event":"[FETCH] requesting rows 39500–39999","logger":"lta_common","filename":"lta_common.py","lineno":54}
{"timestamp":"2026-04-15T14:01:20.052840Z","level":"info","event":"Fetching page from LTA: skip=39500","logger":"lta_common","filename":"lta_common.py","lineno":36}
{"timestamp":"2026-04-15T14:01:20.323764Z","level":"info","event":"Retrieved 500 rows from LTA at skip=39500","logger":"lta_common","filename":"lta_common.py","lineno":44}
{"timestamp":"2026-04-15T14:01:20.325174Z","level":"info","event":"[FETCH DONE] retrieved=500 rows at skip=39500","logger":"lta_common","filename":"lta_common.py","lineno":59}
{"timestamp":"2026-04-15T14:01:20.325449Z","level":"info","event":"STEP 4: processing page skip=39500 rows=500","logger":"2_refresh_traffic_speed","filename":"2_refresh_traffic_speed.py","lineno":41}
{"timestamp":"2026-04-15T14:01:20.333595Z","level":"warning","event":"[SANITIZE] link_id=57748 field=maximum_speed suspicious sentinel value=999 -> NULL","logger":"lta_common","filename":"lta_common.py","lineno":143}
{"timestamp":"2026-04-15T14:01:20.334840Z","level":"info","event":"[CLEAN DONE] rows=500 | null_speed_band=0 | null_minimum_speed=0 | null_maximum_speed=1","logger":"lta_common","filename":"lta_common.py","lineno":238}
{"timestamp":"2026-04-15T14:01:20.335823Z","level":"info","event":"STEP 5: built cleaned snapshot dataframe rows=500","logger":"2_refresh_traffic_speed","filename":"2_refresh_traffic_speed.py","lineno":44}
{"timestamp":"2026-04-15T14:01:20.336233Z","level":"info","event":"[LATEST PREP] rows=500 | missing_measurement_rows=0","logger":"lta_common","filename":"lta_common.py","lineno":271}
{"timestamp":"2026-04-15T14:01:20.336585Z","level":"info","event":"[UPSERT START] upserting 500 rows into traffic_speed_latest","logger":"lta_common","filename":"lta_common.py","lineno":348}
{"timestamp":"2026-04-15T14:01:20.336952Z","level":"info","event":"[UPSERT DEBUG] max_link_id=58130 | min_link_id=57398 | max_speed_band=8 | min_speed_band=1 | max_minimum_speed=70 | min_minimum_speed=0 | max_maximum_speed=69.0 | min_maximum_speed=9.0","logger":"lta_common","filename":"lta_common.py","lineno":350}
{"timestamp":"2026-04-15T14:01:20.641066Z","level":"info","event":"[UPSERT DONE] upserted=500 rows into traffic_speed_latest","logger":"lta_common","filename":"lta_common.py","lineno":388}
{"timestamp":"2026-04-15T14:01:20.642124Z","level":"info","event":"[SAVE START] inserting 500 rows into traffic_speed_recent","logger":"lta_common","filename":"lta_common.py","lineno":319}
{"timestamp":"2026-04-15T14:01:20.957552Z","level":"info","event":"[SAVE DONE] inserted=500 rows into traffic_speed_recent","logger":"lta_common","filename":"lta_common.py","lineno":337}
{"timestamp":"2026-04-15T14:01:20.957703Z","level":"info","event":"STEP 6: page saved skip=39500 | pages=80 | latest_rows=40000 | recent_rows=40000","logger":"2_refresh_traffic_speed","filename":"2_refresh_traffic_speed.py","lineno":56}
{"timestamp":"2026-04-15T14:01:20.957741Z","level":"info","event":"========== PAGE START ==========","logger":"lta_common","filename":"lta_common.py","lineno":53}
{"timestamp":"2026-04-15T14:01:20.957775Z","level":"info","event":"[FETCH] requesting rows 40000–40499","logger":"lta_common","filename":"lta_common.py","lineno":54}
{"timestamp":"2026-04-15T14:01:20.957813Z","level":"info","event":"Fetching page from LTA: skip=40000","logger":"lta_common","filename":"lta_common.py","lineno":36}
{"timestamp":"2026-04-15T14:01:21.188204Z","level":"info","event":"Retrieved 500 rows from LTA at skip=40000","logger":"lta_common","filename":"lta_common.py","lineno":44}
{"timestamp":"2026-04-15T14:01:21.189526Z","level":"info","event":"[FETCH DONE] retrieved=500 rows at skip=40000","logger":"lta_common","filename":"lta_common.py","lineno":59}
{"timestamp":"2026-04-15T14:01:21.189655Z","level":"info","event":"STEP 4: processing page skip=40000 rows=500","logger":"2_refresh_traffic_speed","filename":"2_refresh_traffic_speed.py","lineno":41}
{"timestamp":"2026-04-15T14:01:21.198920Z","level":"info","event":"[CLEAN DONE] rows=500 | null_speed_band=0 | null_minimum_speed=0 | null_maximum_speed=0","logger":"lta_common","filename":"lta_common.py","lineno":238}
{"timestamp":"2026-04-15T14:01:21.199823Z","level":"info","event":"STEP 5: built cleaned snapshot dataframe rows=500","logger":"2_refresh_traffic_speed","filename":"2_refresh_traffic_speed.py","lineno":44}
{"timestamp":"2026-04-15T14:01:21.200201Z","level":"info","event":"[LATEST PREP] rows=500 | missing_measurement_rows=0","logger":"lta_common","filename":"lta_common.py","lineno":271}
{"timestamp":"2026-04-15T14:01:21.200485Z","level":"info","event":"[UPSERT START] upserting 500 rows into traffic_speed_latest","logger":"lta_common","filename":"lta_common.py","lineno":348}
{"timestamp":"2026-04-15T14:01:21.200767Z","level":"info","event":"[UPSERT DEBUG] max_link_id=58878 | min_link_id=58131 | max_speed_band=6 | min_speed_band=1 | max_minimum_speed=50 | min_minimum_speed=0 | max_maximum_speed=59 | min_maximum_speed=9","logger":"lta_common","filename":"lta_common.py","lineno":350}
{"timestamp":"2026-04-15T14:01:21.507147Z","level":"info","event":"[UPSERT DONE] upserted=500 rows into traffic_speed_latest","logger":"lta_common","filename":"lta_common.py","lineno":388}
{"timestamp":"2026-04-15T14:01:21.507556Z","level":"info","event":"[SAVE START] inserting 500 rows into traffic_speed_recent","logger":"lta_common","filename":"lta_common.py","lineno":319}
{"timestamp":"2026-04-15T14:01:21.830643Z","level":"info","event":"[SAVE DONE] inserted=500 rows into traffic_speed_recent","logger":"lta_common","filename":"lta_common.py","lineno":337}
{"timestamp":"2026-04-15T14:01:21.830746Z","level":"info","event":"STEP 6: page saved skip=40000 | pages=81 | latest_rows=40500 | recent_rows=40500","logger":"2_refresh_traffic_speed","filename":"2_refresh_traffic_speed.py","lineno":56}
{"timestamp":"2026-04-15T14:01:21.830777Z","level":"info","event":"========== PAGE START ==========","logger":"lta_common","filename":"lta_common.py","lineno":53}
{"timestamp":"2026-04-15T14:01:21.830800Z","level":"info","event":"[FETCH] requesting rows 40500–40999","logger":"lta_common","filename":"lta_common.py","lineno":54}
{"timestamp":"2026-04-15T14:01:21.830828Z","level":"info","event":"Fetching page from LTA: skip=40500","logger":"lta_common","filename":"lta_common.py","lineno":36}
{"timestamp":"2026-04-15T14:01:22.053687Z","level":"info","event":"Retrieved 500 rows from LTA at skip=40500","logger":"lta_common","filename":"lta_common.py","lineno":44}
{"timestamp":"2026-04-15T14:01:22.054788Z","level":"info","event":"[FETCH DONE] retrieved=500 rows at skip=40500","logger":"lta_common","filename":"lta_common.py","lineno":59}
{"timestamp":"2026-04-15T14:01:22.054986Z","level":"info","event":"STEP 4: processing page skip=40500 rows=500","logger":"2_refresh_traffic_speed","filename":"2_refresh_traffic_speed.py","lineno":41}
{"timestamp":"2026-04-15T14:01:22.061419Z","level":"warning","event":"[SANITIZE] link_id=59068 field=maximum_speed suspicious sentinel value=999 -> NULL","logger":"lta_common","filename":"lta_common.py","lineno":143}
{"timestamp":"2026-04-15T14:01:22.062840Z","level":"info","event":"[CLEAN DONE] rows=500 | null_speed_band=0 | null_minimum_speed=0 | null_maximum_speed=1","logger":"lta_common","filename":"lta_common.py","lineno":238}
{"timestamp":"2026-04-15T14:01:22.063763Z","level":"info","event":"STEP 5: built cleaned snapshot dataframe rows=500","logger":"2_refresh_traffic_speed","filename":"2_refresh_traffic_speed.py","lineno":44}
{"timestamp":"2026-04-15T14:01:22.064258Z","level":"info","event":"[LATEST PREP] rows=500 | missing_measurement_rows=0","logger":"lta_common","filename":"lta_common.py","lineno":271}
{"timestamp":"2026-04-15T14:01:22.064572Z","level":"info","event":"[UPSERT START] upserting 500 rows into traffic_speed_latest","logger":"lta_common","filename":"lta_common.py","lineno":348}
{"timestamp":"2026-04-15T14:01:22.064902Z","level":"info","event":"[UPSERT DEBUG] max_link_id=59567 | min_link_id=58879 | max_speed_band=8 | min_speed_band=1 | max_minimum_speed=70 | min_minimum_speed=0 | max_maximum_speed=59.0 | min_maximum_speed=9.0","logger":"lta_common","filename":"lta_common.py","lineno":350}
{"timestamp":"2026-04-15T14:01:22.389913Z","level":"info","event":"[UPSERT DONE] upserted=500 rows into traffic_speed_latest","logger":"lta_common","filename":"lta_common.py","lineno":388}
{"timestamp":"2026-04-15T14:01:22.391204Z","level":"info","event":"[SAVE START] inserting 500 rows into traffic_speed_recent","logger":"lta_common","filename":"lta_common.py","lineno":319}
{"timestamp":"2026-04-15T14:01:22.736015Z","level":"info","event":"[SAVE DONE] inserted=500 rows into traffic_speed_recent","logger":"lta_common","filename":"lta_common.py","lineno":337}
{"timestamp":"2026-04-15T14:01:22.737337Z","level":"info","event":"STEP 6: page saved skip=40500 | pages=82 | latest_rows=41000 | recent_rows=41000","logger":"2_refresh_traffic_speed","filename":"2_refresh_traffic_speed.py","lineno":56}
{"timestamp":"2026-04-15T14:01:22.738165Z","level":"info","event":"========== PAGE START ==========","logger":"lta_common","filename":"lta_common.py","lineno":53}
{"timestamp":"2026-04-15T14:01:22.738290Z","level":"info","event":"[FETCH] requesting rows 41000–41499","logger":"lta_common","filename":"lta_common.py","lineno":54}
{"timestamp":"2026-04-15T14:01:22.738441Z","level":"info","event":"Fetching page from LTA: skip=41000","logger":"lta_common","filename":"lta_common.py","lineno":36}
{"timestamp":"2026-04-15T14:01:23.059858Z","level":"info","event":"Retrieved 500 rows from LTA at skip=41000","logger":"lta_common","filename":"lta_common.py","lineno":44}
{"timestamp":"2026-04-15T14:01:23.065565Z","level":"info","event":"[FETCH DONE] retrieved=500 rows at skip=41000","logger":"lta_common","filename":"lta_common.py","lineno":59}
{"timestamp":"2026-04-15T14:01:23.066239Z","level":"info","event":"STEP 4: processing page skip=41000 rows=500","logger":"2_refresh_traffic_speed","filename":"2_refresh_traffic_speed.py","lineno":41}
{"timestamp":"2026-04-15T14:01:23.083951Z","level":"warning","event":"[SANITIZE] link_id=59737 field=maximum_speed suspicious sentinel value=999 -> NULL","logger":"lta_common","filename":"lta_common.py","lineno":143}
{"timestamp":"2026-04-15T14:01:23.084135Z","level":"warning","event":"[SANITIZE] link_id=59738 field=maximum_speed suspicious sentinel value=999 -> NULL","logger":"lta_common","filename":"lta_common.py","lineno":143}
{"timestamp":"2026-04-15T14:01:23.084234Z","level":"warning","event":"[SANITIZE] link_id=59747 field=maximum_speed suspicious sentinel value=999 -> NULL","logger":"lta_common","filename":"lta_common.py","lineno":143}
{"timestamp":"2026-04-15T14:01:23.084458Z","level":"warning","event":"[SANITIZE] link_id=59783 field=maximum_speed suspicious sentinel value=999 -> NULL","logger":"lta_common","filename":"lta_common.py","lineno":143}
{"timestamp":"2026-04-15T14:01:23.084522Z","level":"warning","event":"[SANITIZE] link_id=59784 field=maximum_speed suspicious sentinel value=999 -> NULL","logger":"lta_common","filename":"lta_common.py","lineno":143}
{"timestamp":"2026-04-15T14:01:23.084569Z","level":"warning","event":"[SANITIZE] link_id=59785 field=maximum_speed suspicious sentinel value=999 -> NULL","logger":"lta_common","filename":"lta_common.py","lineno":143}
{"timestamp":"2026-04-15T14:01:23.086791Z","level":"info","event":"[CLEAN DONE] rows=500 | null_speed_band=0 | null_minimum_speed=0 | null_maximum_speed=6","logger":"lta_common","filename":"lta_common.py","lineno":238}
{"timestamp":"2026-04-15T14:01:23.088205Z","level":"info","event":"STEP 5: built cleaned snapshot dataframe rows=500","logger":"2_refresh_traffic_speed","filename":"2_refresh_traffic_speed.py","lineno":44}
{"timestamp":"2026-04-15T14:01:23.088756Z","level":"info","event":"[LATEST PREP] rows=500 | missing_measurement_rows=0","logger":"lta_common","filename":"lta_common.py","lineno":271}
{"timestamp":"2026-04-15T14:01:23.089176Z","level":"info","event":"[UPSERT START] upserting 500 rows into traffic_speed_latest","logger":"lta_common","filename":"lta_common.py","lineno":348}
{"timestamp":"2026-04-15T14:01:23.089651Z","level":"info","event":"[UPSERT DEBUG] max_link_id=60275 | min_link_id=59568 | max_speed_band=8 | min_speed_band=1 | max_minimum_speed=70 | min_minimum_speed=0 | max_maximum_speed=69.0 | min_maximum_speed=9.0","logger":"lta_common","filename":"lta_common.py","lineno":350}
{"timestamp":"2026-04-15T14:01:23.419175Z","level":"info","event":"[UPSERT DONE] upserted=500 rows into traffic_speed_latest","logger":"lta_common","filename":"lta_common.py","lineno":388}
{"timestamp":"2026-04-15T14:01:23.421806Z","level":"info","event":"[SAVE START] inserting 500 rows into traffic_speed_recent","logger":"lta_common","filename":"lta_common.py","lineno":319}
{"timestamp":"2026-04-15T14:01:23.775717Z","level":"info","event":"[SAVE DONE] inserted=500 rows into traffic_speed_recent","logger":"lta_common","filename":"lta_common.py","lineno":337}
{"timestamp":"2026-04-15T14:01:23.776424Z","level":"info","event":"STEP 6: page saved skip=41000 | pages=83 | latest_rows=41500 | recent_rows=41500","logger":"2_refresh_traffic_speed","filename":"2_refresh_traffic_speed.py","lineno":56}
{"timestamp":"2026-04-15T14:01:23.776601Z","level":"info","event":"========== PAGE START ==========","logger":"lta_common","filename":"lta_common.py","lineno":53}
{"timestamp":"2026-04-15T14:01:23.776688Z","level":"info","event":"[FETCH] requesting rows 41500–41999","logger":"lta_common","filename":"lta_common.py","lineno":54}
{"timestamp":"2026-04-15T14:01:23.776792Z","level":"info","event":"Fetching page from LTA: skip=41500","logger":"lta_common","filename":"lta_common.py","lineno":36}
{"timestamp":"2026-04-15T14:01:24.053089Z","level":"info","event":"Retrieved 500 rows from LTA at skip=41500","logger":"lta_common","filename":"lta_common.py","lineno":44}
{"timestamp":"2026-04-15T14:01:24.059047Z","level":"info","event":"[FETCH DONE] retrieved=500 rows at skip=41500","logger":"lta_common","filename":"lta_common.py","lineno":59}
{"timestamp":"2026-04-15T14:01:24.060567Z","level":"info","event":"STEP 4: processing page skip=41500 rows=500","logger":"2_refresh_traffic_speed","filename":"2_refresh_traffic_speed.py","lineno":41}
{"timestamp":"2026-04-15T14:01:24.079968Z","level":"info","event":"[CLEAN DONE] rows=500 | null_speed_band=0 | null_minimum_speed=0 | null_maximum_speed=0","logger":"lta_common","filename":"lta_common.py","lineno":238}
{"timestamp":"2026-04-15T14:01:24.081781Z","level":"info","event":"STEP 5: built cleaned snapshot dataframe rows=500","logger":"2_refresh_traffic_speed","filename":"2_refresh_traffic_speed.py","lineno":44}
{"timestamp":"2026-04-15T14:01:24.082328Z","level":"info","event":"[LATEST PREP] rows=500 | missing_measurement_rows=0","logger":"lta_common","filename":"lta_common.py","lineno":271}
{"timestamp":"2026-04-15T14:01:24.082766Z","level":"info","event":"[UPSERT START] upserting 500 rows into traffic_speed_latest","logger":"lta_common","filename":"lta_common.py","lineno":348}
{"timestamp":"2026-04-15T14:01:24.083252Z","level":"info","event":"[UPSERT DEBUG] max_link_id=61502 | min_link_id=60278 | max_speed_band=7 | min_speed_band=1 | max_minimum_speed=60 | min_minimum_speed=0 | max_maximum_speed=69 | min_maximum_speed=9","logger":"lta_common","filename":"lta_common.py","lineno":350}
{"timestamp":"2026-04-15T14:01:24.408855Z","level":"info","event":"[UPSERT DONE] upserted=500 rows into traffic_speed_latest","logger":"lta_common","filename":"lta_common.py","lineno":388}
{"timestamp":"2026-04-15T14:01:24.414119Z","level":"info","event":"[SAVE START] inserting 500 rows into traffic_speed_recent","logger":"lta_common","filename":"lta_common.py","lineno":319}
{"timestamp":"2026-04-15T14:01:24.778734Z","level":"info","event":"[SAVE DONE] inserted=500 rows into traffic_speed_recent","logger":"lta_common","filename":"lta_common.py","lineno":337}
{"timestamp":"2026-04-15T14:01:24.779853Z","level":"info","event":"STEP 6: page saved skip=41500 | pages=84 | latest_rows=42000 | recent_rows=42000","logger":"2_refresh_traffic_speed","filename":"2_refresh_traffic_speed.py","lineno":56}
{"timestamp":"2026-04-15T14:01:24.780375Z","level":"info","event":"========== PAGE START ==========","logger":"lta_common","filename":"lta_common.py","lineno":53}
{"timestamp":"2026-04-15T14:01:24.780838Z","level":"info","event":"[FETCH] requesting rows 42000–42499","logger":"lta_common","filename":"lta_common.py","lineno":54}
{"timestamp":"2026-04-15T14:01:24.782971Z","level":"info","event":"Fetching page from LTA: skip=42000","logger":"lta_common","filename":"lta_common.py","lineno":36}
{"timestamp":"2026-04-15T14:01:25.040462Z","level":"info","event":"Retrieved 500 rows from LTA at skip=42000","logger":"lta_common","filename":"lta_common.py","lineno":44}
{"timestamp":"2026-04-15T14:01:25.045204Z","level":"info","event":"[FETCH DONE] retrieved=500 rows at skip=42000","logger":"lta_common","filename":"lta_common.py","lineno":59}
{"timestamp":"2026-04-15T14:01:25.045915Z","level":"info","event":"STEP 4: processing page skip=42000 rows=500","logger":"2_refresh_traffic_speed","filename":"2_refresh_traffic_speed.py","lineno":41}
{"timestamp":"2026-04-15T14:01:25.060801Z","level":"info","event":"[CLEAN DONE] rows=500 | null_speed_band=0 | null_minimum_speed=0 | null_maximum_speed=0","logger":"lta_common","filename":"lta_common.py","lineno":238}
{"timestamp":"2026-04-15T14:01:25.062349Z","level":"info","event":"STEP 5: built cleaned snapshot dataframe rows=500","logger":"2_refresh_traffic_speed","filename":"2_refresh_traffic_speed.py","lineno":44}
{"timestamp":"2026-04-15T14:01:25.062962Z","level":"info","event":"[LATEST PREP] rows=500 | missing_measurement_rows=0","logger":"lta_common","filename":"lta_common.py","lineno":271}
{"timestamp":"2026-04-15T14:01:25.063346Z","level":"info","event":"[UPSERT START] upserting 500 rows into traffic_speed_latest","logger":"lta_common","filename":"lta_common.py","lineno":348}
{"timestamp":"2026-04-15T14:01:25.063818Z","level":"info","event":"[UPSERT DEBUG] max_link_id=62062 | min_link_id=61504 | max_speed_band=6 | min_speed_band=1 | max_minimum_speed=50 | min_minimum_speed=0 | max_maximum_speed=59 | min_maximum_speed=9","logger":"lta_common","filename":"lta_common.py","lineno":350}
{"timestamp":"2026-04-15T14:01:25.371598Z","level":"info","event":"[UPSERT DONE] upserted=500 rows into traffic_speed_latest","logger":"lta_common","filename":"lta_common.py","lineno":388}
{"timestamp":"2026-04-15T14:01:25.372129Z","level":"info","event":"[SAVE START] inserting 500 rows into traffic_speed_recent","logger":"lta_common","filename":"lta_common.py","lineno":319}
{"timestamp":"2026-04-15T14:01:25.683497Z","level":"info","event":"[SAVE DONE] inserted=500 rows into traffic_speed_recent","logger":"lta_common","filename":"lta_common.py","lineno":337}
{"timestamp":"2026-04-15T14:01:25.683616Z","level":"info","event":"STEP 6: page saved skip=42000 | pages=85 | latest_rows=42500 | recent_rows=42500","logger":"2_refresh_traffic_speed","filename":"2_refresh_traffic_speed.py","lineno":56}
{"timestamp":"2026-04-15T14:01:25.683647Z","level":"info","event":"========== PAGE START ==========","logger":"lta_common","filename":"lta_common.py","lineno":53}
{"timestamp":"2026-04-15T14:01:25.683670Z","level":"info","event":"[FETCH] requesting rows 42500–42999","logger":"lta_common","filename":"lta_common.py","lineno":54}
{"timestamp":"2026-04-15T14:01:25.683700Z","level":"info","event":"Fetching page from LTA: skip=42500","logger":"lta_common","filename":"lta_common.py","lineno":36}
{"timestamp":"2026-04-15T14:01:25.909548Z","level":"info","event":"Retrieved 500 rows from LTA at skip=42500","logger":"lta_common","filename":"lta_common.py","lineno":44}
{"timestamp":"2026-04-15T14:01:25.910839Z","level":"info","event":"[FETCH DONE] retrieved=500 rows at skip=42500","logger":"lta_common","filename":"lta_common.py","lineno":59}
{"timestamp":"2026-04-15T14:01:25.910955Z","level":"info","event":"STEP 4: processing page skip=42500 rows=500","logger":"2_refresh_traffic_speed","filename":"2_refresh_traffic_speed.py","lineno":41}
{"timestamp":"2026-04-15T14:01:25.918688Z","level":"info","event":"[CLEAN DONE] rows=500 | null_speed_band=0 | null_minimum_speed=0 | null_maximum_speed=0","logger":"lta_common","filename":"lta_common.py","lineno":238}
{"timestamp":"2026-04-15T14:01:25.919934Z","level":"info","event":"STEP 5: built cleaned snapshot dataframe rows=500","logger":"2_refresh_traffic_speed","filename":"2_refresh_traffic_speed.py","lineno":44}
{"timestamp":"2026-04-15T14:01:25.920318Z","level":"info","event":"[LATEST PREP] rows=500 | missing_measurement_rows=0","logger":"lta_common","filename":"lta_common.py","lineno":271}
{"timestamp":"2026-04-15T14:01:25.920587Z","level":"info","event":"[UPSERT START] upserting 500 rows into traffic_speed_latest","logger":"lta_common","filename":"lta_common.py","lineno":348}
{"timestamp":"2026-04-15T14:01:25.920913Z","level":"info","event":"[UPSERT DEBUG] max_link_id=62781 | min_link_id=62063 | max_speed_band=6 | min_speed_band=1 | max_minimum_speed=50 | min_minimum_speed=0 | max_maximum_speed=59 | min_maximum_speed=9","logger":"lta_common","filename":"lta_common.py","lineno":350}
{"timestamp":"2026-04-15T14:01:26.219532Z","level":"info","event":"[UPSERT DONE] upserted=500 rows into traffic_speed_latest","logger":"lta_common","filename":"lta_common.py","lineno":388}
{"timestamp":"2026-04-15T14:01:26.220022Z","level":"info","event":"[SAVE START] inserting 500 rows into traffic_speed_recent","logger":"lta_common","filename":"lta_common.py","lineno":319}
{"timestamp":"2026-04-15T14:01:26.538456Z","level":"info","event":"[SAVE DONE] inserted=500 rows into traffic_speed_recent","logger":"lta_common","filename":"lta_common.py","lineno":337}
{"timestamp":"2026-04-15T14:01:26.538576Z","level":"info","event":"STEP 6: page saved skip=42500 | pages=86 | latest_rows=43000 | recent_rows=43000","logger":"2_refresh_traffic_speed","filename":"2_refresh_traffic_speed.py","lineno":56}
{"timestamp":"2026-04-15T14:01:26.538670Z","level":"info","event":"========== PAGE START ==========","logger":"lta_common","filename":"lta_common.py","lineno":53}
{"timestamp":"2026-04-15T14:01:26.538721Z","level":"info","event":"[FETCH] requesting rows 43000–43499","logger":"lta_common","filename":"lta_common.py","lineno":54}
{"timestamp":"2026-04-15T14:01:26.538760Z","level":"info","event":"Fetching page from LTA: skip=43000","logger":"lta_common","filename":"lta_common.py","lineno":36}
{"timestamp":"2026-04-15T14:01:26.780413Z","level":"info","event":"Retrieved 500 rows from LTA at skip=43000","logger":"lta_common","filename":"lta_common.py","lineno":44}
{"timestamp":"2026-04-15T14:01:26.781788Z","level":"info","event":"[FETCH DONE] retrieved=500 rows at skip=43000","logger":"lta_common","filename":"lta_common.py","lineno":59}
{"timestamp":"2026-04-15T14:01:26.782026Z","level":"info","event":"STEP 4: processing page skip=43000 rows=500","logger":"2_refresh_traffic_speed","filename":"2_refresh_traffic_speed.py","lineno":41}
{"timestamp":"2026-04-15T14:01:26.790707Z","level":"info","event":"[CLEAN DONE] rows=500 | null_speed_band=0 | null_minimum_speed=0 | null_maximum_speed=0","logger":"lta_common","filename":"lta_common.py","lineno":238}
{"timestamp":"2026-04-15T14:01:26.791597Z","level":"info","event":"STEP 5: built cleaned snapshot dataframe rows=500","logger":"2_refresh_traffic_speed","filename":"2_refresh_traffic_speed.py","lineno":44}
{"timestamp":"2026-04-15T14:01:26.791938Z","level":"info","event":"[LATEST PREP] rows=500 | missing_measurement_rows=0","logger":"lta_common","filename":"lta_common.py","lineno":271}
{"timestamp":"2026-04-15T14:01:26.792183Z","level":"info","event":"[UPSERT START] upserting 500 rows into traffic_speed_latest","logger":"lta_common","filename":"lta_common.py","lineno":348}
{"timestamp":"2026-04-15T14:01:26.792500Z","level":"info","event":"[UPSERT DEBUG] max_link_id=63424 | min_link_id=62782 | max_speed_band=6 | min_speed_band=1 | max_minimum_speed=50 | min_minimum_speed=0 | max_maximum_speed=59 | min_maximum_speed=9","logger":"lta_common","filename":"lta_common.py","lineno":350}
{"timestamp":"2026-04-15T14:01:27.095506Z","level":"info","event":"[UPSERT DONE] upserted=500 rows into traffic_speed_latest","logger":"lta_common","filename":"lta_common.py","lineno":388}
{"timestamp":"2026-04-15T14:01:27.096466Z","level":"info","event":"[SAVE START] inserting 500 rows into traffic_speed_recent","logger":"lta_common","filename":"lta_common.py","lineno":319}
{"timestamp":"2026-04-15T14:01:27.412973Z","level":"info","event":"[SAVE DONE] inserted=500 rows into traffic_speed_recent","logger":"lta_common","filename":"lta_common.py","lineno":337}
{"timestamp":"2026-04-15T14:01:27.413252Z","level":"info","event":"STEP 6: page saved skip=43000 | pages=87 | latest_rows=43500 | recent_rows=43500","logger":"2_refresh_traffic_speed","filename":"2_refresh_traffic_speed.py","lineno":56}
{"timestamp":"2026-04-15T14:01:27.413324Z","level":"info","event":"========== PAGE START ==========","logger":"lta_common","filename":"lta_common.py","lineno":53}
{"timestamp":"2026-04-15T14:01:27.413374Z","level":"info","event":"[FETCH] requesting rows 43500–43999","logger":"lta_common","filename":"lta_common.py","lineno":54}
{"timestamp":"2026-04-15T14:01:27.413902Z","level":"info","event":"Fetching page from LTA: skip=43500","logger":"lta_common","filename":"lta_common.py","lineno":36}
{"timestamp":"2026-04-15T14:01:28.115954Z","level":"info","event":"Retrieved 500 rows from LTA at skip=43500","logger":"lta_common","filename":"lta_common.py","lineno":44}
{"timestamp":"2026-04-15T14:01:28.117104Z","level":"info","event":"[FETCH DONE] retrieved=500 rows at skip=43500","logger":"lta_common","filename":"lta_common.py","lineno":59}
{"timestamp":"2026-04-15T14:01:28.117319Z","level":"info","event":"STEP 4: processing page skip=43500 rows=500","logger":"2_refresh_traffic_speed","filename":"2_refresh_traffic_speed.py","lineno":41}
{"timestamp":"2026-04-15T14:01:28.125338Z","level":"info","event":"[CLEAN DONE] rows=500 | null_speed_band=0 | null_minimum_speed=0 | null_maximum_speed=0","logger":"lta_common","filename":"lta_common.py","lineno":238}
{"timestamp":"2026-04-15T14:01:28.126164Z","level":"info","event":"STEP 5: built cleaned snapshot dataframe rows=500","logger":"2_refresh_traffic_speed","filename":"2_refresh_traffic_speed.py","lineno":44}
{"timestamp":"2026-04-15T14:01:28.126515Z","level":"info","event":"[LATEST PREP] rows=500 | missing_measurement_rows=0","logger":"lta_common","filename":"lta_common.py","lineno":271}
{"timestamp":"2026-04-15T14:01:28.126813Z","level":"info","event":"[UPSERT START] upserting 500 rows into traffic_speed_latest","logger":"lta_common","filename":"lta_common.py","lineno":348}
{"timestamp":"2026-04-15T14:01:28.127112Z","level":"info","event":"[UPSERT DEBUG] max_link_id=63997 | min_link_id=63425 | max_speed_band=7 | min_speed_band=1 | max_minimum_speed=60 | min_minimum_speed=0 | max_maximum_speed=69 | min_maximum_speed=9","logger":"lta_common","filename":"lta_common.py","lineno":350}
{"timestamp":"2026-04-15T14:01:28.443416Z","level":"info","event":"[UPSERT DONE] upserted=500 rows into traffic_speed_latest","logger":"lta_common","filename":"lta_common.py","lineno":388}
{"timestamp":"2026-04-15T14:01:28.443820Z","level":"info","event":"[SAVE START] inserting 500 rows into traffic_speed_recent","logger":"lta_common","filename":"lta_common.py","lineno":319}
{"timestamp":"2026-04-15T14:01:29.043812Z","level":"info","event":"[SAVE DONE] inserted=500 rows into traffic_speed_recent","logger":"lta_common","filename":"lta_common.py","lineno":337}
{"timestamp":"2026-04-15T14:01:29.044476Z","level":"info","event":"STEP 6: page saved skip=43500 | pages=88 | latest_rows=44000 | recent_rows=44000","logger":"2_refresh_traffic_speed","filename":"2_refresh_traffic_speed.py","lineno":56}
{"timestamp":"2026-04-15T14:01:29.044713Z","level":"info","event":"========== PAGE START ==========","logger":"lta_common","filename":"lta_common.py","lineno":53}
{"timestamp":"2026-04-15T14:01:29.044852Z","level":"info","event":"[FETCH] requesting rows 44000–44499","logger":"lta_common","filename":"lta_common.py","lineno":54}
{"timestamp":"2026-04-15T14:01:29.044975Z","level":"info","event":"Fetching page from LTA: skip=44000","logger":"lta_common","filename":"lta_common.py","lineno":36}
{"timestamp":"2026-04-15T14:01:29.346838Z","level":"info","event":"Retrieved 500 rows from LTA at skip=44000","logger":"lta_common","filename":"lta_common.py","lineno":44}
{"timestamp":"2026-04-15T14:01:29.349266Z","level":"info","event":"[FETCH DONE] retrieved=500 rows at skip=44000","logger":"lta_common","filename":"lta_common.py","lineno":59}
{"timestamp":"2026-04-15T14:01:29.349511Z","level":"info","event":"STEP 4: processing page skip=44000 rows=500","logger":"2_refresh_traffic_speed","filename":"2_refresh_traffic_speed.py","lineno":41}
{"timestamp":"2026-04-15T14:01:29.358002Z","level":"warning","event":"[SANITIZE] link_id=64167 field=maximum_speed suspicious sentinel value=999 -> NULL","logger":"lta_common","filename":"lta_common.py","lineno":143}
{"timestamp":"2026-04-15T14:01:29.359835Z","level":"info","event":"[CLEAN DONE] rows=500 | null_speed_band=0 | null_minimum_speed=0 | null_maximum_speed=1","logger":"lta_common","filename":"lta_common.py","lineno":238}
{"timestamp":"2026-04-15T14:01:29.360963Z","level":"info","event":"STEP 5: built cleaned snapshot dataframe rows=500","logger":"2_refresh_traffic_speed","filename":"2_refresh_traffic_speed.py","lineno":44}
{"timestamp":"2026-04-15T14:01:29.361519Z","level":"info","event":"[LATEST PREP] rows=500 | missing_measurement_rows=0","logger":"lta_common","filename":"lta_common.py","lineno":271}
{"timestamp":"2026-04-15T14:01:29.361897Z","level":"info","event":"[UPSERT START] upserting 500 rows into traffic_speed_latest","logger":"lta_common","filename":"lta_common.py","lineno":348}
{"timestamp":"2026-04-15T14:01:29.362284Z","level":"info","event":"[UPSERT DEBUG] max_link_id=64569 | min_link_id=63998 | max_speed_band=8 | min_speed_band=1 | max_minimum_speed=70 | min_minimum_speed=0 | max_maximum_speed=69.0 | min_maximum_speed=9.0","logger":"lta_common","filename":"lta_common.py","lineno":350}
{"timestamp":"2026-04-15T14:01:29.860519Z","level":"info","event":"[UPSERT DONE] upserted=500 rows into traffic_speed_latest","logger":"lta_common","filename":"lta_common.py","lineno":388}
{"timestamp":"2026-04-15T14:01:29.864901Z","level":"info","event":"[SAVE START] inserting 500 rows into traffic_speed_recent","logger":"lta_common","filename":"lta_common.py","lineno":319}
{"timestamp":"2026-04-15T14:01:30.311601Z","level":"info","event":"[SAVE DONE] inserted=500 rows into traffic_speed_recent","logger":"lta_common","filename":"lta_common.py","lineno":337}
{"timestamp":"2026-04-15T14:01:30.311709Z","level":"info","event":"STEP 6: page saved skip=44000 | pages=89 | latest_rows=44500 | recent_rows=44500","logger":"2_refresh_traffic_speed","filename":"2_refresh_traffic_speed.py","lineno":56}
{"timestamp":"2026-04-15T14:01:30.311747Z","level":"info","event":"========== PAGE START ==========","logger":"lta_common","filename":"lta_common.py","lineno":53}
{"timestamp":"2026-04-15T14:01:30.311783Z","level":"info","event":"[FETCH] requesting rows 44500–44999","logger":"lta_common","filename":"lta_common.py","lineno":54}
{"timestamp":"2026-04-15T14:01:30.311821Z","level":"info","event":"Fetching page from LTA: skip=44500","logger":"lta_common","filename":"lta_common.py","lineno":36}
{"timestamp":"2026-04-15T14:01:31.284026Z","level":"info","event":"Retrieved 500 rows from LTA at skip=44500","logger":"lta_common","filename":"lta_common.py","lineno":44}
{"timestamp":"2026-04-15T14:01:31.285224Z","level":"info","event":"[FETCH DONE] retrieved=500 rows at skip=44500","logger":"lta_common","filename":"lta_common.py","lineno":59}
{"timestamp":"2026-04-15T14:01:31.285450Z","level":"info","event":"STEP 4: processing page skip=44500 rows=500","logger":"2_refresh_traffic_speed","filename":"2_refresh_traffic_speed.py","lineno":41}
{"timestamp":"2026-04-15T14:01:31.293101Z","level":"info","event":"[CLEAN DONE] rows=500 | null_speed_band=0 | null_minimum_speed=0 | null_maximum_speed=0","logger":"lta_common","filename":"lta_common.py","lineno":238}
{"timestamp":"2026-04-15T14:01:31.293911Z","level":"info","event":"STEP 5: built cleaned snapshot dataframe rows=500","logger":"2_refresh_traffic_speed","filename":"2_refresh_traffic_speed.py","lineno":44}
{"timestamp":"2026-04-15T14:01:31.294235Z","level":"info","event":"[LATEST PREP] rows=500 | missing_measurement_rows=0","logger":"lta_common","filename":"lta_common.py","lineno":271}
{"timestamp":"2026-04-15T14:01:31.294465Z","level":"info","event":"[UPSERT START] upserting 500 rows into traffic_speed_latest","logger":"lta_common","filename":"lta_common.py","lineno":348}
{"timestamp":"2026-04-15T14:01:31.294751Z","level":"info","event":"[UPSERT DEBUG] max_link_id=65115 | min_link_id=64573 | max_speed_band=7 | min_speed_band=1 | max_minimum_speed=60 | min_minimum_speed=0 | max_maximum_speed=69 | min_maximum_speed=9","logger":"lta_common","filename":"lta_common.py","lineno":350}
{"timestamp":"2026-04-15T14:01:31.689778Z","level":"info","event":"[UPSERT DONE] upserted=500 rows into traffic_speed_latest","logger":"lta_common","filename":"lta_common.py","lineno":388}
{"timestamp":"2026-04-15T14:01:31.690579Z","level":"info","event":"[SAVE START] inserting 500 rows into traffic_speed_recent","logger":"lta_common","filename":"lta_common.py","lineno":319}
{"timestamp":"2026-04-15T14:01:32.102887Z","level":"info","event":"[SAVE DONE] inserted=500 rows into traffic_speed_recent","logger":"lta_common","filename":"lta_common.py","lineno":337}
{"timestamp":"2026-04-15T14:01:32.103443Z","level":"info","event":"STEP 6: page saved skip=44500 | pages=90 | latest_rows=45000 | recent_rows=45000","logger":"2_refresh_traffic_speed","filename":"2_refresh_traffic_speed.py","lineno":56}
{"timestamp":"2026-04-15T14:01:32.103589Z","level":"info","event":"========== PAGE START ==========","logger":"lta_common","filename":"lta_common.py","lineno":53}
{"timestamp":"2026-04-15T14:01:32.103671Z","level":"info","event":"[FETCH] requesting rows 45000–45499","logger":"lta_common","filename":"lta_common.py","lineno":54}
{"timestamp":"2026-04-15T14:01:32.103775Z","level":"info","event":"Fetching page from LTA: skip=45000","logger":"lta_common","filename":"lta_common.py","lineno":36}
{"timestamp":"2026-04-15T14:01:32.362071Z","level":"info","event":"Retrieved 500 rows from LTA at skip=45000","logger":"lta_common","filename":"lta_common.py","lineno":44}
{"timestamp":"2026-04-15T14:01:32.365157Z","level":"info","event":"[FETCH DONE] retrieved=500 rows at skip=45000","logger":"lta_common","filename":"lta_common.py","lineno":59}
{"timestamp":"2026-04-15T14:01:32.365678Z","level":"info","event":"STEP 4: processing page skip=45000 rows=500","logger":"2_refresh_traffic_speed","filename":"2_refresh_traffic_speed.py","lineno":41}
{"timestamp":"2026-04-15T14:01:32.379338Z","level":"warning","event":"[SANITIZE] link_id=65555 field=maximum_speed suspicious sentinel value=999 -> NULL","logger":"lta_common","filename":"lta_common.py","lineno":143}
{"timestamp":"2026-04-15T14:01:32.380546Z","level":"info","event":"[CLEAN DONE] rows=500 | null_speed_band=0 | null_minimum_speed=0 | null_maximum_speed=1","logger":"lta_common","filename":"lta_common.py","lineno":238}
{"timestamp":"2026-04-15T14:01:32.381912Z","level":"info","event":"STEP 5: built cleaned snapshot dataframe rows=500","logger":"2_refresh_traffic_speed","filename":"2_refresh_traffic_speed.py","lineno":44}
{"timestamp":"2026-04-15T14:01:32.382454Z","level":"info","event":"[LATEST PREP] rows=500 | missing_measurement_rows=0","logger":"lta_common","filename":"lta_common.py","lineno":271}
{"timestamp":"2026-04-15T14:01:32.382851Z","level":"info","event":"[UPSERT START] upserting 500 rows into traffic_speed_latest","logger":"lta_common","filename":"lta_common.py","lineno":348}
{"timestamp":"2026-04-15T14:01:32.383355Z","level":"info","event":"[UPSERT DEBUG] max_link_id=65676 | min_link_id=65116 | max_speed_band=8 | min_speed_band=1 | max_minimum_speed=70 | min_minimum_speed=0 | max_maximum_speed=69.0 | min_maximum_speed=9.0","logger":"lta_common","filename":"lta_common.py","lineno":350}
{"timestamp":"2026-04-15T14:01:32.797586Z","level":"info","event":"[UPSERT DONE] upserted=500 rows into traffic_speed_latest","logger":"lta_common","filename":"lta_common.py","lineno":388}
{"timestamp":"2026-04-15T14:01:32.799207Z","level":"info","event":"[SAVE START] inserting 500 rows into traffic_speed_recent","logger":"lta_common","filename":"lta_common.py","lineno":319}
{"timestamp":"2026-04-15T14:01:33.222877Z","level":"info","event":"[SAVE DONE] inserted=500 rows into traffic_speed_recent","logger":"lta_common","filename":"lta_common.py","lineno":337}
{"timestamp":"2026-04-15T14:01:33.223550Z","level":"info","event":"STEP 6: page saved skip=45000 | pages=91 | latest_rows=45500 | recent_rows=45500","logger":"2_refresh_traffic_speed","filename":"2_refresh_traffic_speed.py","lineno":56}
{"timestamp":"2026-04-15T14:01:33.223751Z","level":"info","event":"========== PAGE START ==========","logger":"lta_common","filename":"lta_common.py","lineno":53}
{"timestamp":"2026-04-15T14:01:33.223883Z","level":"info","event":"[FETCH] requesting rows 45500–45999","logger":"lta_common","filename":"lta_common.py","lineno":54}
{"timestamp":"2026-04-15T14:01:33.224041Z","level":"info","event":"Fetching page from LTA: skip=45500","logger":"lta_common","filename":"lta_common.py","lineno":36}
{"timestamp":"2026-04-15T14:01:33.507668Z","level":"info","event":"Retrieved 500 rows from LTA at skip=45500","logger":"lta_common","filename":"lta_common.py","lineno":44}
{"timestamp":"2026-04-15T14:01:33.509861Z","level":"info","event":"[FETCH DONE] retrieved=500 rows at skip=45500","logger":"lta_common","filename":"lta_common.py","lineno":59}
{"timestamp":"2026-04-15T14:01:33.510316Z","level":"info","event":"STEP 4: processing page skip=45500 rows=500","logger":"2_refresh_traffic_speed","filename":"2_refresh_traffic_speed.py","lineno":41}
{"timestamp":"2026-04-15T14:01:33.519492Z","level":"warning","event":"[SANITIZE] link_id=65966 field=maximum_speed suspicious sentinel value=999 -> NULL","logger":"lta_common","filename":"lta_common.py","lineno":143}
{"timestamp":"2026-04-15T14:01:33.519574Z","level":"warning","event":"[SANITIZE] link_id=65967 field=maximum_speed suspicious sentinel value=999 -> NULL","logger":"lta_common","filename":"lta_common.py","lineno":143}
{"timestamp":"2026-04-15T14:01:33.520634Z","level":"info","event":"[CLEAN DONE] rows=500 | null_speed_band=0 | null_minimum_speed=0 | null_maximum_speed=2","logger":"lta_common","filename":"lta_common.py","lineno":238}
{"timestamp":"2026-04-15T14:01:33.521734Z","level":"info","event":"STEP 5: built cleaned snapshot dataframe rows=500","logger":"2_refresh_traffic_speed","filename":"2_refresh_traffic_speed.py","lineno":44}
{"timestamp":"2026-04-15T14:01:33.522140Z","level":"info","event":"[LATEST PREP] rows=500 | missing_measurement_rows=0","logger":"lta_common","filename":"lta_common.py","lineno":271}
{"timestamp":"2026-04-15T14:01:33.522409Z","level":"info","event":"[UPSERT START] upserting 500 rows into traffic_speed_latest","logger":"lta_common","filename":"lta_common.py","lineno":348}
{"timestamp":"2026-04-15T14:01:33.522718Z","level":"info","event":"[UPSERT DEBUG] max_link_id=66256 | min_link_id=65677 | max_speed_band=8 | min_speed_band=1 | max_minimum_speed=70 | min_minimum_speed=0 | max_maximum_speed=69.0 | min_maximum_speed=9.0","logger":"lta_common","filename":"lta_common.py","lineno":350}
{"timestamp":"2026-04-15T14:01:33.922671Z","level":"info","event":"[UPSERT DONE] upserted=500 rows into traffic_speed_latest","logger":"lta_common","filename":"lta_common.py","lineno":388}
{"timestamp":"2026-04-15T14:01:33.923315Z","level":"info","event":"[SAVE START] inserting 500 rows into traffic_speed_recent","logger":"lta_common","filename":"lta_common.py","lineno":319}
{"timestamp":"2026-04-15T14:01:34.227302Z","level":"info","event":"[SAVE DONE] inserted=500 rows into traffic_speed_recent","logger":"lta_common","filename":"lta_common.py","lineno":337}
{"timestamp":"2026-04-15T14:01:34.227425Z","level":"info","event":"STEP 6: page saved skip=45500 | pages=92 | latest_rows=46000 | recent_rows=46000","logger":"2_refresh_traffic_speed","filename":"2_refresh_traffic_speed.py","lineno":56}
{"timestamp":"2026-04-15T14:01:34.227464Z","level":"info","event":"========== PAGE START ==========","logger":"lta_common","filename":"lta_common.py","lineno":53}
{"timestamp":"2026-04-15T14:01:34.227491Z","level":"info","event":"[FETCH] requesting rows 46000–46499","logger":"lta_common","filename":"lta_common.py","lineno":54}
{"timestamp":"2026-04-15T14:01:34.227522Z","level":"info","event":"Fetching page from LTA: skip=46000","logger":"lta_common","filename":"lta_common.py","lineno":36}
{"timestamp":"2026-04-15T14:01:34.541805Z","level":"info","event":"Retrieved 500 rows from LTA at skip=46000","logger":"lta_common","filename":"lta_common.py","lineno":44}
{"timestamp":"2026-04-15T14:01:34.543135Z","level":"info","event":"[FETCH DONE] retrieved=500 rows at skip=46000","logger":"lta_common","filename":"lta_common.py","lineno":59}
{"timestamp":"2026-04-15T14:01:34.543265Z","level":"info","event":"STEP 4: processing page skip=46000 rows=500","logger":"2_refresh_traffic_speed","filename":"2_refresh_traffic_speed.py","lineno":41}
{"timestamp":"2026-04-15T14:01:34.551846Z","level":"info","event":"[CLEAN DONE] rows=500 | null_speed_band=0 | null_minimum_speed=0 | null_maximum_speed=0","logger":"lta_common","filename":"lta_common.py","lineno":238}
{"timestamp":"2026-04-15T14:01:34.552875Z","level":"info","event":"STEP 5: built cleaned snapshot dataframe rows=500","logger":"2_refresh_traffic_speed","filename":"2_refresh_traffic_speed.py","lineno":44}
{"timestamp":"2026-04-15T14:01:34.553248Z","level":"info","event":"[LATEST PREP] rows=500 | missing_measurement_rows=0","logger":"lta_common","filename":"lta_common.py","lineno":271}
{"timestamp":"2026-04-15T14:01:34.553506Z","level":"info","event":"[UPSERT START] upserting 500 rows into traffic_speed_latest","logger":"lta_common","filename":"lta_common.py","lineno":348}
{"timestamp":"2026-04-15T14:01:34.553848Z","level":"info","event":"[UPSERT DEBUG] max_link_id=66844 | min_link_id=66257 | max_speed_band=7 | min_speed_band=1 | max_minimum_speed=60 | min_minimum_speed=0 | max_maximum_speed=69 | min_maximum_speed=9","logger":"lta_common","filename":"lta_common.py","lineno":350}
{"timestamp":"2026-04-15T14:01:34.868345Z","level":"info","event":"[UPSERT DONE] upserted=500 rows into traffic_speed_latest","logger":"lta_common","filename":"lta_common.py","lineno":388}
{"timestamp":"2026-04-15T14:01:34.868761Z","level":"info","event":"[SAVE START] inserting 500 rows into traffic_speed_recent","logger":"lta_common","filename":"lta_common.py","lineno":319}
{"timestamp":"2026-04-15T14:01:35.191492Z","level":"info","event":"[SAVE DONE] inserted=500 rows into traffic_speed_recent","logger":"lta_common","filename":"lta_common.py","lineno":337}
{"timestamp":"2026-04-15T14:01:35.191598Z","level":"info","event":"STEP 6: page saved skip=46000 | pages=93 | latest_rows=46500 | recent_rows=46500","logger":"2_refresh_traffic_speed","filename":"2_refresh_traffic_speed.py","lineno":56}
{"timestamp":"2026-04-15T14:01:35.191629Z","level":"info","event":"========== PAGE START ==========","logger":"lta_common","filename":"lta_common.py","lineno":53}
{"timestamp":"2026-04-15T14:01:35.191651Z","level":"info","event":"[FETCH] requesting rows 46500–46999","logger":"lta_common","filename":"lta_common.py","lineno":54}
{"timestamp":"2026-04-15T14:01:35.191678Z","level":"info","event":"Fetching page from LTA: skip=46500","logger":"lta_common","filename":"lta_common.py","lineno":36}
{"timestamp":"2026-04-15T14:01:35.474707Z","level":"info","event":"Retrieved 500 rows from LTA at skip=46500","logger":"lta_common","filename":"lta_common.py","lineno":44}
{"timestamp":"2026-04-15T14:01:35.475892Z","level":"info","event":"[FETCH DONE] retrieved=500 rows at skip=46500","logger":"lta_common","filename":"lta_common.py","lineno":59}
{"timestamp":"2026-04-15T14:01:35.475989Z","level":"info","event":"STEP 4: processing page skip=46500 rows=500","logger":"2_refresh_traffic_speed","filename":"2_refresh_traffic_speed.py","lineno":41}
{"timestamp":"2026-04-15T14:01:35.483337Z","level":"info","event":"[CLEAN DONE] rows=500 | null_speed_band=0 | null_minimum_speed=0 | null_maximum_speed=0","logger":"lta_common","filename":"lta_common.py","lineno":238}
{"timestamp":"2026-04-15T14:01:35.484077Z","level":"info","event":"STEP 5: built cleaned snapshot dataframe rows=500","logger":"2_refresh_traffic_speed","filename":"2_refresh_traffic_speed.py","lineno":44}
{"timestamp":"2026-04-15T14:01:35.484380Z","level":"info","event":"[LATEST PREP] rows=500 | missing_measurement_rows=0","logger":"lta_common","filename":"lta_common.py","lineno":271}
{"timestamp":"2026-04-15T14:01:35.484628Z","level":"info","event":"[UPSERT START] upserting 500 rows into traffic_speed_latest","logger":"lta_common","filename":"lta_common.py","lineno":348}
{"timestamp":"2026-04-15T14:01:35.484905Z","level":"info","event":"[UPSERT DEBUG] max_link_id=67377 | min_link_id=66845 | max_speed_band=6 | min_speed_band=1 | max_minimum_speed=50 | min_minimum_speed=0 | max_maximum_speed=59 | min_maximum_speed=9","logger":"lta_common","filename":"lta_common.py","lineno":350}
{"timestamp":"2026-04-15T14:01:35.795702Z","level":"info","event":"[UPSERT DONE] upserted=500 rows into traffic_speed_latest","logger":"lta_common","filename":"lta_common.py","lineno":388}
{"timestamp":"2026-04-15T14:01:35.796867Z","level":"info","event":"[SAVE START] inserting 500 rows into traffic_speed_recent","logger":"lta_common","filename":"lta_common.py","lineno":319}
{"timestamp":"2026-04-15T14:01:36.119580Z","level":"info","event":"[SAVE DONE] inserted=500 rows into traffic_speed_recent","logger":"lta_common","filename":"lta_common.py","lineno":337}
{"timestamp":"2026-04-15T14:01:36.119770Z","level":"info","event":"STEP 6: page saved skip=46500 | pages=94 | latest_rows=47000 | recent_rows=47000","logger":"2_refresh_traffic_speed","filename":"2_refresh_traffic_speed.py","lineno":56}
{"timestamp":"2026-04-15T14:01:36.119846Z","level":"info","event":"========== PAGE START ==========","logger":"lta_common","filename":"lta_common.py","lineno":53}
{"timestamp":"2026-04-15T14:01:36.119885Z","level":"info","event":"[FETCH] requesting rows 47000–47499","logger":"lta_common","filename":"lta_common.py","lineno":54}
{"timestamp":"2026-04-15T14:01:36.119958Z","level":"info","event":"Fetching page from LTA: skip=47000","logger":"lta_common","filename":"lta_common.py","lineno":36}
{"timestamp":"2026-04-15T14:01:36.376498Z","level":"info","event":"Retrieved 500 rows from LTA at skip=47000","logger":"lta_common","filename":"lta_common.py","lineno":44}
{"timestamp":"2026-04-15T14:01:36.379470Z","level":"info","event":"[FETCH DONE] retrieved=500 rows at skip=47000","logger":"lta_common","filename":"lta_common.py","lineno":59}
{"timestamp":"2026-04-15T14:01:36.379761Z","level":"info","event":"STEP 4: processing page skip=47000 rows=500","logger":"2_refresh_traffic_speed","filename":"2_refresh_traffic_speed.py","lineno":41}
{"timestamp":"2026-04-15T14:01:36.393078Z","level":"info","event":"[CLEAN DONE] rows=500 | null_speed_band=0 | null_minimum_speed=0 | null_maximum_speed=0","logger":"lta_common","filename":"lta_common.py","lineno":238}
{"timestamp":"2026-04-15T14:01:36.394257Z","level":"info","event":"STEP 5: built cleaned snapshot dataframe rows=500","logger":"2_refresh_traffic_speed","filename":"2_refresh_traffic_speed.py","lineno":44}
{"timestamp":"2026-04-15T14:01:36.394731Z","level":"info","event":"[LATEST PREP] rows=500 | missing_measurement_rows=0","logger":"lta_common","filename":"lta_common.py","lineno":271}
{"timestamp":"2026-04-15T14:01:36.395044Z","level":"info","event":"[UPSERT START] upserting 500 rows into traffic_speed_latest","logger":"lta_common","filename":"lta_common.py","lineno":348}
{"timestamp":"2026-04-15T14:01:36.395465Z","level":"info","event":"[UPSERT DEBUG] max_link_id=67928 | min_link_id=67378 | max_speed_band=7 | min_speed_band=1 | max_minimum_speed=60 | min_minimum_speed=0 | max_maximum_speed=69 | min_maximum_speed=9","logger":"lta_common","filename":"lta_common.py","lineno":350}
{"timestamp":"2026-04-15T14:01:36.723877Z","level":"info","event":"[UPSERT DONE] upserted=500 rows into traffic_speed_latest","logger":"lta_common","filename":"lta_common.py","lineno":388}
{"timestamp":"2026-04-15T14:01:36.725735Z","level":"info","event":"[SAVE START] inserting 500 rows into traffic_speed_recent","logger":"lta_common","filename":"lta_common.py","lineno":319}
{"timestamp":"2026-04-15T14:01:37.055797Z","level":"info","event":"[SAVE DONE] inserted=500 rows into traffic_speed_recent","logger":"lta_common","filename":"lta_common.py","lineno":337}
{"timestamp":"2026-04-15T14:01:37.056300Z","level":"info","event":"STEP 6: page saved skip=47000 | pages=95 | latest_rows=47500 | recent_rows=47500","logger":"2_refresh_traffic_speed","filename":"2_refresh_traffic_speed.py","lineno":56}
{"timestamp":"2026-04-15T14:01:37.056494Z","level":"info","event":"========== PAGE START ==========","logger":"lta_common","filename":"lta_common.py","lineno":53}
{"timestamp":"2026-04-15T14:01:37.056611Z","level":"info","event":"[FETCH] requesting rows 47500–47999","logger":"lta_common","filename":"lta_common.py","lineno":54}
{"timestamp":"2026-04-15T14:01:37.056714Z","level":"info","event":"Fetching page from LTA: skip=47500","logger":"lta_common","filename":"lta_common.py","lineno":36}
{"timestamp":"2026-04-15T14:01:37.386696Z","level":"info","event":"Retrieved 500 rows from LTA at skip=47500","logger":"lta_common","filename":"lta_common.py","lineno":44}
{"timestamp":"2026-04-15T14:01:37.389605Z","level":"info","event":"[FETCH DONE] retrieved=500 rows at skip=47500","logger":"lta_common","filename":"lta_common.py","lineno":59}
{"timestamp":"2026-04-15T14:01:37.389962Z","level":"info","event":"STEP 4: processing page skip=47500 rows=500","logger":"2_refresh_traffic_speed","filename":"2_refresh_traffic_speed.py","lineno":41}
{"timestamp":"2026-04-15T14:01:37.401552Z","level":"info","event":"[CLEAN DONE] rows=500 | null_speed_band=0 | null_minimum_speed=0 | null_maximum_speed=0","logger":"lta_common","filename":"lta_common.py","lineno":238}
{"timestamp":"2026-04-15T14:01:37.402648Z","level":"info","event":"STEP 5: built cleaned snapshot dataframe rows=500","logger":"2_refresh_traffic_speed","filename":"2_refresh_traffic_speed.py","lineno":44}
{"timestamp":"2026-04-15T14:01:37.403121Z","level":"info","event":"[LATEST PREP] rows=500 | missing_measurement_rows=0","logger":"lta_common","filename":"lta_common.py","lineno":271}
{"timestamp":"2026-04-15T14:01:37.403526Z","level":"info","event":"[UPSERT START] upserting 500 rows into traffic_speed_latest","logger":"lta_common","filename":"lta_common.py","lineno":348}
{"timestamp":"2026-04-15T14:01:37.403958Z","level":"info","event":"[UPSERT DEBUG] max_link_id=68729 | min_link_id=67929 | max_speed_band=6 | min_speed_band=1 | max_minimum_speed=50 | min_minimum_speed=0 | max_maximum_speed=59 | min_maximum_speed=9","logger":"lta_common","filename":"lta_common.py","lineno":350}
{"timestamp":"2026-04-15T14:01:37.733065Z","level":"info","event":"[UPSERT DONE] upserted=500 rows into traffic_speed_latest","logger":"lta_common","filename":"lta_common.py","lineno":388}
{"timestamp":"2026-04-15T14:01:37.734101Z","level":"info","event":"[SAVE START] inserting 500 rows into traffic_speed_recent","logger":"lta_common","filename":"lta_common.py","lineno":319}
{"timestamp":"2026-04-15T14:01:38.071233Z","level":"info","event":"[SAVE DONE] inserted=500 rows into traffic_speed_recent","logger":"lta_common","filename":"lta_common.py","lineno":337}
{"timestamp":"2026-04-15T14:01:38.071973Z","level":"info","event":"STEP 6: page saved skip=47500 | pages=96 | latest_rows=48000 | recent_rows=48000","logger":"2_refresh_traffic_speed","filename":"2_refresh_traffic_speed.py","lineno":56}
{"timestamp":"2026-04-15T14:01:38.072101Z","level":"info","event":"========== PAGE START ==========","logger":"lta_common","filename":"lta_common.py","lineno":53}
{"timestamp":"2026-04-15T14:01:38.072192Z","level":"info","event":"[FETCH] requesting rows 48000–48499","logger":"lta_common","filename":"lta_common.py","lineno":54}
{"timestamp":"2026-04-15T14:01:38.072382Z","level":"info","event":"Fetching page from LTA: skip=48000","logger":"lta_common","filename":"lta_common.py","lineno":36}
{"timestamp":"2026-04-15T14:01:38.343317Z","level":"info","event":"Retrieved 500 rows from LTA at skip=48000","logger":"lta_common","filename":"lta_common.py","lineno":44}
{"timestamp":"2026-04-15T14:01:38.347256Z","level":"info","event":"[FETCH DONE] retrieved=500 rows at skip=48000","logger":"lta_common","filename":"lta_common.py","lineno":59}
{"timestamp":"2026-04-15T14:01:38.347577Z","level":"info","event":"STEP 4: processing page skip=48000 rows=500","logger":"2_refresh_traffic_speed","filename":"2_refresh_traffic_speed.py","lineno":41}
{"timestamp":"2026-04-15T14:01:38.362770Z","level":"info","event":"[CLEAN DONE] rows=500 | null_speed_band=0 | null_minimum_speed=0 | null_maximum_speed=0","logger":"lta_common","filename":"lta_common.py","lineno":238}
{"timestamp":"2026-04-15T14:01:38.364072Z","level":"info","event":"STEP 5: built cleaned snapshot dataframe rows=500","logger":"2_refresh_traffic_speed","filename":"2_refresh_traffic_speed.py","lineno":44}
{"timestamp":"2026-04-15T14:01:38.364560Z","level":"info","event":"[LATEST PREP] rows=500 | missing_measurement_rows=0","logger":"lta_common","filename":"lta_common.py","lineno":271}
{"timestamp":"2026-04-15T14:01:38.364909Z","level":"info","event":"[UPSERT START] upserting 500 rows into traffic_speed_latest","logger":"lta_common","filename":"lta_common.py","lineno":348}
{"timestamp":"2026-04-15T14:01:38.365318Z","level":"info","event":"[UPSERT DEBUG] max_link_id=69348 | min_link_id=68730 | max_speed_band=7 | min_speed_band=1 | max_minimum_speed=60 | min_minimum_speed=0 | max_maximum_speed=69 | min_maximum_speed=9","logger":"lta_common","filename":"lta_common.py","lineno":350}
{"timestamp":"2026-04-15T14:01:38.670300Z","level":"info","event":"[UPSERT DONE] upserted=500 rows into traffic_speed_latest","logger":"lta_common","filename":"lta_common.py","lineno":388}
{"timestamp":"2026-04-15T14:01:38.672112Z","level":"info","event":"[SAVE START] inserting 500 rows into traffic_speed_recent","logger":"lta_common","filename":"lta_common.py","lineno":319}
{"timestamp":"2026-04-15T14:01:39.002419Z","level":"info","event":"[SAVE DONE] inserted=500 rows into traffic_speed_recent","logger":"lta_common","filename":"lta_common.py","lineno":337}
{"timestamp":"2026-04-15T14:01:39.003219Z","level":"info","event":"STEP 6: page saved skip=48000 | pages=97 | latest_rows=48500 | recent_rows=48500","logger":"2_refresh_traffic_speed","filename":"2_refresh_traffic_speed.py","lineno":56}
{"timestamp":"2026-04-15T14:01:39.003458Z","level":"info","event":"========== PAGE START ==========","logger":"lta_common","filename":"lta_common.py","lineno":53}
{"timestamp":"2026-04-15T14:01:39.003591Z","level":"info","event":"[FETCH] requesting rows 48500–48999","logger":"lta_common","filename":"lta_common.py","lineno":54}
{"timestamp":"2026-04-15T14:01:39.003721Z","level":"info","event":"Fetching page from LTA: skip=48500","logger":"lta_common","filename":"lta_common.py","lineno":36}
{"timestamp":"2026-04-15T14:01:39.255427Z","level":"info","event":"Retrieved 500 rows from LTA at skip=48500","logger":"lta_common","filename":"lta_common.py","lineno":44}
{"timestamp":"2026-04-15T14:01:39.256752Z","level":"info","event":"[FETCH DONE] retrieved=500 rows at skip=48500","logger":"lta_common","filename":"lta_common.py","lineno":59}
{"timestamp":"2026-04-15T14:01:39.256856Z","level":"info","event":"STEP 4: processing page skip=48500 rows=500","logger":"2_refresh_traffic_speed","filename":"2_refresh_traffic_speed.py","lineno":41}
{"timestamp":"2026-04-15T14:01:39.263545Z","level":"warning","event":"[SANITIZE] link_id=69637 field=maximum_speed suspicious sentinel value=999 -> NULL","logger":"lta_common","filename":"lta_common.py","lineno":143}
{"timestamp":"2026-04-15T14:01:39.264105Z","level":"warning","event":"[SANITIZE] link_id=70908 field=maximum_speed suspicious sentinel value=999 -> NULL","logger":"lta_common","filename":"lta_common.py","lineno":143}
{"timestamp":"2026-04-15T14:01:39.264739Z","level":"info","event":"[CLEAN DONE] rows=500 | null_speed_band=0 | null_minimum_speed=0 | null_maximum_speed=2","logger":"lta_common","filename":"lta_common.py","lineno":238}
{"timestamp":"2026-04-15T14:01:39.265544Z","level":"info","event":"STEP 5: built cleaned snapshot dataframe rows=500","logger":"2_refresh_traffic_speed","filename":"2_refresh_traffic_speed.py","lineno":44}
{"timestamp":"2026-04-15T14:01:39.265843Z","level":"info","event":"[LATEST PREP] rows=500 | missing_measurement_rows=0","logger":"lta_common","filename":"lta_common.py","lineno":271}
{"timestamp":"2026-04-15T14:01:39.266071Z","level":"info","event":"[UPSERT START] upserting 500 rows into traffic_speed_latest","logger":"lta_common","filename":"lta_common.py","lineno":348}
{"timestamp":"2026-04-15T14:01:39.266342Z","level":"info","event":"[UPSERT DEBUG] max_link_id=72045 | min_link_id=69349 | max_speed_band=8 | min_speed_band=1 | max_minimum_speed=70 | min_minimum_speed=0 | max_maximum_speed=69.0 | min_maximum_speed=9.0","logger":"lta_common","filename":"lta_common.py","lineno":350}
{"timestamp":"2026-04-15T14:01:39.579551Z","level":"info","event":"[UPSERT DONE] upserted=500 rows into traffic_speed_latest","logger":"lta_common","filename":"lta_common.py","lineno":388}
{"timestamp":"2026-04-15T14:01:39.580179Z","level":"info","event":"[SAVE START] inserting 500 rows into traffic_speed_recent","logger":"lta_common","filename":"lta_common.py","lineno":319}
{"timestamp":"2026-04-15T14:01:39.893530Z","level":"info","event":"[SAVE DONE] inserted=500 rows into traffic_speed_recent","logger":"lta_common","filename":"lta_common.py","lineno":337}
{"timestamp":"2026-04-15T14:01:39.893640Z","level":"info","event":"STEP 6: page saved skip=48500 | pages=98 | latest_rows=49000 | recent_rows=49000","logger":"2_refresh_traffic_speed","filename":"2_refresh_traffic_speed.py","lineno":56}
{"timestamp":"2026-04-15T14:01:39.893671Z","level":"info","event":"========== PAGE START ==========","logger":"lta_common","filename":"lta_common.py","lineno":53}
{"timestamp":"2026-04-15T14:01:39.893693Z","level":"info","event":"[FETCH] requesting rows 49000–49499","logger":"lta_common","filename":"lta_common.py","lineno":54}
{"timestamp":"2026-04-15T14:01:39.893729Z","level":"info","event":"Fetching page from LTA: skip=49000","logger":"lta_common","filename":"lta_common.py","lineno":36}
{"timestamp":"2026-04-15T14:01:40.306314Z","level":"info","event":"Retrieved 500 rows from LTA at skip=49000","logger":"lta_common","filename":"lta_common.py","lineno":44}
{"timestamp":"2026-04-15T14:01:40.307579Z","level":"info","event":"[FETCH DONE] retrieved=500 rows at skip=49000","logger":"lta_common","filename":"lta_common.py","lineno":59}
{"timestamp":"2026-04-15T14:01:40.307812Z","level":"info","event":"STEP 4: processing page skip=49000 rows=500","logger":"2_refresh_traffic_speed","filename":"2_refresh_traffic_speed.py","lineno":41}
{"timestamp":"2026-04-15T14:01:40.316060Z","level":"info","event":"[CLEAN DONE] rows=500 | null_speed_band=0 | null_minimum_speed=0 | null_maximum_speed=0","logger":"lta_common","filename":"lta_common.py","lineno":238}
{"timestamp":"2026-04-15T14:01:40.316856Z","level":"info","event":"STEP 5: built cleaned snapshot dataframe rows=500","logger":"2_refresh_traffic_speed","filename":"2_refresh_traffic_speed.py","lineno":44}
{"timestamp":"2026-04-15T14:01:40.317172Z","level":"info","event":"[LATEST PREP] rows=500 | missing_measurement_rows=0","logger":"lta_common","filename":"lta_common.py","lineno":271}
{"timestamp":"2026-04-15T14:01:40.317406Z","level":"info","event":"[UPSERT START] upserting 500 rows into traffic_speed_latest","logger":"lta_common","filename":"lta_common.py","lineno":348}
{"timestamp":"2026-04-15T14:01:40.317700Z","level":"info","event":"[UPSERT DEBUG] max_link_id=72635 | min_link_id=72046 | max_speed_band=7 | min_speed_band=1 | max_minimum_speed=60 | min_minimum_speed=0 | max_maximum_speed=69 | min_maximum_speed=9","logger":"lta_common","filename":"lta_common.py","lineno":350}
{"timestamp":"2026-04-15T14:01:40.617626Z","level":"info","event":"[UPSERT DONE] upserted=500 rows into traffic_speed_latest","logger":"lta_common","filename":"lta_common.py","lineno":388}
{"timestamp":"2026-04-15T14:01:40.618143Z","level":"info","event":"[SAVE START] inserting 500 rows into traffic_speed_recent","logger":"lta_common","filename":"lta_common.py","lineno":319}
{"timestamp":"2026-04-15T14:01:40.917651Z","level":"info","event":"[SAVE DONE] inserted=500 rows into traffic_speed_recent","logger":"lta_common","filename":"lta_common.py","lineno":337}
{"timestamp":"2026-04-15T14:01:40.917793Z","level":"info","event":"STEP 6: page saved skip=49000 | pages=99 | latest_rows=49500 | recent_rows=49500","logger":"2_refresh_traffic_speed","filename":"2_refresh_traffic_speed.py","lineno":56}
{"timestamp":"2026-04-15T14:01:40.917826Z","level":"info","event":"========== PAGE START ==========","logger":"lta_common","filename":"lta_common.py","lineno":53}
{"timestamp":"2026-04-15T14:01:40.917849Z","level":"info","event":"[FETCH] requesting rows 49500–49999","logger":"lta_common","filename":"lta_common.py","lineno":54}
{"timestamp":"2026-04-15T14:01:40.917879Z","level":"info","event":"Fetching page from LTA: skip=49500","logger":"lta_common","filename":"lta_common.py","lineno":36}
{"timestamp":"2026-04-15T14:01:41.852303Z","level":"info","event":"Retrieved 500 rows from LTA at skip=49500","logger":"lta_common","filename":"lta_common.py","lineno":44}
{"timestamp":"2026-04-15T14:01:41.853798Z","level":"info","event":"[FETCH DONE] retrieved=500 rows at skip=49500","logger":"lta_common","filename":"lta_common.py","lineno":59}
{"timestamp":"2026-04-15T14:01:41.853911Z","level":"info","event":"STEP 4: processing page skip=49500 rows=500","logger":"2_refresh_traffic_speed","filename":"2_refresh_traffic_speed.py","lineno":41}
{"timestamp":"2026-04-15T14:01:41.860944Z","level":"warning","event":"[SANITIZE] link_id=73349 field=maximum_speed suspicious sentinel value=999 -> NULL","logger":"lta_common","filename":"lta_common.py","lineno":143}
{"timestamp":"2026-04-15T14:01:41.861019Z","level":"warning","event":"[SANITIZE] link_id=73350 field=maximum_speed suspicious sentinel value=999 -> NULL","logger":"lta_common","filename":"lta_common.py","lineno":143}
{"timestamp":"2026-04-15T14:01:41.861145Z","level":"warning","event":"[SANITIZE] link_id=73419 field=maximum_speed suspicious sentinel value=999 -> NULL","logger":"lta_common","filename":"lta_common.py","lineno":143}
{"timestamp":"2026-04-15T14:01:41.861547Z","level":"info","event":"[CLEAN DONE] rows=500 | null_speed_band=0 | null_minimum_speed=0 | null_maximum_speed=3","logger":"lta_common","filename":"lta_common.py","lineno":238}
{"timestamp":"2026-04-15T14:01:41.862371Z","level":"info","event":"STEP 5: built cleaned snapshot dataframe rows=500","logger":"2_refresh_traffic_speed","filename":"2_refresh_traffic_speed.py","lineno":44}
{"timestamp":"2026-04-15T14:01:41.862685Z","level":"info","event":"[LATEST PREP] rows=500 | missing_measurement_rows=0","logger":"lta_common","filename":"lta_common.py","lineno":271}
{"timestamp":"2026-04-15T14:01:41.862926Z","level":"info","event":"[UPSERT START] upserting 500 rows into traffic_speed_latest","logger":"lta_common","filename":"lta_common.py","lineno":348}
{"timestamp":"2026-04-15T14:01:41.863189Z","level":"info","event":"[UPSERT DEBUG] max_link_id=73423 | min_link_id=72636 | max_speed_band=8 | min_speed_band=1 | max_minimum_speed=70 | min_minimum_speed=0 | max_maximum_speed=69.0 | min_maximum_speed=9.0","logger":"lta_common","filename":"lta_common.py","lineno":350}
{"timestamp":"2026-04-15T14:01:42.188046Z","level":"info","event":"[UPSERT DONE] upserted=500 rows into traffic_speed_latest","logger":"lta_common","filename":"lta_common.py","lineno":388}
{"timestamp":"2026-04-15T14:01:42.190948Z","level":"info","event":"[SAVE START] inserting 500 rows into traffic_speed_recent","logger":"lta_common","filename":"lta_common.py","lineno":319}
{"timestamp":"2026-04-15T14:01:42.526167Z","level":"info","event":"[SAVE DONE] inserted=500 rows into traffic_speed_recent","logger":"lta_common","filename":"lta_common.py","lineno":337}
{"timestamp":"2026-04-15T14:01:42.526847Z","level":"info","event":"STEP 6: page saved skip=49500 | pages=100 | latest_rows=50000 | recent_rows=50000","logger":"2_refresh_traffic_speed","filename":"2_refresh_traffic_speed.py","lineno":56}
{"timestamp":"2026-04-15T14:01:42.527057Z","level":"info","event":"========== PAGE START ==========","logger":"lta_common","filename":"lta_common.py","lineno":53}
{"timestamp":"2026-04-15T14:01:42.527203Z","level":"info","event":"[FETCH] requesting rows 50000–50499","logger":"lta_common","filename":"lta_common.py","lineno":54}
{"timestamp":"2026-04-15T14:01:42.527376Z","level":"info","event":"Fetching page from LTA: skip=50000","logger":"lta_common","filename":"lta_common.py","lineno":36}
{"timestamp":"2026-04-15T14:01:42.829168Z","level":"info","event":"Retrieved 500 rows from LTA at skip=50000","logger":"lta_common","filename":"lta_common.py","lineno":44}
{"timestamp":"2026-04-15T14:01:42.838462Z","level":"info","event":"[FETCH DONE] retrieved=500 rows at skip=50000","logger":"lta_common","filename":"lta_common.py","lineno":59}
{"timestamp":"2026-04-15T14:01:42.842451Z","level":"info","event":"STEP 4: processing page skip=50000 rows=500","logger":"2_refresh_traffic_speed","filename":"2_refresh_traffic_speed.py","lineno":41}
{"timestamp":"2026-04-15T14:01:42.859540Z","level":"warning","event":"[SANITIZE] link_id=73880 field=maximum_speed suspicious sentinel value=999 -> NULL","logger":"lta_common","filename":"lta_common.py","lineno":143}
{"timestamp":"2026-04-15T14:01:42.859996Z","level":"warning","event":"[SANITIZE] link_id=73881 field=maximum_speed suspicious sentinel value=999 -> NULL","logger":"lta_common","filename":"lta_common.py","lineno":143}
{"timestamp":"2026-04-15T14:01:42.860138Z","level":"warning","event":"[SANITIZE] link_id=73882 field=maximum_speed suspicious sentinel value=999 -> NULL","logger":"lta_common","filename":"lta_common.py","lineno":143}
{"timestamp":"2026-04-15T14:01:42.860252Z","level":"warning","event":"[SANITIZE] link_id=73920 field=maximum_speed suspicious sentinel value=999 -> NULL","logger":"lta_common","filename":"lta_common.py","lineno":143}
{"timestamp":"2026-04-15T14:01:42.860306Z","level":"warning","event":"[SANITIZE] link_id=73925 field=maximum_speed suspicious sentinel value=999 -> NULL","logger":"lta_common","filename":"lta_common.py","lineno":143}
{"timestamp":"2026-04-15T14:01:42.860344Z","level":"warning","event":"[SANITIZE] link_id=73926 field=maximum_speed suspicious sentinel value=999 -> NULL","logger":"lta_common","filename":"lta_common.py","lineno":143}
{"timestamp":"2026-04-15T14:01:42.860380Z","level":"warning","event":"[SANITIZE] link_id=73927 field=maximum_speed suspicious sentinel value=999 -> NULL","logger":"lta_common","filename":"lta_common.py","lineno":143}
{"timestamp":"2026-04-15T14:01:42.860417Z","level":"warning","event":"[SANITIZE] link_id=73928 field=maximum_speed suspicious sentinel value=999 -> NULL","logger":"lta_common","filename":"lta_common.py","lineno":143}
{"timestamp":"2026-04-15T14:01:42.860472Z","level":"warning","event":"[SANITIZE] link_id=73943 field=maximum_speed suspicious sentinel value=999 -> NULL","logger":"lta_common","filename":"lta_common.py","lineno":143}
{"timestamp":"2026-04-15T14:01:42.862004Z","level":"info","event":"[CLEAN DONE] rows=500 | null_speed_band=0 | null_minimum_speed=0 | null_maximum_speed=9","logger":"lta_common","filename":"lta_common.py","lineno":238}
{"timestamp":"2026-04-15T14:01:42.863944Z","level":"info","event":"STEP 5: built cleaned snapshot dataframe rows=500","logger":"2_refresh_traffic_speed","filename":"2_refresh_traffic_speed.py","lineno":44}
{"timestamp":"2026-04-15T14:01:42.864602Z","level":"info","event":"[LATEST PREP] rows=500 | missing_measurement_rows=0","logger":"lta_common","filename":"lta_common.py","lineno":271}
{"timestamp":"2026-04-15T14:01:42.865095Z","level":"info","event":"[UPSERT START] upserting 500 rows into traffic_speed_latest","logger":"lta_common","filename":"lta_common.py","lineno":348}
{"timestamp":"2026-04-15T14:01:42.865661Z","level":"info","event":"[UPSERT DEBUG] max_link_id=74384 | min_link_id=73425 | max_speed_band=8 | min_speed_band=1 | max_minimum_speed=70 | min_minimum_speed=0 | max_maximum_speed=69.0 | min_maximum_speed=9.0","logger":"lta_common","filename":"lta_common.py","lineno":350}
{"timestamp":"2026-04-15T14:01:43.173796Z","level":"info","event":"[UPSERT DONE] upserted=500 rows into traffic_speed_latest","logger":"lta_common","filename":"lta_common.py","lineno":388}
{"timestamp":"2026-04-15T14:01:43.176794Z","level":"info","event":"[SAVE START] inserting 500 rows into traffic_speed_recent","logger":"lta_common","filename":"lta_common.py","lineno":319}
{"timestamp":"2026-04-15T14:01:43.501480Z","level":"info","event":"[SAVE DONE] inserted=500 rows into traffic_speed_recent","logger":"lta_common","filename":"lta_common.py","lineno":337}
{"timestamp":"2026-04-15T14:01:43.502743Z","level":"info","event":"STEP 6: page saved skip=50000 | pages=101 | latest_rows=50500 | recent_rows=50500","logger":"2_refresh_traffic_speed","filename":"2_refresh_traffic_speed.py","lineno":56}
{"timestamp":"2026-04-15T14:01:43.502875Z","level":"info","event":"========== PAGE START ==========","logger":"lta_common","filename":"lta_common.py","lineno":53}
{"timestamp":"2026-04-15T14:01:43.502949Z","level":"info","event":"[FETCH] requesting rows 50500–50999","logger":"lta_common","filename":"lta_common.py","lineno":54}
{"timestamp":"2026-04-15T14:01:43.503050Z","level":"info","event":"Fetching page from LTA: skip=50500","logger":"lta_common","filename":"lta_common.py","lineno":36}
{"timestamp":"2026-04-15T14:01:43.855701Z","level":"info","event":"Retrieved 500 rows from LTA at skip=50500","logger":"lta_common","filename":"lta_common.py","lineno":44}
{"timestamp":"2026-04-15T14:01:43.861541Z","level":"info","event":"[FETCH DONE] retrieved=500 rows at skip=50500","logger":"lta_common","filename":"lta_common.py","lineno":59}
{"timestamp":"2026-04-15T14:01:43.862689Z","level":"info","event":"STEP 4: processing page skip=50500 rows=500","logger":"2_refresh_traffic_speed","filename":"2_refresh_traffic_speed.py","lineno":41}
{"timestamp":"2026-04-15T14:01:43.880519Z","level":"warning","event":"[SANITIZE] link_id=74589 field=maximum_speed suspicious sentinel value=999 -> NULL","logger":"lta_common","filename":"lta_common.py","lineno":143}
{"timestamp":"2026-04-15T14:01:43.883035Z","level":"info","event":"[CLEAN DONE] rows=500 | null_speed_band=0 | null_minimum_speed=0 | null_maximum_speed=1","logger":"lta_common","filename":"lta_common.py","lineno":238}
{"timestamp":"2026-04-15T14:01:43.884716Z","level":"info","event":"STEP 5: built cleaned snapshot dataframe rows=500","logger":"2_refresh_traffic_speed","filename":"2_refresh_traffic_speed.py","lineno":44}
{"timestamp":"2026-04-15T14:01:43.885279Z","level":"info","event":"[LATEST PREP] rows=500 | missing_measurement_rows=0","logger":"lta_common","filename":"lta_common.py","lineno":271}
{"timestamp":"2026-04-15T14:01:43.885701Z","level":"info","event":"[UPSERT START] upserting 500 rows into traffic_speed_latest","logger":"lta_common","filename":"lta_common.py","lineno":348}
{"timestamp":"2026-04-15T14:01:43.886200Z","level":"info","event":"[UPSERT DEBUG] max_link_id=75195 | min_link_id=74385 | max_speed_band=8 | min_speed_band=1 | max_minimum_speed=70 | min_minimum_speed=0 | max_maximum_speed=69.0 | min_maximum_speed=9.0","logger":"lta_common","filename":"lta_common.py","lineno":350}
{"timestamp":"2026-04-15T14:01:44.213560Z","level":"info","event":"[UPSERT DONE] upserted=500 rows into traffic_speed_latest","logger":"lta_common","filename":"lta_common.py","lineno":388}
{"timestamp":"2026-04-15T14:01:44.213953Z","level":"info","event":"[SAVE START] inserting 500 rows into traffic_speed_recent","logger":"lta_common","filename":"lta_common.py","lineno":319}
{"timestamp":"2026-04-15T14:01:44.543600Z","level":"info","event":"[SAVE DONE] inserted=500 rows into traffic_speed_recent","logger":"lta_common","filename":"lta_common.py","lineno":337}
{"timestamp":"2026-04-15T14:01:44.543690Z","level":"info","event":"STEP 6: page saved skip=50500 | pages=102 | latest_rows=51000 | recent_rows=51000","logger":"2_refresh_traffic_speed","filename":"2_refresh_traffic_speed.py","lineno":56}
{"timestamp":"2026-04-15T14:01:44.543716Z","level":"info","event":"========== PAGE START ==========","logger":"lta_common","filename":"lta_common.py","lineno":53}
{"timestamp":"2026-04-15T14:01:44.543736Z","level":"info","event":"[FETCH] requesting rows 51000–51499","logger":"lta_common","filename":"lta_common.py","lineno":54}
{"timestamp":"2026-04-15T14:01:44.543762Z","level":"info","event":"Fetching page from LTA: skip=51000","logger":"lta_common","filename":"lta_common.py","lineno":36}
{"timestamp":"2026-04-15T14:01:44.854421Z","level":"info","event":"Retrieved 500 rows from LTA at skip=51000","logger":"lta_common","filename":"lta_common.py","lineno":44}
{"timestamp":"2026-04-15T14:01:44.855457Z","level":"info","event":"[FETCH DONE] retrieved=500 rows at skip=51000","logger":"lta_common","filename":"lta_common.py","lineno":59}
{"timestamp":"2026-04-15T14:01:44.855670Z","level":"info","event":"STEP 4: processing page skip=51000 rows=500","logger":"2_refresh_traffic_speed","filename":"2_refresh_traffic_speed.py","lineno":41}
{"timestamp":"2026-04-15T14:01:44.863003Z","level":"info","event":"[CLEAN DONE] rows=500 | null_speed_band=0 | null_minimum_speed=0 | null_maximum_speed=0","logger":"lta_common","filename":"lta_common.py","lineno":238}
{"timestamp":"2026-04-15T14:01:44.863744Z","level":"info","event":"STEP 5: built cleaned snapshot dataframe rows=500","logger":"2_refresh_traffic_speed","filename":"2_refresh_traffic_speed.py","lineno":44}
{"timestamp":"2026-04-15T14:01:44.864024Z","level":"info","event":"[LATEST PREP] rows=500 | missing_measurement_rows=0","logger":"lta_common","filename":"lta_common.py","lineno":271}
{"timestamp":"2026-04-15T14:01:44.864245Z","level":"info","event":"[UPSERT START] upserting 500 rows into traffic_speed_latest","logger":"lta_common","filename":"lta_common.py","lineno":348}
{"timestamp":"2026-04-15T14:01:44.864523Z","level":"info","event":"[UPSERT DEBUG] max_link_id=76110 | min_link_id=75197 | max_speed_band=7 | min_speed_band=1 | max_minimum_speed=60 | min_minimum_speed=0 | max_maximum_speed=69 | min_maximum_speed=9","logger":"lta_common","filename":"lta_common.py","lineno":350}
{"timestamp":"2026-04-15T14:01:45.193048Z","level":"info","event":"[UPSERT DONE] upserted=500 rows into traffic_speed_latest","logger":"lta_common","filename":"lta_common.py","lineno":388}
{"timestamp":"2026-04-15T14:01:45.193522Z","level":"info","event":"[SAVE START] inserting 500 rows into traffic_speed_recent","logger":"lta_common","filename":"lta_common.py","lineno":319}
{"timestamp":"2026-04-15T14:01:45.680096Z","level":"info","event":"[SAVE DONE] inserted=500 rows into traffic_speed_recent","logger":"lta_common","filename":"lta_common.py","lineno":337}
{"timestamp":"2026-04-15T14:01:45.680549Z","level":"info","event":"STEP 6: page saved skip=51000 | pages=103 | latest_rows=51500 | recent_rows=51500","logger":"2_refresh_traffic_speed","filename":"2_refresh_traffic_speed.py","lineno":56}
{"timestamp":"2026-04-15T14:01:45.681937Z","level":"info","event":"========== PAGE START ==========","logger":"lta_common","filename":"lta_common.py","lineno":53}
{"timestamp":"2026-04-15T14:01:45.682114Z","level":"info","event":"[FETCH] requesting rows 51500–51999","logger":"lta_common","filename":"lta_common.py","lineno":54}
{"timestamp":"2026-04-15T14:01:45.682222Z","level":"info","event":"Fetching page from LTA: skip=51500","logger":"lta_common","filename":"lta_common.py","lineno":36}
{"timestamp":"2026-04-15T14:01:46.067354Z","level":"info","event":"Retrieved 500 rows from LTA at skip=51500","logger":"lta_common","filename":"lta_common.py","lineno":44}
{"timestamp":"2026-04-15T14:01:46.074376Z","level":"info","event":"[FETCH DONE] retrieved=500 rows at skip=51500","logger":"lta_common","filename":"lta_common.py","lineno":59}
{"timestamp":"2026-04-15T14:01:46.076517Z","level":"info","event":"STEP 4: processing page skip=51500 rows=500","logger":"2_refresh_traffic_speed","filename":"2_refresh_traffic_speed.py","lineno":41}
{"timestamp":"2026-04-15T14:01:46.099385Z","level":"info","event":"[CLEAN DONE] rows=500 | null_speed_band=0 | null_minimum_speed=1 | null_maximum_speed=1","logger":"lta_common","filename":"lta_common.py","lineno":238}
{"timestamp":"2026-04-15T14:01:46.100970Z","level":"info","event":"STEP 5: built cleaned snapshot dataframe rows=500","logger":"2_refresh_traffic_speed","filename":"2_refresh_traffic_speed.py","lineno":44}
{"timestamp":"2026-04-15T14:01:46.101618Z","level":"info","event":"[LATEST PREP] rows=500 | missing_measurement_rows=1","logger":"lta_common","filename":"lta_common.py","lineno":271}
{"timestamp":"2026-04-15T14:01:46.102100Z","level":"info","event":"[UPSERT START] upserting 500 rows into traffic_speed_latest","logger":"lta_common","filename":"lta_common.py","lineno":348}
{"timestamp":"2026-04-15T14:01:46.102717Z","level":"info","event":"[UPSERT DEBUG] max_link_id=76845 | min_link_id=76112 | max_speed_band=7 | min_speed_band=1 | max_minimum_speed=60.0 | min_minimum_speed=0.0 | max_maximum_speed=69.0 | min_maximum_speed=9.0","logger":"lta_common","filename":"lta_common.py","lineno":350}
{"timestamp":"2026-04-15T14:01:46.469067Z","level":"info","event":"[UPSERT DONE] upserted=500 rows into traffic_speed_latest","logger":"lta_common","filename":"lta_common.py","lineno":388}
{"timestamp":"2026-04-15T14:01:46.470208Z","level":"info","event":"[SAVE START] inserting 500 rows into traffic_speed_recent","logger":"lta_common","filename":"lta_common.py","lineno":319}
{"timestamp":"2026-04-15T14:01:46.812667Z","level":"info","event":"[SAVE DONE] inserted=500 rows into traffic_speed_recent","logger":"lta_common","filename":"lta_common.py","lineno":337}
{"timestamp":"2026-04-15T14:01:46.813096Z","level":"info","event":"STEP 6: page saved skip=51500 | pages=104 | latest_rows=52000 | recent_rows=52000","logger":"2_refresh_traffic_speed","filename":"2_refresh_traffic_speed.py","lineno":56}
{"timestamp":"2026-04-15T14:01:46.813174Z","level":"info","event":"========== PAGE START ==========","logger":"lta_common","filename":"lta_common.py","lineno":53}
{"timestamp":"2026-04-15T14:01:46.813283Z","level":"info","event":"[FETCH] requesting rows 52000–52499","logger":"lta_common","filename":"lta_common.py","lineno":54}
{"timestamp":"2026-04-15T14:01:46.813467Z","level":"info","event":"Fetching page from LTA: skip=52000","logger":"lta_common","filename":"lta_common.py","lineno":36}
{"timestamp":"2026-04-15T14:01:47.188048Z","level":"info","event":"Retrieved 500 rows from LTA at skip=52000","logger":"lta_common","filename":"lta_common.py","lineno":44}
{"timestamp":"2026-04-15T14:01:47.194268Z","level":"info","event":"[FETCH DONE] retrieved=500 rows at skip=52000","logger":"lta_common","filename":"lta_common.py","lineno":59}
{"timestamp":"2026-04-15T14:01:47.195141Z","level":"info","event":"STEP 4: processing page skip=52000 rows=500","logger":"2_refresh_traffic_speed","filename":"2_refresh_traffic_speed.py","lineno":41}
{"timestamp":"2026-04-15T14:01:47.213249Z","level":"warning","event":"[SANITIZE] link_id=77053 field=maximum_speed suspicious sentinel value=999 -> NULL","logger":"lta_common","filename":"lta_common.py","lineno":143}
{"timestamp":"2026-04-15T14:01:47.215089Z","level":"warning","event":"[SANITIZE] link_id=77456 field=maximum_speed suspicious sentinel value=999 -> NULL","logger":"lta_common","filename":"lta_common.py","lineno":143}
{"timestamp":"2026-04-15T14:01:47.216095Z","level":"info","event":"[CLEAN DONE] rows=500 | null_speed_band=0 | null_minimum_speed=0 | null_maximum_speed=2","logger":"lta_common","filename":"lta_common.py","lineno":238}
{"timestamp":"2026-04-15T14:01:47.217721Z","level":"info","event":"STEP 5: built cleaned snapshot dataframe rows=500","logger":"2_refresh_traffic_speed","filename":"2_refresh_traffic_speed.py","lineno":44}
{"timestamp":"2026-04-15T14:01:47.218275Z","level":"info","event":"[LATEST PREP] rows=500 | missing_measurement_rows=0","logger":"lta_common","filename":"lta_common.py","lineno":271}
{"timestamp":"2026-04-15T14:01:47.218695Z","level":"info","event":"[UPSERT START] upserting 500 rows into traffic_speed_latest","logger":"lta_common","filename":"lta_common.py","lineno":348}
{"timestamp":"2026-04-15T14:01:47.219159Z","level":"info","event":"[UPSERT DEBUG] max_link_id=77518 | min_link_id=76846 | max_speed_band=8 | min_speed_band=1 | max_minimum_speed=70 | min_minimum_speed=0 | max_maximum_speed=69.0 | min_maximum_speed=9.0","logger":"lta_common","filename":"lta_common.py","lineno":350}
{"timestamp":"2026-04-15T14:01:47.590721Z","level":"info","event":"[UPSERT DONE] upserted=500 rows into traffic_speed_latest","logger":"lta_common","filename":"lta_common.py","lineno":388}
{"timestamp":"2026-04-15T14:01:47.592686Z","level":"info","event":"[SAVE START] inserting 500 rows into traffic_speed_recent","logger":"lta_common","filename":"lta_common.py","lineno":319}
{"timestamp":"2026-04-15T14:01:47.946973Z","level":"info","event":"[SAVE DONE] inserted=500 rows into traffic_speed_recent","logger":"lta_common","filename":"lta_common.py","lineno":337}
{"timestamp":"2026-04-15T14:01:47.947586Z","level":"info","event":"STEP 6: page saved skip=52000 | pages=105 | latest_rows=52500 | recent_rows=52500","logger":"2_refresh_traffic_speed","filename":"2_refresh_traffic_speed.py","lineno":56}
{"timestamp":"2026-04-15T14:01:47.947773Z","level":"info","event":"========== PAGE START ==========","logger":"lta_common","filename":"lta_common.py","lineno":53}
{"timestamp":"2026-04-15T14:01:47.947884Z","level":"info","event":"[FETCH] requesting rows 52500–52999","logger":"lta_common","filename":"lta_common.py","lineno":54}
{"timestamp":"2026-04-15T14:01:47.948019Z","level":"info","event":"Fetching page from LTA: skip=52500","logger":"lta_common","filename":"lta_common.py","lineno":36}
{"timestamp":"2026-04-15T14:01:48.283651Z","level":"info","event":"Retrieved 500 rows from LTA at skip=52500","logger":"lta_common","filename":"lta_common.py","lineno":44}
{"timestamp":"2026-04-15T14:01:48.286056Z","level":"info","event":"[FETCH DONE] retrieved=500 rows at skip=52500","logger":"lta_common","filename":"lta_common.py","lineno":59}
{"timestamp":"2026-04-15T14:01:48.286241Z","level":"info","event":"STEP 4: processing page skip=52500 rows=500","logger":"2_refresh_traffic_speed","filename":"2_refresh_traffic_speed.py","lineno":41}
{"timestamp":"2026-04-15T14:01:48.296714Z","level":"warning","event":"[SANITIZE] link_id=77579 field=maximum_speed suspicious sentinel value=999 -> NULL","logger":"lta_common","filename":"lta_common.py","lineno":143}
{"timestamp":"2026-04-15T14:01:48.298103Z","level":"warning","event":"[SANITIZE] link_id=78070 field=maximum_speed suspicious sentinel value=999 -> NULL","logger":"lta_common","filename":"lta_common.py","lineno":143}
{"timestamp":"2026-04-15T14:01:48.298985Z","level":"info","event":"[CLEAN DONE] rows=500 | null_speed_band=0 | null_minimum_speed=1 | null_maximum_speed=3","logger":"lta_common","filename":"lta_common.py","lineno":238}
{"timestamp":"2026-04-15T14:01:48.300152Z","level":"info","event":"STEP 5: built cleaned snapshot dataframe rows=500","logger":"2_refresh_traffic_speed","filename":"2_refresh_traffic_speed.py","lineno":44}
{"timestamp":"2026-04-15T14:01:48.300584Z","level":"info","event":"[LATEST PREP] rows=500 | missing_measurement_rows=1","logger":"lta_common","filename":"lta_common.py","lineno":271}
{"timestamp":"2026-04-15T14:01:48.300910Z","level":"info","event":"[UPSERT START] upserting 500 rows into traffic_speed_latest","logger":"lta_common","filename":"lta_common.py","lineno":348}
{"timestamp":"2026-04-15T14:01:48.301326Z","level":"info","event":"[UPSERT DEBUG] max_link_id=78195 | min_link_id=77520 | max_speed_band=8 | min_speed_band=1 | max_minimum_speed=70.0 | min_minimum_speed=0.0 | max_maximum_speed=69.0 | min_maximum_speed=9.0","logger":"lta_common","filename":"lta_common.py","lineno":350}
{"timestamp":"2026-04-15T14:01:48.657506Z","level":"info","event":"[UPSERT DONE] upserted=500 rows into traffic_speed_latest","logger":"lta_common","filename":"lta_common.py","lineno":388}
{"timestamp":"2026-04-15T14:01:48.657895Z","level":"info","event":"[SAVE START] inserting 500 rows into traffic_speed_recent","logger":"lta_common","filename":"lta_common.py","lineno":319}
{"timestamp":"2026-04-15T14:01:48.989458Z","level":"info","event":"[SAVE DONE] inserted=500 rows into traffic_speed_recent","logger":"lta_common","filename":"lta_common.py","lineno":337}
{"timestamp":"2026-04-15T14:01:48.989568Z","level":"info","event":"STEP 6: page saved skip=52500 | pages=106 | latest_rows=53000 | recent_rows=53000","logger":"2_refresh_traffic_speed","filename":"2_refresh_traffic_speed.py","lineno":56}
{"timestamp":"2026-04-15T14:01:48.989596Z","level":"info","event":"========== PAGE START ==========","logger":"lta_common","filename":"lta_common.py","lineno":53}
{"timestamp":"2026-04-15T14:01:48.989618Z","level":"info","event":"[FETCH] requesting rows 53000–53499","logger":"lta_common","filename":"lta_common.py","lineno":54}
{"timestamp":"2026-04-15T14:01:48.989645Z","level":"info","event":"Fetching page from LTA: skip=53000","logger":"lta_common","filename":"lta_common.py","lineno":36}
{"timestamp":"2026-04-15T14:01:49.245302Z","level":"info","event":"Retrieved 500 rows from LTA at skip=53000","logger":"lta_common","filename":"lta_common.py","lineno":44}
{"timestamp":"2026-04-15T14:01:49.246697Z","level":"info","event":"[FETCH DONE] retrieved=500 rows at skip=53000","logger":"lta_common","filename":"lta_common.py","lineno":59}
{"timestamp":"2026-04-15T14:01:49.246962Z","level":"info","event":"STEP 4: processing page skip=53000 rows=500","logger":"2_refresh_traffic_speed","filename":"2_refresh_traffic_speed.py","lineno":41}
{"timestamp":"2026-04-15T14:01:49.253677Z","level":"warning","event":"[SANITIZE] link_id=78564 field=maximum_speed suspicious sentinel value=999 -> NULL","logger":"lta_common","filename":"lta_common.py","lineno":143}
{"timestamp":"2026-04-15T14:01:49.253963Z","level":"warning","event":"[SANITIZE] link_id=78656 field=maximum_speed suspicious sentinel value=999 -> NULL","logger":"lta_common","filename":"lta_common.py","lineno":143}
{"timestamp":"2026-04-15T14:01:49.254372Z","level":"warning","event":"[SANITIZE] link_id=78836 field=maximum_speed suspicious sentinel value=999 -> NULL","logger":"lta_common","filename":"lta_common.py","lineno":143}
{"timestamp":"2026-04-15T14:01:49.254857Z","level":"info","event":"[CLEAN DONE] rows=500 | null_speed_band=0 | null_minimum_speed=0 | null_maximum_speed=3","logger":"lta_common","filename":"lta_common.py","lineno":238}
{"timestamp":"2026-04-15T14:01:49.255686Z","level":"info","event":"STEP 5: built cleaned snapshot dataframe rows=500","logger":"2_refresh_traffic_speed","filename":"2_refresh_traffic_speed.py","lineno":44}
{"timestamp":"2026-04-15T14:01:49.255992Z","level":"info","event":"[LATEST PREP] rows=500 | missing_measurement_rows=0","logger":"lta_common","filename":"lta_common.py","lineno":271}
{"timestamp":"2026-04-15T14:01:49.256248Z","level":"info","event":"[UPSERT START] upserting 500 rows into traffic_speed_latest","logger":"lta_common","filename":"lta_common.py","lineno":348}
{"timestamp":"2026-04-15T14:01:49.256541Z","level":"info","event":"[UPSERT DEBUG] max_link_id=78884 | min_link_id=78196 | max_speed_band=8 | min_speed_band=1 | max_minimum_speed=70 | min_minimum_speed=0 | max_maximum_speed=69.0 | min_maximum_speed=9.0","logger":"lta_common","filename":"lta_common.py","lineno":350}
{"timestamp":"2026-04-15T14:01:49.610611Z","level":"info","event":"[UPSERT DONE] upserted=500 rows into traffic_speed_latest","logger":"lta_common","filename":"lta_common.py","lineno":388}
{"timestamp":"2026-04-15T14:01:49.611121Z","level":"info","event":"[SAVE START] inserting 500 rows into traffic_speed_recent","logger":"lta_common","filename":"lta_common.py","lineno":319}
{"timestamp":"2026-04-15T14:01:49.943556Z","level":"info","event":"[SAVE DONE] inserted=500 rows into traffic_speed_recent","logger":"lta_common","filename":"lta_common.py","lineno":337}
{"timestamp":"2026-04-15T14:01:49.943683Z","level":"info","event":"STEP 6: page saved skip=53000 | pages=107 | latest_rows=53500 | recent_rows=53500","logger":"2_refresh_traffic_speed","filename":"2_refresh_traffic_speed.py","lineno":56}
{"timestamp":"2026-04-15T14:01:49.943722Z","level":"info","event":"========== PAGE START ==========","logger":"lta_common","filename":"lta_common.py","lineno":53}
{"timestamp":"2026-04-15T14:01:49.943750Z","level":"info","event":"[FETCH] requesting rows 53500–53999","logger":"lta_common","filename":"lta_common.py","lineno":54}
{"timestamp":"2026-04-15T14:01:49.943781Z","level":"info","event":"Fetching page from LTA: skip=53500","logger":"lta_common","filename":"lta_common.py","lineno":36}
{"timestamp":"2026-04-15T14:01:50.234094Z","level":"info","event":"Retrieved 500 rows from LTA at skip=53500","logger":"lta_common","filename":"lta_common.py","lineno":44}
{"timestamp":"2026-04-15T14:01:50.237280Z","level":"info","event":"[FETCH DONE] retrieved=500 rows at skip=53500","logger":"lta_common","filename":"lta_common.py","lineno":59}
{"timestamp":"2026-04-15T14:01:50.237776Z","level":"info","event":"STEP 4: processing page skip=53500 rows=500","logger":"2_refresh_traffic_speed","filename":"2_refresh_traffic_speed.py","lineno":41}
{"timestamp":"2026-04-15T14:01:50.251708Z","level":"info","event":"[CLEAN DONE] rows=500 | null_speed_band=0 | null_minimum_speed=0 | null_maximum_speed=0","logger":"lta_common","filename":"lta_common.py","lineno":238}
{"timestamp":"2026-04-15T14:01:50.252971Z","level":"info","event":"STEP 5: built cleaned snapshot dataframe rows=500","logger":"2_refresh_traffic_speed","filename":"2_refresh_traffic_speed.py","lineno":44}
{"timestamp":"2026-04-15T14:01:50.253507Z","level":"info","event":"[LATEST PREP] rows=500 | missing_measurement_rows=0","logger":"lta_common","filename":"lta_common.py","lineno":271}
{"timestamp":"2026-04-15T14:01:50.253963Z","level":"info","event":"[UPSERT START] upserting 500 rows into traffic_speed_latest","logger":"lta_common","filename":"lta_common.py","lineno":348}
{"timestamp":"2026-04-15T14:01:50.254498Z","level":"info","event":"[UPSERT DEBUG] max_link_id=79673 | min_link_id=78885 | max_speed_band=6 | min_speed_band=1 | max_minimum_speed=50 | min_minimum_speed=0 | max_maximum_speed=59 | min_maximum_speed=9","logger":"lta_common","filename":"lta_common.py","lineno":350}
{"timestamp":"2026-04-15T14:01:50.604308Z","level":"info","event":"[UPSERT DONE] upserted=500 rows into traffic_speed_latest","logger":"lta_common","filename":"lta_common.py","lineno":388}
{"timestamp":"2026-04-15T14:01:50.606541Z","level":"info","event":"[SAVE START] inserting 500 rows into traffic_speed_recent","logger":"lta_common","filename":"lta_common.py","lineno":319}
{"timestamp":"2026-04-15T14:01:50.935845Z","level":"info","event":"[SAVE DONE] inserted=500 rows into traffic_speed_recent","logger":"lta_common","filename":"lta_common.py","lineno":337}
{"timestamp":"2026-04-15T14:01:50.936567Z","level":"info","event":"STEP 6: page saved skip=53500 | pages=108 | latest_rows=54000 | recent_rows=54000","logger":"2_refresh_traffic_speed","filename":"2_refresh_traffic_speed.py","lineno":56}
{"timestamp":"2026-04-15T14:01:50.936775Z","level":"info","event":"========== PAGE START ==========","logger":"lta_common","filename":"lta_common.py","lineno":53}
{"timestamp":"2026-04-15T14:01:50.936850Z","level":"info","event":"[FETCH] requesting rows 54000–54499","logger":"lta_common","filename":"lta_common.py","lineno":54}
{"timestamp":"2026-04-15T14:01:50.936947Z","level":"info","event":"Fetching page from LTA: skip=54000","logger":"lta_common","filename":"lta_common.py","lineno":36}
{"timestamp":"2026-04-15T14:01:51.274643Z","level":"info","event":"Retrieved 500 rows from LTA at skip=54000","logger":"lta_common","filename":"lta_common.py","lineno":44}
{"timestamp":"2026-04-15T14:01:51.276060Z","level":"info","event":"[FETCH DONE] retrieved=500 rows at skip=54000","logger":"lta_common","filename":"lta_common.py","lineno":59}
{"timestamp":"2026-04-15T14:01:51.276307Z","level":"info","event":"STEP 4: processing page skip=54000 rows=500","logger":"2_refresh_traffic_speed","filename":"2_refresh_traffic_speed.py","lineno":41}
{"timestamp":"2026-04-15T14:01:51.284349Z","level":"info","event":"[CLEAN DONE] rows=500 | null_speed_band=0 | null_minimum_speed=0 | null_maximum_speed=0","logger":"lta_common","filename":"lta_common.py","lineno":238}
{"timestamp":"2026-04-15T14:01:51.285188Z","level":"info","event":"STEP 5: built cleaned snapshot dataframe rows=500","logger":"2_refresh_traffic_speed","filename":"2_refresh_traffic_speed.py","lineno":44}
{"timestamp":"2026-04-15T14:01:51.285546Z","level":"info","event":"[LATEST PREP] rows=500 | missing_measurement_rows=0","logger":"lta_common","filename":"lta_common.py","lineno":271}
{"timestamp":"2026-04-15T14:01:51.285799Z","level":"info","event":"[UPSERT START] upserting 500 rows into traffic_speed_latest","logger":"lta_common","filename":"lta_common.py","lineno":348}
{"timestamp":"2026-04-15T14:01:51.286136Z","level":"info","event":"[UPSERT DEBUG] max_link_id=80498 | min_link_id=79674 | max_speed_band=6 | min_speed_band=1 | max_minimum_speed=50 | min_minimum_speed=0 | max_maximum_speed=59 | min_maximum_speed=9","logger":"lta_common","filename":"lta_common.py","lineno":350}
{"timestamp":"2026-04-15T14:01:51.646509Z","level":"info","event":"[UPSERT DONE] upserted=500 rows into traffic_speed_latest","logger":"lta_common","filename":"lta_common.py","lineno":388}
{"timestamp":"2026-04-15T14:01:51.648883Z","level":"info","event":"[SAVE START] inserting 500 rows into traffic_speed_recent","logger":"lta_common","filename":"lta_common.py","lineno":319}
{"timestamp":"2026-04-15T14:01:51.991367Z","level":"info","event":"[SAVE DONE] inserted=500 rows into traffic_speed_recent","logger":"lta_common","filename":"lta_common.py","lineno":337}
{"timestamp":"2026-04-15T14:01:51.991889Z","level":"info","event":"STEP 6: page saved skip=54000 | pages=109 | latest_rows=54500 | recent_rows=54500","logger":"2_refresh_traffic_speed","filename":"2_refresh_traffic_speed.py","lineno":56}
{"timestamp":"2026-04-15T14:01:51.992208Z","level":"info","event":"========== PAGE START ==========","logger":"lta_common","filename":"lta_common.py","lineno":53}
{"timestamp":"2026-04-15T14:01:51.992314Z","level":"info","event":"[FETCH] requesting rows 54500–54999","logger":"lta_common","filename":"lta_common.py","lineno":54}
{"timestamp":"2026-04-15T14:01:51.992412Z","level":"info","event":"Fetching page from LTA: skip=54500","logger":"lta_common","filename":"lta_common.py","lineno":36}
{"timestamp":"2026-04-15T14:01:52.347825Z","level":"info","event":"Retrieved 500 rows from LTA at skip=54500","logger":"lta_common","filename":"lta_common.py","lineno":44}
{"timestamp":"2026-04-15T14:01:52.356864Z","level":"info","event":"[FETCH DONE] retrieved=500 rows at skip=54500","logger":"lta_common","filename":"lta_common.py","lineno":59}
{"timestamp":"2026-04-15T14:01:52.357860Z","level":"info","event":"STEP 4: processing page skip=54500 rows=500","logger":"2_refresh_traffic_speed","filename":"2_refresh_traffic_speed.py","lineno":41}
{"timestamp":"2026-04-15T14:01:52.375440Z","level":"info","event":"[CLEAN DONE] rows=500 | null_speed_band=0 | null_minimum_speed=0 | null_maximum_speed=0","logger":"lta_common","filename":"lta_common.py","lineno":238}
{"timestamp":"2026-04-15T14:01:52.376780Z","level":"info","event":"STEP 5: built cleaned snapshot dataframe rows=500","logger":"2_refresh_traffic_speed","filename":"2_refresh_traffic_speed.py","lineno":44}
{"timestamp":"2026-04-15T14:01:52.377313Z","level":"info","event":"[LATEST PREP] rows=500 | missing_measurement_rows=0","logger":"lta_common","filename":"lta_common.py","lineno":271}
{"timestamp":"2026-04-15T14:01:52.377721Z","level":"info","event":"[UPSERT START] upserting 500 rows into traffic_speed_latest","logger":"lta_common","filename":"lta_common.py","lineno":348}
{"timestamp":"2026-04-15T14:01:52.378182Z","level":"info","event":"[UPSERT DEBUG] max_link_id=81270 | min_link_id=80499 | max_speed_band=6 | min_speed_band=1 | max_minimum_speed=50 | min_minimum_speed=0 | max_maximum_speed=59 | min_maximum_speed=9","logger":"lta_common","filename":"lta_common.py","lineno":350}
{"timestamp":"2026-04-15T14:01:52.740822Z","level":"info","event":"[UPSERT DONE] upserted=500 rows into traffic_speed_latest","logger":"lta_common","filename":"lta_common.py","lineno":388}
{"timestamp":"2026-04-15T14:01:52.742311Z","level":"info","event":"[SAVE START] inserting 500 rows into traffic_speed_recent","logger":"lta_common","filename":"lta_common.py","lineno":319}
{"timestamp":"2026-04-15T14:01:53.074042Z","level":"info","event":"[SAVE DONE] inserted=500 rows into traffic_speed_recent","logger":"lta_common","filename":"lta_common.py","lineno":337}
{"timestamp":"2026-04-15T14:01:53.074789Z","level":"info","event":"STEP 6: page saved skip=54500 | pages=110 | latest_rows=55000 | recent_rows=55000","logger":"2_refresh_traffic_speed","filename":"2_refresh_traffic_speed.py","lineno":56}
{"timestamp":"2026-04-15T14:01:53.075019Z","level":"info","event":"========== PAGE START ==========","logger":"lta_common","filename":"lta_common.py","lineno":53}
{"timestamp":"2026-04-15T14:01:53.075381Z","level":"info","event":"[FETCH] requesting rows 55000–55499","logger":"lta_common","filename":"lta_common.py","lineno":54}
{"timestamp":"2026-04-15T14:01:53.075809Z","level":"info","event":"Fetching page from LTA: skip=55000","logger":"lta_common","filename":"lta_common.py","lineno":36}
{"timestamp":"2026-04-15T14:01:53.411616Z","level":"info","event":"Retrieved 500 rows from LTA at skip=55000","logger":"lta_common","filename":"lta_common.py","lineno":44}
{"timestamp":"2026-04-15T14:01:53.412913Z","level":"info","event":"[FETCH DONE] retrieved=500 rows at skip=55000","logger":"lta_common","filename":"lta_common.py","lineno":59}
{"timestamp":"2026-04-15T14:01:53.413141Z","level":"info","event":"STEP 4: processing page skip=55000 rows=500","logger":"2_refresh_traffic_speed","filename":"2_refresh_traffic_speed.py","lineno":41}
{"timestamp":"2026-04-15T14:01:53.421154Z","level":"info","event":"[CLEAN DONE] rows=500 | null_speed_band=0 | null_minimum_speed=0 | null_maximum_speed=0","logger":"lta_common","filename":"lta_common.py","lineno":238}
{"timestamp":"2026-04-15T14:01:53.422033Z","level":"info","event":"STEP 5: built cleaned snapshot dataframe rows=500","logger":"2_refresh_traffic_speed","filename":"2_refresh_traffic_speed.py","lineno":44}
{"timestamp":"2026-04-15T14:01:53.422349Z","level":"info","event":"[LATEST PREP] rows=500 | missing_measurement_rows=0","logger":"lta_common","filename":"lta_common.py","lineno":271}
{"timestamp":"2026-04-15T14:01:53.422597Z","level":"info","event":"[UPSERT START] upserting 500 rows into traffic_speed_latest","logger":"lta_common","filename":"lta_common.py","lineno":348}
{"timestamp":"2026-04-15T14:01:53.422918Z","level":"info","event":"[UPSERT DEBUG] max_link_id=81941 | min_link_id=81271 | max_speed_band=6 | min_speed_band=1 | max_minimum_speed=50 | min_minimum_speed=0 | max_maximum_speed=59 | min_maximum_speed=9","logger":"lta_common","filename":"lta_common.py","lineno":350}
{"timestamp":"2026-04-15T14:01:53.759207Z","level":"info","event":"[UPSERT DONE] upserted=500 rows into traffic_speed_latest","logger":"lta_common","filename":"lta_common.py","lineno":388}
{"timestamp":"2026-04-15T14:01:53.759641Z","level":"info","event":"[SAVE START] inserting 500 rows into traffic_speed_recent","logger":"lta_common","filename":"lta_common.py","lineno":319}
{"timestamp":"2026-04-15T14:01:54.093285Z","level":"info","event":"[SAVE DONE] inserted=500 rows into traffic_speed_recent","logger":"lta_common","filename":"lta_common.py","lineno":337}
{"timestamp":"2026-04-15T14:01:54.093443Z","level":"info","event":"STEP 6: page saved skip=55000 | pages=111 | latest_rows=55500 | recent_rows=55500","logger":"2_refresh_traffic_speed","filename":"2_refresh_traffic_speed.py","lineno":56}
{"timestamp":"2026-04-15T14:01:54.093500Z","level":"info","event":"========== PAGE START ==========","logger":"lta_common","filename":"lta_common.py","lineno":53}
{"timestamp":"2026-04-15T14:01:54.093534Z","level":"info","event":"[FETCH] requesting rows 55500–55999","logger":"lta_common","filename":"lta_common.py","lineno":54}
{"timestamp":"2026-04-15T14:01:54.093570Z","level":"info","event":"Fetching page from LTA: skip=55500","logger":"lta_common","filename":"lta_common.py","lineno":36}
{"timestamp":"2026-04-15T14:01:54.393745Z","level":"info","event":"Retrieved 500 rows from LTA at skip=55500","logger":"lta_common","filename":"lta_common.py","lineno":44}
{"timestamp":"2026-04-15T14:01:54.394900Z","level":"info","event":"[FETCH DONE] retrieved=500 rows at skip=55500","logger":"lta_common","filename":"lta_common.py","lineno":59}
{"timestamp":"2026-04-15T14:01:54.395113Z","level":"info","event":"STEP 4: processing page skip=55500 rows=500","logger":"2_refresh_traffic_speed","filename":"2_refresh_traffic_speed.py","lineno":41}
{"timestamp":"2026-04-15T14:01:54.402702Z","level":"info","event":"[CLEAN DONE] rows=500 | null_speed_band=0 | null_minimum_speed=0 | null_maximum_speed=0","logger":"lta_common","filename":"lta_common.py","lineno":238}
{"timestamp":"2026-04-15T14:01:54.403527Z","level":"info","event":"STEP 5: built cleaned snapshot dataframe rows=500","logger":"2_refresh_traffic_speed","filename":"2_refresh_traffic_speed.py","lineno":44}
{"timestamp":"2026-04-15T14:01:54.403865Z","level":"info","event":"[LATEST PREP] rows=500 | missing_measurement_rows=0","logger":"lta_common","filename":"lta_common.py","lineno":271}
{"timestamp":"2026-04-15T14:01:54.404109Z","level":"info","event":"[UPSERT START] upserting 500 rows into traffic_speed_latest","logger":"lta_common","filename":"lta_common.py","lineno":348}
{"timestamp":"2026-04-15T14:01:54.404421Z","level":"info","event":"[UPSERT DEBUG] max_link_id=82718 | min_link_id=81942 | max_speed_band=6 | min_speed_band=1 | max_minimum_speed=50 | min_minimum_speed=0 | max_maximum_speed=59 | min_maximum_speed=9","logger":"lta_common","filename":"lta_common.py","lineno":350}
{"timestamp":"2026-04-15T14:01:54.721774Z","level":"info","event":"[UPSERT DONE] upserted=500 rows into traffic_speed_latest","logger":"lta_common","filename":"lta_common.py","lineno":388}
{"timestamp":"2026-04-15T14:01:54.722345Z","level":"info","event":"[SAVE START] inserting 500 rows into traffic_speed_recent","logger":"lta_common","filename":"lta_common.py","lineno":319}
{"timestamp":"2026-04-15T14:01:55.054413Z","level":"info","event":"[SAVE DONE] inserted=500 rows into traffic_speed_recent","logger":"lta_common","filename":"lta_common.py","lineno":337}
{"timestamp":"2026-04-15T14:01:55.055032Z","level":"info","event":"STEP 6: page saved skip=55500 | pages=112 | latest_rows=56000 | recent_rows=56000","logger":"2_refresh_traffic_speed","filename":"2_refresh_traffic_speed.py","lineno":56}
{"timestamp":"2026-04-15T14:01:55.055197Z","level":"info","event":"========== PAGE START ==========","logger":"lta_common","filename":"lta_common.py","lineno":53}
{"timestamp":"2026-04-15T14:01:55.055297Z","level":"info","event":"[FETCH] requesting rows 56000–56499","logger":"lta_common","filename":"lta_common.py","lineno":54}
{"timestamp":"2026-04-15T14:01:55.055448Z","level":"info","event":"Fetching page from LTA: skip=56000","logger":"lta_common","filename":"lta_common.py","lineno":36}
{"timestamp":"2026-04-15T14:01:55.344119Z","level":"info","event":"Retrieved 500 rows from LTA at skip=56000","logger":"lta_common","filename":"lta_common.py","lineno":44}
{"timestamp":"2026-04-15T14:01:55.346383Z","level":"info","event":"[FETCH DONE] retrieved=500 rows at skip=56000","logger":"lta_common","filename":"lta_common.py","lineno":59}
{"timestamp":"2026-04-15T14:01:55.346813Z","level":"info","event":"STEP 4: processing page skip=56000 rows=500","logger":"2_refresh_traffic_speed","filename":"2_refresh_traffic_speed.py","lineno":41}
{"timestamp":"2026-04-15T14:01:55.357540Z","level":"warning","event":"[SANITIZE] link_id=83298 field=maximum_speed suspicious sentinel value=999 -> NULL","logger":"lta_common","filename":"lta_common.py","lineno":143}
{"timestamp":"2026-04-15T14:01:55.358659Z","level":"info","event":"[CLEAN DONE] rows=500 | null_speed_band=0 | null_minimum_speed=0 | null_maximum_speed=1","logger":"lta_common","filename":"lta_common.py","lineno":238}
{"timestamp":"2026-04-15T14:01:55.359690Z","level":"info","event":"STEP 5: built cleaned snapshot dataframe rows=500","logger":"2_refresh_traffic_speed","filename":"2_refresh_traffic_speed.py","lineno":44}
{"timestamp":"2026-04-15T14:01:55.360089Z","level":"info","event":"[LATEST PREP] rows=500 | missing_measurement_rows=0","logger":"lta_common","filename":"lta_common.py","lineno":271}
{"timestamp":"2026-04-15T14:01:55.360439Z","level":"info","event":"[UPSERT START] upserting 500 rows into traffic_speed_latest","logger":"lta_common","filename":"lta_common.py","lineno":348}
{"timestamp":"2026-04-15T14:01:55.360852Z","level":"info","event":"[UPSERT DEBUG] max_link_id=83517 | min_link_id=82719 | max_speed_band=8 | min_speed_band=1 | max_minimum_speed=70 | min_minimum_speed=0 | max_maximum_speed=69.0 | min_maximum_speed=9.0","logger":"lta_common","filename":"lta_common.py","lineno":350}
{"timestamp":"2026-04-15T14:01:55.711570Z","level":"info","event":"[UPSERT DONE] upserted=500 rows into traffic_speed_latest","logger":"lta_common","filename":"lta_common.py","lineno":388}
{"timestamp":"2026-04-15T14:01:55.713327Z","level":"info","event":"[SAVE START] inserting 500 rows into traffic_speed_recent","logger":"lta_common","filename":"lta_common.py","lineno":319}
{"timestamp":"2026-04-15T14:01:56.051325Z","level":"info","event":"[SAVE DONE] inserted=500 rows into traffic_speed_recent","logger":"lta_common","filename":"lta_common.py","lineno":337}
{"timestamp":"2026-04-15T14:01:56.051928Z","level":"info","event":"STEP 6: page saved skip=56000 | pages=113 | latest_rows=56500 | recent_rows=56500","logger":"2_refresh_traffic_speed","filename":"2_refresh_traffic_speed.py","lineno":56}
{"timestamp":"2026-04-15T14:01:56.052060Z","level":"info","event":"========== PAGE START ==========","logger":"lta_common","filename":"lta_common.py","lineno":53}
{"timestamp":"2026-04-15T14:01:56.052135Z","level":"info","event":"[FETCH] requesting rows 56500–56999","logger":"lta_common","filename":"lta_common.py","lineno":54}
{"timestamp":"2026-04-15T14:01:56.052236Z","level":"info","event":"Fetching page from LTA: skip=56500","logger":"lta_common","filename":"lta_common.py","lineno":36}
{"timestamp":"2026-04-15T14:01:56.382191Z","level":"info","event":"Retrieved 500 rows from LTA at skip=56500","logger":"lta_common","filename":"lta_common.py","lineno":44}
{"timestamp":"2026-04-15T14:01:56.384373Z","level":"info","event":"[FETCH DONE] retrieved=500 rows at skip=56500","logger":"lta_common","filename":"lta_common.py","lineno":59}
{"timestamp":"2026-04-15T14:01:56.384731Z","level":"info","event":"STEP 4: processing page skip=56500 rows=500","logger":"2_refresh_traffic_speed","filename":"2_refresh_traffic_speed.py","lineno":41}
{"timestamp":"2026-04-15T14:01:56.395420Z","level":"info","event":"[CLEAN DONE] rows=500 | null_speed_band=0 | null_minimum_speed=0 | null_maximum_speed=0","logger":"lta_common","filename":"lta_common.py","lineno":238}
{"timestamp":"2026-04-15T14:01:56.396448Z","level":"info","event":"STEP 5: built cleaned snapshot dataframe rows=500","logger":"2_refresh_traffic_speed","filename":"2_refresh_traffic_speed.py","lineno":44}
{"timestamp":"2026-04-15T14:01:56.396862Z","level":"info","event":"[LATEST PREP] rows=500 | missing_measurement_rows=0","logger":"lta_common","filename":"lta_common.py","lineno":271}
{"timestamp":"2026-04-15T14:01:56.397169Z","level":"info","event":"[UPSERT START] upserting 500 rows into traffic_speed_latest","logger":"lta_common","filename":"lta_common.py","lineno":348}
{"timestamp":"2026-04-15T14:01:56.397551Z","level":"info","event":"[UPSERT DEBUG] max_link_id=84052 | min_link_id=83519 | max_speed_band=6 | min_speed_band=1 | max_minimum_speed=50 | min_minimum_speed=0 | max_maximum_speed=59 | min_maximum_speed=9","logger":"lta_common","filename":"lta_common.py","lineno":350}
{"timestamp":"2026-04-15T14:01:56.739033Z","level":"info","event":"[UPSERT DONE] upserted=500 rows into traffic_speed_latest","logger":"lta_common","filename":"lta_common.py","lineno":388}
{"timestamp":"2026-04-15T14:01:56.741649Z","level":"info","event":"[SAVE START] inserting 500 rows into traffic_speed_recent","logger":"lta_common","filename":"lta_common.py","lineno":319}
{"timestamp":"2026-04-15T14:01:57.075189Z","level":"info","event":"[SAVE DONE] inserted=500 rows into traffic_speed_recent","logger":"lta_common","filename":"lta_common.py","lineno":337}
{"timestamp":"2026-04-15T14:01:57.075752Z","level":"info","event":"STEP 6: page saved skip=56500 | pages=114 | latest_rows=57000 | recent_rows=57000","logger":"2_refresh_traffic_speed","filename":"2_refresh_traffic_speed.py","lineno":56}
{"timestamp":"2026-04-15T14:01:57.075900Z","level":"info","event":"========== PAGE START ==========","logger":"lta_common","filename":"lta_common.py","lineno":53}
{"timestamp":"2026-04-15T14:01:57.076058Z","level":"info","event":"[FETCH] requesting rows 57000–57499","logger":"lta_common","filename":"lta_common.py","lineno":54}
{"timestamp":"2026-04-15T14:01:57.076198Z","level":"info","event":"Fetching page from LTA: skip=57000","logger":"lta_common","filename":"lta_common.py","lineno":36}
{"timestamp":"2026-04-15T14:01:57.343958Z","level":"info","event":"Retrieved 500 rows from LTA at skip=57000","logger":"lta_common","filename":"lta_common.py","lineno":44}
{"timestamp":"2026-04-15T14:01:57.358955Z","level":"info","event":"[FETCH DONE] retrieved=500 rows at skip=57000","logger":"lta_common","filename":"lta_common.py","lineno":59}
{"timestamp":"2026-04-15T14:01:57.363739Z","level":"info","event":"STEP 4: processing page skip=57000 rows=500","logger":"2_refresh_traffic_speed","filename":"2_refresh_traffic_speed.py","lineno":41}
{"timestamp":"2026-04-15T14:01:57.383849Z","level":"info","event":"[CLEAN DONE] rows=500 | null_speed_band=0 | null_minimum_speed=0 | null_maximum_speed=0","logger":"lta_common","filename":"lta_common.py","lineno":238}
{"timestamp":"2026-04-15T14:01:57.385338Z","level":"info","event":"STEP 5: built cleaned snapshot dataframe rows=500","logger":"2_refresh_traffic_speed","filename":"2_refresh_traffic_speed.py","lineno":44}
{"timestamp":"2026-04-15T14:01:57.385937Z","level":"info","event":"[LATEST PREP] rows=500 | missing_measurement_rows=0","logger":"lta_common","filename":"lta_common.py","lineno":271}
{"timestamp":"2026-04-15T14:01:57.386374Z","level":"info","event":"[UPSERT START] upserting 500 rows into traffic_speed_latest","logger":"lta_common","filename":"lta_common.py","lineno":348}
{"timestamp":"2026-04-15T14:01:57.386923Z","level":"info","event":"[UPSERT DEBUG] max_link_id=84641 | min_link_id=84053 | max_speed_band=5 | min_speed_band=1 | max_minimum_speed=40 | min_minimum_speed=0 | max_maximum_speed=49 | min_maximum_speed=9","logger":"lta_common","filename":"lta_common.py","lineno":350}
{"timestamp":"2026-04-15T14:01:57.717469Z","level":"info","event":"[UPSERT DONE] upserted=500 rows into traffic_speed_latest","logger":"lta_common","filename":"lta_common.py","lineno":388}
{"timestamp":"2026-04-15T14:01:57.718035Z","level":"info","event":"[SAVE START] inserting 500 rows into traffic_speed_recent","logger":"lta_common","filename":"lta_common.py","lineno":319}
{"timestamp":"2026-04-15T14:01:58.042619Z","level":"info","event":"[SAVE DONE] inserted=500 rows into traffic_speed_recent","logger":"lta_common","filename":"lta_common.py","lineno":337}
{"timestamp":"2026-04-15T14:01:58.042730Z","level":"info","event":"STEP 6: page saved skip=57000 | pages=115 | latest_rows=57500 | recent_rows=57500","logger":"2_refresh_traffic_speed","filename":"2_refresh_traffic_speed.py","lineno":56}
{"timestamp":"2026-04-15T14:01:58.042763Z","level":"info","event":"========== PAGE START ==========","logger":"lta_common","filename":"lta_common.py","lineno":53}
{"timestamp":"2026-04-15T14:01:58.042785Z","level":"info","event":"[FETCH] requesting rows 57500–57999","logger":"lta_common","filename":"lta_common.py","lineno":54}
{"timestamp":"2026-04-15T14:01:58.042815Z","level":"info","event":"Fetching page from LTA: skip=57500","logger":"lta_common","filename":"lta_common.py","lineno":36}
{"timestamp":"2026-04-15T14:01:58.333711Z","level":"info","event":"Retrieved 500 rows from LTA at skip=57500","logger":"lta_common","filename":"lta_common.py","lineno":44}
{"timestamp":"2026-04-15T14:01:58.334887Z","level":"info","event":"[FETCH DONE] retrieved=500 rows at skip=57500","logger":"lta_common","filename":"lta_common.py","lineno":59}
{"timestamp":"2026-04-15T14:01:58.335106Z","level":"info","event":"STEP 4: processing page skip=57500 rows=500","logger":"2_refresh_traffic_speed","filename":"2_refresh_traffic_speed.py","lineno":41}
{"timestamp":"2026-04-15T14:01:58.342892Z","level":"info","event":"[CLEAN DONE] rows=500 | null_speed_band=0 | null_minimum_speed=0 | null_maximum_speed=0","logger":"lta_common","filename":"lta_common.py","lineno":238}
{"timestamp":"2026-04-15T14:01:58.343608Z","level":"info","event":"STEP 5: built cleaned snapshot dataframe rows=500","logger":"2_refresh_traffic_speed","filename":"2_refresh_traffic_speed.py","lineno":44}
{"timestamp":"2026-04-15T14:01:58.343884Z","level":"info","event":"[LATEST PREP] rows=500 | missing_measurement_rows=0","logger":"lta_common","filename":"lta_common.py","lineno":271}
{"timestamp":"2026-04-15T14:01:58.344115Z","level":"info","event":"[UPSERT START] upserting 500 rows into traffic_speed_latest","logger":"lta_common","filename":"lta_common.py","lineno":348}
{"timestamp":"2026-04-15T14:01:58.344390Z","level":"info","event":"[UPSERT DEBUG] max_link_id=85720 | min_link_id=84642 | max_speed_band=6 | min_speed_band=1 | max_minimum_speed=50 | min_minimum_speed=0 | max_maximum_speed=59 | min_maximum_speed=9","logger":"lta_common","filename":"lta_common.py","lineno":350}
